kernel,delta_P,xi,mode,name,sector,raw_norm,orthogonalization_norm,time_reversal_parity,physical_mirror_expectation,local_qy_reflection_expectation,equal_angle_valley_exchange_expectation,drive_overlap,Hall_overlap,normalized_velocity_overlap,population_overlap,normalized_population_overlap
gaussian,0.4,0.0,1,active_reference_current,A,231.46275239953962,231.46275239953962,-1.0,-0.9999999999999998,0.9999999999999999,0.9776931978142485,0.4456103940014694,-0.011281344713498136,0.9960486909768433,-0.06838011161147858,-0.08880881264444605
gaussian,0.4,0.0,2,active_valley_distortion,A,0.7699698889708662,0.7669275000010167,-1.0,-1.0000000000000004,1.0000000000000002,-0.9992316257242162,0.03973111992595792,-0.06439465950165671,0.08880881264444623,0.7669275000010168,0.9960486909768436
gaussian,0.4,0.0,3,passive_current,P,0.25231325220201606,0.25231325220201606,-1.0,-0.9999999999999997,0.9999999999999997,0.9999999999999997,0.25231325220201606,0.0,1.0,-4.254140249272287e-18,-1.192220936524804e-17
gaussian,0.4,0.0,4,passive_valley_population,P,0.356824823230554,0.356824823230554,-1.0,-1.0000000000000027,1.0000000000000013,-1.0000000000000004,2.1218338595148553e-18,0.0,8.409522056399942e-18,0.3568248232305545,1.0000000000000013
gaussian,0.42758620689655175,0.0,1,active_reference_current,A,231.46275239953962,231.46275239953962,-1.0,-0.9999999999999998,0.9999999999999999,0.9776931978142485,0.4456103940014694,-0.011281344713498136,0.9960486909768433,-0.06838011161147858,-0.08880881264444605
gaussian,0.42758620689655175,0.0,2,active_valley_distortion,A,0.7699698889708662,0.7669275000010167,-1.0,-1.0000000000000004,1.0000000000000002,-0.9992316257242162,0.03973111992595792,-0.06439465950165671,0.08880881264444623,0.7669275000010168,0.9960486909768436
gaussian,0.42758620689655175,0.0,3,passive_current,P,0.26086866125600455,0.26086866125600455,-1.0,-1.0000000000000002,1.0000000000000002,1.0,0.26086866125600466,0.0,1.0000000000000004,1.4266084777599768e-19,3.8669440931133634e-19
gaussian,0.42758620689655175,0.0,4,passive_valley_population,P,0.36892399874635434,0.36892399874635434,-1.0,-1.0000000000000002,1.0000000000000002,-1.0000000000000002,-2.3970052147155307e-20,0.0,-9.188551829777742e-20,0.368923998746354,0.9999999999999991
gaussian,0.45517241379310347,0.0,1,active_reference_current,A,231.46275239953962,231.46275239953962,-1.0,-0.9999999999999998,0.9999999999999999,0.9776931978142485,0.4456103940014694,-0.011281344713498136,0.9960486909768433,-0.06838011161147858,-0.08880881264444605
gaussian,0.45517241379310347,0.0,2,active_valley_distortion,A,0.7699698889708662,0.7669275000010167,-1.0,-1.0000000000000004,1.0000000000000002,-0.9992316257242162,0.03973111992595792,-0.06439465950165671,0.08880881264444623,0.7669275000010168,0.9960486909768436
gaussian,0.45517241379310347,0.0,3,passive_current,P,0.2691522610238338,0.2691522610238338,-1.0,-1.0,1.0000000000000002,1.0,0.26915226102383394,0.0,1.0000000000000004,-3.006894885229176e-18,-7.899602089808999e-18
gaussian,0.45517241379310347,0.0,4,passive_valley_population,P,0.38063877788328937,0.38063877788328937,-1.0,-0.9999999999999998,0.9999999999999999,-0.9999999999999998,4.96245700284079e-18,0.0,1.8437359522688007e-17,0.38063877788328876,0.9999999999999984
gaussian,0.4827586206896552,0.0,1,active_reference_current,A,231.46275239953962,231.46275239953962,-1.0,-0.9999999999999998,0.9999999999999999,0.9776931978142485,0.4456103940014694,-0.011281344713498136,0.9960486909768433,-0.06838011161147858,-0.08880881264444605
gaussian,0.4827586206896552,0.0,2,active_valley_distortion,A,0.7699698889708662,0.7669275000010167,-1.0,-1.0000000000000004,1.0000000000000002,-0.9992316257242162,0.03973111992595792,-0.06439465950165671,0.08880881264444623,0.7669275000010168,0.9960486909768436
gaussian,0.4827586206896552,0.0,3,passive_current,P,0.2771884211199739,0.2771884211199739,-1.0,-0.9999999999999998,0.9999999999999998,0.9999999999999998,0.2771884211199739,0.0,1.0,-2.7087078320448057e-18,-6.909905069458095e-18
gaussian,0.4827586206896552,0.0,4,passive_valley_population,P,0.3920036244806521,0.3920036244806521,-1.0,-0.9999999999999993,0.9999999999999997,-0.9999999999999996,9.443954021007824e-19,0.0,3.4070521354570764e-18,0.3920036244806513,0.9999999999999979
gaussian,0.5103448275862069,0.0,1,active_reference_current,A,231.46275239953962,231.46275239953962,-1.0,-0.9999999999999998,0.9999999999999999,0.9776931978142485,0.4456103940014694,-0.011281344713498136,0.9960486909768433,-0.06838011161147858,-0.08880881264444605
gaussian,0.5103448275862069,0.0,2,active_valley_distortion,A,0.7699698889708662,0.7669275000010167,-1.0,-1.0000000000000004,1.0000000000000002,-0.9992316257242162,0.03973111992595792,-0.06439465950165671,0.08880881264444623,0.7669275000010168,0.9960486909768436
gaussian,0.5103448275862069,0.0,3,passive_current,P,0.2849980736631844,0.2849980736631844,-1.0,-0.9999999999999998,0.9999999999999998,0.9999999999999997,0.2849980736631844,0.0,1.0,-2.7870323163666838e-18,-6.914886914702359e-18
gaussian,0.5103448275862069,0.0,4,passive_valley_population,P,0.4030481410246819,0.4030481410246819,-1.0,-0.9999999999999998,0.9999999999999999,-0.9999999999999998,-3.1099499801343784e-19,0.0,-1.0912178949706763e-18,0.40304814102468106,0.9999999999999979
gaussian,0.5379310344827586,0.0,1,active_reference_current,A,231.46275239953962,231.46275239953962,-1.0,-0.9999999999999998,0.9999999999999999,0.9776931978142485,0.4456103940014694,-0.011281344713498136,0.9960486909768433,-0.06838011161147858,-0.08880881264444605
gaussian,0.5379310344827586,0.0,2,active_valley_distortion,A,0.7699698889708662,0.7669275000010167,-1.0,-1.0000000000000004,1.0000000000000002,-0.9992316257242162,0.03973111992595792,-0.06439465950165671,0.08880881264444623,0.7669275000010168,0.9960486909768436
gaussian,0.5379310344827586,0.0,3,passive_current,P,0.29259935608348114,0.29259935608348114,-1.0,-1.0000000000000002,1.0000000000000002,1.0,0.2925993560834812,0.0,1.0000000000000002,-1.3406830023049221e-17,-3.239945757368229e-17
gaussian,0.5379310344827586,0.0,4,passive_valley_population,P,0.4137979777148935,0.4137979777148935,-1.0,-1.0000000000000007,1.0000000000000004,-1.0000000000000002,-6.6761612020858004e-18,0.0,-2.2816732379209452e-17,0.41379797771489363,1.0000000000000002
gaussian,0.5655172413793104,0.0,1,active_reference_current,A,231.46275239953962,231.46275239953962,-1.0,-0.9999999999999998,0.9999999999999999,0.9776931978142485,0.4456103940014694,-0.011281344713498136,0.9960486909768433,-0.06838011161147858,-0.08880881264444605
gaussian,0.5655172413793104,0.0,2,active_valley_distortion,A,0.7699698889708662,0.7669275000010167,-1.0,-1.0000000000000004,1.0000000000000002,-0.9992316257242162,0.03973111992595792,-0.06439465950165671,0.08880881264444623,0.7669275000010168,0.9960486909768436
gaussian,0.5655172413793104,0.0,3,passive_current,P,0.3000081071724725,0.3000081071724725,-1.0,-1.0000000000000002,1.0000000000000002,1.0000000000000002,0.30000810717247256,0.0,1.0000000000000002,3.1075476293867394e-18,7.324362072443238e-18
gaussian,0.5655172413793104,0.0,4,passive_valley_population,P,0.42427553398519163,0.42427553398519163,-1.0,-1.0000000000000002,1.0000000000000002,-1.0000000000000002,-1.783928301938289e-18,0.0,-5.946266981754335e-18,0.4242755339851918,1.0000000000000004
gaussian,0.593103448275862,0.0,1,active_reference_current,A,231.46275239953962,231.46275239953962,-1.0,-0.9999999999999998,0.9999999999999999,0.9776931978142485,0.4456103940014694,-0.011281344713498136,0.9960486909768433,-0.06838011161147858,-0.08880881264444605
gaussian,0.593103448275862,0.0,2,active_valley_distortion,A,0.7699698889708662,0.7669275000010167,-1.0,-1.0000000000000004,1.0000000000000002,-0.9992316257242162,0.03973111992595792,-0.06439465950165671,0.08880881264444623,0.7669275000010168,0.9960486909768436
gaussian,0.593103448275862,0.0,3,passive_current,P,0.3072382553621077,0.3072382553621077,-1.0,-1.0,1.0,1.0,0.30723825536210775,0.0,1.0000000000000002,-2.081658566629332e-18,-4.7909232098842616e-18
gaussian,0.593103448275862,0.0,4,passive_valley_population,P,0.4345005076129409,0.4345005076129409,-1.0,-1.0000000000000007,1.0000000000000004,-1.0000000000000002,1.7071036519766008e-18,0.0,5.556286114060331e-18,0.43450050761294157,1.0000000000000016
gaussian,0.6206896551724138,0.0,1,active_reference_current,A,231.46275239953962,231.46275239953962,-1.0,-0.9999999999999998,0.9999999999999999,0.9776931978142485,0.4456103940014694,-0.011281344713498136,0.9960486909768433,-0.06838011161147858,-0.08880881264444605
gaussian,0.6206896551724138,0.0,2,active_valley_distortion,A,0.7699698889708662,0.7669275000010167,-1.0,-1.0000000000000004,1.0000000000000002,-0.9992316257242162,0.03973111992595792,-0.06439465950165671,0.08880881264444623,0.7669275000010168,0.9960486909768436
gaussian,0.6206896551724138,0.0,3,passive_current,P,0.31430212653861195,0.31430212653861195,-1.0,-1.0,1.0000000000000002,1.0000000000000002,0.314302126538612,0.0,1.0000000000000002,-4.2496438501953177e-19,-9.560711590450088e-19
gaussian,0.6206896551724138,0.0,4,passive_valley_population,P,0.44449033003360977,0.44449033003360977,-1.0,-1.0,1.0,-0.9999999999999998,-2.168404344971009e-19,0.0,-6.899108093386129e-19,0.44449033003360944,0.9999999999999992
gaussian,0.6482758620689655,0.0,1,active_reference_current,A,231.46275239953962,231.46275239953962,-1.0,-0.9999999999999998,0.9999999999999999,0.9776931978142485,0.4456103940014694,-0.011281344713498136,0.9960486909768433,-0.06838011161147858,-0.08880881264444605
gaussian,0.6482758620689655,0.0,2,active_valley_distortion,A,0.7699698889708662,0.7669275000010167,-1.0,-1.0000000000000004,1.0000000000000002,-0.9992316257242162,0.03973111992595792,-0.06439465950165671,0.08880881264444623,0.7669275000010168,0.9960486909768436
gaussian,0.6482758620689655,0.0,3,passive_current,P,0.32121069087973325,0.32121069087973325,-1.0,-1.0,1.0,1.0,0.3212106908797333,0.0,1.0000000000000002,1.8204939300921688e-18,4.0075988739711695e-18
gaussian,0.6482758620689655,0.0,4,passive_valley_population,P,0.4542605154213509,0.4542605154213509,-1.0,-0.9999999999999998,0.9999999999999999,-0.9999999999999996,-7.597045269545595e-19,0.0,-2.365128398665304e-18,0.45426051542134993,0.9999999999999979
gaussian,0.6758620689655173,0.0,1,active_reference_current,A,231.46275239953962,231.46275239953962,-1.0,-0.9999999999999998,0.9999999999999999,0.9776931978142485,0.4456103940014694,-0.011281344713498136,0.9960486909768433,-0.06838011161147858,-0.08880881264444605
gaussian,0.6758620689655173,0.0,2,active_valley_distortion,A,0.7699698889708662,0.7669275000010167,-1.0,-1.0000000000000004,1.0000000000000002,-0.9992316257242162,0.03973111992595792,-0.06439465950165671,0.08880881264444623,0.7669275000010168,0.9960486909768436
gaussian,0.6758620689655173,0.0,3,passive_current,P,0.32797376285943597,0.32797376285943597,-1.0,-0.9999999999999997,0.9999999999999998,0.9999999999999998,0.3279737628594359,0.0,0.9999999999999998,5.1942419490547965e-19,1.1198711974025833e-18
gaussian,0.6758620689655173,0.0,4,passive_valley_population,P,0.4638249435383518,0.4638249435383518,-1.0,-0.9999999999999998,0.9999999999999999,-0.9999999999999996,-4.512208633881169e-18,0.0,-1.3757834146675402e-17,0.4638249435383519,1.0000000000000002
gaussian,0.7034482758620689,0.0,1,active_reference_current,A,231.46275239953962,231.46275239953962,-1.0,-0.9999999999999998,0.9999999999999999,0.9776931978142485,0.4456103940014694,-0.011281344713498136,0.9960486909768433,-0.06838011161147858,-0.08880881264444605
gaussian,0.7034482758620689,0.0,2,active_valley_distortion,A,0.7699698889708662,0.7669275000010167,-1.0,-1.0000000000000004,1.0000000000000002,-0.9992316257242162,0.03973111992595792,-0.06439465950165671,0.08880881264444623,0.7669275000010168,0.9960486909768436
gaussian,0.7034482758620689,0.0,3,passive_current,P,0.33460016484293525,0.33460016484293525,-1.0,-0.9999999999999998,0.9999999999999999,0.9999999999999998,0.33460016484293525,0.0,1.0,4.132164511089012e-19,8.732456985312601e-19
gaussian,0.7034482758620689,0.0,4,passive_valley_population,P,0.4731960910931519,0.4731960910931519,-1.0,-1.0000000000000009,1.0000000000000004,-1.0000000000000004,-3.542710012544563e-18,0.0,-1.0587890816513937e-17,0.4731960910931532,1.0000000000000027
gaussian,0.7310344827586206,0.0,1,active_reference_current,A,231.46275239953962,231.46275239953962,-1.0,-0.9999999999999998,0.9999999999999999,0.9776931978142485,0.4456103940014694,-0.011281344713498136,0.9960486909768433,-0.06838011161147858,-0.08880881264444605
gaussian,0.7310344827586206,0.0,2,active_valley_distortion,A,0.7699698889708662,0.7669275000010167,-1.0,-1.0000000000000004,1.0000000000000002,-0.9992316257242162,0.03973111992595792,-0.06439465950165671,0.08880881264444623,0.7669275000010168,0.9960486909768436
gaussian,0.7310344827586206,0.0,3,passive_current,P,0.3410978620596461,0.3410978620596461,-1.0,-1.0,1.0,1.0,0.3410978620596461,0.0,1.0,-3.552961045017612e-18,-7.365401920297814e-18
gaussian,0.7310344827586206,0.0,4,passive_valley_population,P,0.4823852226212186,0.4823852226212186,-1.0,-1.0000000000000007,1.0000000000000004,-1.0000000000000002,-7.285518211994248e-18,0.0,-2.1359026315797505e-17,0.4823852226212184,0.9999999999999997
gaussian,0.7586206896551724,0.0,1,active_reference_current,A,231.46275239953962,231.46275239953962,-1.0,-0.9999999999999998,0.9999999999999999,0.9776931978142485,0.4456103940014694,-0.011281344713498136,0.9960486909768433,-0.06838011161147858,-0.08880881264444605
gaussian,0.7586206896551724,0.0,2,active_valley_distortion,A,0.7699698889708662,0.7669275000010167,-1.0,-1.0000000000000004,1.0000000000000002,-0.9992316257242162,0.03973111992595792,-0.06439465950165671,0.08880881264444623,0.7669275000010168,0.9960486909768436
gaussian,0.7586206896551724,0.0,3,passive_current,P,0.34747407484646003,0.34747407484646003,-1.0,-1.0,1.0,0.9999999999999999,0.3474740748464601,0.0,1.0000000000000002,-1.9522428047990685e-18,-3.972797471022983e-18
gaussian,0.7586206896551724,0.0,4,passive_valley_population,P,0.49140254922090754,0.49140254922090754,-1.0,-1.0000000000000007,1.0000000000000004,-1.0000000000000002,-1.5852379033621596e-18,0.0,-4.562176053170689e-18,0.4914025492209078,1.0000000000000007
gaussian,0.7862068965517242,0.0,1,active_reference_current,A,231.46275239953962,231.46275239953962,-1.0,-0.9999999999999998,0.9999999999999999,0.9776931978142485,0.4456103940014694,-0.011281344713498136,0.9960486909768433,-0.06838011161147858,-0.08880881264444605
gaussian,0.7862068965517242,0.0,2,active_valley_distortion,A,0.7699698889708662,0.7669275000010167,-1.0,-1.0000000000000004,1.0000000000000002,-0.9992316257242162,0.03973111992595792,-0.06439465950165671,0.08880881264444623,0.7669275000010168,0.9960486909768436
gaussian,0.7862068965517242,0.0,3,passive_current,P,0.3537353726716418,0.3537353726716418,-1.0,-0.9999999999999999,0.9999999999999999,0.9999999999999998,0.3537353726716417,0.0,0.9999999999999997,4.7824066771468545e-18,9.55989265721931e-18
gaussian,0.7862068965517242,0.0,4,passive_valley_population,P,0.5002573615233369,0.5002573615233369,-1.0,-1.0,1.0,-0.9999999999999998,2.8189256484623115e-18,0.0,7.969023926479092e-18,0.5002573615233361,0.9999999999999984
gaussian,0.8137931034482758,0.0,1,active_reference_current,A,231.46275239953962,231.46275239953962,-1.0,-0.9999999999999998,0.9999999999999999,0.9776931978142485,0.4456103940014694,-0.011281344713498136,0.9960486909768433,-0.06838011161147858,-0.08880881264444605
gaussian,0.8137931034482758,0.0,2,active_valley_distortion,A,0.7699698889708662,0.7669275000010167,-1.0,-1.0000000000000004,1.0000000000000002,-0.9992316257242162,0.03973111992595792,-0.06439465950165671,0.08880881264444623,0.7669275000010168,0.9960486909768436
gaussian,0.8137931034482758,0.0,3,passive_current,P,0.3598877534286034,0.3598877534286034,-1.0,-0.9999999999999998,0.9999999999999999,0.9999999999999998,0.3598877534286033,0.0,0.9999999999999997,-8.440323575961697e-19,-1.6583531890465433e-18
gaussian,0.8137931034482758,0.0,4,passive_valley_population,P,0.5089581418307153,0.5089581418307153,-1.0,-0.9999999999999998,0.9999999999999999,-0.9999999999999998,-7.833348899719685e-18,0.0,-2.1766089079421007e-17,0.5089581418307149,0.9999999999999991
gaussian,0.8413793103448275,0.0,1,active_reference_current,A,231.46275239953962,231.46275239953962,-1.0,-0.9999999999999998,0.9999999999999999,0.9776931978142485,0.4456103940014694,-0.011281344713498136,0.9960486909768433,-0.06838011161147858,-0.08880881264444605
gaussian,0.8413793103448275,0.0,2,active_valley_distortion,A,0.7699698889708662,0.7669275000010167,-1.0,-1.0000000000000004,1.0000000000000002,-0.9992316257242162,0.03973111992595792,-0.06439465950165671,0.08880881264444623,0.7669275000010168,0.9960486909768436
gaussian,0.8413793103448275,0.0,3,passive_current,P,0.3659367107255422,0.3659367107255422,-1.0,-1.0,1.0,1.0,0.3659367107255423,0.0,1.0000000000000002,-2.0687504847358963e-18,-3.997487689713785e-18
gaussian,0.8413793103448275,0.0,4,passive_valley_population,P,0.5175126592782618,0.5175126592782618,-1.0,-1.0,1.0,-0.9999999999999998,-1.431146867680866e-17,0.0,-3.9109136244989825e-17,0.5175126592782612,0.9999999999999987
gaussian,0.8689655172413793,0.0,1,active_reference_current,A,231.46275239953962,231.46275239953962,-1.0,-0.9999999999999998,0.9999999999999999,0.9776931978142485,0.4456103940014694,-0.011281344713498136,0.9960486909768433,-0.06838011161147858,-0.08880881264444605
gaussian,0.8689655172413793,0.0,2,active_valley_distortion,A,0.7699698889708662,0.7669275000010167,-1.0,-1.0000000000000004,1.0000000000000002,-0.9992316257242162,0.03973111992595792,-0.06439465950165671,0.08880881264444623,0.7669275000010168,0.9960486909768436
gaussian,0.8689655172413793,0.0,3,passive_current,P,0.37188729132005993,0.37188729132005993,-1.0,-0.9999999999999998,0.9999999999999998,0.9999999999999998,0.37188729132005993,0.0,1.0,1.8630822715904754e-18,3.54246606135368e-18
gaussian,0.8689655172413793,0.0,4,passive_valley_population,P,0.5259280510590233,0.5259280510590233,-1.0,-0.9999999999999991,0.9999999999999996,-0.9999999999999996,-2.4259139549989116e-18,0.0,-6.523250489114135e-18,0.5259280510590225,0.9999999999999986
gaussian,0.896551724137931,0.0,1,active_reference_current,A,231.46275239953962,231.46275239953962,-1.0,-0.9999999999999998,0.9999999999999999,0.9776931978142485,0.4456103940014694,-0.011281344713498136,0.9960486909768433,-0.06838011161147858,-0.08880881264444605
gaussian,0.896551724137931,0.0,2,active_valley_distortion,A,0.7699698889708662,0.7669275000010167,-1.0,-1.0000000000000004,1.0000000000000002,-0.9992316257242162,0.03973111992595792,-0.06439465950165671,0.08880881264444623,0.7669275000010168,0.9960486909768436
gaussian,0.896551724137931,0.0,3,passive_current,P,0.37774414440744547,0.37774414440744547,-1.0,-1.0,1.0,1.0,0.37774414440744547,0.0,1.0,-8.980479770502692e-19,-1.6810738797797507e-18
gaussian,0.896551724137931,0.0,4,passive_valley_population,P,0.53421089212803,0.53421089212803,-1.0,-1.0000000000000009,1.0000000000000004,-1.0000000000000004,2.5119299559197342e-18,0.0,6.649818383975519e-18,0.5342108921280302,1.0000000000000004
gaussian,0.9241379310344827,0.0,1,active_reference_current,A,231.46275239953962,231.46275239953962,-1.0,-0.9999999999999998,0.9999999999999999,0.9776931978142485,0.4456103940014694,-0.011281344713498136,0.9960486909768433,-0.06838011161147858,-0.08880881264444605
gaussian,0.9241379310344827,0.0,2,active_valley_distortion,A,0.7699698889708662,0.7669275000010167,-1.0,-1.0000000000000004,1.0000000000000002,-0.9992316257242162,0.03973111992595792,-0.06439465950165671,0.08880881264444623,0.7669275000010168,0.9960486909768436
gaussian,0.9241379310344827,0.0,3,passive_current,P,0.38351156413184595,0.38351156413184595,-1.0,-0.9999999999999999,1.0,0.9999999999999999,0.38351156413184595,0.0,1.0,-1.0673920426256697e-17,-1.9680244929086294e-17
gaussian,0.9241379310344827,0.0,4,passive_valley_population,P,0.5423672553221756,0.5423672553221756,-1.0,-1.0,1.0,-0.9999999999999998,4.7704895589362195e-18,0.0,1.2438971872295854e-17,0.5423672553221761,1.000000000000001
gaussian,0.9517241379310344,0.0,1,active_reference_current,A,231.46275239953962,231.46275239953962,-1.0,-0.9999999999999998,0.9999999999999999,0.9776931978142485,0.4456103940014694,-0.011281344713498136,0.9960486909768433,-0.06838011161147858,-0.08880881264444605
gaussian,0.9517241379310344,0.0,2,active_valley_distortion,A,0.7699698889708662,0.7669275000010167,-1.0,-1.0000000000000004,1.0000000000000002,-0.9992316257242162,0.03973111992595792,-0.06439465950165671,0.08880881264444623,0.7669275000010168,0.9960486909768436
gaussian,0.9517241379310344,0.0,3,passive_current,P,0.38919352642560345,0.38919352642560345,-1.0,-1.0,1.0,1.0,0.38919352642560345,0.0,1.0,-6.2942961168890996e-18,-1.1435800353424482e-17
gaussian,0.9517241379310344,0.0,4,passive_valley_population,P,0.5504027634588999,0.5504027634588999,-1.0,-1.0000000000000002,1.0000000000000002,-1.0000000000000002,-1.5641649271802256e-18,0.0,-4.018990093554972e-18,0.5504027634589005,1.000000000000001
gaussian,0.9793103448275862,0.0,1,active_reference_current,A,231.46275239953962,231.46275239953962,-1.0,-0.9999999999999998,0.9999999999999999,0.9776931978142485,0.4456103940014694,-0.011281344713498136,0.9960486909768433,-0.06838011161147858,-0.08880881264444605
gaussian,0.9793103448275862,0.0,2,active_valley_distortion,A,0.7699698889708662,0.7669275000010167,-1.0,-1.0000000000000004,1.0000000000000002,-0.9992316257242162,0.03973111992595792,-0.06439465950165671,0.08880881264444623,0.7669275000010168,0.9960486909768436
gaussian,0.9793103448275862,0.0,3,passive_current,P,0.39479372107511895,0.39479372107511895,-1.0,-0.9999999999999999,1.0,1.0,0.394793721075119,0.0,1.0000000000000002,-6.426511177430713e-18,-1.1510389832334121e-17
gaussian,0.9793103448275862,0.0,4,passive_valley_population,P,0.5583226346841739,0.5583226346841739,-1.0,-1.0000000000000007,1.0000000000000004,-1.0000000000000002,3.865395127026138e-18,0.0,9.790923514436174e-18,0.5583226346841742,1.0000000000000007
gaussian,1.0068965517241377,0.0,1,active_reference_current,A,231.46275239953962,231.46275239953962,-1.0,-0.9999999999999998,0.9999999999999999,0.9776931978142485,0.4456103940014694,-0.011281344713498136,0.9960486909768433,-0.06838011161147858,-0.08880881264444605
gaussian,1.0068965517241377,0.0,2,active_valley_distortion,A,0.7699698889708662,0.7669275000010167,-1.0,-1.0000000000000004,1.0000000000000002,-0.9992316257242162,0.03973111992595792,-0.06439465950165671,0.08880881264444623,0.7669275000010168,0.9960486909768436
gaussian,1.0068965517241377,0.0,3,passive_current,P,0.4003155797481292,0.4003155797481292,-1.0,-0.9999999999999998,0.9999999999999998,0.9999999999999998,0.4003155797481291,0.0,0.9999999999999998,-1.189672087541523e-18,-2.101405098992773e-18
gaussian,1.0068965517241377,0.0,4,passive_valley_population,P,0.5661317221090527,0.5661317221090527,-1.0,-0.9999999999999998,0.9999999999999999,-0.9999999999999998,-1.9597296114755537e-18,0.0,-4.895461757218087e-18,0.5661317221090525,0.9999999999999996
gaussian,1.0344827586206895,0.0,1,active_reference_current,A,231.46275239953962,231.46275239953962,-1.0,-0.9999999999999998,0.9999999999999999,0.9776931978142485,0.4456103940014694,-0.011281344713498136,0.9960486909768433,-0.06838011161147858,-0.08880881264444605
gaussian,1.0344827586206895,0.0,2,active_valley_distortion,A,0.7699698889708662,0.7669275000010167,-1.0,-1.0000000000000004,1.0000000000000002,-0.9992316257242162,0.03973111992595792,-0.06439465950165671,0.08880881264444623,0.7669275000010168,0.9960486909768436
gaussian,1.0344827586206895,0.0,3,passive_current,P,0.4057623005872068,0.4057623005872068,-1.0,-0.9999999999999998,0.9999999999999998,0.9999999999999998,0.4057623005872067,0.0,0.9999999999999998,2.694863830730379e-18,4.696238379775904e-18
gaussian,1.0344827586206895,0.0,4,passive_valley_population,P,0.5738345485901363,0.5738345485901363,-1.0,-1.0,1.0,-0.9999999999999998,4.336808689942018e-18,0.0,1.0688052299747712e-17,0.5738345485901356,0.9999999999999989
gaussian,1.0620689655172413,0.0,1,active_reference_current,A,231.46275239953962,231.46275239953962,-1.0,-0.9999999999999998,0.9999999999999999,0.9776931978142485,0.4456103940014694,-0.011281344713498136,0.9960486909768433,-0.06838011161147858,-0.08880881264444605
gaussian,1.0620689655172413,0.0,2,active_valley_distortion,A,0.7699698889708662,0.7669275000010167,-1.0,-1.0000000000000004,1.0000000000000002,-0.9992316257242162,0.03973111992595792,-0.06439465950165671,0.08880881264444623,0.7669275000010168,0.9960486909768436
gaussian,1.0620689655172413,0.0,3,passive_current,P,0.4111368698700771,0.4111368698700771,-1.0,-0.9999999999999998,0.9999999999999999,0.9999999999999998,0.4111368698700769,0.0,0.9999999999999996,4.570814106887015e-19,7.8612595643497e-19
gaussian,1.0620689655172413,0.0,4,passive_valley_population,P,0.5814353373618852,0.5814353373618852,-1.0,-1.0,1.0,-0.9999999999999998,3.903127820947816e-18,0.0,9.493499870690846e-18,0.5814353373618856,1.0000000000000007
gaussian,1.089655172413793,0.0,1,active_reference_current,A,231.46275239953962,231.46275239953962,-1.0,-0.9999999999999998,0.9999999999999999,0.9776931978142485,0.4456103940014694,-0.011281344713498136,0.9960486909768433,-0.06838011161147858,-0.08880881264444605
gaussian,1.089655172413793,0.0,2,active_valley_distortion,A,0.7699698889708662,0.7669275000010167,-1.0,-1.0000000000000004,1.0000000000000002,-0.9992316257242162,0.03973111992595792,-0.06439465950165671,0.08880881264444623,0.7669275000010168,0.9960486909768436
gaussian,1.089655172413793,0.0,3,passive_current,P,0.4164420811533179,0.4164420811533179,-1.0,-1.0,1.0,1.0,0.41644208115331804,0.0,1.0000000000000004,6.228326822349839e-18,1.0575521377024857e-17
gaussian,1.089655172413793,0.0,4,passive_valley_population,P,0.5889380391098991,0.5889380391098991,-1.0,-1.0000000000000007,1.0000000000000004,-1.0000000000000002,4.944714302753161e-18,0.0,1.1873714320750184e-17,0.588938039109899,0.9999999999999998
gaussian,1.1172413793103448,0.0,1,active_reference_current,A,231.46275239953962,231.46275239953962,-1.0,-0.9999999999999998,0.9999999999999999,0.9776931978142485,0.4456103940014694,-0.011281344713498136,0.9960486909768433,-0.06838011161147858,-0.08880881264444605
gaussian,1.1172413793103448,0.0,2,active_valley_distortion,A,0.7699698889708662,0.7669275000010167,-1.0,-1.0000000000000004,1.0000000000000002,-0.9992316257242162,0.03973111992595792,-0.06439465950165671,0.08880881264444623,0.7669275000010168,0.9960486909768436
gaussian,1.1172413793103448,0.0,3,passive_current,P,0.4216805522478463,0.4216805522478463,-1.0,-0.9999999999999998,0.9999999999999999,0.9999999999999998,0.4216805522478462,0.0,0.9999999999999998,2.2495139076255142e-18,3.77216006281583e-18
gaussian,1.1172413793103448,0.0,4,passive_valley_population,P,0.5963463559778809,0.5963463559778809,-1.0,-0.9999999999999998,0.9999999999999999,-0.9999999999999998,-9.601694560850928e-18,0.0,-2.2770067316757477e-17,0.5963463559778795,0.9999999999999978
gaussian,1.1448275862068966,0.0,1,active_reference_current,A,231.46275239953962,231.46275239953962,-1.0,-0.9999999999999998,0.9999999999999999,0.9776931978142485,0.4456103940014694,-0.011281344713498136,0.9960486909768433,-0.06838011161147858,-0.08880881264444605
gaussian,1.1448275862068966,0.0,2,active_valley_distortion,A,0.7699698889708662,0.7669275000010167,-1.0,-1.0000000000000004,1.0000000000000002,-0.9992316257242162,0.03973111992595792,-0.06439465950165671,0.08880881264444623,0.7669275000010168,0.9960486909768436
gaussian,1.1448275862068966,0.0,3,passive_current,P,0.4268547403189878,0.4268547403189878,-1.0,-1.0,1.0,0.9999999999999999,0.4268547403189879,0.0,1.0000000000000002,-5.5743444661142305e-18,-9.234187652955392e-18
gaussian,1.1448275862068966,0.0,4,passive_valley_population,P,0.6036637629223581,0.6036637629223581,-1.0,-1.0,1.0,-0.9999999999999998,-8.673617379884035e-19,0.0,-2.0319833799672124e-18,0.6036637629223586,1.0000000000000007
gaussian,1.1724137931034482,0.0,1,active_reference_current,A,231.46275239953962,231.46275239953962,-1.0,-0.9999999999999998,0.9999999999999999,0.9776931978142485,0.4456103940014694,-0.011281344713498136,0.9960486909768433,-0.06838011161147858,-0.08880881264444605
gaussian,1.1724137931034482,0.0,2,active_valley_distortion,A,0.7699698889708662,0.7669275000010167,-1.0,-1.0000000000000004,1.0000000000000002,-0.9992316257242162,0.03973111992595792,-0.06439465950165671,0.08880881264444623,0.7669275000010168,0.9960486909768436
gaussian,1.1724137931034482,0.0,3,passive_current,P,0.4319669553583149,0.4319669553583149,-1.0,-0.9999999999999998,0.9999999999999999,0.9999999999999998,0.43196695535831486,0.0,0.9999999999999999,-1.0235662344101461e-17,-1.6755231305705526e-17
gaussian,1.1724137931034482,0.0,4,passive_valley_population,P,0.610893526764742,0.610893526764742,-1.0,-1.0000000000000007,1.0000000000000004,-1.0000000000000002,3.795674551682925e-18,0.0,8.786955818262597e-18,0.6108935267647417,0.9999999999999997
gaussian,1.2,0.0,1,active_reference_current,A,231.46275239953962,231.46275239953962,-1.0,-0.9999999999999998,0.9999999999999999,0.9776931978142485,0.4456103940014694,-0.011281344713498136,0.9960486909768433,-0.06838011161147858,-0.08880881264444605
gaussian,1.2,0.0,2,active_valley_distortion,A,0.7699698889708662,0.7669275000010167,-1.0,-1.0000000000000004,1.0000000000000002,-0.9992316257242162,0.03973111992595792,-0.06439465950165671,0.08880881264444623,0.7669275000010168,0.9960486909768436
gaussian,1.2,0.0,3,passive_current,P,0.43701937223683157,0.43701937223683157,-1.0,-1.0,1.0,1.0,0.43701937223683174,0.0,1.0000000000000004,5.471616758727423e-18,8.853194068599321e-18
gaussian,1.2,0.0,4,passive_valley_population,P,0.6180387232371036,0.6180387232371036,-1.0,-0.9999999999999993,0.9999999999999997,-0.9999999999999996,-7.950614273837372e-18,0.0,-1.819281885181222e-17,0.6180387232371033,0.9999999999999994
gaussian,0.4,0.05,1,active_reference_current,A,253.08890841004074,253.08890841004074,-1.0,-1.0,1.0000000000000004,0.9760047289620877,0.44661737278068864,-0.013276646712273549,0.9982995359041263,-0.04459805151878472,-0.05792181247294491
gaussian,0.4,0.05,2,active_valley_distortion,A,0.7699698889708662,0.7686772038525247,-1.0,-1.0,0.9999999999999998,-0.9949305471478618,0.025912391444197016,-0.06401481394509656,0.057920560035201706,0.7686772038525246,0.998321122505103
gaussian,0.4,0.05,3,passive_current,P,0.25231325220201606,0.25231325220201606,-1.0,-0.9999999999999997,0.9999999999999997,0.9999999999999997,0.25231325220201606,0.0,1.0,-4.254140249272287e-18,-1.192220936524804e-17
gaussian,0.4,0.05,4,passive_valley_population,P,0.356824823230554,0.356824823230554,-1.0,-1.0000000000000027,1.0000000000000013,-1.0000000000000004,2.1218338595148553e-18,0.0,8.409522056399942e-18,0.3568248232305545,1.0000000000000013
gaussian,0.42758620689655175,0.05,1,active_reference_current,A,253.08890841004074,253.08890841004074,-1.0,-1.0,1.0000000000000004,0.9760047289620877,0.44661737278068864,-0.013276646712273549,0.9982995359041263,-0.04459805151878472,-0.05792181247294491
gaussian,0.42758620689655175,0.05,2,active_valley_distortion,A,0.7699698889708662,0.7686772038525247,-1.0,-1.0,0.9999999999999998,-0.9949305471478618,0.025912391444197016,-0.06401481394509656,0.057920560035201706,0.7686772038525246,0.998321122505103
gaussian,0.42758620689655175,0.05,3,passive_current,P,0.26086866125600455,0.26086866125600455,-1.0,-1.0000000000000002,1.0000000000000002,1.0,0.26086866125600466,0.0,1.0000000000000004,1.4266084777599768e-19,3.8669440931133634e-19
gaussian,0.42758620689655175,0.05,4,passive_valley_population,P,0.36892399874635434,0.36892399874635434,-1.0,-1.0000000000000002,1.0000000000000002,-1.0000000000000002,-2.3970052147155307e-20,0.0,-9.188551829777742e-20,0.368923998746354,0.9999999999999991
gaussian,0.45517241379310347,0.05,1,active_reference_current,A,253.08890841004074,253.08890841004074,-1.0,-1.0,1.0000000000000004,0.9760047289620877,0.44661737278068864,-0.013276646712273549,0.9982995359041263,-0.04459805151878472,-0.05792181247294491
gaussian,0.45517241379310347,0.05,2,active_valley_distortion,A,0.7699698889708662,0.7686772038525247,-1.0,-1.0,0.9999999999999998,-0.9949305471478618,0.025912391444197016,-0.06401481394509656,0.057920560035201706,0.7686772038525246,0.998321122505103
gaussian,0.45517241379310347,0.05,3,passive_current,P,0.2691522610238338,0.2691522610238338,-1.0,-1.0,1.0000000000000002,1.0,0.26915226102383394,0.0,1.0000000000000004,-3.006894885229176e-18,-7.899602089808999e-18
gaussian,0.45517241379310347,0.05,4,passive_valley_population,P,0.38063877788328937,0.38063877788328937,-1.0,-0.9999999999999998,0.9999999999999999,-0.9999999999999998,4.96245700284079e-18,0.0,1.8437359522688007e-17,0.38063877788328876,0.9999999999999984
gaussian,0.4827586206896552,0.05,1,active_reference_current,A,253.08890841004074,253.08890841004074,-1.0,-1.0,1.0000000000000004,0.9760047289620877,0.44661737278068864,-0.013276646712273549,0.9982995359041263,-0.04459805151878472,-0.05792181247294491
gaussian,0.4827586206896552,0.05,2,active_valley_distortion,A,0.7699698889708662,0.7686772038525247,-1.0,-1.0,0.9999999999999998,-0.9949305471478618,0.025912391444197016,-0.06401481394509656,0.057920560035201706,0.7686772038525246,0.998321122505103
gaussian,0.4827586206896552,0.05,3,passive_current,P,0.2771884211199739,0.2771884211199739,-1.0,-0.9999999999999998,0.9999999999999998,0.9999999999999998,0.2771884211199739,0.0,1.0,-2.7087078320448057e-18,-6.909905069458095e-18
gaussian,0.4827586206896552,0.05,4,passive_valley_population,P,0.3920036244806521,0.3920036244806521,-1.0,-0.9999999999999993,0.9999999999999997,-0.9999999999999996,9.443954021007824e-19,0.0,3.4070521354570764e-18,0.3920036244806513,0.9999999999999979
gaussian,0.5103448275862069,0.05,1,active_reference_current,A,253.08890841004074,253.08890841004074,-1.0,-1.0,1.0000000000000004,0.9760047289620877,0.44661737278068864,-0.013276646712273549,0.9982995359041263,-0.04459805151878472,-0.05792181247294491
gaussian,0.5103448275862069,0.05,2,active_valley_distortion,A,0.7699698889708662,0.7686772038525247,-1.0,-1.0,0.9999999999999998,-0.9949305471478618,0.025912391444197016,-0.06401481394509656,0.057920560035201706,0.7686772038525246,0.998321122505103
gaussian,0.5103448275862069,0.05,3,passive_current,P,0.2849980736631844,0.2849980736631844,-1.0,-0.9999999999999998,0.9999999999999998,0.9999999999999997,0.2849980736631844,0.0,1.0,-2.7870323163666838e-18,-6.914886914702359e-18
gaussian,0.5103448275862069,0.05,4,passive_valley_population,P,0.4030481410246819,0.4030481410246819,-1.0,-0.9999999999999998,0.9999999999999999,-0.9999999999999998,-3.1099499801343784e-19,0.0,-1.0912178949706763e-18,0.40304814102468106,0.9999999999999979
gaussian,0.5379310344827586,0.05,1,active_reference_current,A,253.08890841004074,253.08890841004074,-1.0,-1.0,1.0000000000000004,0.9760047289620877,0.44661737278068864,-0.013276646712273549,0.9982995359041263,-0.04459805151878472,-0.05792181247294491
gaussian,0.5379310344827586,0.05,2,active_valley_distortion,A,0.7699698889708662,0.7686772038525247,-1.0,-1.0,0.9999999999999998,-0.9949305471478618,0.025912391444197016,-0.06401481394509656,0.057920560035201706,0.7686772038525246,0.998321122505103
gaussian,0.5379310344827586,0.05,3,passive_current,P,0.29259935608348114,0.29259935608348114,-1.0,-1.0000000000000002,1.0000000000000002,1.0,0.2925993560834812,0.0,1.0000000000000002,-1.3406830023049221e-17,-3.239945757368229e-17
gaussian,0.5379310344827586,0.05,4,passive_valley_population,P,0.4137979777148935,0.4137979777148935,-1.0,-1.0000000000000007,1.0000000000000004,-1.0000000000000002,-6.6761612020858004e-18,0.0,-2.2816732379209452e-17,0.41379797771489363,1.0000000000000002
gaussian,0.5655172413793104,0.05,1,active_reference_current,A,253.08890841004074,253.08890841004074,-1.0,-1.0,1.0000000000000004,0.9760047289620877,0.44661737278068864,-0.013276646712273549,0.9982995359041263,-0.04459805151878472,-0.05792181247294491
gaussian,0.5655172413793104,0.05,2,active_valley_distortion,A,0.7699698889708662,0.7686772038525247,-1.0,-1.0,0.9999999999999998,-0.9949305471478618,0.025912391444197016,-0.06401481394509656,0.057920560035201706,0.7686772038525246,0.998321122505103
gaussian,0.5655172413793104,0.05,3,passive_current,P,0.3000081071724725,0.3000081071724725,-1.0,-1.0000000000000002,1.0000000000000002,1.0000000000000002,0.30000810717247256,0.0,1.0000000000000002,3.1075476293867394e-18,7.324362072443238e-18
gaussian,0.5655172413793104,0.05,4,passive_valley_population,P,0.42427553398519163,0.42427553398519163,-1.0,-1.0000000000000002,1.0000000000000002,-1.0000000000000002,-1.783928301938289e-18,0.0,-5.946266981754335e-18,0.4242755339851918,1.0000000000000004
gaussian,0.593103448275862,0.05,1,active_reference_current,A,253.08890841004074,253.08890841004074,-1.0,-1.0,1.0000000000000004,0.9760047289620877,0.44661737278068864,-0.013276646712273549,0.9982995359041263,-0.04459805151878472,-0.05792181247294491
gaussian,0.593103448275862,0.05,2,active_valley_distortion,A,0.7699698889708662,0.7686772038525247,-1.0,-1.0,0.9999999999999998,-0.9949305471478618,0.025912391444197016,-0.06401481394509656,0.057920560035201706,0.7686772038525246,0.998321122505103
gaussian,0.593103448275862,0.05,3,passive_current,P,0.3072382553621077,0.3072382553621077,-1.0,-1.0,1.0,1.0,0.30723825536210775,0.0,1.0000000000000002,-2.081658566629332e-18,-4.7909232098842616e-18
gaussian,0.593103448275862,0.05,4,passive_valley_population,P,0.4345005076129409,0.4345005076129409,-1.0,-1.0000000000000007,1.0000000000000004,-1.0000000000000002,1.7071036519766008e-18,0.0,5.556286114060331e-18,0.43450050761294157,1.0000000000000016
gaussian,0.6206896551724138,0.05,1,active_reference_current,A,253.08890841004074,253.08890841004074,-1.0,-1.0,1.0000000000000004,0.9760047289620877,0.44661737278068864,-0.013276646712273549,0.9982995359041263,-0.04459805151878472,-0.05792181247294491
gaussian,0.6206896551724138,0.05,2,active_valley_distortion,A,0.7699698889708662,0.7686772038525247,-1.0,-1.0,0.9999999999999998,-0.9949305471478618,0.025912391444197016,-0.06401481394509656,0.057920560035201706,0.7686772038525246,0.998321122505103
gaussian,0.6206896551724138,0.05,3,passive_current,P,0.31430212653861195,0.31430212653861195,-1.0,-1.0,1.0000000000000002,1.0000000000000002,0.314302126538612,0.0,1.0000000000000002,-4.2496438501953177e-19,-9.560711590450088e-19
gaussian,0.6206896551724138,0.05,4,passive_valley_population,P,0.44449033003360977,0.44449033003360977,-1.0,-1.0,1.0,-0.9999999999999998,-2.168404344971009e-19,0.0,-6.899108093386129e-19,0.44449033003360944,0.9999999999999992
gaussian,0.6482758620689655,0.05,1,active_reference_current,A,253.08890841004074,253.08890841004074,-1.0,-1.0,1.0000000000000004,0.9760047289620877,0.44661737278068864,-0.013276646712273549,0.9982995359041263,-0.04459805151878472,-0.05792181247294491
gaussian,0.6482758620689655,0.05,2,active_valley_distortion,A,0.7699698889708662,0.7686772038525247,-1.0,-1.0,0.9999999999999998,-0.9949305471478618,0.025912391444197016,-0.06401481394509656,0.057920560035201706,0.7686772038525246,0.998321122505103
gaussian,0.6482758620689655,0.05,3,passive_current,P,0.32121069087973325,0.32121069087973325,-1.0,-1.0,1.0,1.0,0.3212106908797333,0.0,1.0000000000000002,1.8204939300921688e-18,4.0075988739711695e-18
gaussian,0.6482758620689655,0.05,4,passive_valley_population,P,0.4542605154213509,0.4542605154213509,-1.0,-0.9999999999999998,0.9999999999999999,-0.9999999999999996,-7.597045269545595e-19,0.0,-2.365128398665304e-18,0.45426051542134993,0.9999999999999979
gaussian,0.6758620689655173,0.05,1,active_reference_current,A,253.08890841004074,253.08890841004074,-1.0,-1.0,1.0000000000000004,0.9760047289620877,0.44661737278068864,-0.013276646712273549,0.9982995359041263,-0.04459805151878472,-0.05792181247294491
gaussian,0.6758620689655173,0.05,2,active_valley_distortion,A,0.7699698889708662,0.7686772038525247,-1.0,-1.0,0.9999999999999998,-0.9949305471478618,0.025912391444197016,-0.06401481394509656,0.057920560035201706,0.7686772038525246,0.998321122505103
gaussian,0.6758620689655173,0.05,3,passive_current,P,0.32797376285943597,0.32797376285943597,-1.0,-0.9999999999999997,0.9999999999999998,0.9999999999999998,0.3279737628594359,0.0,0.9999999999999998,5.1942419490547965e-19,1.1198711974025833e-18
gaussian,0.6758620689655173,0.05,4,passive_valley_population,P,0.4638249435383518,0.4638249435383518,-1.0,-0.9999999999999998,0.9999999999999999,-0.9999999999999996,-4.512208633881169e-18,0.0,-1.3757834146675402e-17,0.4638249435383519,1.0000000000000002
gaussian,0.7034482758620689,0.05,1,active_reference_current,A,253.08890841004074,253.08890841004074,-1.0,-1.0,1.0000000000000004,0.9760047289620877,0.44661737278068864,-0.013276646712273549,0.9982995359041263,-0.04459805151878472,-0.05792181247294491
gaussian,0.7034482758620689,0.05,2,active_valley_distortion,A,0.7699698889708662,0.7686772038525247,-1.0,-1.0,0.9999999999999998,-0.9949305471478618,0.025912391444197016,-0.06401481394509656,0.057920560035201706,0.7686772038525246,0.998321122505103
gaussian,0.7034482758620689,0.05,3,passive_current,P,0.33460016484293525,0.33460016484293525,-1.0,-0.9999999999999998,0.9999999999999999,0.9999999999999998,0.33460016484293525,0.0,1.0,4.132164511089012e-19,8.732456985312601e-19
gaussian,0.7034482758620689,0.05,4,passive_valley_population,P,0.4731960910931519,0.4731960910931519,-1.0,-1.0000000000000009,1.0000000000000004,-1.0000000000000004,-3.542710012544563e-18,0.0,-1.0587890816513937e-17,0.4731960910931532,1.0000000000000027
gaussian,0.7310344827586206,0.05,1,active_reference_current,A,253.08890841004074,253.08890841004074,-1.0,-1.0,1.0000000000000004,0.9760047289620877,0.44661737278068864,-0.013276646712273549,0.9982995359041263,-0.04459805151878472,-0.05792181247294491
gaussian,0.7310344827586206,0.05,2,active_valley_distortion,A,0.7699698889708662,0.7686772038525247,-1.0,-1.0,0.9999999999999998,-0.9949305471478618,0.025912391444197016,-0.06401481394509656,0.057920560035201706,0.7686772038525246,0.998321122505103
gaussian,0.7310344827586206,0.05,3,passive_current,P,0.3410978620596461,0.3410978620596461,-1.0,-1.0,1.0,1.0,0.3410978620596461,0.0,1.0,-3.552961045017612e-18,-7.365401920297814e-18
gaussian,0.7310344827586206,0.05,4,passive_valley_population,P,0.4823852226212186,0.4823852226212186,-1.0,-1.0000000000000007,1.0000000000000004,-1.0000000000000002,-7.285518211994248e-18,0.0,-2.1359026315797505e-17,0.4823852226212184,0.9999999999999997
gaussian,0.7586206896551724,0.05,1,active_reference_current,A,253.08890841004074,253.08890841004074,-1.0,-1.0,1.0000000000000004,0.9760047289620877,0.44661737278068864,-0.013276646712273549,0.9982995359041263,-0.04459805151878472,-0.05792181247294491
gaussian,0.7586206896551724,0.05,2,active_valley_distortion,A,0.7699698889708662,0.7686772038525247,-1.0,-1.0,0.9999999999999998,-0.9949305471478618,0.025912391444197016,-0.06401481394509656,0.057920560035201706,0.7686772038525246,0.998321122505103
gaussian,0.7586206896551724,0.05,3,passive_current,P,0.34747407484646003,0.34747407484646003,-1.0,-1.0,1.0,0.9999999999999999,0.3474740748464601,0.0,1.0000000000000002,-1.9522428047990685e-18,-3.972797471022983e-18
gaussian,0.7586206896551724,0.05,4,passive_valley_population,P,0.49140254922090754,0.49140254922090754,-1.0,-1.0000000000000007,1.0000000000000004,-1.0000000000000002,-1.5852379033621596e-18,0.0,-4.562176053170689e-18,0.4914025492209078,1.0000000000000007
gaussian,0.7862068965517242,0.05,1,active_reference_current,A,253.08890841004074,253.08890841004074,-1.0,-1.0,1.0000000000000004,0.9760047289620877,0.44661737278068864,-0.013276646712273549,0.9982995359041263,-0.04459805151878472,-0.05792181247294491
gaussian,0.7862068965517242,0.05,2,active_valley_distortion,A,0.7699698889708662,0.7686772038525247,-1.0,-1.0,0.9999999999999998,-0.9949305471478618,0.025912391444197016,-0.06401481394509656,0.057920560035201706,0.7686772038525246,0.998321122505103
gaussian,0.7862068965517242,0.05,3,passive_current,P,0.3537353726716418,0.3537353726716418,-1.0,-0.9999999999999999,0.9999999999999999,0.9999999999999998,0.3537353726716417,0.0,0.9999999999999997,4.7824066771468545e-18,9.55989265721931e-18
gaussian,0.7862068965517242,0.05,4,passive_valley_population,P,0.5002573615233369,0.5002573615233369,-1.0,-1.0,1.0,-0.9999999999999998,2.8189256484623115e-18,0.0,7.969023926479092e-18,0.5002573615233361,0.9999999999999984
gaussian,0.8137931034482758,0.05,1,active_reference_current,A,253.08890841004074,253.08890841004074,-1.0,-1.0,1.0000000000000004,0.9760047289620877,0.44661737278068864,-0.013276646712273549,0.9982995359041263,-0.04459805151878472,-0.05792181247294491
gaussian,0.8137931034482758,0.05,2,active_valley_distortion,A,0.7699698889708662,0.7686772038525247,-1.0,-1.0,0.9999999999999998,-0.9949305471478618,0.025912391444197016,-0.06401481394509656,0.057920560035201706,0.7686772038525246,0.998321122505103
gaussian,0.8137931034482758,0.05,3,passive_current,P,0.3598877534286034,0.3598877534286034,-1.0,-0.9999999999999998,0.9999999999999999,0.9999999999999998,0.3598877534286033,0.0,0.9999999999999997,-8.440323575961697e-19,-1.6583531890465433e-18
gaussian,0.8137931034482758,0.05,4,passive_valley_population,P,0.5089581418307153,0.5089581418307153,-1.0,-0.9999999999999998,0.9999999999999999,-0.9999999999999998,-7.833348899719685e-18,0.0,-2.1766089079421007e-17,0.5089581418307149,0.9999999999999991
gaussian,0.8413793103448275,0.05,1,active_reference_current,A,253.08890841004074,253.08890841004074,-1.0,-1.0,1.0000000000000004,0.9760047289620877,0.44661737278068864,-0.013276646712273549,0.9982995359041263,-0.04459805151878472,-0.05792181247294491
gaussian,0.8413793103448275,0.05,2,active_valley_distortion,A,0.7699698889708662,0.7686772038525247,-1.0,-1.0,0.9999999999999998,-0.9949305471478618,0.025912391444197016,-0.06401481394509656,0.057920560035201706,0.7686772038525246,0.998321122505103
gaussian,0.8413793103448275,0.05,3,passive_current,P,0.3659367107255422,0.3659367107255422,-1.0,-1.0,1.0,1.0,0.3659367107255423,0.0,1.0000000000000002,-2.0687504847358963e-18,-3.997487689713785e-18
gaussian,0.8413793103448275,0.05,4,passive_valley_population,P,0.5175126592782618,0.5175126592782618,-1.0,-1.0,1.0,-0.9999999999999998,-1.431146867680866e-17,0.0,-3.9109136244989825e-17,0.5175126592782612,0.9999999999999987
gaussian,0.8689655172413793,0.05,1,active_reference_current,A,253.08890841004074,253.08890841004074,-1.0,-1.0,1.0000000000000004,0.9760047289620877,0.44661737278068864,-0.013276646712273549,0.9982995359041263,-0.04459805151878472,-0.05792181247294491
gaussian,0.8689655172413793,0.05,2,active_valley_distortion,A,0.7699698889708662,0.7686772038525247,-1.0,-1.0,0.9999999999999998,-0.9949305471478618,0.025912391444197016,-0.06401481394509656,0.057920560035201706,0.7686772038525246,0.998321122505103
gaussian,0.8689655172413793,0.05,3,passive_current,P,0.37188729132005993,0.37188729132005993,-1.0,-0.9999999999999998,0.9999999999999998,0.9999999999999998,0.37188729132005993,0.0,1.0,1.8630822715904754e-18,3.54246606135368e-18
gaussian,0.8689655172413793,0.05,4,passive_valley_population,P,0.5259280510590233,0.5259280510590233,-1.0,-0.9999999999999991,0.9999999999999996,-0.9999999999999996,-2.4259139549989116e-18,0.0,-6.523250489114135e-18,0.5259280510590225,0.9999999999999986
gaussian,0.896551724137931,0.05,1,active_reference_current,A,253.08890841004074,253.08890841004074,-1.0,-1.0,1.0000000000000004,0.9760047289620877,0.44661737278068864,-0.013276646712273549,0.9982995359041263,-0.04459805151878472,-0.05792181247294491
gaussian,0.896551724137931,0.05,2,active_valley_distortion,A,0.7699698889708662,0.7686772038525247,-1.0,-1.0,0.9999999999999998,-0.9949305471478618,0.025912391444197016,-0.06401481394509656,0.057920560035201706,0.7686772038525246,0.998321122505103
gaussian,0.896551724137931,0.05,3,passive_current,P,0.37774414440744547,0.37774414440744547,-1.0,-1.0,1.0,1.0,0.37774414440744547,0.0,1.0,-8.980479770502692e-19,-1.6810738797797507e-18
gaussian,0.896551724137931,0.05,4,passive_valley_population,P,0.53421089212803,0.53421089212803,-1.0,-1.0000000000000009,1.0000000000000004,-1.0000000000000004,2.5119299559197342e-18,0.0,6.649818383975519e-18,0.5342108921280302,1.0000000000000004
gaussian,0.9241379310344827,0.05,1,active_reference_current,A,253.08890841004074,253.08890841004074,-1.0,-1.0,1.0000000000000004,0.9760047289620877,0.44661737278068864,-0.013276646712273549,0.9982995359041263,-0.04459805151878472,-0.05792181247294491
gaussian,0.9241379310344827,0.05,2,active_valley_distortion,A,0.7699698889708662,0.7686772038525247,-1.0,-1.0,0.9999999999999998,-0.9949305471478618,0.025912391444197016,-0.06401481394509656,0.057920560035201706,0.7686772038525246,0.998321122505103
gaussian,0.9241379310344827,0.05,3,passive_current,P,0.38351156413184595,0.38351156413184595,-1.0,-0.9999999999999999,1.0,0.9999999999999999,0.38351156413184595,0.0,1.0,-1.0673920426256697e-17,-1.9680244929086294e-17
gaussian,0.9241379310344827,0.05,4,passive_valley_population,P,0.5423672553221756,0.5423672553221756,-1.0,-1.0,1.0,-0.9999999999999998,4.7704895589362195e-18,0.0,1.2438971872295854e-17,0.5423672553221761,1.000000000000001
gaussian,0.9517241379310344,0.05,1,active_reference_current,A,253.08890841004074,253.08890841004074,-1.0,-1.0,1.0000000000000004,0.9760047289620877,0.44661737278068864,-0.013276646712273549,0.9982995359041263,-0.04459805151878472,-0.05792181247294491
gaussian,0.9517241379310344,0.05,2,active_valley_distortion,A,0.7699698889708662,0.7686772038525247,-1.0,-1.0,0.9999999999999998,-0.9949305471478618,0.025912391444197016,-0.06401481394509656,0.057920560035201706,0.7686772038525246,0.998321122505103
gaussian,0.9517241379310344,0.05,3,passive_current,P,0.38919352642560345,0.38919352642560345,-1.0,-1.0,1.0,1.0,0.38919352642560345,0.0,1.0,-6.2942961168890996e-18,-1.1435800353424482e-17
gaussian,0.9517241379310344,0.05,4,passive_valley_population,P,0.5504027634588999,0.5504027634588999,-1.0,-1.0000000000000002,1.0000000000000002,-1.0000000000000002,-1.5641649271802256e-18,0.0,-4.018990093554972e-18,0.5504027634589005,1.000000000000001
gaussian,0.9793103448275862,0.05,1,active_reference_current,A,253.08890841004074,253.08890841004074,-1.0,-1.0,1.0000000000000004,0.9760047289620877,0.44661737278068864,-0.013276646712273549,0.9982995359041263,-0.04459805151878472,-0.05792181247294491
gaussian,0.9793103448275862,0.05,2,active_valley_distortion,A,0.7699698889708662,0.7686772038525247,-1.0,-1.0,0.9999999999999998,-0.9949305471478618,0.025912391444197016,-0.06401481394509656,0.057920560035201706,0.7686772038525246,0.998321122505103
gaussian,0.9793103448275862,0.05,3,passive_current,P,0.39479372107511895,0.39479372107511895,-1.0,-0.9999999999999999,1.0,1.0,0.394793721075119,0.0,1.0000000000000002,-6.426511177430713e-18,-1.1510389832334121e-17
gaussian,0.9793103448275862,0.05,4,passive_valley_population,P,0.5583226346841739,0.5583226346841739,-1.0,-1.0000000000000007,1.0000000000000004,-1.0000000000000002,3.865395127026138e-18,0.0,9.790923514436174e-18,0.5583226346841742,1.0000000000000007
gaussian,1.0068965517241377,0.05,1,active_reference_current,A,253.08890841004074,253.08890841004074,-1.0,-1.0,1.0000000000000004,0.9760047289620877,0.44661737278068864,-0.013276646712273549,0.9982995359041263,-0.04459805151878472,-0.05792181247294491
gaussian,1.0068965517241377,0.05,2,active_valley_distortion,A,0.7699698889708662,0.7686772038525247,-1.0,-1.0,0.9999999999999998,-0.9949305471478618,0.025912391444197016,-0.06401481394509656,0.057920560035201706,0.7686772038525246,0.998321122505103
gaussian,1.0068965517241377,0.05,3,passive_current,P,0.4003155797481292,0.4003155797481292,-1.0,-0.9999999999999998,0.9999999999999998,0.9999999999999998,0.4003155797481291,0.0,0.9999999999999998,-1.189672087541523e-18,-2.101405098992773e-18
gaussian,1.0068965517241377,0.05,4,passive_valley_population,P,0.5661317221090527,0.5661317221090527,-1.0,-0.9999999999999998,0.9999999999999999,-0.9999999999999998,-1.9597296114755537e-18,0.0,-4.895461757218087e-18,0.5661317221090525,0.9999999999999996
gaussian,1.0344827586206895,0.05,1,active_reference_current,A,253.08890841004074,253.08890841004074,-1.0,-1.0,1.0000000000000004,0.9760047289620877,0.44661737278068864,-0.013276646712273549,0.9982995359041263,-0.04459805151878472,-0.05792181247294491
gaussian,1.0344827586206895,0.05,2,active_valley_distortion,A,0.7699698889708662,0.7686772038525247,-1.0,-1.0,0.9999999999999998,-0.9949305471478618,0.025912391444197016,-0.06401481394509656,0.057920560035201706,0.7686772038525246,0.998321122505103
gaussian,1.0344827586206895,0.05,3,passive_current,P,0.4057623005872068,0.4057623005872068,-1.0,-0.9999999999999998,0.9999999999999998,0.9999999999999998,0.4057623005872067,0.0,0.9999999999999998,2.694863830730379e-18,4.696238379775904e-18
gaussian,1.0344827586206895,0.05,4,passive_valley_population,P,0.5738345485901363,0.5738345485901363,-1.0,-1.0,1.0,-0.9999999999999998,4.336808689942018e-18,0.0,1.0688052299747712e-17,0.5738345485901356,0.9999999999999989
gaussian,1.0620689655172413,0.05,1,active_reference_current,A,253.08890841004074,253.08890841004074,-1.0,-1.0,1.0000000000000004,0.9760047289620877,0.44661737278068864,-0.013276646712273549,0.9982995359041263,-0.04459805151878472,-0.05792181247294491
gaussian,1.0620689655172413,0.05,2,active_valley_distortion,A,0.7699698889708662,0.7686772038525247,-1.0,-1.0,0.9999999999999998,-0.9949305471478618,0.025912391444197016,-0.06401481394509656,0.057920560035201706,0.7686772038525246,0.998321122505103
gaussian,1.0620689655172413,0.05,3,passive_current,P,0.4111368698700771,0.4111368698700771,-1.0,-0.9999999999999998,0.9999999999999999,0.9999999999999998,0.4111368698700769,0.0,0.9999999999999996,4.570814106887015e-19,7.8612595643497e-19
gaussian,1.0620689655172413,0.05,4,passive_valley_population,P,0.5814353373618852,0.5814353373618852,-1.0,-1.0,1.0,-0.9999999999999998,3.903127820947816e-18,0.0,9.493499870690846e-18,0.5814353373618856,1.0000000000000007
gaussian,1.089655172413793,0.05,1,active_reference_current,A,253.08890841004074,253.08890841004074,-1.0,-1.0,1.0000000000000004,0.9760047289620877,0.44661737278068864,-0.013276646712273549,0.9982995359041263,-0.04459805151878472,-0.05792181247294491
gaussian,1.089655172413793,0.05,2,active_valley_distortion,A,0.7699698889708662,0.7686772038525247,-1.0,-1.0,0.9999999999999998,-0.9949305471478618,0.025912391444197016,-0.06401481394509656,0.057920560035201706,0.7686772038525246,0.998321122505103
gaussian,1.089655172413793,0.05,3,passive_current,P,0.4164420811533179,0.4164420811533179,-1.0,-1.0,1.0,1.0,0.41644208115331804,0.0,1.0000000000000004,6.228326822349839e-18,1.0575521377024857e-17
gaussian,1.089655172413793,0.05,4,passive_valley_population,P,0.5889380391098991,0.5889380391098991,-1.0,-1.0000000000000007,1.0000000000000004,-1.0000000000000002,4.944714302753161e-18,0.0,1.1873714320750184e-17,0.588938039109899,0.9999999999999998
gaussian,1.1172413793103448,0.05,1,active_reference_current,A,253.08890841004074,253.08890841004074,-1.0,-1.0,1.0000000000000004,0.9760047289620877,0.44661737278068864,-0.013276646712273549,0.9982995359041263,-0.04459805151878472,-0.05792181247294491
gaussian,1.1172413793103448,0.05,2,active_valley_distortion,A,0.7699698889708662,0.7686772038525247,-1.0,-1.0,0.9999999999999998,-0.9949305471478618,0.025912391444197016,-0.06401481394509656,0.057920560035201706,0.7686772038525246,0.998321122505103
gaussian,1.1172413793103448,0.05,3,passive_current,P,0.4216805522478463,0.4216805522478463,-1.0,-0.9999999999999998,0.9999999999999999,0.9999999999999998,0.4216805522478462,0.0,0.9999999999999998,2.2495139076255142e-18,3.77216006281583e-18
gaussian,1.1172413793103448,0.05,4,passive_valley_population,P,0.5963463559778809,0.5963463559778809,-1.0,-0.9999999999999998,0.9999999999999999,-0.9999999999999998,-9.601694560850928e-18,0.0,-2.2770067316757477e-17,0.5963463559778795,0.9999999999999978
gaussian,1.1448275862068966,0.05,1,active_reference_current,A,253.08890841004074,253.08890841004074,-1.0,-1.0,1.0000000000000004,0.9760047289620877,0.44661737278068864,-0.013276646712273549,0.9982995359041263,-0.04459805151878472,-0.05792181247294491
gaussian,1.1448275862068966,0.05,2,active_valley_distortion,A,0.7699698889708662,0.7686772038525247,-1.0,-1.0,0.9999999999999998,-0.9949305471478618,0.025912391444197016,-0.06401481394509656,0.057920560035201706,0.7686772038525246,0.998321122505103
gaussian,1.1448275862068966,0.05,3,passive_current,P,0.4268547403189878,0.4268547403189878,-1.0,-1.0,1.0,0.9999999999999999,0.4268547403189879,0.0,1.0000000000000002,-5.5743444661142305e-18,-9.234187652955392e-18
gaussian,1.1448275862068966,0.05,4,passive_valley_population,P,0.6036637629223581,0.6036637629223581,-1.0,-1.0,1.0,-0.9999999999999998,-8.673617379884035e-19,0.0,-2.0319833799672124e-18,0.6036637629223586,1.0000000000000007
gaussian,1.1724137931034482,0.05,1,active_reference_current,A,253.08890841004074,253.08890841004074,-1.0,-1.0,1.0000000000000004,0.9760047289620877,0.44661737278068864,-0.013276646712273549,0.9982995359041263,-0.04459805151878472,-0.05792181247294491
gaussian,1.1724137931034482,0.05,2,active_valley_distortion,A,0.7699698889708662,0.7686772038525247,-1.0,-1.0,0.9999999999999998,-0.9949305471478618,0.025912391444197016,-0.06401481394509656,0.057920560035201706,0.7686772038525246,0.998321122505103
gaussian,1.1724137931034482,0.05,3,passive_current,P,0.4319669553583149,0.4319669553583149,-1.0,-0.9999999999999998,0.9999999999999999,0.9999999999999998,0.43196695535831486,0.0,0.9999999999999999,-1.0235662344101461e-17,-1.6755231305705526e-17
gaussian,1.1724137931034482,0.05,4,passive_valley_population,P,0.610893526764742,0.610893526764742,-1.0,-1.0000000000000007,1.0000000000000004,-1.0000000000000002,3.795674551682925e-18,0.0,8.786955818262597e-18,0.6108935267647417,0.9999999999999997
gaussian,1.2,0.05,1,active_reference_current,A,253.08890841004074,253.08890841004074,-1.0,-1.0,1.0000000000000004,0.9760047289620877,0.44661737278068864,-0.013276646712273549,0.9982995359041263,-0.04459805151878472,-0.05792181247294491
gaussian,1.2,0.05,2,active_valley_distortion,A,0.7699698889708662,0.7686772038525247,-1.0,-1.0,0.9999999999999998,-0.9949305471478618,0.025912391444197016,-0.06401481394509656,0.057920560035201706,0.7686772038525246,0.998321122505103
gaussian,1.2,0.05,3,passive_current,P,0.43701937223683157,0.43701937223683157,-1.0,-1.0,1.0,1.0,0.43701937223683174,0.0,1.0000000000000004,5.471616758727423e-18,8.853194068599321e-18
gaussian,1.2,0.05,4,passive_valley_population,P,0.6180387232371036,0.6180387232371036,-1.0,-0.9999999999999993,0.9999999999999997,-0.9999999999999996,-7.950614273837372e-18,0.0,-1.819281885181222e-17,0.6180387232371033,0.9999999999999994
gaussian,0.4,0.1,1,active_reference_current,A,303.5129552297345,303.5129552297345,-1.0,-1.0,1.0000000000000002,0.9465660553346007,0.4470345201956972,-0.019062254671294666,0.9992319628453668,0.025580494167410546,0.03322272017883864
gaussian,0.4,0.1,2,active_valley_distortion,A,0.7699698889708662,0.7695448448530853,-1.0,-1.0,0.9999999999999998,-0.9604136159248078,-0.014859905843018552,-0.06253955704054776,-0.03321553976797267,0.7695448448530853,0.9994479730650909
gaussian,0.4,0.1,3,passive_current,P,0.25231325220201606,0.25231325220201606,-1.0,-0.9999999999999997,0.9999999999999997,0.9999999999999997,0.25231325220201606,0.0,1.0,-4.254140249272287e-18,-1.192220936524804e-17
gaussian,0.4,0.1,4,passive_valley_population,P,0.356824823230554,0.356824823230554,-1.0,-1.0000000000000027,1.0000000000000013,-1.0000000000000004,2.1218338595148553e-18,0.0,8.409522056399942e-18,0.3568248232305545,1.0000000000000013
gaussian,0.42758620689655175,0.1,1,active_reference_current,A,303.5129552297345,303.5129552297345,-1.0,-1.0,1.0000000000000002,0.9465660553346007,0.4470345201956972,-0.019062254671294666,0.9992319628453668,0.025580494167410546,0.03322272017883864
gaussian,0.42758620689655175,0.1,2,active_valley_distortion,A,0.7699698889708662,0.7695448448530853,-1.0,-1.0,0.9999999999999998,-0.9604136159248078,-0.014859905843018552,-0.06253955704054776,-0.03321553976797267,0.7695448448530853,0.9994479730650909
gaussian,0.42758620689655175,0.1,3,passive_current,P,0.26086866125600455,0.26086866125600455,-1.0,-1.0000000000000002,1.0000000000000002,1.0,0.26086866125600466,0.0,1.0000000000000004,1.4266084777599768e-19,3.8669440931133634e-19
gaussian,0.42758620689655175,0.1,4,passive_valley_population,P,0.36892399874635434,0.36892399874635434,-1.0,-1.0000000000000002,1.0000000000000002,-1.0000000000000002,-2.3970052147155307e-20,0.0,-9.188551829777742e-20,0.368923998746354,0.9999999999999991
gaussian,0.45517241379310347,0.1,1,active_reference_current,A,303.5129552297345,303.5129552297345,-1.0,-1.0,1.0000000000000002,0.9465660553346007,0.4470345201956972,-0.019062254671294666,0.9992319628453668,0.025580494167410546,0.03322272017883864
gaussian,0.45517241379310347,0.1,2,active_valley_distortion,A,0.7699698889708662,0.7695448448530853,-1.0,-1.0,0.9999999999999998,-0.9604136159248078,-0.014859905843018552,-0.06253955704054776,-0.03321553976797267,0.7695448448530853,0.9994479730650909
gaussian,0.45517241379310347,0.1,3,passive_current,P,0.2691522610238338,0.2691522610238338,-1.0,-1.0,1.0000000000000002,1.0,0.26915226102383394,0.0,1.0000000000000004,-3.006894885229176e-18,-7.899602089808999e-18
gaussian,0.45517241379310347,0.1,4,passive_valley_population,P,0.38063877788328937,0.38063877788328937,-1.0,-0.9999999999999998,0.9999999999999999,-0.9999999999999998,4.96245700284079e-18,0.0,1.8437359522688007e-17,0.38063877788328876,0.9999999999999984
gaussian,0.4827586206896552,0.1,1,active_reference_current,A,303.5129552297345,303.5129552297345,-1.0,-1.0,1.0000000000000002,0.9465660553346007,0.4470345201956972,-0.019062254671294666,0.9992319628453668,0.025580494167410546,0.03322272017883864
gaussian,0.4827586206896552,0.1,2,active_valley_distortion,A,0.7699698889708662,0.7695448448530853,-1.0,-1.0,0.9999999999999998,-0.9604136159248078,-0.014859905843018552,-0.06253955704054776,-0.03321553976797267,0.7695448448530853,0.9994479730650909
gaussian,0.4827586206896552,0.1,3,passive_current,P,0.2771884211199739,0.2771884211199739,-1.0,-0.9999999999999998,0.9999999999999998,0.9999999999999998,0.2771884211199739,0.0,1.0,-2.7087078320448057e-18,-6.909905069458095e-18
gaussian,0.4827586206896552,0.1,4,passive_valley_population,P,0.3920036244806521,0.3920036244806521,-1.0,-0.9999999999999993,0.9999999999999997,-0.9999999999999996,9.443954021007824e-19,0.0,3.4070521354570764e-18,0.3920036244806513,0.9999999999999979
gaussian,0.5103448275862069,0.1,1,active_reference_current,A,303.5129552297345,303.5129552297345,-1.0,-1.0,1.0000000000000002,0.9465660553346007,0.4470345201956972,-0.019062254671294666,0.9992319628453668,0.025580494167410546,0.03322272017883864
gaussian,0.5103448275862069,0.1,2,active_valley_distortion,A,0.7699698889708662,0.7695448448530853,-1.0,-1.0,0.9999999999999998,-0.9604136159248078,-0.014859905843018552,-0.06253955704054776,-0.03321553976797267,0.7695448448530853,0.9994479730650909
gaussian,0.5103448275862069,0.1,3,passive_current,P,0.2849980736631844,0.2849980736631844,-1.0,-0.9999999999999998,0.9999999999999998,0.9999999999999997,0.2849980736631844,0.0,1.0,-2.7870323163666838e-18,-6.914886914702359e-18
gaussian,0.5103448275862069,0.1,4,passive_valley_population,P,0.4030481410246819,0.4030481410246819,-1.0,-0.9999999999999998,0.9999999999999999,-0.9999999999999998,-3.1099499801343784e-19,0.0,-1.0912178949706763e-18,0.40304814102468106,0.9999999999999979
gaussian,0.5379310344827586,0.1,1,active_reference_current,A,303.5129552297345,303.5129552297345,-1.0,-1.0,1.0000000000000002,0.9465660553346007,0.4470345201956972,-0.019062254671294666,0.9992319628453668,0.025580494167410546,0.03322272017883864
gaussian,0.5379310344827586,0.1,2,active_valley_distortion,A,0.7699698889708662,0.7695448448530853,-1.0,-1.0,0.9999999999999998,-0.9604136159248078,-0.014859905843018552,-0.06253955704054776,-0.03321553976797267,0.7695448448530853,0.9994479730650909
gaussian,0.5379310344827586,0.1,3,passive_current,P,0.29259935608348114,0.29259935608348114,-1.0,-1.0000000000000002,1.0000000000000002,1.0,0.2925993560834812,0.0,1.0000000000000002,-1.3406830023049221e-17,-3.239945757368229e-17
gaussian,0.5379310344827586,0.1,4,passive_valley_population,P,0.4137979777148935,0.4137979777148935,-1.0,-1.0000000000000007,1.0000000000000004,-1.0000000000000002,-6.6761612020858004e-18,0.0,-2.2816732379209452e-17,0.41379797771489363,1.0000000000000002
gaussian,0.5655172413793104,0.1,1,active_reference_current,A,303.5129552297345,303.5129552297345,-1.0,-1.0,1.0000000000000002,0.9465660553346007,0.4470345201956972,-0.019062254671294666,0.9992319628453668,0.025580494167410546,0.03322272017883864
gaussian,0.5655172413793104,0.1,2,active_valley_distortion,A,0.7699698889708662,0.7695448448530853,-1.0,-1.0,0.9999999999999998,-0.9604136159248078,-0.014859905843018552,-0.06253955704054776,-0.03321553976797267,0.7695448448530853,0.9994479730650909
gaussian,0.5655172413793104,0.1,3,passive_current,P,0.3000081071724725,0.3000081071724725,-1.0,-1.0000000000000002,1.0000000000000002,1.0000000000000002,0.30000810717247256,0.0,1.0000000000000002,3.1075476293867394e-18,7.324362072443238e-18
gaussian,0.5655172413793104,0.1,4,passive_valley_population,P,0.42427553398519163,0.42427553398519163,-1.0,-1.0000000000000002,1.0000000000000002,-1.0000000000000002,-1.783928301938289e-18,0.0,-5.946266981754335e-18,0.4242755339851918,1.0000000000000004
gaussian,0.593103448275862,0.1,1,active_reference_current,A,303.5129552297345,303.5129552297345,-1.0,-1.0,1.0000000000000002,0.9465660553346007,0.4470345201956972,-0.019062254671294666,0.9992319628453668,0.025580494167410546,0.03322272017883864
gaussian,0.593103448275862,0.1,2,active_valley_distortion,A,0.7699698889708662,0.7695448448530853,-1.0,-1.0,0.9999999999999998,-0.9604136159248078,-0.014859905843018552,-0.06253955704054776,-0.03321553976797267,0.7695448448530853,0.9994479730650909
gaussian,0.593103448275862,0.1,3,passive_current,P,0.3072382553621077,0.3072382553621077,-1.0,-1.0,1.0,1.0,0.30723825536210775,0.0,1.0000000000000002,-2.081658566629332e-18,-4.7909232098842616e-18
gaussian,0.593103448275862,0.1,4,passive_valley_population,P,0.4345005076129409,0.4345005076129409,-1.0,-1.0000000000000007,1.0000000000000004,-1.0000000000000002,1.7071036519766008e-18,0.0,5.556286114060331e-18,0.43450050761294157,1.0000000000000016
gaussian,0.6206896551724138,0.1,1,active_reference_current,A,303.5129552297345,303.5129552297345,-1.0,-1.0,1.0000000000000002,0.9465660553346007,0.4470345201956972,-0.019062254671294666,0.9992319628453668,0.025580494167410546,0.03322272017883864
gaussian,0.6206896551724138,0.1,2,active_valley_distortion,A,0.7699698889708662,0.7695448448530853,-1.0,-1.0,0.9999999999999998,-0.9604136159248078,-0.014859905843018552,-0.06253955704054776,-0.03321553976797267,0.7695448448530853,0.9994479730650909
gaussian,0.6206896551724138,0.1,3,passive_current,P,0.31430212653861195,0.31430212653861195,-1.0,-1.0,1.0000000000000002,1.0000000000000002,0.314302126538612,0.0,1.0000000000000002,-4.2496438501953177e-19,-9.560711590450088e-19
gaussian,0.6206896551724138,0.1,4,passive_valley_population,P,0.44449033003360977,0.44449033003360977,-1.0,-1.0,1.0,-0.9999999999999998,-2.168404344971009e-19,0.0,-6.899108093386129e-19,0.44449033003360944,0.9999999999999992
gaussian,0.6482758620689655,0.1,1,active_reference_current,A,303.5129552297345,303.5129552297345,-1.0,-1.0,1.0000000000000002,0.9465660553346007,0.4470345201956972,-0.019062254671294666,0.9992319628453668,0.025580494167410546,0.03322272017883864
gaussian,0.6482758620689655,0.1,2,active_valley_distortion,A,0.7699698889708662,0.7695448448530853,-1.0,-1.0,0.9999999999999998,-0.9604136159248078,-0.014859905843018552,-0.06253955704054776,-0.03321553976797267,0.7695448448530853,0.9994479730650909
gaussian,0.6482758620689655,0.1,3,passive_current,P,0.32121069087973325,0.32121069087973325,-1.0,-1.0,1.0,1.0,0.3212106908797333,0.0,1.0000000000000002,1.8204939300921688e-18,4.0075988739711695e-18
gaussian,0.6482758620689655,0.1,4,passive_valley_population,P,0.4542605154213509,0.4542605154213509,-1.0,-0.9999999999999998,0.9999999999999999,-0.9999999999999996,-7.597045269545595e-19,0.0,-2.365128398665304e-18,0.45426051542134993,0.9999999999999979
gaussian,0.6758620689655173,0.1,1,active_reference_current,A,303.5129552297345,303.5129552297345,-1.0,-1.0,1.0000000000000002,0.9465660553346007,0.4470345201956972,-0.019062254671294666,0.9992319628453668,0.025580494167410546,0.03322272017883864
gaussian,0.6758620689655173,0.1,2,active_valley_distortion,A,0.7699698889708662,0.7695448448530853,-1.0,-1.0,0.9999999999999998,-0.9604136159248078,-0.014859905843018552,-0.06253955704054776,-0.03321553976797267,0.7695448448530853,0.9994479730650909
gaussian,0.6758620689655173,0.1,3,passive_current,P,0.32797376285943597,0.32797376285943597,-1.0,-0.9999999999999997,0.9999999999999998,0.9999999999999998,0.3279737628594359,0.0,0.9999999999999998,5.1942419490547965e-19,1.1198711974025833e-18
gaussian,0.6758620689655173,0.1,4,passive_valley_population,P,0.4638249435383518,0.4638249435383518,-1.0,-0.9999999999999998,0.9999999999999999,-0.9999999999999996,-4.512208633881169e-18,0.0,-1.3757834146675402e-17,0.4638249435383519,1.0000000000000002
gaussian,0.7034482758620689,0.1,1,active_reference_current,A,303.5129552297345,303.5129552297345,-1.0,-1.0,1.0000000000000002,0.9465660553346007,0.4470345201956972,-0.019062254671294666,0.9992319628453668,0.025580494167410546,0.03322272017883864
gaussian,0.7034482758620689,0.1,2,active_valley_distortion,A,0.7699698889708662,0.7695448448530853,-1.0,-1.0,0.9999999999999998,-0.9604136159248078,-0.014859905843018552,-0.06253955704054776,-0.03321553976797267,0.7695448448530853,0.9994479730650909
gaussian,0.7034482758620689,0.1,3,passive_current,P,0.33460016484293525,0.33460016484293525,-1.0,-0.9999999999999998,0.9999999999999999,0.9999999999999998,0.33460016484293525,0.0,1.0,4.132164511089012e-19,8.732456985312601e-19
gaussian,0.7034482758620689,0.1,4,passive_valley_population,P,0.4731960910931519,0.4731960910931519,-1.0,-1.0000000000000009,1.0000000000000004,-1.0000000000000004,-3.542710012544563e-18,0.0,-1.0587890816513937e-17,0.4731960910931532,1.0000000000000027
gaussian,0.7310344827586206,0.1,1,active_reference_current,A,303.5129552297345,303.5129552297345,-1.0,-1.0,1.0000000000000002,0.9465660553346007,0.4470345201956972,-0.019062254671294666,0.9992319628453668,0.025580494167410546,0.03322272017883864
gaussian,0.7310344827586206,0.1,2,active_valley_distortion,A,0.7699698889708662,0.7695448448530853,-1.0,-1.0,0.9999999999999998,-0.9604136159248078,-0.014859905843018552,-0.06253955704054776,-0.03321553976797267,0.7695448448530853,0.9994479730650909
gaussian,0.7310344827586206,0.1,3,passive_current,P,0.3410978620596461,0.3410978620596461,-1.0,-1.0,1.0,1.0,0.3410978620596461,0.0,1.0,-3.552961045017612e-18,-7.365401920297814e-18
gaussian,0.7310344827586206,0.1,4,passive_valley_population,P,0.4823852226212186,0.4823852226212186,-1.0,-1.0000000000000007,1.0000000000000004,-1.0000000000000002,-7.285518211994248e-18,0.0,-2.1359026315797505e-17,0.4823852226212184,0.9999999999999997
gaussian,0.7586206896551724,0.1,1,active_reference_current,A,303.5129552297345,303.5129552297345,-1.0,-1.0,1.0000000000000002,0.9465660553346007,0.4470345201956972,-0.019062254671294666,0.9992319628453668,0.025580494167410546,0.03322272017883864
gaussian,0.7586206896551724,0.1,2,active_valley_distortion,A,0.7699698889708662,0.7695448448530853,-1.0,-1.0,0.9999999999999998,-0.9604136159248078,-0.014859905843018552,-0.06253955704054776,-0.03321553976797267,0.7695448448530853,0.9994479730650909
gaussian,0.7586206896551724,0.1,3,passive_current,P,0.34747407484646003,0.34747407484646003,-1.0,-1.0,1.0,0.9999999999999999,0.3474740748464601,0.0,1.0000000000000002,-1.9522428047990685e-18,-3.972797471022983e-18
gaussian,0.7586206896551724,0.1,4,passive_valley_population,P,0.49140254922090754,0.49140254922090754,-1.0,-1.0000000000000007,1.0000000000000004,-1.0000000000000002,-1.5852379033621596e-18,0.0,-4.562176053170689e-18,0.4914025492209078,1.0000000000000007
gaussian,0.7862068965517242,0.1,1,active_reference_current,A,303.5129552297345,303.5129552297345,-1.0,-1.0,1.0000000000000002,0.9465660553346007,0.4470345201956972,-0.019062254671294666,0.9992319628453668,0.025580494167410546,0.03322272017883864
gaussian,0.7862068965517242,0.1,2,active_valley_distortion,A,0.7699698889708662,0.7695448448530853,-1.0,-1.0,0.9999999999999998,-0.9604136159248078,-0.014859905843018552,-0.06253955704054776,-0.03321553976797267,0.7695448448530853,0.9994479730650909
gaussian,0.7862068965517242,0.1,3,passive_current,P,0.3537353726716418,0.3537353726716418,-1.0,-0.9999999999999999,0.9999999999999999,0.9999999999999998,0.3537353726716417,0.0,0.9999999999999997,4.7824066771468545e-18,9.55989265721931e-18
gaussian,0.7862068965517242,0.1,4,passive_valley_population,P,0.5002573615233369,0.5002573615233369,-1.0,-1.0,1.0,-0.9999999999999998,2.8189256484623115e-18,0.0,7.969023926479092e-18,0.5002573615233361,0.9999999999999984
gaussian,0.8137931034482758,0.1,1,active_reference_current,A,303.5129552297345,303.5129552297345,-1.0,-1.0,1.0000000000000002,0.9465660553346007,0.4470345201956972,-0.019062254671294666,0.9992319628453668,0.025580494167410546,0.03322272017883864
gaussian,0.8137931034482758,0.1,2,active_valley_distortion,A,0.7699698889708662,0.7695448448530853,-1.0,-1.0,0.9999999999999998,-0.9604136159248078,-0.014859905843018552,-0.06253955704054776,-0.03321553976797267,0.7695448448530853,0.9994479730650909
gaussian,0.8137931034482758,0.1,3,passive_current,P,0.3598877534286034,0.3598877534286034,-1.0,-0.9999999999999998,0.9999999999999999,0.9999999999999998,0.3598877534286033,0.0,0.9999999999999997,-8.440323575961697e-19,-1.6583531890465433e-18
gaussian,0.8137931034482758,0.1,4,passive_valley_population,P,0.5089581418307153,0.5089581418307153,-1.0,-0.9999999999999998,0.9999999999999999,-0.9999999999999998,-7.833348899719685e-18,0.0,-2.1766089079421007e-17,0.5089581418307149,0.9999999999999991
gaussian,0.8413793103448275,0.1,1,active_reference_current,A,303.5129552297345,303.5129552297345,-1.0,-1.0,1.0000000000000002,0.9465660553346007,0.4470345201956972,-0.019062254671294666,0.9992319628453668,0.025580494167410546,0.03322272017883864
gaussian,0.8413793103448275,0.1,2,active_valley_distortion,A,0.7699698889708662,0.7695448448530853,-1.0,-1.0,0.9999999999999998,-0.9604136159248078,-0.014859905843018552,-0.06253955704054776,-0.03321553976797267,0.7695448448530853,0.9994479730650909
gaussian,0.8413793103448275,0.1,3,passive_current,P,0.3659367107255422,0.3659367107255422,-1.0,-1.0,1.0,1.0,0.3659367107255423,0.0,1.0000000000000002,-2.0687504847358963e-18,-3.997487689713785e-18
gaussian,0.8413793103448275,0.1,4,passive_valley_population,P,0.5175126592782618,0.5175126592782618,-1.0,-1.0,1.0,-0.9999999999999998,-1.431146867680866e-17,0.0,-3.9109136244989825e-17,0.5175126592782612,0.9999999999999987
gaussian,0.8689655172413793,0.1,1,active_reference_current,A,303.5129552297345,303.5129552297345,-1.0,-1.0,1.0000000000000002,0.9465660553346007,0.4470345201956972,-0.019062254671294666,0.9992319628453668,0.025580494167410546,0.03322272017883864
gaussian,0.8689655172413793,0.1,2,active_valley_distortion,A,0.7699698889708662,0.7695448448530853,-1.0,-1.0,0.9999999999999998,-0.9604136159248078,-0.014859905843018552,-0.06253955704054776,-0.03321553976797267,0.7695448448530853,0.9994479730650909
gaussian,0.8689655172413793,0.1,3,passive_current,P,0.37188729132005993,0.37188729132005993,-1.0,-0.9999999999999998,0.9999999999999998,0.9999999999999998,0.37188729132005993,0.0,1.0,1.8630822715904754e-18,3.54246606135368e-18
gaussian,0.8689655172413793,0.1,4,passive_valley_population,P,0.5259280510590233,0.5259280510590233,-1.0,-0.9999999999999991,0.9999999999999996,-0.9999999999999996,-2.4259139549989116e-18,0.0,-6.523250489114135e-18,0.5259280510590225,0.9999999999999986
gaussian,0.896551724137931,0.1,1,active_reference_current,A,303.5129552297345,303.5129552297345,-1.0,-1.0,1.0000000000000002,0.9465660553346007,0.4470345201956972,-0.019062254671294666,0.9992319628453668,0.025580494167410546,0.03322272017883864
gaussian,0.896551724137931,0.1,2,active_valley_distortion,A,0.7699698889708662,0.7695448448530853,-1.0,-1.0,0.9999999999999998,-0.9604136159248078,-0.014859905843018552,-0.06253955704054776,-0.03321553976797267,0.7695448448530853,0.9994479730650909
gaussian,0.896551724137931,0.1,3,passive_current,P,0.37774414440744547,0.37774414440744547,-1.0,-1.0,1.0,1.0,0.37774414440744547,0.0,1.0,-8.980479770502692e-19,-1.6810738797797507e-18
gaussian,0.896551724137931,0.1,4,passive_valley_population,P,0.53421089212803,0.53421089212803,-1.0,-1.0000000000000009,1.0000000000000004,-1.0000000000000004,2.5119299559197342e-18,0.0,6.649818383975519e-18,0.5342108921280302,1.0000000000000004
gaussian,0.9241379310344827,0.1,1,active_reference_current,A,303.5129552297345,303.5129552297345,-1.0,-1.0,1.0000000000000002,0.9465660553346007,0.4470345201956972,-0.019062254671294666,0.9992319628453668,0.025580494167410546,0.03322272017883864
gaussian,0.9241379310344827,0.1,2,active_valley_distortion,A,0.7699698889708662,0.7695448448530853,-1.0,-1.0,0.9999999999999998,-0.9604136159248078,-0.014859905843018552,-0.06253955704054776,-0.03321553976797267,0.7695448448530853,0.9994479730650909
gaussian,0.9241379310344827,0.1,3,passive_current,P,0.38351156413184595,0.38351156413184595,-1.0,-0.9999999999999999,1.0,0.9999999999999999,0.38351156413184595,0.0,1.0,-1.0673920426256697e-17,-1.9680244929086294e-17
gaussian,0.9241379310344827,0.1,4,passive_valley_population,P,0.5423672553221756,0.5423672553221756,-1.0,-1.0,1.0,-0.9999999999999998,4.7704895589362195e-18,0.0,1.2438971872295854e-17,0.5423672553221761,1.000000000000001
gaussian,0.9517241379310344,0.1,1,active_reference_current,A,303.5129552297345,303.5129552297345,-1.0,-1.0,1.0000000000000002,0.9465660553346007,0.4470345201956972,-0.019062254671294666,0.9992319628453668,0.025580494167410546,0.03322272017883864
gaussian,0.9517241379310344,0.1,2,active_valley_distortion,A,0.7699698889708662,0.7695448448530853,-1.0,-1.0,0.9999999999999998,-0.9604136159248078,-0.014859905843018552,-0.06253955704054776,-0.03321553976797267,0.7695448448530853,0.9994479730650909
gaussian,0.9517241379310344,0.1,3,passive_current,P,0.38919352642560345,0.38919352642560345,-1.0,-1.0,1.0,1.0,0.38919352642560345,0.0,1.0,-6.2942961168890996e-18,-1.1435800353424482e-17
gaussian,0.9517241379310344,0.1,4,passive_valley_population,P,0.5504027634588999,0.5504027634588999,-1.0,-1.0000000000000002,1.0000000000000002,-1.0000000000000002,-1.5641649271802256e-18,0.0,-4.018990093554972e-18,0.5504027634589005,1.000000000000001
gaussian,0.9793103448275862,0.1,1,active_reference_current,A,303.5129552297345,303.5129552297345,-1.0,-1.0,1.0000000000000002,0.9465660553346007,0.4470345201956972,-0.019062254671294666,0.9992319628453668,0.025580494167410546,0.03322272017883864
gaussian,0.9793103448275862,0.1,2,active_valley_distortion,A,0.7699698889708662,0.7695448448530853,-1.0,-1.0,0.9999999999999998,-0.9604136159248078,-0.014859905843018552,-0.06253955704054776,-0.03321553976797267,0.7695448448530853,0.9994479730650909
gaussian,0.9793103448275862,0.1,3,passive_current,P,0.39479372107511895,0.39479372107511895,-1.0,-0.9999999999999999,1.0,1.0,0.394793721075119,0.0,1.0000000000000002,-6.426511177430713e-18,-1.1510389832334121e-17
gaussian,0.9793103448275862,0.1,4,passive_valley_population,P,0.5583226346841739,0.5583226346841739,-1.0,-1.0000000000000007,1.0000000000000004,-1.0000000000000002,3.865395127026138e-18,0.0,9.790923514436174e-18,0.5583226346841742,1.0000000000000007
gaussian,1.0068965517241377,0.1,1,active_reference_current,A,303.5129552297345,303.5129552297345,-1.0,-1.0,1.0000000000000002,0.9465660553346007,0.4470345201956972,-0.019062254671294666,0.9992319628453668,0.025580494167410546,0.03322272017883864
gaussian,1.0068965517241377,0.1,2,active_valley_distortion,A,0.7699698889708662,0.7695448448530853,-1.0,-1.0,0.9999999999999998,-0.9604136159248078,-0.014859905843018552,-0.06253955704054776,-0.03321553976797267,0.7695448448530853,0.9994479730650909
gaussian,1.0068965517241377,0.1,3,passive_current,P,0.4003155797481292,0.4003155797481292,-1.0,-0.9999999999999998,0.9999999999999998,0.9999999999999998,0.4003155797481291,0.0,0.9999999999999998,-1.189672087541523e-18,-2.101405098992773e-18
gaussian,1.0068965517241377,0.1,4,passive_valley_population,P,0.5661317221090527,0.5661317221090527,-1.0,-0.9999999999999998,0.9999999999999999,-0.9999999999999998,-1.9597296114755537e-18,0.0,-4.895461757218087e-18,0.5661317221090525,0.9999999999999996
gaussian,1.0344827586206895,0.1,1,active_reference_current,A,303.5129552297345,303.5129552297345,-1.0,-1.0,1.0000000000000002,0.9465660553346007,0.4470345201956972,-0.019062254671294666,0.9992319628453668,0.025580494167410546,0.03322272017883864
gaussian,1.0344827586206895,0.1,2,active_valley_distortion,A,0.7699698889708662,0.7695448448530853,-1.0,-1.0,0.9999999999999998,-0.9604136159248078,-0.014859905843018552,-0.06253955704054776,-0.03321553976797267,0.7695448448530853,0.9994479730650909
gaussian,1.0344827586206895,0.1,3,passive_current,P,0.4057623005872068,0.4057623005872068,-1.0,-0.9999999999999998,0.9999999999999998,0.9999999999999998,0.4057623005872067,0.0,0.9999999999999998,2.694863830730379e-18,4.696238379775904e-18
gaussian,1.0344827586206895,0.1,4,passive_valley_population,P,0.5738345485901363,0.5738345485901363,-1.0,-1.0,1.0,-0.9999999999999998,4.336808689942018e-18,0.0,1.0688052299747712e-17,0.5738345485901356,0.9999999999999989
gaussian,1.0620689655172413,0.1,1,active_reference_current,A,303.5129552297345,303.5129552297345,-1.0,-1.0,1.0000000000000002,0.9465660553346007,0.4470345201956972,-0.019062254671294666,0.9992319628453668,0.025580494167410546,0.03322272017883864
gaussian,1.0620689655172413,0.1,2,active_valley_distortion,A,0.7699698889708662,0.7695448448530853,-1.0,-1.0,0.9999999999999998,-0.9604136159248078,-0.014859905843018552,-0.06253955704054776,-0.03321553976797267,0.7695448448530853,0.9994479730650909
gaussian,1.0620689655172413,0.1,3,passive_current,P,0.4111368698700771,0.4111368698700771,-1.0,-0.9999999999999998,0.9999999999999999,0.9999999999999998,0.4111368698700769,0.0,0.9999999999999996,4.570814106887015e-19,7.8612595643497e-19
gaussian,1.0620689655172413,0.1,4,passive_valley_population,P,0.5814353373618852,0.5814353373618852,-1.0,-1.0,1.0,-0.9999999999999998,3.903127820947816e-18,0.0,9.493499870690846e-18,0.5814353373618856,1.0000000000000007
gaussian,1.089655172413793,0.1,1,active_reference_current,A,303.5129552297345,303.5129552297345,-1.0,-1.0,1.0000000000000002,0.9465660553346007,0.4470345201956972,-0.019062254671294666,0.9992319628453668,0.025580494167410546,0.03322272017883864
gaussian,1.089655172413793,0.1,2,active_valley_distortion,A,0.7699698889708662,0.7695448448530853,-1.0,-1.0,0.9999999999999998,-0.9604136159248078,-0.014859905843018552,-0.06253955704054776,-0.03321553976797267,0.7695448448530853,0.9994479730650909
gaussian,1.089655172413793,0.1,3,passive_current,P,0.4164420811533179,0.4164420811533179,-1.0,-1.0,1.0,1.0,0.41644208115331804,0.0,1.0000000000000004,6.228326822349839e-18,1.0575521377024857e-17
gaussian,1.089655172413793,0.1,4,passive_valley_population,P,0.5889380391098991,0.5889380391098991,-1.0,-1.0000000000000007,1.0000000000000004,-1.0000000000000002,4.944714302753161e-18,0.0,1.1873714320750184e-17,0.588938039109899,0.9999999999999998
gaussian,1.1172413793103448,0.1,1,active_reference_current,A,303.5129552297345,303.5129552297345,-1.0,-1.0,1.0000000000000002,0.9465660553346007,0.4470345201956972,-0.019062254671294666,0.9992319628453668,0.025580494167410546,0.03322272017883864
gaussian,1.1172413793103448,0.1,2,active_valley_distortion,A,0.7699698889708662,0.7695448448530853,-1.0,-1.0,0.9999999999999998,-0.9604136159248078,-0.014859905843018552,-0.06253955704054776,-0.03321553976797267,0.7695448448530853,0.9994479730650909
gaussian,1.1172413793103448,0.1,3,passive_current,P,0.4216805522478463,0.4216805522478463,-1.0,-0.9999999999999998,0.9999999999999999,0.9999999999999998,0.4216805522478462,0.0,0.9999999999999998,2.2495139076255142e-18,3.77216006281583e-18
gaussian,1.1172413793103448,0.1,4,passive_valley_population,P,0.5963463559778809,0.5963463559778809,-1.0,-0.9999999999999998,0.9999999999999999,-0.9999999999999998,-9.601694560850928e-18,0.0,-2.2770067316757477e-17,0.5963463559778795,0.9999999999999978
gaussian,1.1448275862068966,0.1,1,active_reference_current,A,303.5129552297345,303.5129552297345,-1.0,-1.0,1.0000000000000002,0.9465660553346007,0.4470345201956972,-0.019062254671294666,0.9992319628453668,0.025580494167410546,0.03322272017883864
gaussian,1.1448275862068966,0.1,2,active_valley_distortion,A,0.7699698889708662,0.7695448448530853,-1.0,-1.0,0.9999999999999998,-0.9604136159248078,-0.014859905843018552,-0.06253955704054776,-0.03321553976797267,0.7695448448530853,0.9994479730650909
gaussian,1.1448275862068966,0.1,3,passive_current,P,0.4268547403189878,0.4268547403189878,-1.0,-1.0,1.0,0.9999999999999999,0.4268547403189879,0.0,1.0000000000000002,-5.5743444661142305e-18,-9.234187652955392e-18
gaussian,1.1448275862068966,0.1,4,passive_valley_population,P,0.6036637629223581,0.6036637629223581,-1.0,-1.0,1.0,-0.9999999999999998,-8.673617379884035e-19,0.0,-2.0319833799672124e-18,0.6036637629223586,1.0000000000000007
gaussian,1.1724137931034482,0.1,1,active_reference_current,A,303.5129552297345,303.5129552297345,-1.0,-1.0,1.0000000000000002,0.9465660553346007,0.4470345201956972,-0.019062254671294666,0.9992319628453668,0.025580494167410546,0.03322272017883864
gaussian,1.1724137931034482,0.1,2,active_valley_distortion,A,0.7699698889708662,0.7695448448530853,-1.0,-1.0,0.9999999999999998,-0.9604136159248078,-0.014859905843018552,-0.06253955704054776,-0.03321553976797267,0.7695448448530853,0.9994479730650909
gaussian,1.1724137931034482,0.1,3,passive_current,P,0.4319669553583149,0.4319669553583149,-1.0,-0.9999999999999998,0.9999999999999999,0.9999999999999998,0.43196695535831486,0.0,0.9999999999999999,-1.0235662344101461e-17,-1.6755231305705526e-17
gaussian,1.1724137931034482,0.1,4,passive_valley_population,P,0.610893526764742,0.610893526764742,-1.0,-1.0000000000000007,1.0000000000000004,-1.0000000000000002,3.795674551682925e-18,0.0,8.786955818262597e-18,0.6108935267647417,0.9999999999999997
gaussian,1.2,0.1,1,active_reference_current,A,303.5129552297345,303.5129552297345,-1.0,-1.0,1.0000000000000002,0.9465660553346007,0.4470345201956972,-0.019062254671294666,0.9992319628453668,0.025580494167410546,0.03322272017883864
gaussian,1.2,0.1,2,active_valley_distortion,A,0.7699698889708662,0.7695448448530853,-1.0,-1.0,0.9999999999999998,-0.9604136159248078,-0.014859905843018552,-0.06253955704054776,-0.03321553976797267,0.7695448448530853,0.9994479730650909
gaussian,1.2,0.1,3,passive_current,P,0.43701937223683157,0.43701937223683157,-1.0,-1.0,1.0,1.0,0.43701937223683174,0.0,1.0000000000000004,5.471616758727423e-18,8.853194068599321e-18
gaussian,1.2,0.1,4,passive_valley_population,P,0.6180387232371036,0.6180387232371036,-1.0,-0.9999999999999993,0.9999999999999997,-0.9999999999999996,-7.950614273837372e-18,0.0,-1.819281885181222e-17,0.6180387232371033,0.9999999999999994
gaussian,0.6,0.0,1,active_reference_current,A,231.46275239953962,231.46275239953962,-1.0,-0.9999999999999998,0.9999999999999999,0.9776931978142485,0.4456103940014694,-0.011281344713498136,0.9960486909768433,-0.06838011161147858,-0.08880881264444605
gaussian,0.6,0.0,2,active_valley_distortion,A,0.7699698889708662,0.7669275000010167,-1.0,-1.0000000000000004,1.0000000000000002,-0.9992316257242162,0.03973111992595792,-0.06439465950165671,0.08880881264444623,0.7669275000010168,0.9960486909768436
gaussian,0.6,0.0,3,passive_current,P,0.3090193616185516,0.3090193616185516,-1.0,-1.0,1.0,1.0,0.30901936161855165,0.0,1.0000000000000002,-9.169926051678354e-18,-2.0982882302775677e-17
gaussian,0.6,0.0,4,passive_valley_population,P,0.4370193722368318,0.4370193722368318,-1.0,-0.9999999999999993,0.9999999999999997,-0.9999999999999996,1.6390296948186073e-18,0.0,5.303970878180114e-18,0.4370193722368318,1.0
gaussian,0.6,0.05,1,active_reference_current,A,253.08890841004074,253.08890841004074,-1.0,-1.0,1.0000000000000004,0.9760047289620877,0.44661737278068864,-0.013276646712273549,0.9982995359041263,-0.04459805151878472,-0.05792181247294491
gaussian,0.6,0.05,2,active_valley_distortion,A,0.7699698889708662,0.7686772038525247,-1.0,-1.0,0.9999999999999998,-0.9949305471478618,0.025912391444197016,-0.06401481394509656,0.057920560035201706,0.7686772038525246,0.998321122505103
gaussian,0.6,0.05,3,passive_current,P,0.3090193616185516,0.3090193616185516,-1.0,-1.0,1.0,1.0,0.30901936161855165,0.0,1.0000000000000002,-9.169926051678354e-18,-2.0982882302775677e-17
gaussian,0.6,0.05,4,passive_valley_population,P,0.4370193722368318,0.4370193722368318,-1.0,-0.9999999999999993,0.9999999999999997,-0.9999999999999996,1.6390296948186073e-18,0.0,5.303970878180114e-18,0.4370193722368318,1.0
gaussian,0.6,0.1,1,active_reference_current,A,303.5129552297345,303.5129552297345,-1.0,-1.0,1.0000000000000002,0.9465660553346007,0.4470345201956972,-0.019062254671294666,0.9992319628453668,0.025580494167410546,0.03322272017883864
gaussian,0.6,0.1,2,active_valley_distortion,A,0.7699698889708662,0.7695448448530853,-1.0,-1.0,0.9999999999999998,-0.9604136159248078,-0.014859905843018552,-0.06253955704054776,-0.03321553976797267,0.7695448448530853,0.9994479730650909
gaussian,0.6,0.1,3,passive_current,P,0.3090193616185516,0.3090193616185516,-1.0,-1.0,1.0,1.0,0.30901936161855165,0.0,1.0000000000000002,-9.169926051678354e-18,-2.0982882302775677e-17
gaussian,0.6,0.1,4,passive_valley_population,P,0.4370193722368318,0.4370193722368318,-1.0,-0.9999999999999993,0.9999999999999997,-0.9999999999999996,1.6390296948186073e-18,0.0,5.303970878180114e-18,0.4370193722368318,1.0
gaussian,0.8,0.0,1,active_reference_current,A,231.46275239953962,231.46275239953962,-1.0,-0.9999999999999998,0.9999999999999999,0.9776931978142485,0.4456103940014694,-0.011281344713498136,0.9960486909768433,-0.06838011161147858,-0.08880881264444605
gaussian,0.8,0.0,2,active_valley_distortion,A,0.7699698889708662,0.7669275000010167,-1.0,-1.0000000000000004,1.0000000000000002,-0.9992316257242162,0.03973111992595792,-0.06439465950165671,0.08880881264444623,0.7669275000010168,0.9960486909768436
gaussian,0.8,0.0,3,passive_current,P,0.3568248232305542,0.3568248232305542,-1.0,-0.9999999999999998,0.9999999999999998,0.9999999999999998,0.3568248232305543,0.0,1.0000000000000002,-6.35423779180652e-18,-1.2591962047873268e-17
gaussian,0.8,0.0,4,passive_valley_population,P,0.5046265044040317,0.5046265044040317,-1.0,-1.0000000000000007,1.0000000000000004,-1.0000000000000002,2.62628281431416e-18,0.0,7.360146053003851e-18,0.5046265044040326,1.0000000000000018
gaussian,0.8,0.05,1,active_reference_current,A,253.08890841004074,253.08890841004074,-1.0,-1.0,1.0000000000000004,0.9760047289620877,0.44661737278068864,-0.013276646712273549,0.9982995359041263,-0.04459805151878472,-0.05792181247294491
gaussian,0.8,0.05,2,active_valley_distortion,A,0.7699698889708662,0.7686772038525247,-1.0,-1.0,0.9999999999999998,-0.9949305471478618,0.025912391444197016,-0.06401481394509656,0.057920560035201706,0.7686772038525246,0.998321122505103
gaussian,0.8,0.05,3,passive_current,P,0.3568248232305542,0.3568248232305542,-1.0,-0.9999999999999998,0.9999999999999998,0.9999999999999998,0.3568248232305543,0.0,1.0000000000000002,-6.35423779180652e-18,-1.2591962047873268e-17
gaussian,0.8,0.05,4,passive_valley_population,P,0.5046265044040317,0.5046265044040317,-1.0,-1.0000000000000007,1.0000000000000004,-1.0000000000000002,2.62628281431416e-18,0.0,7.360146053003851e-18,0.5046265044040326,1.0000000000000018
gaussian,0.8,0.1,1,active_reference_current,A,303.5129552297345,303.5129552297345,-1.0,-1.0,1.0000000000000002,0.9465660553346007,0.4470345201956972,-0.019062254671294666,0.9992319628453668,0.025580494167410546,0.03322272017883864
gaussian,0.8,0.1,2,active_valley_distortion,A,0.7699698889708662,0.7695448448530853,-1.0,-1.0,0.9999999999999998,-0.9604136159248078,-0.014859905843018552,-0.06253955704054776,-0.03321553976797267,0.7695448448530853,0.9994479730650909
gaussian,0.8,0.1,3,passive_current,P,0.3568248232305542,0.3568248232305542,-1.0,-0.9999999999999998,0.9999999999999998,0.9999999999999998,0.3568248232305543,0.0,1.0000000000000002,-6.35423779180652e-18,-1.2591962047873268e-17
gaussian,0.8,0.1,4,passive_valley_population,P,0.5046265044040317,0.5046265044040317,-1.0,-1.0000000000000007,1.0000000000000004,-1.0000000000000002,2.62628281431416e-18,0.0,7.360146053003851e-18,0.5046265044040326,1.0000000000000018
gaussian,1.0,0.0,1,active_reference_current,A,231.46275239953962,231.46275239953962,-1.0,-0.9999999999999998,0.9999999999999999,0.9776931978142485,0.4456103940014694,-0.011281344713498136,0.9960486909768433,-0.06838011161147858,-0.08880881264444605
gaussian,1.0,0.0,2,active_valley_distortion,A,0.7699698889708662,0.7669275000010167,-1.0,-1.0000000000000004,1.0000000000000002,-0.9992316257242162,0.03973111992595792,-0.06439465950165671,0.08880881264444623,0.7669275000010168,0.9960486909768436
gaussian,1.0,0.0,3,passive_current,P,0.39894228040143265,0.39894228040143265,-1.0,-1.0,1.0,1.0,0.39894228040143276,0.0,1.0000000000000002,-1.6495577620196744e-18,-2.9237650075828572e-18
gaussian,1.0,0.0,4,passive_valley_population,P,0.5641895835477562,0.5641895835477562,-1.0,-1.0000000000000002,1.0000000000000002,-1.0000000000000002,3.2540492840251936e-18,0.0,8.156691942380314e-18,0.5641895835477561,0.9999999999999998
gaussian,1.0,0.05,1,active_reference_current,A,253.08890841004074,253.08890841004074,-1.0,-1.0,1.0000000000000004,0.9760047289620877,0.44661737278068864,-0.013276646712273549,0.9982995359041263,-0.04459805151878472,-0.05792181247294491
gaussian,1.0,0.05,2,active_valley_distortion,A,0.7699698889708662,0.7686772038525247,-1.0,-1.0,0.9999999999999998,-0.9949305471478618,0.025912391444197016,-0.06401481394509656,0.057920560035201706,0.7686772038525246,0.998321122505103
gaussian,1.0,0.05,3,passive_current,P,0.39894228040143265,0.39894228040143265,-1.0,-1.0,1.0,1.0,0.39894228040143276,0.0,1.0000000000000002,-1.6495577620196744e-18,-2.9237650075828572e-18
gaussian,1.0,0.05,4,passive_valley_population,P,0.5641895835477562,0.5641895835477562,-1.0,-1.0000000000000002,1.0000000000000002,-1.0000000000000002,3.2540492840251936e-18,0.0,8.156691942380314e-18,0.5641895835477561,0.9999999999999998
gaussian,1.0,0.1,1,active_reference_current,A,303.5129552297345,303.5129552297345,-1.0,-1.0,1.0000000000000002,0.9465660553346007,0.4470345201956972,-0.019062254671294666,0.9992319628453668,0.025580494167410546,0.03322272017883864
gaussian,1.0,0.1,2,active_valley_distortion,A,0.7699698889708662,0.7695448448530853,-1.0,-1.0,0.9999999999999998,-0.9604136159248078,-0.014859905843018552,-0.06253955704054776,-0.03321553976797267,0.7695448448530853,0.9994479730650909
gaussian,1.0,0.1,3,passive_current,P,0.39894228040143265,0.39894228040143265,-1.0,-1.0,1.0,1.0,0.39894228040143276,0.0,1.0000000000000002,-1.6495577620196744e-18,-2.9237650075828572e-18
gaussian,1.0,0.1,4,passive_valley_population,P,0.5641895835477562,0.5641895835477562,-1.0,-1.0000000000000002,1.0000000000000002,-1.0000000000000002,3.2540492840251936e-18,0.0,8.156691942380314e-18,0.5641895835477561,0.9999999999999998
lorentzian,0.4,0.0,1,active_reference_current,A,231.46275239953962,231.46275239953962,-1.0,-0.9999999999999998,0.9999999999999999,0.9776931978142485,0.4456103940014694,-0.011281344713498136,0.9960486909768433,-0.06838011161147858,-0.08880881264444605
lorentzian,0.4,0.0,2,active_valley_distortion,A,0.7699698889708662,0.7669275000010167,-1.0,-1.0000000000000004,1.0000000000000002,-0.9992316257242162,0.03973111992595792,-0.06439465950165671,0.08880881264444623,0.7669275000010168,0.9960486909768436
lorentzian,0.4,0.0,3,passive_current,P,0.25231325220201606,0.25231325220201606,-1.0,-0.9999999999999997,0.9999999999999997,0.9999999999999997,0.25231325220201606,0.0,1.0,-4.254140249272287e-18,-1.192220936524804e-17
lorentzian,0.4,0.0,4,passive_valley_population,P,0.356824823230554,0.356824823230554,-1.0,-1.0000000000000027,1.0000000000000013,-1.0000000000000004,2.1218338595148553e-18,0.0,8.409522056399942e-18,0.3568248232305545,1.0000000000000013
lorentzian,0.4,0.05,1,active_reference_current,A,250.5324540121185,250.5324540121185,-1.0,-0.9999999999999999,1.0,0.9770876324429054,0.44640630790649893,-0.012780868260361063,0.9978277540640306,-0.050534920776887426,-0.06563233381039339
lorentzian,0.4,0.05,2,active_valley_distortion,A,0.7699698889708662,0.7683097368274606,-1.0,-0.9999999999999998,0.9999999999999998,-0.9963582703304121,0.029361995980305845,-0.06411541259751777,0.06563127353926698,0.7683097368274603,0.9978438739395058
lorentzian,0.4,0.05,3,passive_current,P,0.25231325220201606,0.25231325220201606,-1.0,-0.9999999999999997,0.9999999999999997,0.9999999999999997,0.25231325220201606,0.0,1.0,-4.254140249272287e-18,-1.192220936524804e-17
lorentzian,0.4,0.05,4,passive_valley_population,P,0.356824823230554,0.356824823230554,-1.0,-1.0000000000000027,1.0000000000000013,-1.0000000000000004,2.1218338595148553e-18,0.0,8.409522056399942e-18,0.3568248232305545,1.0000000000000013
lorentzian,0.4,0.1,1,active_reference_current,A,286.01810417310287,286.01810417310287,-1.0,-1.0000000000000002,1.0,0.9734378679526072,0.4470513529010481,-0.014729040374765696,0.999269588076636,-0.02719100596180362,-0.03531437573246772
lorentzian,0.4,0.1,2,active_valley_distortion,A,0.7699698889708662,0.7694896224879144,-1.0,-1.0,1.0,-0.989400007349944,0.0157971929012671,-0.06369821191421912,0.03531060657971073,0.7694896224879145,0.9993762529030927
lorentzian,0.4,0.1,3,passive_current,P,0.25231325220201606,0.25231325220201606,-1.0,-0.9999999999999997,0.9999999999999997,0.9999999999999997,0.25231325220201606,0.0,1.0,-4.254140249272287e-18,-1.192220936524804e-17
lorentzian,0.4,0.1,4,passive_valley_population,P,0.356824823230554,0.356824823230554,-1.0,-1.0000000000000027,1.0000000000000013,-1.0000000000000004,2.1218338595148553e-18,0.0,8.409522056399942e-18,0.3568248232305545,1.0000000000000013
lorentzian,0.6,0.0,1,active_reference_current,A,231.46275239953962,231.46275239953962,-1.0,-0.9999999999999998,0.9999999999999999,0.9776931978142485,0.4456103940014694,-0.011281344713498136,0.9960486909768433,-0.06838011161147858,-0.08880881264444605
lorentzian,0.6,0.0,2,active_valley_distortion,A,0.7699698889708662,0.7669275000010167,-1.0,-1.0000000000000004,1.0000000000000002,-0.9992316257242162,0.03973111992595792,-0.06439465950165671,0.08880881264444623,0.7669275000010168,0.9960486909768436
lorentzian,0.6,0.0,3,passive_current,P,0.3090193616185516,0.3090193616185516,-1.0,-1.0,1.0,1.0,0.30901936161855165,0.0,1.0000000000000002,-9.169926051678354e-18,-2.0982882302775677e-17
lorentzian,0.6,0.0,4,passive_valley_population,P,0.4370193722368318,0.4370193722368318,-1.0,-0.9999999999999993,0.9999999999999997,-0.9999999999999996,1.6390296948186073e-18,0.0,5.303970878180114e-18,0.4370193722368318,1.0
lorentzian,0.6,0.05,1,active_reference_current,A,250.5324540121185,250.5324540121185,-1.0,-0.9999999999999999,1.0,0.9770876324429054,0.44640630790649893,-0.012780868260361063,0.9978277540640306,-0.050534920776887426,-0.06563233381039339
lorentzian,0.6,0.05,2,active_valley_distortion,A,0.7699698889708662,0.7683097368274606,-1.0,-0.9999999999999998,0.9999999999999998,-0.9963582703304121,0.029361995980305845,-0.06411541259751777,0.06563127353926698,0.7683097368274603,0.9978438739395058
lorentzian,0.6,0.05,3,passive_current,P,0.3090193616185516,0.3090193616185516,-1.0,-1.0,1.0,1.0,0.30901936161855165,0.0,1.0000000000000002,-9.169926051678354e-18,-2.0982882302775677e-17
lorentzian,0.6,0.05,4,passive_valley_population,P,0.4370193722368318,0.4370193722368318,-1.0,-0.9999999999999993,0.9999999999999997,-0.9999999999999996,1.6390296948186073e-18,0.0,5.303970878180114e-18,0.4370193722368318,1.0
lorentzian,0.6,0.1,1,active_reference_current,A,286.01810417310287,286.01810417310287,-1.0,-1.0000000000000002,1.0,0.9734378679526072,0.4470513529010481,-0.014729040374765696,0.999269588076636,-0.02719100596180362,-0.03531437573246772
lorentzian,0.6,0.1,2,active_valley_distortion,A,0.7699698889708662,0.7694896224879144,-1.0,-1.0,1.0,-0.989400007349944,0.0157971929012671,-0.06369821191421912,0.03531060657971073,0.7694896224879145,0.9993762529030927
lorentzian,0.6,0.1,3,passive_current,P,0.3090193616185516,0.3090193616185516,-1.0,-1.0,1.0,1.0,0.30901936161855165,0.0,1.0000000000000002,-9.169926051678354e-18,-2.0982882302775677e-17
lorentzian,0.6,0.1,4,passive_valley_population,P,0.4370193722368318,0.4370193722368318,-1.0,-0.9999999999999993,0.9999999999999997,-0.9999999999999996,1.6390296948186073e-18,0.0,5.303970878180114e-18,0.4370193722368318,1.0
lorentzian,0.8,0.0,1,active_reference_current,A,231.46275239953962,231.46275239953962,-1.0,-0.9999999999999998,0.9999999999999999,0.9776931978142485,0.4456103940014694,-0.011281344713498136,0.9960486909768433,-0.06838011161147858,-0.08880881264444605
lorentzian,0.8,0.0,2,active_valley_distortion,A,0.7699698889708662,0.7669275000010167,-1.0,-1.0000000000000004,1.0000000000000002,-0.9992316257242162,0.03973111992595792,-0.06439465950165671,0.08880881264444623,0.7669275000010168,0.9960486909768436
lorentzian,0.8,0.0,3,passive_current,P,0.3568248232305542,0.3568248232305542,-1.0,-0.9999999999999998,0.9999999999999998,0.9999999999999998,0.3568248232305543,0.0,1.0000000000000002,-6.35423779180652e-18,-1.2591962047873268e-17
lorentzian,0.8,0.0,4,passive_valley_population,P,0.5046265044040317,0.5046265044040317,-1.0,-1.0000000000000007,1.0000000000000004,-1.0000000000000002,2.62628281431416e-18,0.0,7.360146053003851e-18,0.5046265044040326,1.0000000000000018
lorentzian,0.8,0.05,1,active_reference_current,A,250.5324540121185,250.5324540121185,-1.0,-0.9999999999999999,1.0,0.9770876324429054,0.44640630790649893,-0.012780868260361063,0.9978277540640306,-0.050534920776887426,-0.06563233381039339
lorentzian,0.8,0.05,2,active_valley_distortion,A,0.7699698889708662,0.7683097368274606,-1.0,-0.9999999999999998,0.9999999999999998,-0.9963582703304121,0.029361995980305845,-0.06411541259751777,0.06563127353926698,0.7683097368274603,0.9978438739395058
lorentzian,0.8,0.05,3,passive_current,P,0.3568248232305542,0.3568248232305542,-1.0,-0.9999999999999998,0.9999999999999998,0.9999999999999998,0.3568248232305543,0.0,1.0000000000000002,-6.35423779180652e-18,-1.2591962047873268e-17
lorentzian,0.8,0.05,4,passive_valley_population,P,0.5046265044040317,0.5046265044040317,-1.0,-1.0000000000000007,1.0000000000000004,-1.0000000000000002,2.62628281431416e-18,0.0,7.360146053003851e-18,0.5046265044040326,1.0000000000000018
lorentzian,0.8,0.1,1,active_reference_current,A,286.01810417310287,286.01810417310287,-1.0,-1.0000000000000002,1.0,0.9734378679526072,0.4470513529010481,-0.014729040374765696,0.999269588076636,-0.02719100596180362,-0.03531437573246772
lorentzian,0.8,0.1,2,active_valley_distortion,A,0.7699698889708662,0.7694896224879144,-1.0,-1.0,1.0,-0.989400007349944,0.0157971929012671,-0.06369821191421912,0.03531060657971073,0.7694896224879145,0.9993762529030927
lorentzian,0.8,0.1,3,passive_current,P,0.3568248232305542,0.3568248232305542,-1.0,-0.9999999999999998,0.9999999999999998,0.9999999999999998,0.3568248232305543,0.0,1.0000000000000002,-6.35423779180652e-18,-1.2591962047873268e-17
lorentzian,0.8,0.1,4,passive_valley_population,P,0.5046265044040317,0.5046265044040317,-1.0,-1.0000000000000007,1.0000000000000004,-1.0000000000000002,2.62628281431416e-18,0.0,7.360146053003851e-18,0.5046265044040326,1.0000000000000018
lorentzian,1.0,0.0,1,active_reference_current,A,231.46275239953962,231.46275239953962,-1.0,-0.9999999999999998,0.9999999999999999,0.9776931978142485,0.4456103940014694,-0.011281344713498136,0.9960486909768433,-0.06838011161147858,-0.08880881264444605
lorentzian,1.0,0.0,2,active_valley_distortion,A,0.7699698889708662,0.7669275000010167,-1.0,-1.0000000000000004,1.0000000000000002,-0.9992316257242162,0.03973111992595792,-0.06439465950165671,0.08880881264444623,0.7669275000010168,0.9960486909768436
lorentzian,1.0,0.0,3,passive_current,P,0.39894228040143265,0.39894228040143265,-1.0,-1.0,1.0,1.0,0.39894228040143276,0.0,1.0000000000000002,-1.6495577620196744e-18,-2.9237650075828572e-18
lorentzian,1.0,0.0,4,passive_valley_population,P,0.5641895835477562,0.5641895835477562,-1.0,-1.0000000000000002,1.0000000000000002,-1.0000000000000002,3.2540492840251936e-18,0.0,8.156691942380314e-18,0.5641895835477561,0.9999999999999998
lorentzian,1.0,0.05,1,active_reference_current,A,250.5324540121185,250.5324540121185,-1.0,-0.9999999999999999,1.0,0.9770876324429054,0.44640630790649893,-0.012780868260361063,0.9978277540640306,-0.050534920776887426,-0.06563233381039339
lorentzian,1.0,0.05,2,active_valley_distortion,A,0.7699698889708662,0.7683097368274606,-1.0,-0.9999999999999998,0.9999999999999998,-0.9963582703304121,0.029361995980305845,-0.06411541259751777,0.06563127353926698,0.7683097368274603,0.9978438739395058
lorentzian,1.0,0.05,3,passive_current,P,0.39894228040143265,0.39894228040143265,-1.0,-1.0,1.0,1.0,0.39894228040143276,0.0,1.0000000000000002,-1.6495577620196744e-18,-2.9237650075828572e-18
lorentzian,1.0,0.05,4,passive_valley_population,P,0.5641895835477562,0.5641895835477562,-1.0,-1.0000000000000002,1.0000000000000002,-1.0000000000000002,3.2540492840251936e-18,0.0,8.156691942380314e-18,0.5641895835477561,0.9999999999999998
lorentzian,1.0,0.1,1,active_reference_current,A,286.01810417310287,286.01810417310287,-1.0,-1.0000000000000002,1.0,0.9734378679526072,0.4470513529010481,-0.014729040374765696,0.999269588076636,-0.02719100596180362,-0.03531437573246772
lorentzian,1.0,0.1,2,active_valley_distortion,A,0.7699698889708662,0.7694896224879144,-1.0,-1.0,1.0,-0.989400007349944,0.0157971929012671,-0.06369821191421912,0.03531060657971073,0.7694896224879145,0.9993762529030927
lorentzian,1.0,0.1,3,passive_current,P,0.39894228040143265,0.39894228040143265,-1.0,-1.0,1.0,1.0,0.39894228040143276,0.0,1.0000000000000002,-1.6495577620196744e-18,-2.9237650075828572e-18
lorentzian,1.0,0.1,4,passive_valley_population,P,0.5641895835477562,0.5641895835477562,-1.0,-1.0000000000000002,1.0000000000000002,-1.0000000000000002,3.2540492840251936e-18,0.0,8.156691942380314e-18,0.5641895835477561,0.9999999999999998
lorentzian,1.2,0.0,1,active_reference_current,A,231.46275239953962,231.46275239953962,-1.0,-0.9999999999999998,0.9999999999999999,0.9776931978142485,0.4456103940014694,-0.011281344713498136,0.9960486909768433,-0.06838011161147858,-0.08880881264444605
lorentzian,1.2,0.0,2,active_valley_distortion,A,0.7699698889708662,0.7669275000010167,-1.0,-1.0000000000000004,1.0000000000000002,-0.9992316257242162,0.03973111992595792,-0.06439465950165671,0.08880881264444623,0.7669275000010168,0.9960486909768436
lorentzian,1.2,0.0,3,passive_current,P,0.43701937223683157,0.43701937223683157,-1.0,-1.0,1.0,1.0,0.43701937223683174,0.0,1.0000000000000004,5.471616758727423e-18,8.853194068599321e-18
lorentzian,1.2,0.0,4,passive_valley_population,P,0.6180387232371036,0.6180387232371036,-1.0,-0.9999999999999993,0.9999999999999997,-0.9999999999999996,-7.950614273837372e-18,0.0,-1.819281885181222e-17,0.6180387232371033,0.9999999999999994
lorentzian,1.2,0.05,1,active_reference_current,A,250.5324540121185,250.5324540121185,-1.0,-0.9999999999999999,1.0,0.9770876324429054,0.44640630790649893,-0.012780868260361063,0.9978277540640306,-0.050534920776887426,-0.06563233381039339
lorentzian,1.2,0.05,2,active_valley_distortion,A,0.7699698889708662,0.7683097368274606,-1.0,-0.9999999999999998,0.9999999999999998,-0.9963582703304121,0.029361995980305845,-0.06411541259751777,0.06563127353926698,0.7683097368274603,0.9978438739395058
lorentzian,1.2,0.05,3,passive_current,P,0.43701937223683157,0.43701937223683157,-1.0,-1.0,1.0,1.0,0.43701937223683174,0.0,1.0000000000000004,5.471616758727423e-18,8.853194068599321e-18
lorentzian,1.2,0.05,4,passive_valley_population,P,0.6180387232371036,0.6180387232371036,-1.0,-0.9999999999999993,0.9999999999999997,-0.9999999999999996,-7.950614273837372e-18,0.0,-1.819281885181222e-17,0.6180387232371033,0.9999999999999994
lorentzian,1.2,0.1,1,active_reference_current,A,286.01810417310287,286.01810417310287,-1.0,-1.0000000000000002,1.0,0.9734378679526072,0.4470513529010481,-0.014729040374765696,0.999269588076636,-0.02719100596180362,-0.03531437573246772
lorentzian,1.2,0.1,2,active_valley_distortion,A,0.7699698889708662,0.7694896224879144,-1.0,-1.0,1.0,-0.989400007349944,0.0157971929012671,-0.06369821191421912,0.03531060657971073,0.7694896224879145,0.9993762529030927
lorentzian,1.2,0.1,3,passive_current,P,0.43701937223683157,0.43701937223683157,-1.0,-1.0,1.0,1.0,0.43701937223683174,0.0,1.0000000000000004,5.471616758727423e-18,8.853194068599321e-18
lorentzian,1.2,0.1,4,passive_valley_population,P,0.6180387232371036,0.6180387232371036,-1.0,-0.9999999999999993,0.9999999999999997,-0.9999999999999996,-7.950614273837372e-18,0.0,-1.819281885181222e-17,0.6180387232371033,0.9999999999999994
