label,kernel,eta,delta_P,xi,eigenmode,rate,drive_overlap,Hall_overlap,leakage_power,leakage_fraction,drive_miss_overlap,leakage_forcing_overlap,residual_overlap,signed_error_contribution,absolute_error_contribution,full_H_contribution,complement_weight,leakage_column_1_overlap,leakage_column_2_overlap,leakage_column_3_overlap,leakage_column_4_overlap
weak,gaussian,0.001,0.4,0.1,0,3.068542882902925e-06,-0.00035986003459554934,4.977934726508092e-05,2.5462614408905686e-21,2.7081094517538264e-12,-1.5310637626689724e-08,-1.548760251709856e-08,1.769649222367174e-10,2.8708082806474758e-09,2.8708082806474758e-09,-0.005837818897290148,6.703970711896545e-12,-5.040998447237454e-11,2.2542751541168836e-12,-1.142787848149218e-13,9.501284088168336e-15
weak,gaussian,0.001,0.4,0.1,1,0.0001601984744369037,1.2333209335280524e-13,2.0427203217909712e-18,4.130941890421282e-41,4.3935169415215135e-32,-3.584115549196143e-19,-7.367553918475213e-18,-9.585256776427836e-18,-1.2222337869082267e-31,1.2222337869082267e-31,1.5726302906837204e-27,1.0,-1.6644593967906686e-21,1.8353643433284015e-22,-4.65556480901419e-21,4.102563163071243e-21
weak,gaussian,0.001,0.4,0.1,2,0.00016020894435718217,0.25238004392772784,4.14207998716023e-06,5.656316489969558e-20,6.01584892368321e-11,-7.251964256110721e-08,-9.798922206270818e-08,2.54695794099079e-08,6.584965376212988e-10,6.584965376212988e-10,0.006525093422880399,1.0322652932437393e-07,-2.3702924050248336e-10,1.0349463096586741e-11,-1.6526618134617036e-11,2.5209751372997227e-13
weak,gaussian,0.001,0.4,0.1,3,0.0003195637501081809,3.6276693812310004e-14,9.951540153729629e-17,5.060586485313721e-34,5.382252533935596e-25,2.011405243456593e-18,3.446358655631848e-14,-3.444885248281748e-14,-1.0727722985370318e-26,1.0727722985370318e-26,1.1296931363320994e-26,1.0,-2.3839157157158625e-18,6.012828185591793e-19,2.2358692265182692e-17,-3.2083259606873567e-19
weak,gaussian,0.001,0.4,0.1,4,0.0003195637552581496,-7.780454395220717e-05,-2.1317759605402114e-07,2.321214551597429e-15,2.468757907487661e-06,-3.929194050292925e-09,-7.380958284482408e-05,7.380565365074452e-05,-4.923496974101902e-08,4.923496974101902e-08,5.190258710163273e-08,0.999999909659407,5.1073876543615085e-09,-1.2880880650846121e-09,-4.7885258026281875e-08,6.870486434730816e-10
weak,gaussian,0.001,0.4,0.1,5,0.0003196621975191563,7.910344368769473e-08,2.280939428532828e-10,2.3991725124766748e-21,2.551671110078005e-12,4.237040711369621e-12,7.494710799550146e-08,-7.494287096278825e-08,-5.34752468678214e-14,5.34752468678214e-14,5.6444010283441965e-14,0.9999999999999069,-5.429497506599123e-12,1.3749251601402057e-12,4.86572797053809e-11,-5.213269404607597e-13
weak,gaussian,0.001,0.4,0.1,6,0.0003196622431075135,-1.4067574691366285e-15,-4.1035934684335394e-18,7.65844018769645e-37,8.14523360599539e-28,-1.1387383265817236e-19,-1.3387335686493227e-15,1.3726184372637635e-15,-1.7620686131244374e-29,1.7620686131244374e-29,1.80589384154374e-29,1.0,9.739213935781555e-20,-2.4691488784426054e-20,-8.692784636312321e-19,1.0201617983729447e-20
weak,gaussian,0.001,0.4,0.1,7,0.0003196623190805628,-2.3710694734002669e-07,-6.837409194013488e-10,2.155555320968118e-20,2.2925688795139288e-11,-1.270119194549998e-11,-2.2464822834915439e-07,2.246355271697625e-07,-4.804836000659527e-13,4.804836000659527e-13,5.071593131058367e-13,0.999999999999163,1.6275486130944768e-11,-4.121502807615177e-12,-1.4584661571382183e-10,1.5619412006231281e-12
weak,gaussian,0.001,0.4,0.1,8,0.000319662425426727,-4.2202454397677214e-17,-1.2641275572224052e-19,3.5988492866047017e-40,3.827602936595138e-31,1.3033876546249695e-20,-2.792143223320041e-17,3.191757861776263e-17,-1.2622031080651636e-32,1.2622031080651636e-32,1.668925758643922e-32,1.0,2.9027144638606982e-21,-7.118448002319139e-22,-1.8498803346473493e-20,2.957486962041921e-21
weak,gaussian,0.001,0.4,0.1,9,0.0003196625621303388,3.945022122170405e-07,1.1377702949536767e-09,5.967182737771911e-20,6.346474762171482e-11,2.1135646887221964e-11,3.737718767927463e-07,-3.737507411583084e-07,-1.330285561665041e-12,1.330285561665041e-12,1.4041459699338998e-12,0.9999999999976829,-2.7082578758735763e-11,6.8582934424372175e-12,2.426614586957581e-10,-2.5964553145151438e-12
weak,gaussian,0.001,0.4,0.1,10,0.0003196627291703803,-1.1063959890259729e-16,-2.031411169130703e-19,1.5909569950469572e-39,1.6920829913339985e-30,1.8778497164878057e-20,-6.058619068882476e-17,7.029901864106655e-17,-4.467402628295598e-32,4.467402628295598e-32,7.030989116003042e-32,1.0,5.1075092285765445e-21,-1.2812487376736455e-21,-3.952226121589114e-20,1.1043616174239155e-21
weak,gaussian,0.001,0.4,0.1,11,0.00031966292652249763,-5.508900698322772e-07,-1.5891206160173804e-09,1.1635903077187495e-19,1.237551596115819e-10,-2.9520919366043776e-11,-5.219390743528081e-07,5.219095534574396e-07,-2.5945368145069253e-12,2.5945368145069253e-12,2.7386058704186766e-12,0.9999999999954817,3.7825252004665576e-11,-9.57887491283477e-12,-3.3885603960932947e-10,3.6208643088751516e-12
weak,gaussian,0.001,0.4,0.1,12,0.0003196631541560746,2.2615971439102834e-16,6.868492228265274e-19,2.3378215323841117e-38,2.4864204777607984e-29,1.9248449643699455e-20,2.342541304190656e-16,-2.276802362264974e-16,-4.892086913112822e-31,4.892086913112822e-31,4.859415983498182e-31,1.0,-1.645219534986809e-20,4.174952548845401e-21,1.5194975718122217e-19,-1.175438553649424e-21
weak,gaussian,0.001,0.4,0.1,13,0.0003196634120382797,7.058806871934609e-07,2.036755446057503e-09,1.910435937724345e-19,2.031868973404382e-10,3.783798417064202e-11,6.687797025788035e-07,-6.687418645727021e-07,-4.260930664507807e-12,4.260930664507807e-12,4.497562998345049e-12,0.9999999999925817,-4.8478583611867955e-11,1.2276976385358355e-11,4.341903361819498e-10,-4.631254739308717e-12
weak,gaussian,0.001,0.4,0.1,14,0.0003196637001287559,1.5543871419740133e-16,4.748634331323929e-19,1.0147577692486571e-38,1.0792588153012922e-29,-2.3597893263326913e-21,1.5413178882839367e-16,-1.633391866826097e-16,-2.426418981007706e-31,2.426418981007706e-31,2.309056719162431e-31,1.0,-1.1356290859953324e-20,2.8703210471462264e-21,1.0005116448347453e-19,-3.716086351870253e-22
weak,gaussian,0.001,0.4,0.1,15,0.00031966401838641017,-8.590970029878631e-07,-2.4796725603346386e-09,2.8297878405159464e-19,3.0096576393502533e-10,-4.6068431446867053e-11,-8.139357648230239e-07,8.138896964028809e-07,-6.313441085726875e-12,6.313441085726875e-12,6.66411964577022e-12,0.999999999989012,5.901847352421046e-11,-1.4946533989668288e-11,-5.284321880791841e-10,5.623838369674633e-12
weak,gaussian,0.001,0.4,0.1,16,0.00031966436676101543,-6.170864405395451e-16,-1.796945881200877e-18,1.4790983972530698e-37,1.5731143257127624e-28,-5.78509085895256e-20,-5.873888012844018e-16,6.013751286102334e-16,-3.380541195011278e-30,3.380541195011278e-30,3.468860007476059e-30,1.0,4.2444017237755166e-20,-1.0784936134882238e-20,-3.819012712030016e-19,1.1977033527799861e-20
weak,gaussian,0.001,0.4,0.1,17,0.0003196647452034342,1.0101778806018147e-06,2.916912378055804e-09,3.912593069577752e-19,4.1612892150163937e-10,5.419466162437448e-11,9.57064379269344e-07,-9.570101846279674e-07,-8.732632845358883e-12,8.732632845358883e-12,9.217783343891735e-12,0.9999999999848078,-6.942184654294937e-11,1.758174182278065e-11,6.213592380659991e-10,-6.594983310099617e-12
weak,gaussian,0.001,0.4,0.1,18,0.00031966515365346025,-2.1995795997937533e-16,-6.477963505993708e-19,1.8622803006875415e-38,1.980652419707138e-29,-1.23492195935583e-20,-2.0820371215465783e-16,2.112357005294685e-16,-4.2806578807658555e-31,4.2806578807658555e-31,4.457413081514318e-31,1.0,1.540068060532442e-20,-3.89325260281724e-21,-1.3546033771624654e-19,4.57837675811962e-21
weak,gaussian,0.001,0.4,0.1,19,0.0003196655920541253,-1.158780921002578e-06,-3.347565473974595e-09,5.148385532297326e-19,5.475632351566623e-10,-6.21999707053522e-11,-1.0978404486576604e-06,1.0977782486914031e-06,-1.1496027895230627e-11,1.1496027895230627e-11,1.2134853107343221e-11,0.9999999999800098,7.966683289466998e-11,-2.0177097389306845e-11,-7.127606634605507e-10,7.541241972199208e-12
weak,gaussian,0.001,0.4,0.1,20,0.00031966606033515096,-2.479733570756841e-18,8.898946111616621e-20,2.4458203393332638e-40,2.601284012659572e-31,1.365018194495079e-20,2.1922074164108554e-17,-3.045800275484395e-17,-8.478977245774955e-33,8.478977245774955e-33,-6.903146175166619e-34,1.0,-2.184089816790754e-21,5.609369615018167e-22,1.4691530807942076e-20,-4.863749361349455e-21
weak,gaussian,0.001,0.4,0.1,21,0.00031966655843195283,1.304584880144899e-06,3.770779014023671e-09,6.525479053548221e-19,6.940258065548357e-10,7.006870301297725e-11,1.235958955247452e-06,-1.2358888865439536e-06,-1.457851550035394e-11,1.457851550035394e-11,1.5388851784163528e-11,0.9999999999746634,-8.973292308843879e-11,2.272744056242041e-11,8.024386644971908e-10,-8.459375524997812e-12
weak,gaussian,0.001,0.4,0.1,22,0.00031966708626410284,-1.5158724959597174e-17,-7.910297190142659e-20,2.1474347439397798e-40,2.2839321342642163e-31,-9.76414513600731e-21,-2.0622615756715545e-17,2.3207177212465675e-17,-5.742714110493166e-33,5.742714110493166e-33,3.75109057536751e-33,1.0,1.73229174764719e-21,-4.392545178255621e-22,-1.3767074639364505e-20,4.692265022113303e-21
weak,gaussian,0.001,0.4,0.1,23,0.0003196676437596084,-1.4472916647911838e-06,-4.185762056619695e-09,8.031174813999959e-19,8.54166036260347e-10,-7.778633846501624e-11,-1.3711368552560475e-06,1.3710590689140964e-06,-1.7952792971316966e-11,1.7952792971316966e-11,1.895099067298956e-11,0.999999999968818,9.960109535440477e-11,-2.5227985638761254e-11,-8.902096928473595e-10,9.346373918212508e-12
weak,gaussian,0.001,0.4,0.1,24,0.000319668230827832,-2.4266282606337835e-17,-6.98538397119636e-20,3.2535089256187328e-40,3.4603117069360647e-31,2.2233242876103926e-20,-2.7814806514885804e-17,1.9813288436231975e-17,-4.3295959407892125e-33,4.3295959407892125e-33,5.302663361944411e-33,1.0,1.750634721658611e-21,-4.460391778970025e-22,-1.791576426784317e-20,-1.0548034812473008e-21
weak,gaussian,0.001,0.4,0.1,25,0.0003196688473895753,1.5866278867075062e-06,4.591789653650771e-09,9.65197683221425e-19,1.026548541625256e-09,8.5339567753886e-11,1.5031145547511813e-06,-1.5030292151473745e-06,-2.158982351770328e-11,2.158982351770328e-11,2.2790652182314906e-11,0.9999999999625262,-1.0925391447197816e-10,2.767434618454709e-11,9.759054086952961e-10,-1.0199472363778378e-11
weak,gaussian,0.001,0.4,0.1,26,0.00031966949334394677,6.85297431158077e-17,1.5883813634760167e-19,2.079683383663145e-39,2.2118742944101275e-30,6.426097959981571e-21,7.018607782354173e-17,-5.1467447860372066e-17,-2.5573267612099023e-32,2.5573267612099023e-32,3.4051221363131366e-32,1.0,-4.005398434952306e-21,1.0147653695543358e-21,4.540273530736735e-20,-1.096378080006229e-21
weak,gaussian,0.001,0.4,0.1,27,0.00031967016860473475,-1.7223459658610024e-06,-4.98820572945247e-09,1.1373809268295032e-18,1.2096762684016472e-09,-9.271634524829338e-11,-1.6316569571083472e-06,1.631564240790217e-06,-2.5459298030222847e-11,2.5459298030222847e-11,2.6875876634051206e-11,0.9999999999558425,1.1867560124697918e-10,-3.006255248795744e-11,-1.059373359862617e-09,1.1016163101109858e-11
weak,gaussian,0.001,0.4,0.1,28,0.0003196708730607678,-2.011586940404254e-16,-6.11935696275587e-19,1.8072518961820842e-38,1.9221262448364067e-29,-3.4886397469629575e-21,-2.0570743828814143e-16,1.8266376295833115e-16,-3.496673810159008e-31,3.496673810159008e-31,3.8507163421209017e-31,1.0,1.43112890519754e-20,-3.598065369736001e-21,-1.3357876538859633e-19,3.3872304830198385e-21
weak,gaussian,0.001,0.4,0.1,29,0.0003196716066190024,1.854224801745713e-06,5.374424805072326e-09,1.3182229968878601e-18,1.4020132025966194e-09,9.990592070840189e-11,1.756554101137085e-06,-1.7564541952476652e-06,-2.953008900525624e-11,2.953008900525624e-11,3.117384078642816e-11,0.9999999999488234,-1.2785207401987748e-10,3.2389061966750324e-11,1.14047739543213e-09,-1.1794203234426913e-11
weak,gaussian,0.001,0.4,0.1,30,0.00031967236915797384,-4.464788068306302e-16,-1.2944043745033641e-18,6.134022401481836e-38,6.523919255091364e-29,-1.910607894877915e-20,-3.776924993786512e-16,4.249689057712313e-16,-1.7207668342031578e-30,1.7207668342031578e-30,1.8078638520022197e-30,1.0,3.085359965158093e-20,-7.823276813676573e-21,-2.4561364496352845e-19,-1.0065540148004636e-21
weak,gaussian,0.001,0.4,0.1,31,0.0003196731605779803,-1.9820700230387817e-06,-5.749932572128445e-09,1.5062635066376682e-18,1.6020061308907208e-09,-1.0689885251896288e-10,-1.877621398567262e-06,1.8775144996996564e-06,-3.377068552438905e-11,3.377068552438905e-11,3.565131637921779e-11,0.9999999999415254,1.3677096281393857e-10,-3.465076268399103e-11,-1.2190978195144759e-09,1.2531618773510499e-11
weak,gaussian,0.001,0.4,0.1,32,0.0003196739807472642,4.988641416885572e-16,1.4868068925851193e-18,9.506607343026836e-38,1.0110875806515326e-28,2.2670152447427126e-20,4.706858045590037e-16,-4.811300107339278e-16,-2.23774050836597e-30,2.23774050836597e-30,2.3202221294091168e-30,1.0,-3.5231040565976317e-20,8.92371112788716e-21,3.0609151304582705e-19,-7.293848910500529e-21
weak,gaussian,0.001,0.4,0.1,33,0.000319674829559626,2.1057138557423888e-06,6.114285432614068e-09,1.7000450499571727e-18,1.808105010059801e-09,1.1368697961120536e-10,1.994699509760716e-06,-1.99458582279493e-06,-3.814960050878475e-11,3.814960050878475e-11,4.027509945389006e-11,0.9999999999340055,-1.4542159878606842e-10,3.684497064343403e-11,1.2951313103255213e-09,-1.3226704671197776e-11
weak,gaussian,0.001,0.4,0.1,34,0.0003196757068730321,5.476084608680496e-16,1.6072144981511994e-18,1.148393184870943e-37,1.2213884985789009e-28,3.400076996190174e-20,5.182196992875869e-16,-5.32613885455204e-16,-2.67779108707888e-30,2.67779108707888e-30,2.753178420176164e-30,1.0,-3.8358920423302594e-20,9.717814855085927e-21,3.365483961304275e-19,-2.9415722891261895e-21
weak,gaussian,0.001,0.4,0.1,35,0.0003196766125749268,-2.2250146425491224e-06,-6.467109118709187e-09,1.8981307014798077e-18,2.0187815794530995e-09,-1.2026344094660642e-10,-2.1076538886504105e-06,2.107533625213093e-06,-4.2635743089924245e-11,4.2635743089924245e-11,4.501240290363205e-11,0.9999999999263192,1.5379498109085555e-10,-3.896942139747001e-11,-1.3684906247311432e-09,1.3878021832484725e-11
weak,gaussian,0.001,0.4,0.1,36,0.0003196775465130333,1.1875290501377043e-16,2.7231946690292183e-19,1.976543455249101e-39,2.1021784829330495e-30,-2.2508605254701454e-21,6.75295228361116e-17,-1.0019956665166057e-16,-8.535567440415001e-32,8.535567440415001e-32,1.0116046040538795e-31,1.0,-6.346118300487541e-21,1.61248139071451e-21,4.389223915421957e-20,2.6723554327057833e-21
weak,gaussian,0.001,0.4,0.1,37,0.00031967850856857354,2.339856055050271e-06,6.808096471403721e-09,2.099119612695285e-18,2.232545948429277e-09,1.2662258247013216e-10,2.216374035849156e-06,-2.2162474132429286e-06,-4.7198750586701455e-11,4.7198750586701455e-11,4.98312064308298e-11,0.9999999999185211,-1.61883723917949e-10,4.102225666227679e-11,1.4391041135030452e-09,-1.4484391001725644e-11
weak,gaussian,0.001,0.4,0.1,38,0.0003196794985790658,5.370917070717466e-16,1.5251882526993666e-18,1.0818923556956605e-37,1.150660677332053e-28,-1.9793292236015967e-20,5.03186765572196e-16,-4.830047802810826e-16,-2.3044118254588218e-30,2.3044118254588218e-30,2.5624601073549117e-30,1.0,-3.6470374584448646e-20,9.206337330232632e-21,3.267361682884006e-19,-4.226941259584961e-21
weak,gaussian,0.001,0.4,0.1,39,0.000319680516419632,-2.4501460579480494e-06,-7.137004543724212e-09,2.301660568105049e-18,2.4479610141817517e-09,-1.3275993436153616e-10,-2.320772516363442e-06,2.3206397564083072e-06,-5.180927718501401e-11,5.180927718501401e-11,5.470056087312212e-11,0.9999999999106637,1.6968198752188166e-10,-4.3002006904142946e-11,-1.5069150838968435e-09,1.5044884248739284e-11
weak,gaussian,0.001,0.4,0.1,40,0.00031968156191763866,-3.6285987216255387e-16,-1.0707004256568922e-18,5.513832778284085e-38,5.864308520117487e-29,-3.734788639848485e-20,-3.5930314924062525e-16,3.3555733671999126e-16,-1.1238727097778363e-30,1.1238727097778363e-30,1.2153163205525973e-30,1.0,2.533158455949197e-20,-6.431743255012112e-21,-2.333057981915858e-19,4.86578004381615e-21
weak,gaussian,0.001,0.4,0.1,41,0.00031968263494221215,2.5558156543405153e-06,7.453651160150359e-09,2.504463396063709e-18,2.6636545978874227e-09,1.3867214306536014e-10,2.420783769866601e-06,-2.4206450977261433e-06,-5.6439237446351286e-11,5.6439237446351286e-11,5.959084490325619e-11,0.9999999999027973,-1.771853951721014e-10,4.4907570381503734e-11,1.5718810276922188e-09,-1.5558814386045414e-11
weak,gaussian,0.001,0.4,0.1,42,0.0003196837353106331,-7.551718533174359e-16,-2.2689341055589348e-18,2.328973118815372e-37,2.477009632498126e-28,-5.909202332636895e-20,-7.384697066746486e-16,7.448854461836597e-16,-5.2867750432731356e-30,5.2867750432731356e-30,5.3597821355695616e-30,1.0,5.371095779385865e-20,-1.362396105579211e-20,-4.793861507099414e-19,3.9687639208163594e-21
weak,gaussian,0.001,0.4,0.1,43,0.0003196848628861239,-2.6568174750305623e-06,-7.757910999152268e-09,2.7063082589501726e-18,2.8783293253889334e-09,-1.443568827284243e-10,-2.516362772820776e-06,2.516218415922499e-06,-6.106200446565451e-11,6.106200446565451e-11,6.447397391981489e-11,0.9999999998949692,1.84390940113102e-10,-4.673818967444241e-11,-1.6339727531374979e-09,1.6025722592133003e-11
weak,gaussian,0.001,0.4,0.1,44,0.0003196860174759569,-3.6824944305715995e-17,-1.2810571864064682e-19,1.0570724430162986e-39,1.1242631365928051e-30,-4.389465735393994e-22,-4.9879377166778156e-17,4.3258035333499424e-17,-1.733451386811815e-32,1.733451386811815e-32,1.4756622736996427e-32,1.0,3.11821458242546e-21,-7.741858639825165e-22,-3.233714638717902e-20,1.0289706586741775e-21
weak,gaussian,0.001,0.4,0.1,45,0.00031968719893753114,2.753124251478334e-06,8.049711426355493e-09,2.906052875842234e-18,3.09077030896411e-09,1.4981280241492132e-10,2.607483589820816e-06,-2.6073337770017267e-06,-6.565256465322113e-11,6.565256465322113e-11,6.932356321728141e-11,0.9999999998872238,-1.9129688513351825e-10,4.84934263561731e-11,1.6931734450866685e-09,-1.6445365123004085e-11
weak,gaussian,0.001,0.4,0.1,46,0.0003196884070681957,-3.375373223691923e-16,-9.634893669483796e-19,4.35061843811842e-38,4.627156789179575e-29,-2.0092744632528356e-20,-3.1926746460645704e-16,3.245741638862216e-16,-9.782142510529798e-31,9.782142510529798e-31,1.0172831227551203e-30,1.0,2.2775939386692794e-20,-5.7702441589538105e-21,-2.072371337975218e-19,2.6297573979357237e-21
weak,gaussian,0.001,0.4,0.1,47,0.00031968964171959517,-2.844727209900047e-06,-8.329028076186445e-09,3.102637781548156e-18,3.2998507406373562e-09,-1.5503944635468922e-10,-2.694137850357656e-06,2.6939828108946735e-06,-7.018763056572964e-11,7.018763056572964e-11,7.411504693396116e-11,0.9999999998796023,1.9790265713330154e-10,-5.017313440875053e-11,-1.7494776767471096e-09,1.6817698857825288e-11
weak,gaussian,0.001,0.4,0.1,48,0.00031969090267924854,-2.3898603216581e-16,-7.496589919684829e-19,2.0752214358296427e-38,2.207128731795429e-29,-1.249479258160521e-20,-2.1899556770243883e-16,2.4221006746777733e-16,-5.679703535533181e-31,5.679703535533181e-31,5.604101538908066e-31,1.0,1.7862875746181693e-20,-4.527969567546373e-21,-1.4279498847019822e-19,4.7138930582092965e-21
weak,gaussian,0.001,0.4,0.1,49,0.00031969218979310934,2.9316344296367175e-06,8.595880387207317e-09,3.295089782565201e-18,3.504535567809271e-09,1.6003712577461428e-10,2.7763331917847458e-06,-2.776173154676053e-06,-7.464571589069739e-11,7.464571589069739e-11,7.882575708991916e-11,0.9999999998721424,-2.0420873958087005e-10,5.177743311115259e-11,1.8028903995499173e-09,-1.7142866596729886e-11
weak,gaussian,0.001,0.4,0.1,50,0.00031969350283896964,-1.4793978403366021e-16,-4.525010207241623e-19,7.768487185152276e-39,8.262275520529907e-30,-3.907873572518141e-20,-1.3454050652135355e-16,1.5489958857696488e-16,-2.1924819027722004e-31,2.1924819027722004e-31,2.093971340877161e-31,1.0,1.0488876771948027e-20,-2.6836216137447352e-21,-8.746908474772428e-20,6.542458596251329e-22
weak,gaussian,0.001,0.4,0.1,51,0.00031969484165713757,-3.0138692018958496e-06,-8.850327101240577e-09,3.482523792882356e-18,3.703883445748497e-09,-1.648069092932798e-10,-2.854091702144731e-06,2.853926895226373e-06,-7.900717576441205e-11,7.900717576441205e-11,8.343496610351899e-11,0.9999999998648785,2.1021656512694183e-10,-5.330667997203999e-11,-1.8534259329447846e-09,1.7421182126918674e-11
weak,gaussian,0.001,0.4,0.1,52,0.0003196962060157934,3.7616686570644913e-16,1.1938255390415026e-18,6.441736968898757e-38,6.851193082940184e-29,1.1185535477878183e-20,3.8820486847649274e-16,-3.650933680666745e-16,-1.3633498888352257e-30,1.3633498888352257e-30,1.4047010967636228e-30,1.0,-2.805111500307592e-20,7.106725082807127e-21,2.521177682316998e-19,-4.077994180485879e-21
weak,gaussian,0.001,0.4,0.1,53,0.0003196975957496418,3.091468402259892e-06,9.09246185092177e-09,3.664143210031335e-18,3.897047137545655e-09,1.693504675037693e-10,2.9274483761934867e-06,-2.9272790257546652e-06,-8.325421655507574e-11,8.325421655507574e-11,8.792389709708863e-11,0.9999999998578417,-2.15928409261933e-10,5.4761443928847475e-11,1.9011069627684304e-09,-1.7653115225577132e-11
weak,gaussian,0.001,0.4,0.1,54,0.00031969901061737195,-3.015509945251422e-16,-9.137332421899515e-19,3.8447179172197713e-38,4.089099714485141e-29,-5.3501086030525516e-20,-2.9924463199491293e-16,2.8463891573724645e-16,-8.135278205202366e-31,8.135278205202366e-31,8.618643122509878e-31,1.0,2.1577383146548695e-20,-5.474752651671135e-21,-1.9466222920309965e-19,7.631468654699864e-21
weak,gaussian,0.001,0.4,0.1,55,0.00031970045044811877,-3.164480921458851e-06,-9.322408880050778e-09,3.839239078044106e-18,4.083272623865935e-09,-1.736700490319434e-10,-2.996449627145859e-06,2.996275957065679e-06,-8.737087967839644e-11,8.737087967839644e-11,9.227570684247953e-11,0.9999999998510594,2.2134728797851724e-10,-5.614247956066209e-11,-1.945963575796115e-09,1.783927723422298e-11
weak,gaussian,0.001,0.4,0.1,56,0.00031970191499120876,1.847461173914354e-16,5.008381233651251e-19,1.2488690088960013e-38,1.3282508672050565e-29,1.8564940292897653e-20,1.7148124352846153e-16,-1.8331803571443365e-16,-2.871820801846702e-31,2.871820801846702e-31,2.894192821330581e-31,1.0,-1.1891777661306863e-20,3.0225654361850533e-21,1.1107347781651178e-19,9.068279566158726e-22
weak,gaussian,0.001,0.4,0.1,57,0.0003197034040702359,-3.232966153005404e-06,-9.540318937988206e-09,4.007188185368392e-18,4.2618970799624156e-09,-1.7776837934852529e-10,-3.0611518512274173e-06,3.0609740828392646e-06,-9.134300304411822e-11,9.134300304411822e-11,9.647544512418232e-11,0.9999999998445557,2.2647685918985158e-10,-5.745070225093399e-11,-1.988032328559194e-09,1.7980406955231154e-11
weak,gaussian,0.001,0.4,0.1,58,0.0003197049174253009,1.8188241790529432e-16,5.247879042863756e-19,1.6034251672488613e-38,1.7053436779405792e-29,6.139790371263528e-21,1.947895775115208e-16,-1.8199439151686338e-16,-2.987394003357e-31,2.987394003357e-31,2.9855559835534904e-31,1.0,-1.233332948655165e-20,3.152007513363412e-21,1.259839889320373e-19,4.899363966615207e-22
weak,gaussian,0.001,0.4,0.1,59,0.00031970645487448097,-3.2969925668341338e-06,-9.746365424303791e-09,4.167450327692083e-18,4.432345964517376e-09,-1.8164859129749456e-10,-3.1216200750273142e-06,3.121438426450086e-06,-9.515816490345968e-11,9.515816490345968e-11,1.0050999555262257e-10,0.9999999998383515,2.3132132997409295e-10,-5.86871648234317e-11,-2.0273553698925424e-09,1.807735721724676e-11
weak,gaussian,0.001,0.4,0.1,60,0.00031970801614879387,5.259932521698589e-16,1.5741713739235927e-18,1.1661798210639838e-37,1.2403057066926257e-28,1.7586420976861893e-20,5.22865857685613e-16,-5.001114248655261e-16,-2.4624377526682196e-30,2.4624377526682196e-30,2.5898741308300762e-30,1.0,-3.7166114391589833e-20,9.416708706422002e-21,3.3931555338728567e-19,-3.5976206092529006e-21
weak,gaussian,0.001,0.4,0.1,61,0.00031970960106082036,-3.356636370065516e-06,-9.940740755328521e-09,4.319564887234024e-18,4.594129381502562e-09,-1.8531417661387354e-10,-3.1779266846744194e-06,3.1777413705166956e-06,-9.880561311569568e-11,9.880561311569568e-11,1.0436800100470101e-10,0.9999999998324649,2.3588536955329983e-10,-5.98530356240905e-11,-2.063979616578242e-09,1.8131082175104995e-11
weak,gaussian,0.001,0.4,0.1,62,0.00031971120933264755,5.659302802148842e-16,1.694426631015758e-18,1.2420779695687598e-37,1.3210281690586704e-28,4.920824060194115e-21,5.393097597857437e-16,-5.482363222967363e-16,-2.9055791522880085e-30,2.9055791522880085e-30,2.999354761742439e-30,1.0,-4.013192176960079e-20,1.018456066845672e-20,3.499893000668591e-19,9.951756906210562e-22
weak,gaussian,0.001,0.4,0.1,63,0.00031971284077137683,-3.411980266900677e-06,-1.0123653026144844e-08,4.463146906687914e-18,4.746837904571184e-09,-1.8876890218670662e-10,-3.230150249255826e-06,3.229961480345792e-06,-1.0227618395288872e-10,1.0227618395288872e-10,1.0803977804212102e-10,0.9999999998269106,2.4017402889114937e-10,-6.094957827642293e-11,-2.0979559901448726e-09,1.814262542415925e-11
weak,gaussian,0.001,0.4,0.1,64,0.00031971449509032325,-9.220032115302464e-16,-2.697850552163327e-18,3.1894080688676345e-37,3.3921364075557886e-28,-5.100873096810177e-20,-8.626487712769678e-16,8.665221084564167e-16,-7.31198361244282e-30,7.31198361244282e-30,7.78015045148487e-30,1.0,6.396038578283454e-20,-1.624059829999785e-20,-5.607558853955946e-19,1.1787955646988478e-20
weak,gaussian,0.001,0.4,0.1,65,0.00031971617209112683,3.463112316054451e-06,1.0295322909395246e-08,4.597882789459325e-18,4.890138003989112e-09,1.9201675103540472e-10,3.2783744366409175e-06,-3.2781824199022744e-06,-1.055622127215294e-10,1.055622127215294e-10,1.1151722270439921e-10,0.9999999998217007,-2.4419266670988096e-10,6.19781330553926e-11,2.129338713613789e-09,-1.8113108871310582e-11
weak,gaussian,0.001,0.4,0.1,66,0.0003197178714784931,-1.1601625869772134e-16,-3.427852796563085e-19,5.606957447378301e-39,5.963352472366667e-30,5.658121407928393e-21,-1.1458970462019242e-16,1.0796516965361765e-16,-1.157547768653453e-31,1.157547768653453e-31,1.2438674603478401e-31,1.0,8.018623734141628e-21,-2.0472837674371314e-21,-7.440243906490758e-20,1.6567471614174447e-21
weak,gaussian,0.001,0.4,0.1,67,0.00031971959304861954,3.5101248941384056e-06,1.0455980907098745e-08,4.7235257747300796e-18,5.023767234080776e-09,1.9506189701821322e-10,3.3226870302547783e-06,-3.3224919683855834e-06,-1.0865744027187509e-10,1.0865744027187509e-10,1.1479371196704217e-10,0.9999999998168448,-2.479468825612519e-10,6.294010004364263e-11,2.1581846737567917e-09,-1.8043722620988115e-11
weak,gaussian,0.001,0.4,0.1,68,0.000319721336497775,-4.754382629450757e-16,-1.4096153136855288e-18,8.418754820382442e-38,8.953876116154725e-29,-3.4978668429104423e-20,-4.4398926346389e-16,4.3708141652715734e-16,-1.927042670385972e-30,1.927042670385972e-30,2.0961536802661585e-30,1.0,3.336923331527826e-20,-8.480405829684894e-21,-2.880924240666723e-19,-2.209159144886038e-21
weak,gaussian,0.001,0.4,0.1,69,0.0003197231016167298,-3.553113756767784e-06,-1.0605864806250477e-08,4.839891275836346e-18,5.147529275300602e-09,-1.979086390805543e-10,-3.363179037917098e-06,3.3629811292944632e-06,-1.1155691604050894e-10,1.1155691604050894e-10,1.1786400155307394e-10,0.9999999998123501,2.514424563138791e-10,-6.383692390492168e-11,-2.1845528430890664e-09,1.7935715681941594e-11
weak,gaussian,0.001,0.4,0.1,70,0.00031972488809349617,-4.465237268893449e-16,-1.4126072627960783e-18,8.228640468595827e-38,8.751677526206587e-29,-4.135557017838114e-23,-4.3845199660164785e-16,4.4159897791492235e-16,-1.951070894623401e-30,1.951070894623401e-30,1.9728294014765876e-30,1.0,3.3346517951008214e-20,-8.461780689589474e-21,-2.847847346333001e-19,6.838230059550346e-22
weak,gaussian,0.001,0.4,0.1,71,0.00031972669571343743,-3.5921771982944106e-06,-1.074521744277129e-08,4.946852186329816e-18,5.261288941933361e-09,-2.005613648704487e-10,-3.3999438945636327e-06,3.3997433332091843e-06,-1.1425690083034695e-10,1.1425690083034695e-10,1.2072412346585352e-10,0.9999999998082213,2.5468529417055245e-10,-6.467008030664777e-11,-2.208503762753899e-09,1.779038723797486e-11
weak,gaussian,0.001,0.4,0.1,72,0.00031972852415649303,-9.606028861433917e-17,-3.2182149531138286e-19,5.0697065057753405e-39,5.391952250239536e-30,-2.3020194499163045e-21,-1.0931522309874571e-16,9.85063956869209e-17,-9.915122725235227e-32,9.915122725235227e-32,9.668910774685361e-32,1.0,7.593262685244275e-21,-1.932439179166427e-21,-7.075788728291329e-20,-1.2790362174613182e-21
weak,gaussian,0.001,0.4,0.1,73,0.0003197303732026437,-3.6274153047827218e-06,-1.0874284720982283e-08,5.044334225966804e-18,5.364967232260389e-09,-2.030245150203186e-10,-3.4330767534802656e-06,3.4328737289732986e-06,-1.1675477048399215e-10,1.1675477048399215e-10,1.233712844680403e-10,0.9999999998044612,2.576813808363786e-10,-6.54410638941707e-11,-2.230099082871122e-09,1.7609079216158385e-11
weak,gaussian,0.001,0.4,0.1,74,0.00031973224252394644,-3.742711161159805e-16,-1.1188233628799313e-18,5.146600287893513e-38,5.47373363167635e-29,-3.870446483805723e-20,-3.4559321322265336e-16,3.5403522982401825e-16,-1.238858124794878e-30,1.238858124794878e-30,1.30966856972626e-30,1.0,2.6484886510778103e-20,-6.733254679520965e-21,-2.2506310101286803e-19,8.112799106264786e-21
weak,gaussian,0.001,0.4,0.1,75,0.00031973413189502513,-3.6589292993945144e-06,-1.09933138751499e-08,5.132311398139617e-18,5.458536497251669e-09,-2.0530255028349285e-10,-3.462673864932138e-06,3.4624685623901853e-06,-1.1904892187641542e-10,1.1904892187641542e-10,1.258037670136276e-10,0.9999999998010708,2.6043673779377074e-10,-6.615137780550981e-11,-2.2494011595595118e-09,1.7393169168177652e-11
weak,gaussian,0.001,0.4,0.1,76,0.0003197360409802541,-1.077379033907443e-16,-3.283494014768992e-19,4.5603099834669766e-39,4.8501769578047884e-30,-1.8642383570199616e-20,-1.0348044121127126e-16,9.938297383345838e-17,-1.020602490578335e-31,1.020602490578335e-31,1.1064025183483011e-31,1.0,7.756275282988635e-21,-1.9639523087796346e-21,-6.701824427506766e-20,-2.2018180709760676e-21
weak,gaussian,0.001,0.4,0.1,77,0.0003197379695489307,3.686820964566434e-06,1.1102551951239079e-08,5.210801580371691e-18,5.5420157507796245e-09,2.0739992839319923e-10,3.488832027836966e-06,-3.4886246279195894e-06,-1.2113868185405472e-10,1.2113868185405472e-10,1.280208332834617e-10,0.9999999997980493,-2.6295738662591813e-10,6.680252446017799e-11,2.2664726993682404e-09,-1.7144064125757295e-11
weak,gaussian,0.001,0.4,0.1,78,0.0003197399172579495,-9.308637478669513e-17,-3.0389877634785713e-19,4.7513227678837327e-39,5.053331087454535e-30,-6.287006532627376e-22,-1.0582290170622354e-16,1.0467690854440058e-16,-9.949081331892721e-32,9.949081331892721e-32,8.847451902451302e-32,1.0,7.470105263304363e-21,-1.873062266165271e-21,-6.847184110916235e-20,-1.9023427944451226e-21
weak,gaussian,0.001,0.4,0.1,79,0.0003197418838713185,-3.7111921474108217e-06,-1.1202244521348572e-08,5.279862317304304e-18,5.6154661951954495e-09,-2.0932106898306823e-10,-3.5116481203048205e-06,3.511438799240764e-06,-1.2302422058248897e-10,1.2302422058248897e-10,1.3002263387469198e-10,0.9999999997953944,2.6524931784715245e-10,-6.739599773748893e-11,-2.2813764548688185e-09,1.6863194984155536e-11
weak,gaussian,0.001,0.4,0.1,80,0.00031974386903866426,-9.811448840813974e-17,-2.8326838838454857e-19,2.551605405089186e-39,2.713793094338088e-30,5.614009937895061e-21,-7.667560533336873e-17,9.067715248614094e-17,-8.033295814326651e-32,8.033295814326651e-32,8.692186371582139e-32,1.0,6.7286375542834806e-21,-1.698468375756049e-21,-5.0027540221821017e-20,8.314242496518202e-22
weak,gaussian,0.001,0.4,0.1,81,0.0003197458725187434,3.7321443339642657e-06,1.1292634577706678e-08,5.339586819728272e-18,5.678986966047272e-09,2.1107034716234252e-10,3.5312186955000776e-06,-3.531007625149536e-06,-1.2470646919632142e-10,1.2470646919632142e-10,1.318101210274305e-10,0.9999999997931024,-2.673184643003706e-10,6.7933276306256e-11,2.2941749626502477e-09,-1.6552011702390347e-11
weak,gaussian,0.001,0.4,0.1,82,0.0003197478939541324,1.2293365731518048e-16,3.6066994531803077e-19,5.860667902061209e-39,6.233189524172013e-30,-1.209492530665301e-20,1.1744026082106698e-16,-1.1799451282128746e-16,-1.330957147545316e-31,1.330957147545316e-31,1.3866698201919041e-31,1.0,-8.511212391727106e-21,2.1524357936130103e-21,7.601342090517594e-20,2.3566985660145695e-21
weak,gaussian,0.001,0.4,0.1,83,0.00031974993309838846,-3.7497782849910816e-06,-1.1373961599701556e-08,5.390100182394013e-18,5.732711109482881e-09,-2.1265207009527534e-10,-3.5476396357582457e-06,3.547426983705345e-06,-1.261870421658364e-10,1.261870421658364e-10,1.3338496683206428e-10,0.9999999997911683,2.6917067856066597e-10,-6.841581796664314e-11,-2.304930319076174e-09,1.6211978675205296e-11
weak,gaussian,0.001,0.4,0.1,84,0.0003197519895872558,-5.561061522122707e-16,-1.6484110350975661e-18,1.181785253301044e-37,1.2569030669876886e-28,-3.220037941461163e-20,-5.254897258228991e-16,5.105600466060326e-16,-2.6320799942220454e-30,2.6320799942220454e-30,2.866882921277966e-30,1.0,3.8935703796203417e-20,-9.875927419172224e-21,-3.413867609335004e-19,4.481274031231765e-21
weak,gaussian,0.001,0.4,0.1,85,0.000319754063169148,3.764193735973295e-06,1.1446460809968079e-08,5.4315558566189934e-18,5.776801830645524e-09,2.140704634269781e-10,3.561005867775461e-06,-3.5607917973211132e-06,-1.2746816524089308e-10,1.2746816524089308e-10,1.3474948731817383e-10,0.999999999789586,-2.7081171466065676e-10,6.884505508094122e-11,2.3137039957132118e-09,-1.584457109450548e-11
weak,gaussian,0.001,0.4,0.1,86,0.0003197561534732084,4.323993878564596e-17,1.3941649086061774e-19,8.228755640372602e-40,8.75180001864678e-31,1.4034831291612776e-20,4.381693751100624e-17,-4.245023079039264e-17,-1.850867340232677e-32,1.850867340232677e-32,1.8852993023096842e-32,1.0,-3.40286442412096e-21,8.536878228254381e-22,2.847045327079867e-20,-2.419513879047471e-23
weak,gaussian,0.001,0.4,0.1,87,0.0003197582602427653,-3.7754891440301003e-06,-1.151036253958978e-08,5.464132347332921e-18,5.8114489807734e-09,-2.1532966094972748e-10,-3.5714111221201534e-06,3.571195792464062e-06,-1.2855260796049762e-10,1.2855260796049762e-10,1.3590657135511858e-10,0.9999999997883485,2.722472128704596e-10,-6.922239077586949e-11,-2.320556683480847e-09,1.545127130150124e-11
weak,gaussian,0.001,0.4,0.1,88,0.00031976038310059773,-2.3175837374754363e-16,-7.075163142621687e-19,1.931144395303906e-38,2.053893722631562e-29,2.2053122761068716e-21,-2.1225801436443006e-16,2.131040316379276e-16,-4.715236376591434e-31,4.715236376591434e-31,5.127990803715975e-31,1.0,1.6697456954751117e-20,-4.2466393777024914e-21,-1.3789117585317393e-19,-7.928178278137918e-22
weak,gaussian,0.001,0.4,0.1,89,0.0003197625217850183,3.783761485054958e-06,1.1565891756457647e-08,5.488030159978164e-18,5.836865810035908e-09,2.1643369607534926e-10,3.578947740446841e-06,-3.578731306773016e-06,-1.2944362174942733e-10,1.2944362174942733e-10,1.3685961545493876e-10,0.999999999787448,-2.734826878295021e-10,6.954919599078372e-11,2.3255481677809805e-09,-1.503356588688418e-11
weak,gaussian,0.001,0.4,0.1,90,0.0003197646759126818,-5.820227677028081e-17,-1.1129460211221124e-19,6.148799843065246e-40,6.539635995164519e-31,6.3955154917218625e-21,-3.8118001519762074e-17,3.304126016745701e-17,-1.1500062954506416e-32,1.1500062954506416e-32,2.025739465025223e-32,1.0,2.6596140152269613e-21,-6.654653662710434e-22,-2.4551287046669282e-20,-2.1442709238516747e-21
weak,gaussian,0.001,0.4,0.1,91,0.00031976684521696334,-3.789106089098146e-06,-1.1613267667547468e-08,5.503468972682411e-18,5.853285959961128e-09,-2.1738649440781355e-10,-3.583706518976454e-06,3.5834891324791784e-06,-1.3014488244080307e-10,1.3014488244080307e-10,1.376124632420033e-10,0.9999999997868759,2.745235192090942e-10,-6.982680716310527e-11,-2.328737227147129e-09,1.4592942950978337e-11
weak,gaussian,0.001,0.4,0.1,92,0.000319769029308639,-2.65195455530313e-17,-5.2215789318209096e-20,6.179655538847849e-41,6.5724529714763e-32,-5.8292306661927026e-21,-1.1657013032875743e-17,1.5028021843206865e-17,-2.4539587968569237e-33,2.4539587968569237e-33,4.3304350218206724e-33,1.0,1.3398448144307215e-21,-3.454664581533024e-22,-7.707776166227098e-21,6.871759304240097e-22
weak,gaussian,0.001,0.4,0.1,93,0.0003197712279162316,3.7916165155612094e-06,1.165270347319103e-08,5.510685044378527e-18,5.860960706807999e-09,2.1819186944841734e-10,3.5857765895835614e-06,-3.5855583977118014e-06,-1.306604382971278e-10,1.306604382971278e-10,1.3816935071926733e-10,0.9999999997866228,-2.753749450465207e-10,7.005652458975944e-11,2.3301815563037122e-09,-1.4130889694831251e-11
weak,gaussian,0.001,0.4,0.1,94,0.0003197734406448913,-3.927150868949937e-17,-1.2445020534070802e-19,1.0743780122857066e-39,1.1426686997269949e-30,-8.12226700136845e-21,-5.05912239007577e-17,3.8029891202045016e-17,-1.480056554926679e-32,1.480056554926679e-32,1.528378126273157e-32,1.0,3.087089920921803e-21,-8.144467245053176e-22,-3.255337913311497e-20,-2.1123616296617236e-21
weak,gaussian,0.001,0.4,0.1,95,0.00031977566721838325,-3.7913844569276156e-06,-1.1684406168475741e-08,5.50992883076889e-18,5.860156425994209e-09,-2.1885352362414006e-10,-3.5852453282327842e-06,3.585026474713805e-06,-1.309946620381462e-10,1.309946620381462e-10,1.3853485576604047e-10,0.999999999786679,2.760420569725065e-10,-7.023961126513466e-11,-2.3299377069688143e-09,1.3648890266429641e-11
weak,gaussian,0.001,0.4,0.1,96,0.00031977790723648834,1.2854017017787658e-16,4.091948918506473e-19,6.429059361721202e-39,6.837709649043014e-30,-4.32242291051689e-21,1.2243093796825948e-16,-1.1908381382170988e-16,-1.5238228537752159e-31,1.5238228537752159e-31,1.6448284838984118e-31,1.0,-9.451064793993695e-21,2.4196863237016828e-21,7.958294892704957e-20,-6.60374250290063e-22
weak,gaussian,0.001,0.4,0.1,97,0.00031978016041831565,3.7884996704805676e-06,1.1708576426864933e-08,5.501462805101289e-18,5.851152274354069e-09,2.1937503428090365e-10,3.582198289481375e-06,-3.5819789144695524e-06,-1.3115220726833842e-10,1.3115220726833842e-10,1.3871385228198073e-10,0.999999999787034,-2.7652979730736225e-10,7.037729219074142e-11,2.3280610455899075e-09,-1.3148423980226848e-11
weak,gaussian,0.001,0.4,0.1,98,0.0003197824263585433,1.260373264177894e-16,3.678539932484618e-19,4.8535625369770996e-39,5.16206952278584e-30,-1.633337127377357e-21,1.0590147749979473e-16,-1.1197330953696056e-16,-1.2880579311207854e-31,1.2880579311207854e-31,1.4498399536552591e-31,1.0,-8.636537423336464e-21,2.207528595811453e-21,6.905567797346042e-20,-2.326567307604796e-21
weak,gaussian,0.001,0.4,0.1,99,0.00031978470477172995,-3.7830499350251234e-06,-1.1725408578309459e-08,5.485559476709822e-18,5.834238082731933e-09,-2.1975986729312808e-10,-3.5767191651975e-06,3.5764994053272087e-06,-1.311379693330774e-10,1.311379693330774e-10,1.3871146899280344e-10,0.9999999997876774,2.7684295786850885e-10,-7.047075411769237e-11,-2.3246057267768776e-09,1.2630963489174556e-11
weak,gaussian,0.001,0.4,0.1,100,0.0003197869952477218,-1.1042068188277018e-16,-3.384304320033335e-19,5.725584378928958e-39,6.089519687329686e-30,-1.2320994628676794e-20,-1.1595209009721186e-16,1.0209333405688764e-16,-1.0804532911905294e-31,1.0804532911905294e-31,1.168581575455883e-31,1.0,8.15513921566731e-21,-2.0775319117223864e-21,-7.519737659324921e-20,3.413179615467941e-22
weak,gaussian,0.001,0.4,0.1,101,0.00031978929749665075,3.775121023865541e-06,1.173509059865236e-08,5.462499575795699e-18,5.80971242538223e-09,2.2001137009206293e-10,3.568889758030697e-06,-3.568669746651809e-06,-1.3095704928670215e-10,1.3095704928670215e-10,1.3853305155218136e-10,0.9999999997885981,-2.7698617983820035e-10,7.052114555527877e-11,2.3196246763312803e-09,-1.2097973339081313e-11
weak,gaussian,0.001,0.4,0.1,102,0.0003197916111038004,-4.510548088869536e-16,-1.4146910551170388e-18,7.775936971285822e-38,8.270198837404527e-29,-3.3410489464543214e-20,-4.253805795699123e-16,4.2985499961654276e-16,-1.901588415205412e-30,1.901588415205412e-30,1.9953719276669147e-30,1.0,3.348500713167291e-20,-8.515098571233234e-21,-2.7668801423959047e-19,3.0593925417324356e-21
weak,gaussian,0.001,0.4,0.1,103,0.000319793935775005,3.7647966997754467e-06,1.1737804191694636e-08,5.432570421100484e-18,5.777880883887118e-09,2.201327745785907e-10,3.5587899763982463e-06,-3.5585698436443724e-06,-1.306147220269827e-10,1.306147220269827e-10,1.3818412902799105e-10,0.9999999997897848,-2.7696395518571263e-10,7.05295771742118e-11,2.3131695882245195e-09,-1.1550908414657926e-11
weak,gaussian,0.001,0.4,0.1,104,0.0003197962710912653,2.1589533178175622e-16,6.623177849061018e-19,1.8245151330864725e-38,1.940486784833544e-29,3.5408951557153233e-20,2.0622288420667217e-16,-1.99854584081957e-16,-4.139111596917786e-31,4.139111596917786e-31,4.47132536690689e-31,1.0,-1.5689916763574757e-20,4.002895394003381e-21,1.3408293544330353e-19,-2.1728079041610503e-21
weak,gaussian,0.001,0.4,0.1,105,0.0003197986167542525,-3.752158718660706e-06,-1.1733724878334162e-08,5.39606442384275e-18,5.739054455998868e-09,-2.2012720143779772e-10,-3.546497837232703e-06,3.5462777100190668e-06,-1.3011640704971657e-10,1.3011640704971657e-10,1.3767038316629029e-10,0.9999999997912262,2.7678062863307444e-10,-7.049712234479881e-11,-2.3052909266377708e-09,1.0991212803923408e-11
weak,gaussian,0.001,0.4,0.1,106,0.00031980097234097176,-5.436389457605476e-17,-1.7846830614142627e-19,7.270033312977501e-40,7.732138425877255e-31,-1.4910738411956944e-20,-4.0738647698879575e-17,5.5264380957704525e-17,-3.0840870768085574e-32,3.0840870768085574e-32,3.0338344843726886e-32,1.0,4.0920557330103076e-21,-1.0349647669043673e-21,-2.662940664328125e-20,-2.48919532625716e-22
weak,gaussian,0.001,0.4,0.1,107,0.00031980333754907594,3.7372868476820767e-06,1.1723022131665042e-08,5.353277740442251e-18,5.693548122727151e-09,2.1999765640345446e-10,3.532089482328239e-06,-3.531869484671658e-06,-1.2946764237131987e-10,1.2946764237131987e-10,1.3699762098647385e-10,0.9999999997929105,-2.764404006643799e-10,7.042481794033282e-11,2.2960379368174187e-09,-1.0420318423667789e-11
weak,gaussian,0.001,0.4,0.1,108,0.0003198057119518617,1.1301905641262169e-16,3.186341087167537e-19,4.9395069575867627e-39,5.253476828430437e-30,-1.7804415332179632e-21,1.0783578589016393e-16,-9.999107834140158e-17,-9.962476258627723e-32,9.962476258627723e-32,1.1260501286313744e-31,1.0,-7.511856865257025e-21,1.8975366954933588e-21,6.985040155294352e-20,6.322352445533813e-22
weak,gaussian,0.001,0.4,0.1,109,0.0003198080952431181,3.720258891014988e-06,1.1705859541581576e-08,5.30450905054479e-18,5.641679548691496e-09,2.197470407251671e-10,3.5156392023963576e-06,-3.515419455354258e-06,-1.2867406105788896e-10,1.2867406105788896e-10,1.3617175013482907e-10,0.9999999997948263,-2.759473310551698e-10,7.031366527103243e-11,2.285458660949818e-09,-9.83964399446607e-12
weak,gaussian,0.001,0.4,0.1,110,0.0003198104869927272,4.32933600226567e-16,1.392132792233364e-18,7.357539890676231e-38,7.82520718399884e-29,9.757533989226296e-21,4.1400839966771516e-16,-4.0855688573070386e-16,-1.7784452394501574e-30,1.7784452394501574e-30,1.884556905567514e-30,1.0,-3.260588647035763e-20,8.294221165276889e-21,2.6915128264807215e-19,-1.023727699886323e-21
weak,gaussian,0.001,0.4,0.1,111,0.00031981288689077663,-3.701150725774361e-06,-1.1682395000789625e-08,5.250058458541899e-18,5.583767913818272e-09,-2.193781514594661e-10,-3.4972194701535445e-06,3.4970000920107273e-06,-1.2774137024259227e-10,1.2774137024259227e-10,1.3519875686160874e-10,0.9999999997969616,2.753053431389402e-10,-7.016463120496328e-11,-2.2735999598926707e-09,9.250593762915274e-12
weak,gaussian,0.001,0.4,0.1,112,0.00031981529450403074,-1.9572754146113229e-16,-6.154715895131541e-19,1.6340971398225508e-38,1.737965253045487e-29,1.1546020201487557e-20,-1.9551430923553887e-16,1.8648213578290356e-16,-3.58877322312254e-31,3.58877322312254e-31,3.766697313253935e-31,1.0,1.4649883275566114e-20,-3.715003688186889e-21,-1.2693516699272666e-19,1.2019302455645739e-22
weak,gaussian,0.001,0.4,0.1,113,0.0003198177095190468,3.680036337154035e-06,1.1652780890691993e-08,5.190226484588186e-18,5.520132840224075e-09,2.1889368511788826e-10,3.4769009730284363e-06,-3.4766820793433846e-06,-1.2667533188862118e-10,1.2667533188862118e-10,1.3408468583909615e-10,0.999999999799305,-2.7451822802423534e-10,6.997864927498551e-11,2.2605075346846138e-09,-8.654556623988095e-12
weak,gaussian,0.001,0.4,0.1,114,0.00031982013149977327,2.6004216733047003e-16,8.093253421687683e-19,2.5486949169934304e-38,2.710697606893336e-29,2.9867989281040874e-20,2.4400059438910746e-16,-2.4274843721463966e-16,-6.142904797405203e-31,6.142904797405203e-31,6.580533722693124e-31,1.0,-1.9148511486677048e-20,4.895193392715563e-21,1.5840134806350805e-19,2.3094785320912524e-21
weak,gaussian,0.001,0.4,0.1,115,0.00031982256012941517,-3.6569878645170695e-06,-1.1617164308660758e-08,5.125313170820744e-18,5.451093441623754e-09,-2.1829624254203103e-10,-3.454752655923371e-06,3.4545343596797528e-06,-1.2548174603465944e-10,1.2548174603465944e-10,1.3283562260173977e-10,0.9999999998018444,2.7358964961933435e-10,-6.975662099197134e-11,-2.246225954571673e-09,8.052904958590879e-12
weak,gaussian,0.001,0.4,0.1,116,0.00031982499496941135,-3.575706545951951e-17,-1.2290416520325251e-19,7.584928667312027e-40,8.067049472988128e-31,-2.979958321169475e-19,-4.235461679669168e-17,3.4950990558665993e-17,-1.3431165122195798e-32,1.3431165122195798e-32,1.3740928162417752e-32,1.0,2.882023923025012e-21,-7.364843587060936e-22,-2.735471859261831e-20,-1.167804070192297e-21
weak,gaussian,0.001,0.4,0.1,117,0.00031982743569980063,-3.632075647465663e-06,-1.1575687283892387e-08,5.0556172675709714e-18,5.3769674578154244e-09,-2.1758833574535172e-10,-3.4308417641711406e-06,3.430624175844889e-06,-1.241664354443193e-10,1.241664354443193e-10,1.314576774644405e-10,0.9999999998045684,2.7252314968462243e-10,-6.949941716312221e-11,-2.230798685170329e-09,7.44699357203511e-12
weak,gaussian,0.001,0.4,0.1,118,0.0003198298818798222,4.1133972361088787e-16,1.3157417719271707e-18,6.464808961722098e-38,6.875731600797105e-29,1.1367137769913763e-20,3.876133688320039e-16,-3.9110002651983863e-16,-1.6089385984494553e-30,1.6089385984494553e-30,1.6922022846232594e-30,1.0,-3.117969924709046e-20,7.955630532045229e-21,2.522060807248087e-19,-2.1718103855649614e-21
weak,gaussian,0.001,0.4,0.1,119,0.0003198323331865398,3.6053682703493864e-06,1.1528487003723258e-08,4.9814354890446764e-18,5.298070463049363e-09,2.1677238574247524e-10,3.405233884785907e-06,-3.4050171124096423e-06,-1.2273523172835326e-10,1.2273523172835326e-10,1.2995697099866684e-10,0.9999999998074653,-2.713221527915108e-10,6.920787918794717e-11,2.21426811553894e-09,-6.838158757620537e-12
weak,gaussian,0.001,0.4,0.1,120,0.0003198347891773066,-4.1362948734442566e-16,-1.3329573835764387e-18,6.23970770273952e-38,6.636322230941041e-29,-5.2607106964714404e-20,-3.806845088421177e-16,3.8905561548637856e-16,-1.621445111141275e-30,1.621445111141275e-30,1.7238602487205902e-30,1.0,3.10276539315884e-20,-7.920312464591877e-21,-2.4772852793665807e-19,1.4855354914739295e-21
weak,gaussian,0.001,0.4,0.1,121,0.00031983724952641673,-3.5769326129566226e-06,-1.1475696044080839e-08,4.90306185582822e-18,5.214715166741871e-09,-2.1585073205659026e-10,-3.377992993580048e-06,3.377777142847859e-06,-1.211939630338908e-10,1.211939630338908e-10,1.283396211580407e-10,0.9999999998105237,2.699899717772032e-10,-6.888282047816042e-11,-2.1966755890548964e-09,6.2277171790707525e-12
weak,gaussian,0.001,0.4,0.1,122,0.0003198397137896496,-1.7781889362875267e-16,-5.738449462289245e-19,1.2239485362190785e-38,1.3017463745733242e-29,-3.43685551707575e-20,-1.6888554621095728e-16,1.6813463704048903e-16,-3.0166113710060944e-31,3.0166113710060944e-31,3.19036283030155e-31,1.0,1.3481870694061703e-20,-3.429461846620712e-21,-1.0975226803422188e-19,-6.348051403988417e-22
weak,gaussian,0.001,0.4,0.1,123,0.00031984218163873425,3.5468338983584563e-06,1.141744260867928e-08,4.820787094168361e-18,5.127210774571549e-09,2.148256382774039e-10,3.349181499572293e-06,-3.348966673942129e-06,-1.1954844292959003e-10,1.1954844292959003e-10,1.2661173166573242e-10,0.9999999998137322,-2.685298130232199e-10,6.852502783519803e-11,2.178061432547714e-09,-5.6169648797345095e-12
weak,gaussian,0.001,0.4,0.1,124,0.0003198446526281984,-1.2312187925907972e-17,-4.694356139038888e-20,5.531501886427205e-41,5.883100729746089e-32,1.3756265446975618e-19,-1.0848749121117239e-17,1.198647634111074e-17,-1.7592536981616175e-33,1.7592536981616175e-33,1.8070583484843586e-33,1.0,1.1174262809808316e-21,-2.880061956225864e-22,-7.206337326726184e-21,1.4325264868620471e-21
weak,gaussian,0.001,0.4,0.1,125,0.00031984712642742284,-3.515135738576462e-06,-1.1353850753886564e-08,4.734898089710624e-18,5.035862407495632e-09,-2.1369929212410462e-10,-3.3188602872887605e-06,3.3186465879920276e-06,-1.1780446016764908e-10,1.1780446016764908e-10,1.247793813289303e-10,0.9999999998170797,2.6694478161337076e-10,-6.813526279457764e-11,-2.1584649840640275e-09,5.007176190688135e-12
weak,gaussian,0.001,0.4,0.1,126,0.0003198496025900003,-2.851838830942601e-16,-9.258360240254613e-19,3.1101392579767384e-38,3.3078290333971316e-29,1.217940486479539e-19,-2.6869585051593383e-16,2.725612041051403e-16,-7.889551197465976e-31,7.889551197465976e-31,8.254927012636733e-31,1.0,2.174232718656724e-20,-5.541481546036602e-21,-1.7490848845710484e-19,2.2307927302648297e-21
weak,gaussian,0.001,0.4,0.1,127,0.00031985208078318654,-3.4819001821770118e-06,-1.1285040620814942e-08,4.645677402664834e-18,4.940970586097997e-09,-2.1247381323264808e-10,-3.287088760736963e-06,3.2868762869279153e-06,-1.1596776961009765e-10,1.1596776961009765e-10,1.2284861457607888e-10,0.9999999998205551,2.652378866779104e-10,-6.771426301898797e-11,-2.137924621733769e-09,4.399602685146512e-12
weak,gaussian,0.001,0.4,0.1,128,0.00031985456055996054,-1.5614487787215432e-16,-4.94480372409841e-19,9.234346110323596e-39,9.821308833623526e-30,-2.072043291321194e-20,-1.4676414247199915e-16,1.4416125890873437e-16,-2.2286664560125684e-31,2.2286664560125684e-31,2.4139276684047145e-31,1.0,1.1578541820713783e-20,-2.951524292584059e-21,-9.53479818363201e-20,-5.782246281816826e-22
weak,gaussian,0.001,0.4,0.1,129,0.00031985704158567907,3.4471877572525176e-06,1.1211128661652789e-08,4.5534028237282905e-18,4.8428307582854775e-09,2.111512566657696e-10,3.2539248831931443e-06,-3.253713731939301e-06,-1.1404408386984585e-10,1.1404408386984585e-10,1.208254327490867e-10,0.9999999998241477,-2.6341204644077206e-10,6.726274361581859e-11,2.116477789921443e-09,-3.795472130308768e-12
weak,gaussian,0.001,0.4,0.1,130,0.000319859523413034,8.609022187764332e-17,2.8241711530915862e-19,2.922580472984722e-39,3.108348449730636e-30,2.1824174020078043e-20,8.256098399296338e-17,-8.396048865714875e-17,-7.413216512512644e-32,7.413216512512644e-32,7.60125940899801e-32,1.0,-6.735137982255137e-21,1.7093116177128403e-21,5.3589791539493203e-20,1.559129850885182e-21
weak,gaussian,0.001,0.4,0.1,131,0.00031986200570571516,3.4110575144995225e-06,1.1132227856961715e-08,4.45834697890161e-18,4.741732878984622e-09,2.0973361623392707e-10,3.2194252167971554e-06,-3.219215483187456e-06,-1.1203906572283945e-10,1.1203906572283945e-10,1.187157862054627e-10,0.9999999998278468,-2.614700933139878e-10,6.678139846559995e-11,2.094161025252894e-09,-3.1959872827077716e-12
weak,gaussian,0.001,0.4,0.1,132,0.0003198644880164511,1.2369429122271494e-16,3.9292969563067013e-19,6.030532860009803e-39,6.413851608102193e-30,-2.2800275654889142e-20,1.1871681609161339e-16,-1.1314285542247814e-16,-1.3898756945363923e-31,1.3898756945363923e-31,1.5194922231846231e-31,1.0,-9.324853075673244e-21,2.370897216397287e-21,7.70436871296586e-20,1.4930153996076681e-21
weak,gaussian,0.001,0.4,0.1,133,0.0003198669700075036,3.3735670658741664e-06,1.104844793703105e-08,4.360776969155572e-18,4.637961026904679e-09,2.0822282967605836e-10,3.1836449580546875e-06,-3.183436735229352e-06,-1.0995832120205631e-10,1.0995832120205631e-10,1.1652556713973613e-10,0.999999999831642,-2.59414778700009e-10,6.627090147739014e-11,2.071009980002553e-09,-2.6023248830671675e-12
weak,gaussian,0.001,0.4,0.1,134,0.0003198694512319631,-3.593606278083877e-16,-1.1893168496076194e-18,5.158014518883911e-38,5.48587338540831e-29,-1.4664665861624065e-19,-3.464743101290601e-16,3.3996437376527837e-16,-1.2640324245660432e-30,1.2640324245660432e-30,1.3361502578380025e-30,1.0,2.7928931446067693e-20,-7.145153235009226e-21,-2.252750921953888e-19,-4.467647336925023e-22
weak,gaussian,0.001,0.4,0.1,135,0.00031987193135090764,-3.3347726231362784e-06,-1.0959895587902728e-08,4.260954053162621e-18,4.531793067102566e-09,-2.0662078282347586e-10,-3.146637973207265e-06,3.1464313524210066e-06,-1.0780739326329752e-10,1.0780739326329752e-10,1.1426060300012752e-10,0.9999999998355231,2.572487778375993e-10,-6.573190785403791e-11,-2.047059445392633e-09,2.0156344800317467e-12
weak,gaussian,0.001,0.4,0.1,136,0.00031987440991811355,-1.8382360028720694e-16,-5.862623393547026e-19,1.2895613370198903e-38,1.3715297216999152e-29,-1.6640298851034267e-19,-1.7326420015749972e-16,1.6715679923596353e-16,-3.063631635434899e-31,3.063631635434899e-31,3.3690989523222592e-31,1.0,1.3829404514588413e-20,-3.538524267337211e-21,-1.1265792708081923e-19,1.7678470824156828e-22
weak,gaussian,0.001,0.4,0.1,137,0.0003198768865937226,-3.2947290298400086e-06,-1.0866674645260638e-08,4.15913335344327e-18,4.4235003384510565e-09,-2.0492931200834346e-10,-3.108456827235114e-06,3.1082518979301958e-06,-1.0559175578453362e-10,1.0559175578453362e-10,1.1192665025854109e-10,0.9999999998394803,2.549746941747502e-10,-6.516505523711374e-11,-2.02234337076409e-09,1.4370373148715466e-12
weak,gaussian,0.001,0.4,0.1,138,0.00031987936093252363,2.545045335698548e-16,8.632639108998252e-19,2.6009186929115557e-38,2.766240882575461e-29,2.8282491822265226e-20,2.461400702506862e-16,-2.4340384025031125e-16,-6.568781132048207e-31,6.568781132048207e-31,6.868357444217663e-31,1.0,-2.0110507651801736e-20,5.136166567810592e-21,1.5990755353348393e-19,2.819313218863977e-21
weak,gaussian,0.001,0.4,0.1,139,0.00031988183259397374,3.2534897964164693e-06,1.0768886301059495e-08,4.05556360937853e-18,4.313347390951939e-09,2.031502093971625e-10,3.069152815939324e-06,-3.068949665726033e-06,-1.0331680841602382e-10,1.0331680841602382e-10,1.095293890720514e-10,0.9999999998435039,-2.5259506402133876e-10,6.457096492391192e-11,1.9968948847463437e-09,-8.676250729812486e-13
weak,gaussian,0.001,0.4,0.1,140,0.00031988430113419965,1.9551057207266635e-16,6.494958957309857e-19,1.4069091743852233e-38,1.496336539416473e-29,2.184626028296763e-20,1.80607284336176e-16,-1.846671555351751e-16,-3.7494981520238366e-31,3.7494981520238366e-31,3.969663834173003e-31,1.0,-1.5119293585067792e-20,3.870789749775333e-21,1.1758138483827887e-19,-3.6555651595894207e-22
weak,gaussian,0.001,0.4,0.1,141,0.0003198867662122272,3.211107126072695e-06,1.0666629280813676e-08,3.95048694260958e-18,4.201591736223785e-09,2.012852263729651e-10,3.028775989120263e-06,-3.0285747038895755e-06,-1.0098787142137596e-10,1.0098787142137596e-10,1.070744179272248e-10,0.9999999998475844,-2.501123605368273e-10,6.395024291272751e-11,1.970746310665276e-09,-3.084588829089708e-13
weak,gaussian,0.001,0.4,0.1,142,0.00031988922738584384,-1.0887813348839089e-16,-3.382893231625527e-19,3.65571666199279e-39,3.888084972851027e-30,-6.693906394185296e-20,-9.213804449907401e-17,9.612273012570496e-17,-1.0165172982064743e-31,1.0165172982064743e-31,1.1514082667298903e-31,1.0,7.96810708513878e-21,-2.0135679845418818e-21,-5.986221579688107e-20,-2.1648545752133424e-21
weak,gaussian,0.001,0.4,0.1,143,0.00031989168431390544,-3.167631941205628e-06,-1.0560000022832443e-08,3.8441386586045756e-18,4.088483636455749e-09,-1.993360751162869e-10,-2.987375174340217e-06,2.987175838263622e-06,-9.861018109277919e-11,9.861018109277919e-11,1.0456724888988355e-10,0.9999999998517128,2.475289977660384e-10,-6.330348096228187e-11,-1.943929182310896e-09,-2.394319641802829e-13
weak,gaussian,0.001,0.4,0.1,144,0.0003198941365561816,1.5782483154189943e-16,5.31563143438319e-19,9.897421363996867e-39,1.0526531138316874e-29,2.9059787437670055e-19,1.5191594138033523e-16,-1.4861133976511885e-16,-2.4694516681850106e-31,2.4694516681850106e-31,2.6225508372924273e-31,1.0,-1.2362737256777978e-20,3.1621398330426755e-21,9.863416271746981e-20,2.426295162735619e-21
weak,gaussian,0.001,0.4,0.1,145,0.00031989658377161624,3.1231139085443303e-06,1.0449092846956793e-08,3.736747077292122e-18,3.974265924275602e-09,1.9730443372563067e-10,2.9449979993646945e-06,-2.9448006949286055e-06,-9.618888552764246e-11,9.618888552764246e-11,1.0201330322833338e-10,0.9999999998558802,-2.4484733461626285e-10,6.263125763406809e-11,1.916474258863468e-09,7.750511788959861e-13
weak,gaussian,0.001,0.4,0.1,146,0.00031989902552228373,7.375445997507441e-17,2.326669247574497e-19,2.1767859687863283e-39,2.3151490109568506e-30,6.813750280332189e-20,7.135644243814188e-17,-6.594298273707858e-17,-4.7961230821882927e-32,4.7961230821882927e-32,5.364262476739436e-32,1.0,-5.73785835558692e-21,1.4458588849505877e-21,4.619312211162007e-20,2.8227490046612594e-21
weak,gaussian,0.001,0.4,0.1,147,0.0003199014614674807,3.0776014565379872e-06,1.0334000118884785e-08,3.62853337597455e-18,3.859173835678099e-09,1.9519195159547463e-10,2.9016909073491887e-06,-2.901495715401273e-06,-9.372904059379689e-11,9.372904059379689e-11,9.941790722633678e-11,0.9999999998600779,-2.420696782413968e-10,6.193413918408317e-11,1.888411535103634e-09,1.2974365955466133e-12
weak,gaussian,0.001,0.4,0.1,148,0.00031990389117190105,-5.420586853906639e-16,-1.8123901873971744e-18,1.0921374291106818e-37,1.1615569583280165e-28,-8.769939178212288e-20,-5.03032994141576e-16,5.08377159932835e-16,-2.8801705811824897e-30,2.8801705811824897e-30,3.0709905990719716e-30,1.0,4.2416991682355596e-20,-1.0872811751505925e-20,-3.2755919460390183e-19,1.1391763457179685e-21
weak,gaussian,0.001,0.4,0.1,149,0.0003199063142954577,3.0311417966088702e-06,1.0214812403279763e-08,3.5197114709407674e-18,3.743434884112792e-09,1.9300024502384458e-10,2.8574991755734737e-06,-2.8573061753284394e-06,-9.123560634929056e-11,9.123560634929056e-11,9.67862884741429e-11,0.9999999998642978,-2.391982877372979e-10,6.1212680532949e-11,1.8597702539328622e-09,1.8056613140035948e-12
weak,gaussian,0.001,0.4,0.1,150,0.000319908730405782,-7.819763880406241e-19,1.9639916066645237e-20,1.2532593789455785e-41,1.3329203023372945e-32,2.446161138116453e-20,5.217909173549743e-18,-8.481014257962236e-20,-5.206685293493614e-36,5.206685293493614e-36,-4.8007288227913534e-35,1.0,-3.533330714862121e-22,8.087447038220603e-23,3.287992267993697e-21,1.261077196568064e-21
weak,gaussian,0.001,0.4,0.1,151,0.00031991113916366755,2.9837809354549966e-06,1.0091618596948583e-08,3.41048790569159e-18,3.627268741604623e-09,1.907309066835997e-10,2.812466925674192e-06,-2.8122761947700834e-06,-8.871344343023346e-11,8.871344343023346e-11,9.412357211498443e-11,0.9999999998685318,-2.3623537713686367e-10,6.046742605667061e-11,1.8305789133562798e-09,2.298834926044164e-12
weak,gaussian,0.001,0.4,0.1,152,0.0003199135401399934,-6.87237684266589e-17,-2.5301144736480926e-19,2.7786491104830717e-39,2.9552683783228084e-30,-2.960707205770352e-20,-8.075049769767737e-17,6.954915962461075e-17,-5.500465385719101e-32,5.500465385719101e-32,5.435187304164758e-32,1.0,5.834947993463447e-21,-1.4970396981706581e-21,-5.236721971415457e-20,-1.8884900902773254e-22
weak,gaussian,0.001,0.4,0.1,153,0.0003199159329967035,2.9355636888481196e-06,9.964506077443572e-09,3.301061770356536e-18,3.5108871530486155e-09,1.883855058033234e-10,2.7666371354632284e-06,-2.7664487499607188e-06,-8.616731002955018e-11,8.616731002955018e-11,9.143477770627691e-11,0.9999999998727722,-2.331831185270991e-10,5.969891040804097e-11,1.8008652745083507e-09,2.7761045673100347e-12
weak,gaussian,0.001,0.4,0.1,154,0.0003199183173082297,3.5662855928838347e-16,1.2422883450804578e-18,5.066395392889771e-38,5.388430673092258e-29,-1.283687913905078e-20,3.429107069705735e-16,-3.4301672151894906e-16,-1.3319827351434299e-30,1.3319827351434299e-30,1.3848394379367318e-30,1.0,-2.909796700231712e-20,7.440096105246878e-21,2.2305399332561193e-19,2.9704000862396532e-21
weak,gaussian,0.001,0.4,0.1,155,0.00031992069273793105,2.886533694086875e-06,9.833560823944815e-09,3.1916246428517502e-18,3.3944938736276134e-09,1.859655908936162e-10,2.7200516492299947e-06,-2.719865683640596e-06,-8.360185896118166e-11,8.360185896118166e-11,8.872481616692866e-11,0.9999999998770116,-2.3004364503330813e-10,5.89076593033415e-11,1.770656368684951e-09,3.2366560465414866e-12
weak,gaussian,0.001,0.4,0.1,156,0.0003199230588641003,-8.448660229729365e-17,-2.7436684279625207e-19,2.3157325332734358e-39,2.462927435643929e-30,9.021399739733414e-21,-7.3341436974377e-17,7.009594591417041e-17,-6.01144645264764e-32,6.01144645264764e-32,7.245592866357838e-32,1.0,6.369611834358431e-21,-1.6013969512890079e-21,-4.762192544625033e-20,-2.1790646959680762e-21
weak,gaussian,0.001,0.4,0.1,157,0.0003199254153517743,-2.8367334168055702e-06,-9.698867539598308e-09,3.082360542084573e-18,3.2782846190423956e-09,-1.834726906923728e-10,-2.6727511828339728e-06,2.672567710148607e-06,-8.102163494212416e-11,8.102163494212416e-11,8.599848694264345e-11,0.9999999998812429,2.2681905335122108e-10,-5.809419019214952e-11,-1.7399785009836397e-09,-3.6797149445439885e-12
weak,gaussian,0.001,0.4,0.1,158,0.00031992776178340476,2.8748982502936564e-16,1.0076138355876719e-18,3.314516525116919e-38,3.525197132358862e-29,2.893437677481755e-20,2.773055141601446e-16,-2.774854746700325e-16,-8.73941673250066e-31,8.73941673250066e-31,9.054504169175042e-31,1.0,-2.362310680843018e-20,6.030094636830298e-21,1.8040334732579707e-19,2.3204112147186085e-21
weak,gaussian,0.001,0.4,0.1,159,0.000319930097825977,-2.786204157513225e-06,-9.56050975798438e-09,2.9734459044559453e-18,3.162447040520503e-09,-1.8090832084179373e-10,-2.624775328588747e-06,2.6245944202669407e-06,-7.843107208801046e-11,7.843107208801046e-11,8.326047538712996e-11,0.9999999998854593,2.235114062161279e-10,-5.725901291083453e-11,-1.7088572538033181e-09,-4.104547660019245e-12
weak,gaussian,0.001,0.4,0.1,160,0.00031993242306639045,9.561464091049847e-19,3.3086534556696644e-21,1.7933144649723226e-41,1.9073029087145973e-32,2.1710043954304692e-20,-4.732086356048002e-19,1.7714455601120374e-18,1.8319804594419356e-35,1.8319804594419356e-35,9.888204172275675e-36,1.0,-3.9446569475248044e-23,-4.2358170067479994e-24,-5.9917181319138e-22,4.1919641952205534e-21
weak,gaussian,0.001,0.4,0.1,161,0.00031993473717384293,-2.7349860585784355e-06,-9.418569953963233e-09,2.8650495835678847e-18,3.047160724505119e-09,-1.7827397884673677e-10,-2.576162560494468e-06,2.575984286525038e-06,-7.583449180062885e-11,7.583449180062885e-11,8.05153505473779e-11,0.9999999998896543,2.2012273488100133e-10,-5.640263033718874e-11,-1.6773174905713098e-09,-4.510462393566073e-12
weak,gaussian,0.001,0.4,0.1,162,0.00031993703973997244,9.226070661482225e-18,4.9865940017275745e-20,2.4617045088761e-40,2.6181778276392193e-31,2.562997432766613e-20,2.4325709229150186e-17,-1.3527318538605329e-17,-2.1083912490686148e-33,2.1083912490686148e-33,1.4379913203377064e-33,1.0,-1.1479776283345262e-21,2.964210689231475e-22,1.5514777406140352e-20,2.014054329026094e-21
weak,gaussian,0.001,0.4,0.1,163,0.0003199393304364493,2.6831181063257867e-06,9.273129636412872e-09,2.7573328607459724e-18,2.9325972038463993e-09,1.7557115075084047e-10,2.5269502348504077e-06,-2.5267746637011495e-06,-7.323610068990409e-11,7.323610068990409e-11,7.776756298084402e-11,0.9999999998938216,-2.1665504113910423e-10,5.552553892639596e-11,1.6453833564467578e-09,4.8968101780857126e-12
weak,gaussian,0.001,0.4,0.1,164,0.00031994160885993374,-5.692663486923579e-17,-2.113273172843072e-19,1.5647107487549637e-39,1.6641684549415585e-30,-1.420135607267984e-20,-6.026014444280034e-17,5.500000155912701e-17,-3.6328512635602275e-32,3.6328512635602275e-32,3.7601089373172276e-32,1.0,4.8337461481642786e-21,-1.2352615554165368e-21,-3.9234032617072553e-20,7.144651301970646e-22
weak,gaussian,0.001,0.4,0.1,165,0.0003199438746848296,2.630638133142675e-06,9.12426943414174e-09,2.6504494765966654e-18,2.8189199913646613e-09,1.7280131162699631e-10,2.4771745909635225e-06,-2.477001789657348e-06,-7.063998877912123e-11,7.063998877912123e-11,7.502144285201877e-11,0.9999999998979554,-2.1311029931804048e-10,5.4628229240042975e-11,1.613078279090071e-09,5.262985764025525e-12
weak,gaussian,0.001,0.4,0.1,166,0.0003199461275130945,7.538040496694276e-17,2.249719529370506e-19,1.7823760930566708e-39,1.895669261086797e-30,1.11169209468765e-20,6.440762035292656e-17,-6.220527922358704e-17,-4.373999853882327e-32,4.373999853882327e-32,5.300416370223078e-32,1.0,-5.385591362148426e-21,1.386671175472866e-21,4.183312155295917e-20,1.1994094059487336e-21
weak,gaussian,0.001,0.4,0.1,167,0.0003199483670221207,-2.577582820631301e-06,-8.972069189127146e-09,2.5445456842535806e-18,2.7062846364811607e-09,-1.699659251809825e-10,-2.4268707529149893e-06,2.4267007870001897e-06,-6.805012810323136e-11,6.805012810323136e-11,7.22811984404053e-11,0.99999999990205,2.094904582718547e-10,-5.371118647205899e-11,-1.5804249701026509e-09,-5.608428516782731e-12
weak,gaussian,0.001,0.4,0.1,168,0.000319950592819435,7.251248784952772e-17,2.607721693774649e-19,1.8701693425958973e-39,1.9890429127705007e-30,3.677375556776799e-21,6.56156065282134e-17,-7.288988062511814e-17,-5.940808588219597e-32,5.940808588219597e-32,5.910049610112738e-32,1.0,-5.932302559866389e-21,1.5315595205370352e-21,4.2808702323250815e-20,-2.1554528167526376e-22
weak,gaussian,0.001,0.4,0.1,169,0.0003199528045856754,-2.523987697241638e-06,-8.816608018854123e-09,2.4397603097921546e-18,2.594838789472889e-09,-1.6706645367250695e-10,-2.3760727260223536e-06,2.3759056595708937e-06,-6.547037122346722e-11,6.547037122346722e-11,6.955091454755782e-11,0.9999999999061001,2.0579744286562558e-10,-5.2774890844201373e-11,-1.547445423005174e-09,-5.932623268414332e-12
weak,gaussian,0.001,0.4,0.1,170,0.00031995500193419523,-3.049975229359309e-16,-1.0535075351856731e-18,3.5889629178609996e-38,3.817088160614797e-29,-2.4478312571068093e-20,-2.8870501512795587e-16,2.825159909325268e-16,-9.302330748343107e-31,9.302330748343107e-31,1.004257432087445e-30,1.0,2.4472280252627956e-20,-6.25522696879611e-21,-1.8772312853530155e-19,-3.411132705470948e-21
weak,gaussian,0.001,0.4,0.1,171,0.0003199571845491319,-2.4698871398456945e-06,-8.65796439390465e-09,2.3362248383616857e-18,2.4847222930794257e-09,-1.6410434489522008e-10,-2.3248133970070723e-06,2.3246492926878626e-06,-6.290445027127225e-11,6.290445027127225e-11,6.683455145375338e-11,0.9999999999101006,2.0203315567850104e-10,-5.18198180553059e-11,-1.5141609136219424e-09,-6.235101005717735e-12
weak,gaussian,0.001,0.4,0.1,172,0.00031995935204992104,3.502024227438645e-17,1.6409829667635274e-19,1.1151555276962426e-39,1.1860381562678308e-30,5.951022366538457e-21,5.092572521302203e-17,-5.0329436228859735e-17,-2.5812574956547637e-32,2.5812574956547637e-32,1.7960913064742644e-32,1.0,-3.7825284047974106e-21,9.647937311956489e-22,3.3142814616688496e-20,-1.2128556811130872e-21
weak,gaussian,0.001,0.4,0.1,173,0.00031996150412444435,2.4153143723844306e-06,8.496216202870917e-09,2.2340635119453814e-18,2.3760672864769077e-09,1.6108104418150073e-10,2.2731245318617875e-06,-2.2729634508118043e-06,-6.03559761108314e-11,6.03559761108314e-11,6.413594398436834e-11,0.9999999999140468,-1.9819947841695713e-10,5.084643965537908e-11,1.4805919989384057e-09,6.515439707001546e-12
weak,gaussian,0.001,0.4,0.1,174,0.0003199636403984678,1.2267248221779924e-16,4.392103392104736e-19,7.64908920335139e-39,8.135288245051149e-30,1.0106555457045176e-20,1.3386941917205308e-16,-1.1902880519323395e-16,-1.633894458746382e-31,1.633894458746382e-31,1.6839107862247087e-31,1.0,-1.0283436705464622e-20,2.6353004419159445e-21,8.677860100258314e-20,2.4227530809816984e-21
weak,gaussian,0.001,0.4,0.1,175,0.0003199657605638631,2.3603014640029285e-06,8.331440803058638e-09,2.133393440599529e-18,2.2689983235878958e-09,1.5799799197995974e-10,2.2210367725073473e-06,-2.220878774522166e-06,-5.782843766812272e-11,5.782843766812272e-11,6.145880074811345e-11,0.9999999999179342,-1.9429827313810504e-10,4.9855223369077525e-11,1.4467585151784197e-09,6.7732648429576506e-12
weak,gaussian,0.001,0.4,0.1,176,0.00031996786425296324,-1.4092908959848387e-16,-4.342631834262252e-19,5.230098894243465e-39,5.562539659774347e-30,-9.401946010827236e-21,-1.0982240940223678e-16,1.1447997531225259e-16,-1.5537322360082624e-31,1.5537322360082624e-31,1.9127019280290283e-31,1.0,1.0041452488083318e-20,-2.58246605386959e-21,-7.156362104306708e-20,-1.1167535349971857e-21
weak,gaussian,0.001,0.4,0.1,177,0.0003199699511618696,2.3048793288266145e-06,8.163715080367465e-09,2.0343247336508495e-18,2.163632512618024e-09,1.548566250398487e-10,2.168579636125746e-06,-2.1684247795058295e-06,-5.532520165976075e-11,5.532520165976075e-11,5.880670377591192e-11,0.9999999999217586,-1.9033138354637025e-10,4.884663343609281e-11,1.4126795775835928e-09,7.008250022358562e-12
weak,gaussian,0.001,0.4,0.1,178,0.0003199720209297145,3.816534070676695e-17,1.7808129385412893e-19,6.7309690475468155e-40,7.158809619623572e-31,2.851719304446539e-20,3.8953831554609447e-17,-4.9529925071610773e-17,-2.756601378964943e-32,2.756601378964943e-32,2.124102361730449e-32,1.0,-4.084551940107901e-21,1.0528272868161612e-21,2.558175813743524e-20,-9.373075829968676e-22
weak,gaussian,0.001,0.4,0.1,179,0.00031997407325706117,-2.249077723226467e-06,-7.993115488051695e-09,1.9369606378320833e-18,2.060079662971899e-09,-1.5165837731433645e-10,-2.115781510965657e-06,2.115629852596933e-06,-5.2849512367183296e-11,5.2849512367183296e-11,5.6183108213617737e-11,0.9999999999255159,1.8630063591790687e-10,-4.782113085517153e-11,-1.378373577893917e-09,-7.220117472820111e-12
weak,gaussian,0.001,0.4,0.1,180,0.00031997610779006477,1.1384456699098736e-16,3.577518819105636e-19,4.3470994138711275e-39,4.623414085201106e-30,1.9583386248321236e-21,1.0040939387874582e-16,-9.786402304292158e-17,-1.0941766451485991e-31,1.0941766451485991e-31,1.2728484125771206e-31,1.0,-8.580297253950622e-21,2.1818904646821082e-21,6.533058533941087e-20,7.949126461809136e-22
weak,gaussian,0.001,0.4,0.1,181,0.0003199781242339795,2.1929252467575017e-06,7.819718099532947e-09,1.8413976968865754e-18,1.9584424550026312e-09,1.484046807055624e-10,2.0626696567334583e-06,-2.0625212520403393e-06,-5.040449188163119e-11,5.040449188163119e-11,5.35913424833165e-11,0.9999999999292027,-1.8220784025248068e-10,4.677917368369617e-11,1.343858184788471e-09,7.408638444986429e-12
weak,gaussian,0.001,0.4,0.1,182,0.0003199801222421974,-1.6069616260157208e-16,-5.855044872862396e-19,1.257586946252206e-38,1.337522942795958e-29,-1.5004544122858297e-20,-1.710282347564348e-16,1.652379791828676e-16,-3.0235496381381355e-31,3.0235496381381355e-31,2.940442788558062e-31,1.0,1.386367383323503e-20,-3.536609304205298e-21,-1.1122568100543986e-19,-9.104874121516025e-23
weak,gaussian,0.001,0.4,0.1,183,0.00031998210152488953,2.1364493399435303e-06,7.643598638175424e-09,1.747725916211513e-18,1.8588166151202879e-09,1.45096965715686e-10,2.00927020145567e-06,-2.009125104500524e-06,-4.7993140364726735e-11,4.7993140364726735e-11,5.103460845935136e-11,0.9999999999328155,-1.7805479100557295e-10,4.572121722846793e-11,1.3091503420085507e-09,7.573633574237088e-12
weak,gaussian,0.001,0.4,0.1,184,0.0003199840617428855,-2.0328030354237158e-16,-6.942344075422118e-19,1.1534042967503625e-38,1.2267181317526668e-29,-2.4179356954300234e-20,-1.6248937800607744e-16,1.7998800398392184e-16,-3.905002787635296e-31,3.905002787635296e-31,4.410350325765157e-31,1.0,1.6211040299257267e-20,-4.148646593292796e-21,-1.0604072219438427e-19,-3.065796447395371e-21
weak,gaussian,0.001,0.4,0.1,185,0.0003199860026114951,-2.079676285028295e-06,-7.464832508960497e-09,1.6560289440310747e-18,1.7612911084809544e-09,-1.417366590835342e-10,-1.9556081414658873e-06,1.955466404793882e-06,-4.561833664458263e-11,4.561833664458263e-11,4.851598199263145e-11,0.999999999936351,1.738432679217428e-10,-4.464771425993363e-11,-1.2742662684979243e-09,-7.714973046158982e-12
weak,gaussian,0.001,0.4,0.1,186,0.0003199879237991811,-6.632971424929678e-17,-2.373686278304262e-19,1.587349732622949e-39,1.6882464404957638e-30,7.388237909046298e-21,-6.029452978134679e-17,6.370941107520384e-17,-4.7259956898549657e-32,4.7259956898549657e-32,4.92037107801008e-32,1.0,5.701425495846928e-21,-1.439875422542563e-21,-3.940278993592685e-20,4.363301170385468e-22
weak,gaussian,0.001,0.4,0.1,187,0.00031998982502660326,-2.0226312076269265e-06,-7.2834948409230654e-09,1.5663842632835556e-18,1.6659483430707766e-09,-1.3832519484273177e-10,-1.9017073421067235e-06,1.901569016914979e-06,-4.328283914405069e-11,4.328283914405069e-11,4.603841376711255e-11,0.9999999999398065,1.6957503681973927e-10,-4.355911521267059e-11,-1.2392214589782947e-09,-7.832576889864732e-12
weak,gaussian,0.001,0.4,0.1,188,0.00031999170597004663,-1.9547467056820462e-16,-7.741459697587228e-19,1.7491541507671218e-38,1.860335632546092e-29,-1.0344935239385307e-20,-2.0113518131227133e-16,2.031994091904953e-16,-4.915940030548805e-31,4.915940030548805e-31,4.729057834531961e-31,1.0,1.7967130538022292e-20,-4.618710156396595e-21,-1.309133468089884e-19,-3.014443839518147e-21
weak,gaussian,0.001,0.4,0.1,189,0.00031999356635572715,-1.965338077416362e-06,-7.0996604978272745e-09,1.4788633914229819e-18,1.5728643822075678e-09,-1.3486399960008234e-10,-1.8475905380519457e-06,1.8474556740626762e-06,-4.0989286816000045e-11,4.0989286816000045e-11,4.360473015759749e-11,0.999999999943179,1.6525185013879475e-10,-4.245586832247576e-11,-1.2040306842599375e-09,-7.926414966326339e-12
weak,gaussian,0.001,0.4,0.1,190,0.00031999540586792873,1.622907124275794e-16,6.330688296703315e-19,1.20563637334695e-38,1.2822702357292622e-29,2.092147897521005e-20,1.6718943070883256e-16,-1.5445363381874599e-16,-3.05566203160804e-31,3.05566203160804e-31,3.21070832577191e-31,1.0,-1.464296223058212e-20,3.780996481602953e-21,1.087051068079816e-19,3.294117492541037e-21
weak,gaussian,0.001,0.4,0.1,191,0.00031999722423862624,-1.907819711259584e-06,-6.913404112708302e-09,1.3935320909968489e-18,1.4821091685034981e-09,-1.3135450258149783e-10,-1.7932793355002908e-06,1.7931479810030283e-06,-3.874020050035339e-11,3.874020050035339e-11,4.121763452639315e-11,0.9999999999464662,1.6087544751730248e-10,-4.133841976934052e-11,-1.1687079927468972e-09,-7.996506952963135e-12
weak,gaussian,0.001,0.4,0.1,192,0.0003199990211602683,4.9676691479338485e-17,1.2918394408578475e-19,3.583407164429341e-40,3.811179266838899e-31,-6.736869544540506e-21,2.830010768348235e-17,-3.1081284689581534e-17,-1.2547547579660513e-32,1.2547547579660513e-32,2.0054533014397994e-32,1.0,-2.9497275212812107e-21,7.382835778871145e-22,1.8632984680147007e-20,-1.38081253657383e-21
weak,gaussian,0.001,0.4,0.1,193,0.0003200007963707867,-1.8500977775164074e-06,-6.724800096231744e-09,1.3104505890633678e-18,1.3937467572291589e-09,-1.277981337292556e-10,-1.7387942158715133e-06,1.7386664177245118e-06,-3.653798436076671e-11,3.653798436076671e-11,3.88797085925511e-11,0.9999999999496658,1.564475563210582e-10,-4.020721380601611e-11,-1.1332667128896533e-09,-8.042922278284975e-12
weak,gaussian,0.001,0.4,0.1,194,0.0003200025495709535,8.263028308234883e-17,2.508859696509794e-19,2.727887081778508e-39,2.9012797628894508e-30,1.6696781229245738e-20,7.952561459867558e-17,-7.274310992031588e-17,-5.703150081852597e-32,5.703150081852597e-32,6.478316726365149e-32,1.0,-5.680155321768325e-21,1.4859874931082388e-21,5.180311715909664e-20,-3.1387594795282282e-21
weak,gaussian,0.001,0.4,0.1,195,0.0003200042805048426,-1.7921928028557382e-06,-6.533922668739433e-09,1.2296738054454183e-18,1.3078355590760214e-09,-1.2419632379442273e-10,-1.6841545417976218e-06,1.68403034547611e-06,-3.4384927700943496e-11,3.4384927700943496e-11,3.6593414197012786e-11,0.9999999999527758,1.5196989220996132e-10,-3.9062692893872575e-11,-1.0977194571135182e-09,-8.065779899858329e-12
weak,gaussian,0.001,0.4,0.1,196,0.00032000598888170303,-3.949596205663127e-18,-1.8519542645525746e-19,1.0404778799283388e-39,1.1066137733245498e-30,-4.7373012762806076e-21,-4.911570597985267e-17,4.697376344360501e-17,-2.718488545651157e-32,2.718488545651157e-32,2.2857295770931473e-33,1.0,4.368582468648902e-21,-1.121371155061892e-21,-3.1895146831027345e-20,-1.6838950391143243e-21
weak,gaussian,0.001,0.4,0.1,197,0.00032000767445193264,-1.7341241767745291e-06,-6.340845860759305e-09,1.1512515828346145e-18,1.2244285848866073e-09,-1.2055050448403608e-10,-1.6293785614977687e-06,1.6292580109754818e-06,-3.228320674713878e-11,3.228320674713878e-11,3.436109501803544e-11,0.9999999999557942,1.4744415936184973e-10,-3.790529774917501e-11,-1.0620781246602198e-09,-8.065248010395204e-12
weak,gaussian,0.001,0.4,0.1,198,0.0003200093369333955,9.652668836366249e-17,3.244465582395948e-19,5.5086791446918965e-39,5.858827306123609e-30,5.071061555556849e-21,1.1368326207447752e-16,-8.796951704989351e-17,-8.918929463229289e-32,8.918929463229289e-32,9.786511893049699e-32,1.0,-7.515710717775746e-21,1.930319313222601e-21,7.377766831075552e-20,-2.307111413813407e-21
weak,gaussian,0.001,0.4,0.1,199,0.00032001097608299294,1.67591016187775e-06,6.145643531391402e-09,1.0752289272441017e-18,1.1435737013911848e-09,1.168621030221449e-10,1.574483417801496e-06,-1.5743665556982413e-06,-3.02348868076218e-11,3.02348868076218e-11,3.2184978689187167e-11,0.9999999999587196,-1.428720509526993e-10,3.673546745285733e-11,1.0263539074350204e-09,8.041543667517024e-12
weak,gaussian,0.001,0.4,0.1,200,0.0003200125916273331,-5.702019945327704e-17,-2.367144988324554e-19,1.855925705196908e-39,1.9738939070760712e-30,1.0097215598568689e-20,-6.577048714942684e-17,6.930066643412338e-17,-5.126195953818065e-32,5.126195953818065e-32,4.217805264558929e-32,1.0,5.528121486968453e-21,-1.4310171613829901e-21,-4.260597290093239e-20,-2.8370479500825827e-21
weak,gaussian,0.001,0.4,0.1,201,0.00032001418332999184,1.617567904036929e-06,5.948389377541957e-09,1.0016462518680071e-18,1.0653138905676586e-09,1.1313256251488763e-10,1.5194851581874789e-06,-1.5193720256313702e-06,-2.8241924541452102e-11,2.8241924541452102e-11,3.006717901595053e-11,0.9999999999615502,-1.3825524951510983e-10,3.5553639526782435e-11,9.90557296487264e-10,7.994932255132914e-12
weak,gaussian,0.001,0.4,0.1,202,0.00032001575092644325,-1.2163747081435748e-16,-4.99371503948132e-19,5.777321364429633e-39,6.144545230736032e-30,-2.0704864444750265e-20,-1.1490976788503255e-16,1.3228240340533002e-16,-2.06421285649708e-31,2.06421285649708e-31,1.8981030327777378e-31,1.0,1.1650285494835624e-20,-3.0135620338870645e-21,-7.501358922497951e-20,-2.339249403634952e-21
weak,gaussian,0.001,0.4,0.1,203,0.0003200172941871006,-1.5591134440249427e-06,-5.749156944208699e-09,9.305396232984034e-19,9.896875115088209e-10,-1.0936331986053292e-10,-1.4643987457084485e-06,1.4642893824019721e-06,-2.6306170397920636e-11,2.6306170397920636e-11,2.8009698370502777e-11,0.9999999999642849,1.3359542720689239e-10,-3.436024998534254e-11,-9.54698089031357e-10,-7.925727009635262e-12
weak,gaussian,0.001,0.4,0.1,204,0.00032001881285641687,1.5800647241437844e-16,5.393472121413976e-19,8.549808233708871e-39,9.09325967732972e-30,1.4594261157815736e-20,1.4049477887268887e-16,-1.3619725294430468e-16,-2.295415323279315e-31,2.295415323279315e-31,2.6629793928779915e-31,1.0,-1.2545688990900291e-20,3.236866593854228e-21,9.155070564070157e-20,6.36327585193177e-22
weak,gaussian,0.001,0.4,0.1,205,0.00032002030671180197,-1.5005617319072823e-06,-5.54801962983643e-09,8.619410114087773e-19,9.167285661891627e-10,-1.0555580158926483e-10,-1.4092380724970282e-06,1.4091325166923893e-06,-2.4429371198280504e-11,2.4429371198280504e-11,2.6014430240204287e-11,0.9999999999669225,1.2889424612427276e-10,-3.3155733396047683e-11,-9.187853971390887e-10,-7.834288210804694e-12
weak,gaussian,0.001,0.4,0.1,206,0.0003200217755067893,1.2687398129510105e-16,5.393941510014218e-19,9.122643605167228e-39,9.702506182355816e-30,3.654519564912334e-21,1.4517010681287926e-16,-1.4108695248456803e-16,-2.378009334904681e-31,2.378009334904681e-31,2.138450838742673e-31,1.0,-1.2544880965143275e-20,3.2147433252003995e-21,9.462671664270225e-20,-8.482272764014637e-22
weak,gaussian,0.001,0.4,0.1,207,0.0003200232190259402,-1.441926641749039e-06,-5.345050688538478e-09,7.958785397153318e-19,8.464669657398912e-10,-1.0171144919956922e-10,-1.3540159743396052e-06,1.3539142628952312e-06,-2.261317283519866e-11,2.261317283519866e-11,2.4083161880444538e-11,0.9999999999694619,1.2415335849558957e-10,-3.194052290757374e-11,-8.828276570753037e-10,-7.721022530614728e-12
weak,gaussian,0.001,0.4,0.1,208,0.0003200246370319622,9.030912841367235e-18,5.161490819172437e-20,2.12876558531217e-40,2.2640763079441827e-31,8.880114020802472e-22,2.2534400817750334e-17,7.008380294547884e-18,1.1303408038539578e-33,1.1303408038539578e-33,1.4565432884096363e-33,1.0,-1.0902971228080259e-21,2.7879516742855667e-22,1.4541796309395203e-20,-3.824187049453136e-22
weak,gaussian,0.001,0.4,0.1,209,0.0003200260293167098,-1.3832209918383104e-06,-5.140323247665884e-09,7.323767395301141e-19,7.78928800756792e-10,-9.783170184244763e-11,-1.2987442498791466e-06,1.2986464181873804e-06,-2.08591232036952e-11,2.08591232036952e-11,2.2217577227036756e-11,0.9999999999719021,1.193744071211796e-10,-3.071505033928073e-11,-8.468326416379254e-10,-7.586382126506564e-12
weak,gaussian,0.001,0.4,0.1,210,0.0003200273956521557,1.326267001130585e-16,5.040913065996575e-19,5.672613524773844e-39,6.033181846878092e-30,6.2689737140960585e-21,1.1356682316437434e-16,-1.2996965301473823e-16,-2.047217616260416e-31,2.047217616260416e-31,2.0890701064436287e-31,1.0,-1.1872561871840919e-20,3.0413322596595075e-21,7.430708634704286e-20,9.2898658366211e-22
weak,gaussian,0.001,0.4,0.1,211,0.0003200287358375877,-1.3244565618755755e-06,-4.933910293305104e-09,6.714567984157109e-19,7.141366055474502e-10,-9.39179925347604e-11,-1.2434336774856933e-06,1.2433397594858657e-06,-1.9168675029594943e-11,1.9168675029594943e-11,2.0419259684823205e-11,0.9999999999742427,1.145590254136873e-10,-2.9479746165484144e-11,-8.108074709470004e-10,-7.430863645951329e-12
weak,gaussian,0.001,0.4,0.1,212,0.00032003004965431886,1.0232553966719087e-16,3.323051282675636e-19,3.155123846562134e-39,3.3556729772966075e-30,1.458331244883796e-20,8.525618621340408e-17,-8.439945641615102e-17,-8.763668355635996e-32,8.763668355635996e-32,1.06250339994267e-31,1.0,-7.746779838703659e-21,1.991570377924705e-21,5.559783483270028e-20,1.601812671334033e-22
weak,gaussian,0.001,0.4,0.1,213,0.00032003133690920564,1.2656441165347088e-06,4.72588468793934e-09,6.131368118699182e-19,6.521096258137518e-10,8.997177856460477e-11,1.1880940380561592e-06,-1.1880040662832635e-06,-1.754318898980374e-11,1.754318898980374e-11,1.8689695229466898e-11,0.9999999999764828,-1.0970883776367981e-10,2.8235039582583473e-11,7.747586270543741e-10,7.255007308888015e-12
weak,gaussian,0.001,0.4,0.1,214,0.0003200325973929697,3.2060785174709487e-16,1.194468525324924e-18,3.7891541200226267e-38,4.0300041157581337e-29,2.1549231366955543e-20,2.9483607283272136e-16,-3.0977145610749803e-16,-1.1561705194366109e-30,1.1561705194366109e-30,1.1966155666752614e-30,1.0,-2.787746535499949e-20,7.191572661874374e-21,1.9251666570941513e-19,5.322015929361616e-23
weak,gaussian,0.001,0.4,0.1,215,0.00032003383092016655,1.2067934289042986e-06,4.516319167716333e-09,5.5743203025799415e-19,5.928640812798911e-10,8.599448151417375e-11,1.1327341378889958e-06,-1.1326481434178166e-06,-1.59839367784597e-11,1.59839367784597e-11,1.7030275451704316e-11,0.999999999978622,-1.0482545974758107e-10,2.698135853208909e-11,7.386919685986577e-10,7.059395604807284e-12
weak,gaussian,0.001,0.4,0.1,216,0.00032003503729098875,-2.078966763184807e-16,-8.292438725505676e-19,1.9278640070970078e-38,2.0504048231156446e-29,-3.2791006081577253e-21,-2.105902284677199e-16,2.107362437257892e-16,-5.460393971646372e-31,5.460393971646372e-31,5.3868178440718195e-31,1.0,1.9169356996640438e-20,-4.932433673833276e-21,-1.3742697646684794e-19,8.204026688695763e-22
weak,gaussian,0.001,0.4,0.1,217,0.0003200362163278103,-1.1479133066663594e-06,-4.305286345279448e-09,5.043551030996873e-19,5.364134255070154e-10,-8.198756335535302e-11,-1.0773618342950016e-06,1.077279846745424e-06,-1.449210426074763e-11,1.449210426074763e-11,1.544230069166019e-11,0.9999999999806598,9.991049838071212e-11,-2.571912973520221e-11,-7.026127471908181e-10,-6.84465219280447e-12
weak,gaussian,0.001,0.4,0.1,218,0.000320037367840351,8.287731870103399e-17,2.969437792406196e-19,2.651030290595164e-39,2.8195377236421823e-30,4.4831635606956576e-21,7.816245048750381e-17,-9.354727712867889e-17,-8.679699559995301e-32,8.679699559995301e-32,7.689697110835768e-32,1.0,-7.137488773836545e-21,1.8251192312729423e-21,5.095637221298146e-20,4.512375009347001e-22
weak,gaussian,0.001,0.4,0.1,219,0.00032003849165892204,-1.0890116203914058e-06,-4.092858713332367e-09,4.539163188930419e-19,4.827686009609493e-10,-7.79524553670237e-11,-1.0219840631283092e-06,1.0219061107014926e-06,-1.3068794655643085e-11,1.3068794655643085e-11,1.392698320859902e-11,0.9999999999825959,9.496555237916514e-11,-2.4448778726487893e-11,-6.665256250332932e-10,-6.611440623867568e-12
weak,gaussian,0.001,0.4,0.1,220,0.0003200395876028158,1.0654332387234438e-16,4.107273000290761e-19,3.1915532418349776e-39,3.394417934148155e-30,-3.757594965215071e-21,8.481113010853168e-17,-9.122971855664236e-17,-1.1708094072313616e-31,1.1708094072313616e-31,1.3673387120008402e-31,1.0,-9.493903869543744e-21,2.443492300886588e-21,5.563539295929886e-20,3.891359540661958e-22
weak,gaussian,0.001,0.4,0.1,221,0.00032004065551039234,-1.0300953335509039e-06,-3.879108647387952e-09,4.061238396799096e-19,4.319382884873943e-10,-7.389059808334567e-11,-9.666068683161262e-07,9.665329777046286e-07,-1.1715031722517842e-11,1.1715031722517842e-11,1.2485450355170688e-11,0.99999999998443,8.99922124012307e-11,-2.317072988164577e-11,-6.304346938239613e-10,-6.360462788297148e-12
weak,gaussian,0.001,0.4,0.1,222,0.00032004169521055706,1.0183134912638474e-16,2.394323912729915e-19,1.0396843591478987e-39,1.105769813984333e-30,1.1491762139509388e-20,4.859938284805589e-17,-4.8483107315425366e-17,-3.627160615194255e-32,3.627160615194255e-32,7.618295926049352e-32,1.0,-5.271752366053401e-21,1.3542164198193678e-21,3.1718588997841376e-20,1.9975474996146592e-21
weak,gaussian,0.001,0.4,0.1,223,0.00032004270654982677,-9.711705342071997e-07,-3.6641083968589454e-09,3.609839289479823e-19,3.839291497000981e-10,-6.980344518499116e-11,-9.112354326961367e-07,9.111656292670314e-07,-1.043176290163892e-11,1.043176290163892e-11,1.1118747705680264e-11,0.999999999986162,8.49920612717882e-11,-2.188540643813122e-11,-5.943434944655473e-10,-6.092457654727402e-12
weak,gaussian,0.001,0.4,0.1,224,0.00032004368936675324,4.407136994897933e-17,1.5930862540492332e-19,1.0012123244317358e-39,1.0648523814026253e-30,2.996415926882158e-21,4.826315884871799e-17,-4.611733817859406e-17,-2.295589632497537e-32,2.295589632497537e-32,2.1937471662620734e-32,1.0,-3.725860037095585e-21,9.60387840128994e-22,3.140046810507504e-20,-6.469539353054942e-22
weak,gaussian,0.001,0.4,0.1,225,0.00032004464351610955,9.122424715016925e-07,3.447930111225033e-09,3.185011751632819e-19,3.387460647217389e-10,6.56924388452091e-11,8.558741139908692e-07,-8.55808421562298e-07,-9.219862559568463e-12,9.219862559568463e-12,9.82784230247774e-12,0.9999999999877917,-7.996667445230672e-11,2.0593230578922595e-11,5.582550401135112e-10,5.808199592473783e-12
weak,gaussian,0.001,0.4,0.1,226,0.00032004556884612144,3.59922886699107e-18,-4.2640756223473335e-21,1.0948834222342846e-40,1.1644774950070306e-31,1.865140029760741e-21,-1.6358103532558234e-17,2.2792151229979034e-17,-3.036675583136579e-34,3.036675583136579e-34,-4.79537464815346e-35,1.0,1.9577613337061926e-22,-2.693449514111009e-23,-1.0278492424902225e-20,-1.9498415149006296e-21
weak,gaussian,0.001,0.4,0.1,227,0.0003200464652199209,-8.533155883994753e-07,-3.230645823357309e-09,2.7867870280690164e-19,2.963923566347956e-10,-6.155902334152935e-11,-8.005264768749021e-07,8.004649178339089e-07,-8.080134994670785e-12,8.080134994670785e-12,8.613625648932361e-12,0.9999999999893191,7.49176200417091e-11,-1.929462339235706e-11,-5.22171836645027e-10,-5.508496808944501e-12
weak,gaussian,0.001,0.4,0.1,228,0.0003200473324954224,6.891486235330745e-17,2.657235349423331e-19,2.567508096987376e-39,2.7307066090095255e-30,-3.945856469413215e-21,7.74049965352316e-17,-5.96963949096579e-17,-4.956372220016763e-32,4.956372220016763e-32,5.721747683945182e-32,1.0,-6.075721957872319e-21,1.5611577554071006e-21,5.027968643804665e-20,3.3108583848300515e-22
weak,gaussian,0.001,0.4,0.1,229,0.0003200481705442096,-7.943935631474913e-07,-3.0123274575082093e-09,2.4151838016662554e-19,2.5687001248102475e-10,-5.740465210493758e-11,-7.451953335238789e-07,7.451379288675983e-07,-7.0133175232401765e-12,7.0133175232401765e-12,7.476916797455707e-12,0.9999999999907442,6.984645937538012e-11,-1.7990004985377977e-11,-4.860959086372537e-10,-5.1941896478334034e-12
weak,gaussian,0.001,0.4,0.1,230,0.0003200489792339033,-1.6633159791314597e-17,-1.818209616880795e-19,1.3058392592207226e-39,1.3888423174369693e-30,-2.96725067049292e-21,-5.512182107515293e-17,3.5695131242852286e-17,-2.0278530822666366e-32,2.0278530822666366e-32,9.449357146544998e-33,1.0,4.209172286615993e-21,-1.0519786273871463e-21,-3.5864200320871205e-20,8.801160118125619e-22
weak,gaussian,0.001,0.4,0.1,231,0.0003200497584446274,7.354793473447752e-07,2.7930468305747728e-09,2.0702101413273262e-19,2.2017989043907068e-10,5.3230754678178296e-11,6.898827812451083e-07,-6.898295504601655e-07,-6.020083404883848e-12,6.020083404883848e-12,6.418465272517722e-12,0.9999999999920668,-6.475474718861976e-11,1.6679794483672652e-11,4.5002882341075473e-10,4.866148865862837e-12
weak,gaussian,0.001,0.4,0.1,232,0.00032005050805371775,7.973554455612454e-17,3.7907450261100677e-19,4.125956173764432e-39,4.3882143177667985e-30,1.5781417326318755e-20,9.761387940198838e-17,-7.841944223773252e-17,-9.288162434759091e-32,9.288162434759091e-32,9.44404434063812e-32,1.0,-8.735195821665515e-21,2.2571838873981454e-21,6.3592992786792e-20,6.992260286062488e-22
weak,gaussian,0.001,0.4,0.1,233,0.00032005122794992214,6.765752082263377e-07,2.572875670205014e-09,1.7518653665813536e-19,1.863219181365689e-10,4.903878910465537e-11,6.345902438652075e-07,-6.345412050626388e-07,-5.1010447255765054e-12,5.1010447255765054e-12,5.4389539557767505e-12,0.9999999999932873,-5.964403202350859e-11,1.536441009229432e-11,4.1397171751448953e-10,4.525273774428121e-12
weak,gaussian,0.001,0.4,0.1,234,0.0003200519180202964,-2.0288980471945076e-18,5.531548268186865e-20,1.1622386542290167e-40,1.236114027478028e-31,1.2119298959016542e-20,1.6455331000370747e-17,-2.532039865727306e-17,-4.3761964686478684e-33,4.3761964686478684e-33,-3.5066021627699715e-34,1.0,-1.2630762618138084e-21,3.15508574128554e-22,1.0562794437465464e-20,1.7193986714093222e-21
weak,gaussian,0.001,0.4,0.1,235,0.0003200525781622929,6.17682772425035e-07,2.3518855989641086e-09,1.4601418049624193e-19,1.5529527955843404e-10,4.483019880220296e-11,5.793185147545121e-07,-5.792736845332203e-07,-4.256755075479248e-12,4.256755075479248e-12,4.53900176507254e-12,0.9999999999944055,-5.4515856599930797e-11,1.4044269146129166e-11,3.779253242421114e-10,4.172490391093119e-12
weak,gaussian,0.001,0.4,0.1,236,0.000320053208272685,-8.785833171030262e-17,-3.262160479763853e-19,3.062940096565148e-39,3.2576297517833485e-30,-4.0400801332776e-21,-8.378038713655626e-17,9.340615259329708e-17,-9.520475086037461e-32,9.520475086037461e-32,8.955010295636307e-32,1.0,7.659282184142071e-21,-1.951054159037862e-21,-5.475853945062346e-20,1.4040077962200896e-21
weak,gaussian,0.001,0.4,0.1,237,0.0003200538082577104,5.588030703648772e-07,2.130148152884825e-09,1.195026432855288e-19,1.2709858956113964e-10,4.060642957083109e-11,5.240678005687765e-07,-5.240271941277154e-07,-3.48771216224289e-12,3.48771216224289e-12,3.719166269709386e-12,0.9999999999954216,-4.937175816664017e-11,1.2719788154408043e-11,3.4189000160501157e-10,3.808749518638521e-12
weak,gaussian,0.001,0.4,0.1,238,0.00032005437802385084,1.6416415448910994e-16,5.649743561746026e-19,8.291203600739968e-39,8.818217358593796e-30,2.0477426534130352e-20,1.3801259070650043e-16,-1.443668398993514e-16,-2.548428267993253e-31,2.548428267993253e-31,2.897899352669413e-31,1.0,-1.3013639945193026e-20,3.3503076441366783e-21,9.005573016465415e-20,7.679057998771786e-22
weak,gaussian,0.001,0.4,0.1,239,0.0003200549174862026,4.999365830257035e-07,1.9077347791924366e-09,9.56502403233047e-20,1.017300563572407e-10,3.636892737875875e-11,4.6883776714969995e-07,-4.6880139821456346e-07,-2.794360227089842e-12,2.794360227089842e-12,2.97994611149781e-12,0.9999999999963356,-4.421326892196368e-11,1.139138286178089e-11,3.058657616926534e-10,3.4350247754707913e-12
weak,gaussian,0.001,0.4,0.1,240,0.00032005542656094637,-1.541814731028339e-16,-5.531383382904828e-19,7.953951787054284e-39,8.459528808550843e-30,-1.7946966437134687e-20,-1.3518520238724065e-16,1.3745874869319225e-16,-2.3756417646979892e-31,2.3756417646979892e-31,2.6646535802772966e-31,1.0,1.2681043418718109e-20,-3.2910162029138385e-21,-8.821595276726079e-20,-5.077544519172661e-22
weak,gaussian,0.001,0.4,0.1,241,0.0003200559051721099,-4.4108329060391083e-07,-1.6847168542786037e-09,7.445504524370247e-20,7.91876311352802e-11,-3.2119138281152145e-11,-4.136275873438715e-07,4.1359546822702666e-07,-2.1770923295435635e-12,2.1770923295435635e-12,2.321783294145046e-12,0.9999999999971477,3.904191647195125e-11,-1.0059468318479023e-11,-2.698523012682295e-10,-3.052310483859658e-12
weak,gaussian,0.001,0.4,0.1,242,0.00032005635324555557,-1.4741822980727562e-16,-5.14495296622054e-19,6.541503894125108e-39,6.95730149303471e-30,-1.4258795562887504e-20,-1.2174615169768072e-16,1.3410857160548082e-16,-2.1558150190752374e-31,2.1558150190752374e-31,2.369769732832061e-31,1.0,1.204680015843286e-20,-3.0897279898721306e-21,-7.984662567320508e-20,3.3687460010452916e-21
weak,gaussian,0.001,0.4,0.1,243,0.00032005677071430833,3.822427208123591e-07,1.4611656767772076e-09,5.591501736699484e-20,5.946914350380953e-11,2.7858507733142047e-11,3.584359887311627e-07,-3.584081302156244e-07,-1.6362523966613098e-12,1.6362523966613098e-12,1.7450652351532426e-12,0.999999999997858,-3.385922422525145e-11,8.724458932272424e-12,2.3384903228042207e-10,2.661619752743361e-12
weak,gaussian,0.001,0.4,0.1,244,0.0003200571575138968,-7.460066152986788e-17,-3.3647335500374423e-19,1.7297716955658308e-39,1.839721170383694e-30,5.137064850139534e-21,-6.165818696807918e-17,9.010201031961967e-17,-9.472347358302108e-32,9.472347358302108e-32,7.842703804980058e-32,1.0,7.587174817105836e-21,-1.9542288050923437e-21,-4.077536809041955e-20,2.3993375603796318e-21
weak,gaussian,0.001,0.4,0.1,245,0.0003200575135864055,-3.234139991613316e-07,-1.2371524830740655e-09,4.0028116222677805e-20,4.257242329390212e-11,-2.3588480585508314e-11,-3.0326130289242374e-07,3.0323771438423884e-07,-1.1721371171962388e-12,1.1721371171962388e-12,1.2501266651730622e-12,0.9999999999984667,2.8666711817241593e-11,-7.386768529083926e-12,-1.9785511338205673e-10,-2.2639822296649677e-12
weak,gaussian,0.001,0.4,0.1,246,0.00032005783887700535,2.3542217717445938e-17,8.302083517521239e-20,3.187086544198285e-40,3.3896673198185348e-31,-6.528998192668963e-21,2.7466360925503002e-17,-1.227157347519795e-17,-3.183163025781816e-33,3.183163025781816e-33,6.106691789324161e-33,1.0,-1.8687409025162035e-21,4.840127962180971e-22,1.771076754309319e-20,1.1449482550339812e-21
weak,gaussian,0.001,0.4,0.1,247,0.00032005813333690545,2.64595901577902e-07,1.0127484504616606e-09,2.6792402981293034e-20,2.849540843828666e-11,1.931051160176024e-11,2.481015172631705e-07,-2.4808220676350474e-07,-7.849976123630602e-13,7.849976123630602e-13,8.372513034669606e-13,0.9999999999989737,-2.346589567115398e-11,6.046810445668496e-12,1.6186948310470346e-10,1.8604420157122925e-12
weak,gaussian,0.001,0.4,0.1,248,0.0003200583969208907,1.3304967262798925e-17,2.430135091122249e-20,7.914519232658817e-41,8.41758980277938e-32,6.0065848523176614e-21,1.3322331120858724e-17,-1.719236190305136e-17,-1.3053793420769136e-33,1.3053793420769136e-33,1.0102177647147363e-33,1.0,-6.554507318500871e-22,1.8267976092907904e-22,8.706645372214251e-21,-1.6960339419222773e-21
weak,gaussian,0.001,0.4,0.1,249,0.00032005862958935197,-2.0578690570691172e-07,-7.880247107261863e-10,1.6206127339912676e-20,1.72362373795338e-11,-1.5026029890403275e-11,-1.9295432571593836e-07,1.9293929968234754e-07,-4.750408886489625e-13,4.750408886489625e-13,5.066733149766669e-13,0.9999999999993793,1.8258289414529044e-11,-4.704997586826366e-12,-1.2589089220480184e-10,-1.4520554930485278e-12
weak,gaussian,0.001,0.4,0.1,250,0.0003200588313066612,-2.654866924166392e-17,-3.906579915784941e-20,1.7255103417410711e-40,1.8351889521343133e-31,7.623317012921277e-21,-2.0364793193836162e-17,1.511602266207272e-17,-1.8450342487698225e-33,1.8450342487698225e-33,3.240482308420625e-33,1.0,1.0079299968194599e-21,-2.513285459841788e-22,-1.3016034918043487e-20,-1.4334504769488155e-21
weak,gaussian,0.001,0.4,0.1,251,0.00032005900204244426,1.469852436465635e-07,5.630523503229194e-10,8.267800602521771e-21,8.793326795646769e-12,1.0736491520406304e-11,1.3781718027904673e-07,-1.3780644379922085e-07,-2.424310566978047e-13,2.424310566978047e-13,2.5857853198895295e-13,0.9999999999996834,-1.3045404314160065e-11,3.3617424853489164e-12,8.991793673595256e-11,1.0398891350991469e-12
weak,gaussian,0.001,0.4,0.1,252,0.00032005914177062663,-1.0922406335451729e-16,-4.0253013265962793e-19,4.350170116607571e-39,4.6266799710094305e-30,-9.864140362472462e-21,-9.979379712822112e-17,9.505653774118933e-17,-1.195501573098246e-31,1.195501573098246e-31,1.3736828908710277e-31,1.0,9.445429104420077e-21,-2.418532400355655e-21,-6.522580786926497e-20,8.358674961421665e-22
weak,gaussian,0.001,0.4,0.1,253,0.0003200592504701268,-8.818895771631197e-08,-3.3790242938189245e-10,2.9762547724785426e-21,3.16543444861559e-12,-6.4433401738542135e-12,-8.268734617178339e-08,8.268090282638444e-08,-8.729033104803549e-14,8.729033104803549e-14,9.310545785890404e-14,0.999999999999886,7.8287499594532e-12,-2.0174574260743468e-12,-5.394909327784041e-11,-6.25017266766716e-13
weak,gaussian,0.001,0.4,0.1,254,0.0003200593281243844,-2.1451088580452872e-17,2.423331198797173e-20,3.548795967790945e-41,3.774368078777956e-32,2.807636150104228e-21,-9.498900969897994e-18,1.5872763153920622e-17,1.2018072520312687e-33,1.2018072520312687e-33,-1.6241705095678718e-33,1.0,-3.527746781903276e-22,1.1640255603128108e-22,-5.931320836886242e-21,-4.1157414788302174e-22
weak,gaussian,0.001,0.4,0.1,255,0.0003200593747216588,2.9395951738758752e-08,1.1264597916456578e-10,3.306863884558062e-22,3.517058067023503e-13,2.1480209443626075e-12,2.7561952362431753e-08,-2.7559804333508893e-08,-9.699766324394645e-15,9.699766324394645e-15,1.034600461232082e-14,0.9999999999999873,-2.6098345226867387e-12,6.72554460560148e-13,1.798275124101534e-11,2.0851983440565267e-13
weak,gaussian,0.001,0.4,0.1,256,0.000549484551522342,-0.008840943482140633,0.06346073699695501,1.667291881359111e-17,1.7732699518717955e-08,1.2394738213265185e-06,1.2416539499181948e-06,-2.180128638678995e-09,-2.517860962158676e-07,2.517860962158676e-07,-1.0210528896047735,5.9173561828274046e-08,4.081566574675697e-09,-1.1717706163614923e-10,1.4250306124988263e-12,-7.845987989584857e-13
weak,gaussian,0.001,0.4,0.1,257,0.0014742182524667472,-0.446186653266189,0.015741102639806884,2.1723717394922675e-12,0.0023104542000150197,0.00044707159380171397,0.0004478791108265805,-8.075170249170974e-07,-8.62233821304437e-06,8.62233821304437e-06,-4.7641995300376525,0.0023346043244087955,1.47228741315393e-06,-6.885639746195854e-08,5.057575356787947e-10,-2.3086500824690128e-10
weak,gaussian,0.001,0.4,0.1,258,0.001484374659732984,8.706182764397268e-16,-2.8574760576236595e-17,3.20525861803319e-39,3.408994465146181e-30,3.4402043462680203e-17,-1.4363106237966037e-17,3.167573947776102e-17,-6.097696869974088e-31,6.097696869974088e-31,-1.6759723456230432e-29,1.0,-4.715815937946805e-20,-3.132675735753599e-20,-2.676177126397211e-23,-1.3388186676412547e-23
weak,gaussian,0.001,0.4,0.1,259,0.0020037314215595676,-6.511864670782214e-05,5.924591825511374e-07,3.2064474213431828e-15,3.410258832358584e-06,-1.7165382586428117e-05,-1.719244789576596e-05,2.706530935629739e-08,8.002614963359203e-12,8.002614963359203e-12,-1.9254147428263854e-08,0.9999999885003057,-5.653169214987367e-08,3.2580495327249676e-09,-1.621267916994659e-11,7.376072050196504e-12
weak,gaussian,0.001,0.4,0.1,260,0.002003759491810948,-2.9718027396586056e-15,4.529514982026618e-17,4.374212661893985e-36,4.652250732553691e-27,-6.564520499934606e-16,-6.345003639038655e-16,-1.8818533325155735e-17,-4.253945095926826e-31,4.253945095926826e-31,-6.717784788006592e-29,1.0,-2.0863096626003366e-18,1.4671135267142946e-19,-6.035187297678549e-22,2.615280417654738e-22
weak,gaussian,0.001,0.4,0.1,261,0.0020038062724254124,-0.00019528775835501652,1.7759605648384746e-06,2.884390183146504e-14,3.067730670575985e-05,-5.148355495403288e-05,-5.1564737842422295e-05,8.11828883747758e-08,7.195186993739305e-11,7.195186993739305e-11,-1.7308227966290312e-07,0.9999998965827283,-1.6955359921204116e-07,9.771180643711322e-09,-4.863153767629955e-11,2.212485163956774e-11
weak,gaussian,0.001,0.4,0.1,262,0.002003871761606356,7.383339293785963e-15,-4.966274150289796e-17,3.032740404870308e-35,3.225510477145846e-26,1.7242331200321171e-15,1.6720543022794679e-15,6.703612933733573e-18,-1.661382742359804e-31,1.661382742359804e-31,-1.829841997880861e-28,1.0,5.497782748106525e-18,-3.190387605145785e-19,1.6200343279250204e-21,-7.403400882650289e-22
weak,gaussian,0.001,0.4,0.1,263,0.0020039559508073933,-0.000325252404496372,2.955214507193056e-06,8.004350164193393e-14,8.51313065763502e-05,-8.576394638461259e-05,-8.589920771370359e-05,1.3526132906435027e-07,1.9946857701743998e-10,1.9946857701743998e-10,-4.796465829899301e-07,0.9999997131736613,-2.824510662699496e-07,1.6275407213908234e-08,-8.103088194400627e-11,3.6863533524463534e-11
weak,gaussian,0.001,0.4,0.1,264,0.0020040588389981413,-1.9827033103112426e-15,2.8470587700723034e-17,2.1422264806236318e-36,2.2783928181173444e-27,-5.112892572154541e-16,-4.423761138110474e-16,-9.147080978679756e-18,-1.2994766727473265e-31,1.2994766727473265e-31,-2.8167201173070177e-29,1.0,-1.454299129659178e-18,1.650462051087425e-19,-4.757985151834018e-22,2.142222324534041e-22
weak,gaussian,0.001,0.4,0.1,265,0.0020041804099692915,0.00045487654070616376,-4.127401069071654e-06,1.5665474478410934e-13,0.0001666121900128018,0.00011998136125126665,0.00012017063572269823,-1.892744715144918e-07,3.89791084770086e-10,3.89791084770086e-10,-9.367709169630107e-07,0.9999994391231004,3.951411058988879e-07,-2.2764790643333324e-08,1.1339765340400261e-10,-5.15853720161968e-11
weak,gaussian,0.001,0.4,0.1,266,0.002004320665521125,-2.665820563211861e-15,2.612728654830202e-17,4.868585542678517e-36,5.178047435768542e-27,-6.949757455999995e-16,-6.703621545105605e-16,-2.3296923673720127e-17,-3.0368663606975685e-31,3.0368663606975685e-31,-3.475025675259549e-29,1.0,-2.204189412115659e-18,1.0066811091782264e-19,-6.483650385350543e-22,2.987687342642205e-22
weak,gaussian,0.001,0.4,0.1,267,0.002004479579714863,-0.0005840245217746329,5.289717817832419e-06,2.5845216944448185e-13,0.0002748801641728051,-0.00015411059179357047,-0.00015435378784915858,2.431960556139647e-07,6.417817979421615e-10,6.417817979421615e-10,-1.5412104718581315e-06,0.9999990757005985,-5.07540690763614e-07,2.9233389064806153e-08,-1.4571872017940273e-10,6.62836007207257e-11
weak,gaussian,0.001,0.4,0.1,268,0.002004657159195564,-2.617483660343692e-15,2.6248483808083493e-17,4.578252920421076e-36,4.869260401624534e-27,-7.235633203413995e-16,-6.48741616279413e-16,-6.106721154463762e-17,-7.995989269693659e-31,7.995989269693659e-31,-3.4272682069997794e-29,1.0,-2.133130016052157e-18,1.6735821814480175e-19,-6.208927257475009e-22,3.1040299654551476e-22
weak,gaussian,0.001,0.4,0.1,269,0.0020048533662778084,-0.0007125612619281498,6.439386788041276e-06,3.85135707442252e-13,0.000409616087642386,-0.000188126413976005,-0.00018842341365742744,2.9699968145267694e-07,9.539330192260181e-10,9.539330192260181e-10,-2.28867489907705e-06,0.9999986245887673,-6.195667399932869e-07,3.5675256215301186e-08,-1.7798084834984504e-10,8.095142449105336e-11
weak,gaussian,0.001,0.4,0.1,270,0.002005068214399048,-7.470361728039367e-15,7.100096933902409e-17,4.3028702590383236e-35,4.5763735926883236e-26,-2.003139477250906e-15,-1.9914389064060993e-15,-3.143262041045525e-17,-1.1130526642340732e-30,1.1130526642340732e-30,-2.645311118070427e-28,1.0,-6.54821330271035e-18,3.867827301399007e-19,-1.8736082608994036e-21,8.613060160890158e-22
weak,gaussian,0.001,0.4,0.1,271,0.002005301652175495,0.0008403523956455779,-7.5736613969028255e-06,5.363311617593347e-13,0.0005704219783191489,0.0002220035840656561,0.00022235424283644702,-3.506587708136606e-07,1.3243747109646303e-09,1.3243747109646303e-09,-3.1738589013732714e-06,0.9999980878746607,7.311361079311233e-07,-4.208444048612828e-08,2.1017067381414482e-10,-9.558201161823289e-11
weak,gaussian,0.001,0.4,0.1,272,0.0020055537017023618,3.0992126116105846e-15,-3.395032181338733e-17,7.55221459583689e-36,8.032255997053393e-27,8.407235084418638e-16,8.349579866223461e-16,-2.908127673561583e-17,4.922923295847286e-31,4.922923295847286e-31,-5.246394820690932e-29,1.0,2.7452662595966553e-18,-1.25407128776166e-19,8.298604838627502e-22,-3.509141988846274e-22
weak,gaussian,0.001,0.4,0.1,273,0.0020058242960267997,0.0009672644391028572,-8.689833302536008e-06,7.115908134360235e-13,0.000756821658884049,0.00025571683610333296,0.0002561209826346765,-4.0414653134890493e-07,1.7508841597824595e-09,1.7508841597824595e-09,-4.190480069428034e-06,0.9999974680390838,8.421655758271311e-07,-4.8454984198395016e-08,2.4227467489902045e-10,-1.1016848631813453e-10
weak,gaussian,0.001,0.4,0.1,274,0.0020061134676696824,1.2403278228861523e-15,-1.4629165509916293e-17,1.1730366354046483e-36,1.2475983607094812e-27,2.8121335437593044e-16,3.292872334960193e-16,-7.930026674483677e-18,5.782807133727615e-32,5.782807133727615e-32,-9.044832857152889e-30,1.0,1.0828828217321284e-18,-2.0033321744030337e-20,2.852403999952155e-22,-1.2024943335272058e-22
weak,gaussian,0.001,0.4,0.1,275,0.0020064211323345474,-0.0010931649525466186,9.785239193304054e-06,9.10394164523137e-13,0.0009682615469778045,-0.0002892408805097898,-0.00028969831643029366,4.5743592042485205e-07,2.230897504432801e-09,2.230897504432801e-09,-5.331323701699309e-06,0.9999967679438794,-9.525718472643906e-07,5.4780923160582714e-08,-2.7427914592367953e-10,1.247039215981728e-10
weak,gaussian,0.001,0.4,0.1,276,0.002006747334623724,-6.467620953253367e-15,6.148202724339656e-17,3.012678774350151e-35,3.20417366924515e-26,-1.744610735697398e-15,-1.667279426071838e-15,-4.474087717126391e-17,-1.370755441742191e-30,1.370755441742191e-30,-1.9815272246141842e-28,1.0,-5.4821341697876495e-18,2.701657625929727e-19,-1.607965250227131e-21,7.504122194564068e-22
weak,gaussian,0.001,0.4,0.1,277,0.002007091971233108,0.0012179227034395668,-1.085726749255455e-05,1.1321488243021533e-12,0.0012041115977518395,0.00032255040394186597,0.00032306090355416607,-5.104996122920552e-07,2.7615231015522296e-09,2.7615231015522296e-09,-6.58829429145416e-06,0.9999959908172533,1.0622715477052381e-06,-6.105628654327161e-08,3.061701718226116e-10,-1.3918133253939775e-10
weak,gaussian,0.001,0.4,0.1,278,0.0020074551003763097,-2.7516327434591555e-15,2.2973507664259986e-17,6.185275104474079e-36,6.578429733541165e-27,-7.146061439817532e-16,-7.548825354037472e-16,2.3831491528997558e-17,2.7272986239619575e-31,2.7272986239619575e-31,-3.1489947600440813e-29,1.0,-2.482080157399678e-18,1.5669256371071867e-19,-7.308626519778936e-22,3.20989743938324e-22
weak,gaussian,0.001,0.4,0.1,279,0.0020078365982017865,0.001341407830671805,-1.1903364967172543e-05,1.3761915475147493e-12,0.0014636664080908055,0.0003556200706382414,0.0003561833806048656,-5.633099666230771e-07,3.3395566792464617e-09,3.3395566792464617e-09,-7.952473320094837e-06,0.9999951402372148,1.171181228944151e-06,-6.727509712725221e-08,3.3793360404423227e-10,-1.535936700800041e-10
weak,gaussian,0.001,0.4,0.1,280,0.0020082365379251723,8.681573263267189e-16,-1.0727672352760003e-17,4.01934888771461e-37,4.274830753007489e-28,1.922524830062587e-16,1.9168896237813095e-16,-4.578445828195576e-17,2.4457311577692816e-31,2.4457311577692816e-31,-4.637554975024662e-30,1.0,6.30187178551025e-19,-6.927455095227143e-20,2.015772494431001e-22,-6.869012460027329e-23
weak,gaussian,0.001,0.4,0.1,281,0.0020086547737447748,-0.0014634920098016285,1.2921043224667274e-05,1.6417894337721566e-12,0.0017461464922599922,-0.0003884245254021498,-0.0003890403644028693,6.158390007343908e-07,3.961498238490254e-09,3.961498238490254e-09,-9.414182947101473e-06,0.9999942201132104,-1.2792173789511417e-06,7.343137196618007e-08,-3.6955503786822807e-10,1.6793381535206507e-10
weak,gaussian,0.001,0.4,0.1,282,0.0020090913951177334,3.32937122194443e-16,-2.8155301788359807e-18,2.3198057799727403e-37,2.467259590115016e-28,6.575320106152364e-17,1.4483776080321042e-16,-4.8111335272442993e-17,6.742297375462171e-32,6.742297375462171e-32,-4.665763426547975e-31,1.0,4.763722032572157e-19,-7.106396698600161e-20,1.1077576485115358e-22,-4.781299378305674e-23
weak,gaussian,0.001,0.4,0.1,283,0.0020095462330385005,0.0015840486193179765,-1.3907885084765963e-05,1.928141297951227e-12,0.0020506997394078743,0.0004209383983759972,0.00042160645673806825,-6.680583621398154e-07,4.623570623955636e-09,4.623570623955636e-09,-1.0963055143471545e-05,0.9999932346660485,1.386296437612417e-06,-7.951912350254755e-08,4.010197912896966e-10,-1.8219457462548245e-10
weak,gaussian,0.001,0.4,0.1,284,0.002010019394282751,-5.031229986836188e-15,4.14496856002111e-17,1.8792183240931113e-35,1.9986670746604833e-26,-1.3752197677659326e-15,-1.3159209818184253e-15,-4.341195174232588e-17,-8.952210889751343e-31,8.952210889751343e-31,-1.0375168604337273e-28,1.0,-4.3269130888370696e-18,2.6458353876630703e-19,-1.2533060462359192e-21,5.8550782616455585e-22
weak,gaussian,0.001,0.4,0.1,285,0.002010510685547317,-0.0017029529079538377,1.4861550810445559e-05,2.2343792220035354e-12,0.0023764030640128554,-0.0004531363117690338,-0.0004538562510761362,7.199393071780724e-07,5.321739730595473e-09,5.321739730595473e-09,-1.2588105773962746e-05,0.9999921884062146,-1.4923348189125749e-06,8.553236118347417e-08,-4.3231288564280666e-10,1.9636867492035107e-10
weak,gaussian,0.001,0.4,0.1,286,0.0020110202318308393,5.165745869374166e-15,-4.172180358628837e-17,2.026384692992282e-35,2.1551877791709918e-26,1.3655762275808222e-15,1.3669778725928743e-15,-2.027540756759631e-17,4.206454807255041e-31,4.206454807255041e-31,-1.0717158938898167e-28,1.0,4.4946808934725e-18,-2.4837167251305525e-19,1.3238364255506037e-21,-5.962602291370441e-22
weak,gaussian,0.001,0.4,0.1,287,0.0020115478146085705,0.0018200821630192793,-1.5779784183728857e-05,2.559570298795839e-12,0.002722264260567451,0.00048499288868450506,0.00048576434136475994,-7.714526802612093e-07,6.051736237177088e-09,6.051736237177088e-09,-1.427781309522955e-05,0.9999910861106893,1.5972489400218664e-06,-9.146509360946028e-08,4.634190281169676e-10,-2.1044876034296466e-10
weak,gaussian,0.001,0.4,0.1,288,0.0020120935778249398,-1.0827692892279104e-15,8.968254730742391e-18,7.601889697079735e-37,8.085088596656962e-28,-2.6731118098945604e-16,-2.6471368069363356e-16,3.952468597543582e-17,1.761684724243724e-31,1.761684724243724e-31,-4.826093034359678e-30,1.0,-8.702642851482265e-19,5.318790207649238e-20,-2.800571755126559e-22,1.1110400345560997e-22
weak,gaussian,0.001,0.4,0.1,289,0.002012657276988177,-0.0019353158795884506,1.6660418409798934e-05,2.9027185784328468e-12,0.0030872240736151734,-0.000516482764150946,-0.0005173053330490781,8.225688981355378e-07,6.809078808654933e-09,6.809078808654933e-09,-1.6020200099503108e-05,0.9999899327983912,-1.7009552576479223e-06,9.731133125312019e-08,-4.943225962971205e-10,2.2442738918677878e-10
weak,gaussian,0.001,0.4,0.1,290,0.002013239075521919,4.856652799100944e-15,-4.19640649555081e-17,1.6834248250616978e-35,1.7904283538426108e-26,1.3024386805740807e-15,1.2451563218727844e-15,7.460339230287466e-18,-1.5550371729634155e-31,1.5550371729634155e-31,-1.0123233549646217e-28,1.0,4.093923658055314e-18,-2.720946069753408e-19,1.2443839140958021e-21,-5.558737121299708e-22
weak,gaussian,0.001,0.4,0.1,291,0.0020138387024079565,0.002048535930523565,-1.750138183450071e-05,3.2627672277619818e-12,0.003470158494519886,0.0005475805984992852,0.0005484538564367281,-8.732579374984441e-07,7.589098663112696e-09,7.589098663112696e-09,-1.7802920104235993e-05,0.9999887337043728,1.8033703121134063e-06,-1.0306508978066075e-07,5.250076248984521e-10,-2.382970318570144e-10
weak,gaussian,0.001,0.4,0.1,292,0.0020144563408865963,-1.1119618242451044e-15,5.59917157103467e-18,1.2665895182428628e-36,1.3470977452520111e-27,-3.0446893311144273e-16,-3.4200093331848373e-16,2.3382468906862747e-17,6.499145824440495e-32,6.499145824440495e-32,-3.0906924652677467e-30,1.0,-1.1246539941267195e-18,4.174686063251847e-20,-3.039587922680683e-22,1.3774636572750902e-22
weak,gaussian,0.001,0.4,0.1,293,0.0020150916930460417,-0.0021596267370335466,1.8300703457623923e-05,3.6386009127189924e-12,0.003869881295240448,-0.0005782610931509998,-0.000579184582476846,9.234893258600479e-07,8.386965395752646e-09,8.386965395752646e-09,-1.961334495596269e-05,0.9999874942529083,-1.90441077937093e-06,1.0872039400314923e-07,-5.554577948017084e-10,2.52050069647791e-10
weak,gaussian,0.001,0.4,0.1,294,0.0020157449620795474,2.757853695679463e-15,-2.0052534106371205e-17,5.689973284200088e-36,6.051645044657949e-27,7.523356908711774e-16,7.242448749885304e-16,1.768313895557541e-17,-1.7591101735834772e-31,1.7591101735834772e-31,-2.7434996159405963e-29,1.0,2.3812810830515606e-18,-1.3954595456791014e-19,7.14430613250441e-22,-3.2226309815702263e-22
weak,gaussian,0.001,0.4,0.1,295,0.002016415823011802,0.0022684754397130948,-1.9056518226873674e-05,4.029048413305313e-12,0.004285146809523871,0.0006084990089379976,0.0006094722410756651,-9.732321376465784e-07,9.197713962757719e-09,9.197713962757719e-09,-2.143865519738824e-05,0.9999862200296188,2.0039935313582244e-06,-1.1427128248618034e-07,5.856564245604496e-10,-2.656787944281865e-10
weak,gaussian,0.001,0.4,0.1,296,0.0020171044989202133,6.081739336729197e-17,-2.6072398481818067e-18,1.861283079306078e-39,1.9795918119450034e-30,1.0034009407692533e-17,1.3051911168865655e-17,1.3301386641347252e-18,-1.7192914549523043e-33,1.7192914549523043e-33,-7.861046938055715e-32,1.0,4.2869382829061656e-20,4.847527292646313e-21,2.0377629739564186e-23,1.2611926363083485e-23
weak,gaussian,0.001,0.4,0.1,297,0.002017810637796834,-0.0023749720696652904,1.976707209436126e-05,4.4328854792456284e-12,0.004714652970077045,-0.0006382691869849024,-0.0006392916419792245,1.0224549943297361e-06,1.0016272690594562e-08,1.0016272690594562e-08,-2.326593152191272e-05,0.9999849167527867,-2.102035704793572e-06,1.1971181283823202e-07,-6.155864644702559e-10,2.791754092568691e-10
weak,gaussian,0.001,0.4,0.1,298,0.0020185344823268597,5.096836466625438e-15,-4.006774370430808e-17,2.0773704361984574e-35,2.2094143290703786e-26,1.3856533571371724e-15,1.3846979814183815e-15,1.4960254601124745e-17,-2.9695982523819867e-31,2.9695982523819867e-31,-1.0117178529053747e-28,1.0,4.553099974180243e-18,-2.0732321351804086e-19,1.3118267001435088e-21,-5.92749276598059e-22
weak,gaussian,0.001,0.4,0.1,299,0.002019275653703621,0.002479009719476958,-2.043072681917786e-05,4.84883793376441e-12,0.005157044609628613,0.0006675465722191489,0.0006686176982870893,-1.0711260679192137e-06,1.0837492168253327e-08,1.0837492168253327e-08,-2.5082246828373995e-05,0.9999835902440202,2.1984547786212397e-06,-1.250360676943571e-07,6.452304933352412e-10,-2.925320299631272e-10
weak,gaussian,0.001,0.4,0.1,300,0.0020200344137350913,3.586210415534894e-15,-3.050554348186735e-17,1.093395220644589e-35,1.1628946988626723e-26,9.790788298723473e-16,1.0045467928685376e-15,2.2749125965912785e-17,-3.435458557581972e-31,3.435458557581972e-31,-5.415714555275491e-29,1.0,3.3031752172678993e-18,-1.5160685241751914e-19,9.371006512192326e-22,-4.1787017076957747e-22
weak,gaussian,0.001,0.4,0.1,301,0.0020208103572536295,-0.0025804847136737356,2.1045964498752918e-05,5.275585031249042e-12,0.005610917032015231,-0.0006963062395287465,-0.0006974254526198415,1.1192130911014283e-06,1.1656174908897613e-08,1.1656174908897613e-08,-2.6874758177387843e-05,0.999982246398431,-2.293168660181329e-06,1.302381614128059e-07,-6.745707180334109e-10,3.0574068771671003e-10
weak,gaussian,0.001,0.4,0.1,302,0.0020216037644966937,-7.008335869963698e-15,6.324462084837196e-17,3.937184902068733e-35,4.187444178106704e-26,-1.8726182760318257e-15,-1.90594222007547e-15,2.0414048157714826e-17,6.3864084465459636e-31,6.3864084465459636e-31,-2.192514441544136e-28,1.0,-6.267026331099181e-18,3.102032167575044e-19,-1.8066791487282728e-21,8.283843442037928e-22
weak,gaussian,0.001,0.4,0.1,303,0.0020224142045766804,0.002679296778309047,-2.1611391812044554e-05,5.711763073160474e-12,0.006074819857930346,0.0007245234225916152,0.0007256901059622989,-1.1666833707117792e-06,1.2467105594883147e-08,1.2467105594883147e-08,-2.8630797947201653e-05,0.9999808911544971,2.3860957801757833e-06,-1.353122474913403e-07,7.035889759917256e-10,-3.1879333261243566e-10
weak,gaussian,0.001,0.4,0.1,304,0.0020232419752607275,-2.756424251540438e-15,2.0637190094275178e-17,5.9933022248518105e-36,6.3742544821562834e-27,-7.552091234632647e-16,-7.426537509365691e-16,-1.893891401849562e-17,-1.931780644915002e-31,1.931780644915002e-31,-2.8115693503333755e-29,1.0,-2.441901528310832e-18,1.7440907491808098e-19,-7.142983521364248e-22,3.3948360135186054e-22
weak,gaussian,0.001,0.4,0.1,305,0.0020240866207835335,-0.002775349209155918,2.2125743956859234e-05,6.155969284038638e-12,0.006547261147300132,-0.0007521735453371536,-0.0007533870491433562,1.2135038061935495e-06,1.3265081756293104e-08,1.3265081756293104e-08,-3.033796348541882e-05,0.9999795304637817,-2.4771551963014547e-06,1.4025252670778434e-07,-7.322667406333877e-10,3.3168183827256596e-10
weak,gaussian,0.001,0.4,0.1,306,0.002024948455338833,-2.509029601970041e-15,2.2393465998129652e-17,4.8239545405043695e-36,5.130579553292664e-27,-6.457750026091572e-16,-6.668039375363108e-16,4.9136489534165826e-17,5.433897859225645e-31,5.433897859225645e-31,-2.774681445934156e-29,1.0,-2.1922949111165477e-18,1.3340546657114967e-19,-6.8054540071983145e-22,2.8555866157013204e-22
weak,gaussian,0.001,0.4,0.1,307,0.002025826999323733,0.0028685490380933876,-2.2587888264904467e-05,6.606765947992639e-12,0.007026711798701403,0.0007792322560270671,0.0007804918969410471,-1.2596409140204973e-06,1.4044944720993088e-08,1.4044944720993088e-08,-3.198420456262183e-05,0.9999781702606894,2.5662667055121997e-06,-1.4505325598714304e-07,7.605851298931798e-10,-3.443980074837108e-10
weak,gaussian,0.001,0.4,0.1,308,0.0020267225820568575,-7.0014522554908795e-15,5.231752305482331e-17,4.000016660138485e-35,4.2542697110886955e-26,-1.9493713733379246e-15,-1.920948298239227e-15,-5.0974582016786895e-17,-1.3158504738061947e-30,1.3158504738061947e-30,-1.807344739910796e-28,1.0,-6.316264008201787e-18,3.2399301652785996e-19,-1.841443553778104e-21,8.4522563241578365e-22
weak,gaussian,0.001,0.4,0.1,309,0.002027634701330887,-0.0029588071971707736,2.2996827477941156e-05,7.062684803445064e-12,0.007511610223449046,-0.0008056754639031694,-0.000806980524759397,1.305060856247327e-06,1.480161063510832e-08,1.480161063510832e-08,-3.3557907945235466e-05,0.9999768164324333,-2.653350964733734e-06,1.4970875798863878e-07,-7.885249178632093e-10,3.5693357887231884e-10
weak,gaussian,0.001,0.4,0.1,310,0.002028563700095039,2.2772363941323877e-15,-2.033226131264114e-17,4.348519775098371e-36,4.62492472884619e-27,6.385548028392641e-16,6.339601039641764e-16,1.7638388781605505e-17,-1.7678928683617836e-31,1.7678928683617836e-31,-2.2824703722139523e-29,1.0,2.0846530742496827e-18,-5.2353798366215717e-20,5.837967000002289e-22,-2.7220903735061803e-22
weak,gaussian,0.001,0.4,0.1,311,0.0020295090549576128,0.003046038679675407,-2.3351702668298994e-05,7.522231690728723e-12,0.008000367288607937,0.0008314793782937381,0.0008328291077679255,-1.3497294741553936e-06,1.553010137408556e-08,1.553010137408556e-08,-3.5047978421265894e-05,0.9999754747893984,2.738329619671741e-06,-1.542134314015333e-07,8.160665495904241e-10,-3.692802346002748e-10
weak,gaussian,0.001,0.4,0.1,312,0.0020304711208189957,-4.914506001178619e-15,3.8597802360141546e-17,1.9687748491163396e-35,2.0939160809042437e-26,-1.3496079581716658e-15,-1.3465267456103989e-15,-2.006930078891079e-18,-3.8150304006498856e-32,3.8150304006498856e-32,-9.342124070925485e-29,1.0,-4.427377349180827e-18,2.9338750341330003e-19,-1.3139136836682125e-21,5.87873872896904e-22
weak,gaussian,0.001,0.4,0.1,313,0.0020314493547025536,-0.0031301626977758533,2.365179578893038e-05,7.983891445773182e-12,0.008491371521736875,-0.0008566205501265368,-0.0008580141624546352,1.3936123280808098e-06,1.622557516208884e-08,1.622557516208884e-08,-3.6443915642072204e-05,0.9999741510360749,-2.8211254415509435e-06,1.585617619383195e-07,-8.431901591037245e-10,3.8142960909083536e-10
weak,gaussian,0.001,0.4,0.1,314,0.002032444121604005,-1.236016386646433e-15,1.0732606382468484e-17,1.2741448887953932e-36,1.355133357807827e-27,-3.6057707073611093e-16,-3.4317314923878353e-16,-2.966669317279761e-17,-1.5665913621370304e-31,1.5665913621370304e-31,-6.52695797102056e-30,1.0,-1.1284776680161872e-18,2.6132704416084918e-20,-3.130476645906453e-22,1.592017660526841e-22
weak,gaussian,0.001,0.4,0.1,315,0.0020334548607318786,0.0032111028359156496,-2.389653183750137e-05,8.446133028418313e-12,0.008982994565173099,0.0008810759156739813,0.0008825125904148879,-1.4366747408972616e-06,1.688335666995277e-08,1.688335666995277e-08,-3.7735886167805644e-05,0.9999728507427432,2.9016624712004817e-06,-1.627483339974014e-07,8.698755906378633e-10,-3.9337329874459e-10
weak,gaussian,0.001,0.4,0.1,316,0.0020344819451550383,-4.18624510942892e-16,7.678995812581896e-18,1.419646514413807e-37,1.509883502963761e-28,-1.2598405213511792e-16,-1.1453759359822962e-16,-3.4038518326923976e-17,-1.2847577257758493e-31,1.2847577257758493e-31,-1.5800660577155628e-30,1.0,-3.7670320844250975e-19,7.70256201931205e-21,-9.425125472069424e-23,7.645612723861747e-23
weak,gaussian,0.001,0.4,0.1,317,0.0020355247981979083,-0.003288787199439966,2.4085480620962812e-05,8.907414872552052e-12,0.009473596866240856,-0.0009048228424261991,-0.000906301724273735,1.478881847520419e-06,1.7498966414303315e-08,1.7498966414303315e-08,-3.891479014586797e-05,0.9999715793180833,-2.979866170148071e-06,1.6676784297708401e-07,-8.961024230941701e-10,4.0510287263775484e-10
weak,gaussian,0.001,0.4,0.1,318,0.0020365837988252085,-2.7682226414833675e-15,2.2942031715042342e-17,6.633195857045846e-36,7.05482167201078e-27,-7.598911610236934e-16,-7.823917183365549e-16,-8.019955791917952e-18,-9.034446814197141e-32,9.034446814197141e-32,-3.1183912820991854e-29,1.0,-2.5726105871166765e-18,1.2194244413435443e-19,-7.436280373048151e-22,3.338216840928887e-22
weak,gaussian,0.001,0.4,0.1,319,0.0020376583565574796,0.0033631485576553835,-2.4218358107285475e-05,9.366190440882047e-12,0.009961533585100978,0.0009278391768950567,0.0009293593755443685,-1.5201986493255443e-06,1.8068149238608233e-08,1.8068149238608233e-08,-3.99723220898052e-05,0.9999703419828783,3.055663578073377e-06,-1.706151082015947e-07,9.21849997692299e-10,-4.1660988415837043e-10
weak,gaussian,0.001,0.4,0.1,320,0.0020387488539353217,3.1035172429670574e-15,-2.237537140972937e-17,7.889704320518334e-36,8.391197580428255e-27,8.724809967957718e-16,8.52527242890394e-16,5.094483561319612e-18,-5.591221380958942e-32,5.591221380958942e-32,-3.4061258135765574e-29,1.0,2.8029994337270114e-18,-1.8137703387925418e-19,8.529869861181377e-22,-3.728790058595858e-22
weak,gaussian,0.001,0.4,0.1,321,0.0020398546888928805,-0.0034341244806907235,2.42950273529937e-05,9.820913964945762e-12,0.010445160699613246,-0.0009501032941828085,-0.0009516638842552729,1.5605900724685745e-06,1.8586901657202042e-08,1.8586901657202042e-08,-4.090102527707439e-05,0.9999691437449774,-3.1289834760693693e-06,1.742850864265258e-07,-9.47097448797623e-10,4.278858835512171e-10
weak,gaussian,0.001,0.4,0.1,322,0.002040976245097425,-3.8420271653798645e-15,2.6306890769281767e-17,1.2517700610854326e-35,1.3313363189689892e-26,-1.0561675233439104e-15,-1.0748893918416827e-15,6.562588771084962e-18,8.458761162916241e-32,8.458761162916241e-32,-4.952129610280532e-29,1.0,-3.534183730806712e-18,1.650593319349077e-19,-1.0633948112882798e-21,5.038731497520885e-22
weak,gaussian,0.001,0.4,0.1,323,0.0020421129112382108,-0.003501657469364306,2.4315498995941803e-05,1.0270046347057395e-11,0.01092284128242874,-0.0009715941490854062,-0.000973194170117716,1.6000210323386831e-06,1.905149788300748e-08,1.905149788300748e-08,-4.1694339334465845e-05,0.9999679893756751,-3.1997565549600407e-06,1.7777288587793162e-07,-9.718237378526405e-10,4.389224313163742e-10
weak,gaussian,0.001,0.4,0.1,324,0.0020432650695452175,-4.6707991888661925e-15,3.156291864087779e-17,1.7887214602435182e-35,1.9024179588354226e-26,-1.3044871243819657e-15,-1.2837565472966447e-15,1.9749209019615325e-17,3.050718611102913e-31,3.050718611102913e-31,-7.215121375264087e-29,1.0,-4.220773809855897e-18,2.6885126224927193e-19,-1.2976117789384055e-21,6.028767439477044e-22
weak,gaussian,0.001,0.4,0.1,325,0.0020444321019141717,0.0035656950773502206,-2.427993130437291e-05,1.0712061198283731e-11,0.01139295192275754,0.0009922913285103567,0.0009939297850116286,-1.6384565012636489e-06,1.9458514302645533e-08,1.9458514302645533e-08,-4.2346640638906654e-05,0.9999668833876543,3.2679155879439513e-06,-1.810737807780793e-07,9.960076903459617e-10,-4.497111124132994e-10
weak,gaussian,0.001,0.4,0.1,326,0.0020456143864743996,1.13286457873401e-15,-1.1450937294247866e-17,1.3360016422211344e-36,1.4209219119275746e-27,2.7091166995593245e-16,3.5091427037640743e-16,-6.66780746270874e-17,3.732504310217965e-31,3.732504310217965e-31,-6.341547722645535e-30,1.0,1.1539273847201775e-18,-6.673168680433352e-20,3.1686032662880103e-22,-1.2078811021741954e-22
weak,gaussian,0.001,0.4,0.1,327,0.0020468113008743475,-0.0036261900248979184,2.4188629775315305e-05,1.114545098332555e-11,0.011853889261837228,-0.0010121751049568604,-0.0010138509665384757,1.675861581620185e-06,1.9804852228033277e-08,1.9804852228033277e-08,-4.285327522362637e-05,0.9999658300146318,-3.3333956067362526e-06,1.8418322630343913e-07,-1.0196280357225747e-09,4.6024355120908525e-10
weak,gaussian,0.001,0.4,0.1,328,0.0020480232163960733,3.988036016895628e-16,-4.317542305452295e-18,1.4929342037926792e-37,1.5878295775957148e-28,1.2146974124347718e-16,1.1710094366766353e-16,8.680402275402242e-18,-1.8299599219555702e-32,1.8299599219555702e-32,-8.407382338621106e-31,1.0,3.8501871708684354e-19,-3.2465234481907915e-20,1.1600646730783998e-22,-5.444817104648215e-23
weak,gaussian,0.001,0.4,0.1,329,0.002049249509066185,0.0036831003033548013,-2.404204627675646e-05,1.156873324025754e-11,0.012304076608018102,0.0010312264907886485,0.0010329386923704257,-1.712201581808564e-06,2.0087758705251735e-08,2.0087758705251735e-08,-4.321058394472549e-05,0.9999648331928356,3.3961340803184047e-06,-1.8709687391651274e-07,1.0426634501187433e-09,-4.705114271031799e-10
weak,gaussian,0.001,0.4,0.1,330,0.0020504905405064303,-3.8116768776689537e-16,2.3735218050957284e-18,1.131053221076781e-37,1.202946354700849e-28,-1.1034201137884991e-16,-1.0226164160113474e-16,-1.711324882405305e-17,-1.9809244879465157e-32,1.9809244879465157e-32,-4.412162848062695e-31,1.0,-3.362548120860206e-19,6.165442627282155e-21,-9.627595090092914e-23,3.879206154290937e-23
weak,gaussian,0.001,0.4,0.1,331,0.0020517456878099403,-0.0037363892697749347,2.3840777730364283e-05,1.1980456840507848e-11,0.012741970594645807,-0.0010494272930176164,-0.0010511747351148366,1.747442097218264e-06,2.030484522715438e-08,2.030484522715438e-08,-4.341591973316429e-05,0.9999638965444234,-3.4560710953710166e-06,1.8981058700739035e-07,-1.065092601788979e-09,4.80506490757834e-10
weak,gaussian,0.001,0.4,0.1,332,0.002053015300076061,-9.217283764396889e-16,9.337782805122104e-18,6.430440680962147e-37,6.839178769076102e-28,-2.952960267806664e-16,-2.428290408016755e-16,-6.304871328241931e-17,-2.8676609996615076e-31,2.8676609996615076e-31,-4.192321111388098e-30,1.0,-7.98361361676198e-19,7.525374219041199e-20,-2.4939252572960995e-22,1.2793923880054226e-22
weak,gaussian,0.001,0.4,0.1,333,0.0020542987581989485,0.0037860257308785297,-2.3585564333153137e-05,1.2379208251779826e-11,0.013166067841073154,0.0010667601682948764,0.0010685417173887319,-1.7815490938785476e-06,2.0454104155318704e-08,2.0454104155318704e-08,-4.346765682752794e-05,0.9999630233629482,3.513149537385182e-06,-1.9232045677693722e-07,1.0868941990640762e-09,-4.902205808519133e-10
weak,gaussian,0.001,0.4,0.1,334,0.0020555963958622642,-1.7631150574359215e-16,4.0460582818604614e-18,1.6015723979712225e-38,1.7033731410930596e-29,-6.65804377913814e-17,-3.8400896516743723e-17,-1.6447583229213923e-17,-3.237400127530156e-32,3.237400127530156e-32,-3.470363294258999e-31,1.0,-1.2619778377249885e-19,9.478424953027307e-21,-4.990921692546241e-23,1.7891387541484777e-23
weak,gaussian,0.001,0.4,0.1,335,0.0020569076005247005,-0.003831984015711245,2.327728731936615e-05,1.2763617764814276e-11,0.01357491157521405,-0.0010832086778067877,-0.001085023166802076,1.8144889953512668e-06,2.0533922706029823e-08,2.0533922706029823e-08,-4.336519195814892e-05,0.9999622166009521,-3.567315271461374e-06,1.946228182889371e-07,-1.1080470406754715e-09,4.996456412790802e-10
weak,gaussian,0.001,0.4,0.1,336,0.002058232687547912,6.883169893684252e-16,-1.2952037773265038e-18,3.0141913942959252e-37,3.2057824358495057e-28,2.0565380140394313e-16,1.664668856944173e-16,2.0040594891069937e-17,-1.2611136903917136e-32,1.2611136903917136e-32,-4.33143818005387e-31,1.0,5.471141775054095e-19,-4.56636157674958e-20,2.071991652151075e-22,-8.640437623443563e-23
weak,gaussian,0.001,0.4,0.1,337,0.0020595710537302464,0.0038742440362972107,-2.2916966265217574e-05,1.3132365642502906e-11,0.013967098173513035,0.0010987573417414443,0.0011006035705141976,-1.8462287727262943e-06,2.0543094362203105e-08,2.0543094362203105e-08,-4.310893752475137e-05,0.9999614788597616,3.618517321691657e-06,-1.9671426661406835e-07,1.1285300682382583e-09,-5.08773738695377e-10
weak,gaussian,0.001,0.4,0.1,338,0.00206092299321038,5.479263621428711e-16,-4.370588738713079e-18,2.5323361121820904e-37,2.693298987404565e-28,1.4728021048879403e-16,1.5299073616173693e-16,1.7272641408156505e-19,-3.6630001351346866e-34,3.6630001351346866e-34,-1.1619846039444904e-30,1.0,5.02995737511263e-19,1.5128391654752466e-20,1.5879868194172618e-22,-7.624059769413556e-23
weak,gaussian,0.001,0.4,0.1,339,0.0020622879148955637,-0.003912791335713074,2.250575594242186e-05,1.3484188148953124e-11,0.014341283573235507,-0.0011133916930075333,-0.001115268429044296,1.8767360367810885e-06,2.04808275833213e-08,2.04808275833213e-08,-4.2700306886897873e-05,0.9999608123815337,-3.666708048075577e-06,1.985916729870541e-07,-1.1483224206923293e-09,5.175970803281202e-10
weak,gaussian,0.001,0.4,0.1,340,0.002063666088824284,-6.58318551182756e-16,4.276941828104784e-18,3.697112122709885e-37,3.9321116531547037e-28,-1.8608359820584809e-16,-1.8356133198337147e-16,-2.8743394943488333e-18,-5.957060048681563e-33,5.957060048681563e-33,-1.3643632383255243e-30,1.0,-6.034515639015445e-19,7.454780852551821e-20,-1.9733476045318645e-22,8.717111672781635e-23
weak,gaussian,0.001,0.4,0.1,341,0.00206505693875859,0.003947617122993151,-2.2044942728214213e-05,1.381788341473346e-11,0.014696189510525735,0.00112709832986516,0.0011290043089970962,-1.9059791319471089e-06,2.034675171242693e-08,2.034675171242693e-08,-4.2141691958196994e-05,0.9999602190435898,3.7118433198548632e-06,-2.0025220089106812e-07,1.1674034904669064e-09,-5.261080319479161e-10
weak,gaussian,0.001,0.4,0.1,342,0.0020664607078017126,-2.1679773174787468e-16,-1.832473230519534e-18,3.06603652397236e-38,3.2609229973996385e-29,-8.924294442213129e-17,-5.191589037065246e-17,-3.5095871125563636e-17,3.1121929440300744e-32,3.1121929440300744e-32,1.9224950097790868e-31,1.0,-1.7067575041488337e-19,-3.911712028885545e-20,-5.757151721072253e-23,3.23398772277592e-23
weak,gaussian,0.001,0.4,0.1,343,0.002067876837275674,-0.0039787182943146916,2.1535940582014662e-05,1.4132317093695054e-11,0.015030609536792871,-0.0011398649671208608,-0.00114179889435254,1.9339272316774815e-06,2.0140920000930412e-08,2.0140920000930412e-08,-4.143643336699988e-05,0.9999597003550564,-3.753882684112017e-06,2.0169332198492094e-07,-1.1857529811119049e-09,5.342991358990761e-10
weak,gaussian,0.001,0.4,0.1,344,0.002069305540573751,-2.5540134034820313e-15,9.55421208034489e-18,5.804965065362766e-36,6.173946048176165e-27,-7.532162285438759e-16,-7.3227215027262685e-16,-1.5414920636635528e-17,-7.117239000059202e-32,7.117239000059202e-32,-1.1792161783003308e-29,1.0,-2.4075059176586878e-18,9.423182981453544e-20,-7.569101155090589e-22,3.3337373419010496e-22
weak,gaussian,0.001,0.4,0.1,345,0.0020707462792253126,0.004006097440082717,-2.0980286602044918e-05,1.4426427767527487e-11,0.01534341476679656,0.001151680485568706,0.0011536410360043837,-1.9605504356748072e-06,1.986380970517051e-08,1.986380970517051e-08,-4.0588783518228744e-05,0.9999592574558073,3.792789528596343e-06,-2.0291283178500508e-07,1.2033509661574338e-09,-5.421631290980472e-10
weak,gaussian,0.001,0.4,0.1,346,0.0020721992342172,-1.5972310989960821e-15,6.559968278427439e-18,2.4019109605095293e-36,2.5545836220776826e-27,-4.446876725574009e-16,-4.696826299653092e-16,1.8422881292340908e-17,5.832137898682538e-32,5.832137898682538e-32,-5.0563600110055114e-30,1.0,-1.5441619233927735e-18,1.321916403701701e-19,-4.878204001014044e-22,2.170275568702399e-22
weak,gaussian,0.001,0.4,0.1,347,0.0020736638898590067,-0.0040297628374117815,2.0379636176379428e-05,1.4699232053198487e-11,0.01563355931073082,-0.0011625349793110708,-0.0011645207991775027,1.9858198664639097e-06,1.9516319201137522e-08,1.9516319201137522e-08,-3.96038629525108e-05,0.9999588911176922,-3.828531237559917e-06,2.0390886501042752e-07,-1.2201779488940465e-09,5.496929608824619e-10
weak,gaussian,0.001,0.4,0.1,348,0.0020751403921303387,3.0552885207993838e-15,-2.0484039818390367e-17,7.702956575400677e-36,8.192579588762026e-27,9.052312854160871e-16,8.430198093314085e-16,2.989439203697063e-17,-2.950922834687015e-31,2.950922834687015e-31,-3.015923739621115e-29,1.0,2.7714089014287295e-18,-1.491585295547671e-19,9.121742676379929e-22,-4.212854674698141e-22
weak,gaussian,0.001,0.4,0.1,349,0.0020766282506032344,0.00404972842778204,-1.973575774667953e-05,1.494982937085393e-11,0.015900085345186065,0.0011724198006546457,0.0011744295084211334,-2.0097077664807933e-06,1.909976213092724e-08,1.909976213092724e-08,-3.84876104653448e-05,0.9999586017480121,3.861079339607844e-06,-2.046799105009938e-07,1.2362149228150325e-09,-5.568818106210571e-10
weak,gaussian,0.001,0.4,0.1,350,0.002078127573761793,-2.7727931277217153e-15,1.1736920512971626e-17,7.307658430123782e-36,7.772155108269284e-27,-8.106432405957212e-16,-8.210805511368875e-16,-1.217258004609652e-17,-6.874871699055554e-32,6.874871699055554e-32,-1.5660276563326204e-29,1.0,-2.6995097133562315e-18,1.4249515078899918e-19,-8.44025384259081e-22,3.9653739820307943e-22
weak,gaussian,0.001,0.4,0.1,351,0.002079637898816483,-0.0040660137795459315,1.905052720400143e-05,1.5177406329898422e-11,0.016142127778022118,-0.0011813276022350312,-0.0011833597898304078,2.03218759535082e-06,1.8615858602546738e-08,1.8615858602546738e-08,-3.7246727501536005e-05,0.9999583893951847,-3.890409646419643e-06,2.052248256157392e-07,-1.2514434324007668e-09,5.63723104971776e-10
weak,gaussian,0.001,0.4,0.1,352,0.002081159294396381,1.9851887802053922e-15,-5.648356381220014e-18,3.889415428749801e-36,4.1366383338509564e-27,5.614469116483895e-16,5.991905285602969e-16,-3.2031267838845655e-17,8.693424697631635e-32,8.693424697631635e-32,-5.387888252855596e-30,1.0,1.9699742177172847e-18,-9.282535748207818e-20,6.189345026018433e-22,-2.8320907351155676e-22
weak,gaussian,0.001,0.4,0.1,353,0.0020826913276053268,-0.004078644035141498,1.832592193897354e-05,1.5381240693683146e-11,0.016358918465063498,-0.0011892523760644177,-0.0011913056101892528,2.0532341248229232e-06,1.8066723472270585e-08,1.8066723472270585e-08,-3.5888617393343954e-05,0.999958253756529,-3.916502381332614e-06,2.055428500188777e-07,-1.2658456339446429e-09,5.702105346903818e-10
weak,gaussian,0.001,0.4,0.1,354,0.002084234025002027,-3.1178398984859766e-16,2.907397712695125e-18,9.685023826897134e-38,1.030063297699223e-28,-8.871006043359757e-17,-9.463565572490705e-17,-7.268161703036609e-18,-1.013870633403866e-32,1.013870633403866e-32,-4.3492239742122595e-31,1.0,-3.1120715421048473e-19,-5.810954452472472e-22,-8.337373941778862e-23,2.853219235970991e-23
weak,gaussian,0.001,0.4,0.1,355,0.0020857869857036325,0.00408764984294193,-1.7564014570496146e-05,1.5560704885636786e-11,0.016549789939090544,0.0011961894892037648,0.0011982623127371648,-2.0728235333950973e-06,1.745485180996898e-08,1.745485180996898e-08,-3.4421320054549284e-05,0.999958194188077,3.939342296809162e-06,-2.0563361876411837e-07,1.2794043561125869e-09,-5.7633807089309e-10
weak,gaussian,0.001,0.4,0.1,356,0.002087350192141776,-3.3023173889355467e-16,8.827580484297319e-19,6.067794095576913e-38,6.453481279510964e-29,-1.0738725706512984e-16,-7.457491933707244e-17,-1.8790779509066536e-17,-7.946779563076931e-33,7.946779563076931e-33,-1.3965779506126637e-31,1.0,-2.4512795002184914e-19,2.4294405629854493e-20,-8.850252216348292e-23,5.564396315518209e-23
weak,gaussian,0.001,0.4,0.1,357,0.002088923277418849,-0.004093067273688902,1.6766966378907976e-05,1.5715269002155353e-11,0.01671417861423755,-0.0012021357157602167,-0.0012042266492581543,2.090933497948737e-06,1.678310162925593e-08,1.678310162925593e-08,-3.2853442779071355e-05,0.9999582097163066,-3.958918779796267e-06,2.0549717458112212e-07,-1.2921031599012916e-09,5.820999806699112e-10
weak,gaussian,0.001,0.4,0.1,358,0.002090506177954891,-1.300454802976356e-15,6.368181109551476e-18,1.6029579062266765e-36,1.704846716406978e-27,-3.87186113140304e-16,-3.837493182008484e-16,-1.1035840809185349e-17,-3.3617806878630457e-32,3.3617806878630457e-32,-3.96149592738406e-30,1.0,-1.2615819250796816e-18,1.0662428857918323e-19,-4.1238714079368494e-22,2.0871212282152996e-22
weak,gaussian,0.001,0.4,0.1,359,0.002092098562649464,0.004094937721655808,-1.5937020471732538e-05,1.58445033019226e-11,0.01685162743354185,0.0012070892649587435,0.001209196808242274,-2.1075432835113027e-06,1.605467402637367e-08,1.605467402637367e-08,-3.1194087824356985e-05,0.9999582990516764,3.975225944156814e-06,-2.0513397928091688e-07,1.3039263976943436e-09,-5.874908419667581e-10
weak,gaussian,0.001,0.4,0.1,360,0.002093700320211081,4.693827052185364e-16,-2.841501543613229e-18,1.735038758313211e-37,1.845323023429928e-28,1.5045513504765612e-16,1.2650760400279503e-16,1.3617199346360749e-17,-1.8480817234852487e-32,1.8480817234852487e-32,-6.370308436927398e-31,1.0,4.1584161831369425e-19,-2.4074859934945523e-20,1.4634533057504497e-22,-6.333818661116155e-23
weak,gaussian,0.001,0.4,0.1,361,0.0020953111569775753,-0.0040933077906458205,1.5076494710974594e-05,1.5948080144222e-11,0.0169617879304607,-0.0012110498050211423,-0.0012131724388503783,2.12263382924833e-06,1.5273090869310297e-08,1.5273090869310297e-08,-2.9452777479160478e-05,0.9999584606038263,-3.98826270928755e-06,2.045449241868332e-07,-1.314859271073317e-09,5.925055576392643e-10
weak,gaussian,0.001,0.4,0.1,362,0.002096930912441838,1.858982166261583e-15,-4.8149045915348024e-18,3.2870453978814985e-36,3.495979857918044e-27,5.685306875258413e-16,5.500798619975199e-16,1.6551177696469762e-17,-3.8004276160553316e-32,3.8004276160553316e-32,-4.268534416086766e-30,1.0,1.8083516154977385e-18,-1.30036142185348e-19,5.987375320146486e-22,-2.754035916955702e-22
weak,gaussian,0.001,0.4,0.1,363,0.002098559331840571,0.00408822916513097,-1.4187774433171811e-05,1.602577535407376e-11,0.017044421680780526,0.001214018482640042,0.0012161546704713361,-2.1361878312736768e-06,1.44421702246634e-08,1.44421702246634e-08,-2.7639377331838542e-05,0.9999586924982976,3.998032864231161e-06,-2.037313395086873e-07,1.3248878870803189e-09,-5.971393686052401e-10
weak,gaussian,0.001,0.4,0.1,364,0.002100196204152804,2.2487242791934497e-15,-9.479528490064015e-18,4.794195500479329e-36,5.098928939466165e-27,6.733203796579364e-16,6.657819574763763e-16,2.2215801350878027e-18,-1.0027411792233132e-32,1.0027411792233132e-32,-1.0149930672554451e-29,1.0,2.1886910083293396e-18,-6.185889720679043e-20,7.323688475914862e-22,-3.331814201748581e-22
weak,gaussian,0.001,0.4,0.1,365,0.002101841314785807,-0.0040797584668498255,1.3273304993748417e-05,1.6077468996076495e-11,0.01709940112564626,-0.0012159979378390258,-0.0012181461276601613,2.1481898211541357e-06,1.3565999716563023e-08,1.3565999716563023e-08,-2.576401845866449e-05,0.9999589925946174,-4.0045451165875615e-06,2.0269500257696645e-07,-1.333999312608102e-09,6.013878660169244e-10
weak,gaussian,0.001,0.4,0.1,366,0.002103494401121055,1.8789218699819696e-15,-7.048486025624897e-18,3.1517994406097125e-36,3.352137262135296e-27,5.548613270777664e-16,5.380845669707305e-16,-5.98261020414863e-18,2.0046806113783314e-32,2.0046806113783314e-32,-6.295978033861547e-30,1.0,1.76877850292981e-18,-1.5238638257172149e-19,6.107444443885985e-22,-2.560879162527139e-22
weak,gaussian,0.001,0.4,0.1,367,0.002105155289812105,0.004067957097290619,-1.2335584168438052e-05,1.6103145544101245e-11,0.017126709752041638,0.0012169923140421613,0.0012191509402817715,-2.158626239641172e-06,1.2648908038356294e-08,1.2648908038356294e-08,-2.3837019249873118e-05,0.9999593585055796,4.007813125648784e-06,-2.0143814485622595e-07,1.342181626609195e-09,-6.052470023866054e-10
weak,gaussian,0.001,0.4,0.1,368,0.002106823665781077,-4.861246590029067e-16,-1.6488241859546628e-19,2.0893966384030093e-37,2.2222049527415517e-28,-1.4235756558759498e-16,-1.383643601818398e-16,-5.730663405797312e-19,4.484882422061122e-35,4.484882422061122e-35,3.804466924173256e-32,1.0,-4.548526511244193e-19,4.526256432331201e-20,-1.5313509364154987e-22,8.016177003218588e-23
weak,gaussian,0.001,0.4,0.1,369,0.002108499397801823,-0.004052891066578409,1.1377154445273326e-05,1.6102893439246984e-11,0.01712644162264703,-0.0012170072632074075,-0.0012191747487128816,2.167485505474567e-06,1.1695434857313266e-08,1.1695434857313266e-08,-2.1868807580596232e-05,0.9999597876175507,-4.007855519273283e-06,1.999634576640927e-07,-1.3494239698268504e-09,6.087131016075e-10
weak,gaussian,0.001,0.4,0.1,370,0.002110182117703132,-2.973629158913466e-16,2.1730019608011916e-18,1.1522034380872102e-37,1.2254409429127157e-28,-8.620206252949233e-17,-1.0263039444683681e-16,-8.235803537406964e-19,-8.480982321581996e-34,8.480982321581996e-34,-3.062153706452561e-31,1.0,-3.3745574908131063e-19,3.6659923247201675e-20,-9.797773301511884e-23,4.060253269520337e-23
weak,gaussian,0.001,0.4,0.1,371,0.002111871737047093,-0.004034630809333507,1.0400595240566291e-05,1.6076904033726613e-11,0.017098800252595664,-0.0012160499458980312,-0.0012182247039767143,2.174758078684092e-06,1.071029936418931e-08,1.071029936418931e-08,-1.9869844014139797e-05,0.9999602771116224,-4.00469589408854e-06,1.982740965210773e-07,-1.355716591753176e-09,6.117828678175501e-10
weak,gaussian,0.001,0.4,0.1,372,0.0021135678341675374,-2.254205289559644e-15,8.797972818828228e-18,4.985038272123131e-36,5.301902249821411e-27,-7.005261092705858e-16,-6.779252405671504e-16,-1.797474916796853e-17,-7.482199153893205e-32,7.482199153893205e-32,-9.383392642997847e-30,1.0,-2.2285177777466766e-18,1.369163524920998e-19,-7.616227137450178e-22,3.4458851660140347e-22
weak,gaussian,0.001,0.4,0.1,373,0.002115270363873721,0.004013250988160277,-9.408515072834023e-06,1.6025469923995832e-11,0.017044096836651167,0.0012141290262007913,0.0012163094627184456,-2.1804365176280975e-06,9.698367732006093e-09,9.698367732006093e-09,-1.7850546699866757e-05,0.9999608239854304,3.998362798720173e-06,-1.9637368406664307e-07,1.3610508945378806e-09,-6.144533930640814e-10
weak,gaussian,0.001,0.4,0.1,374,0.0021169788508382872,-2.0462475454025393e-15,5.3512769821569376e-18,4.225405555239892e-36,4.493985000077633e-27,-6.029538496813245e-16,-6.250780072059487e-16,2.458433408708873e-17,6.214402239767278e-32,6.214402239767278e-32,-5.172483128573398e-30,1.0,-2.0548309655464333e-18,5.54497110854266e-20,-6.976738706761252e-22,3.179042588028803e-22
weak,gaussian,0.001,0.4,0.1,375,0.0021186932933660346,-0.003988830285480179,8.4035437280419e-06,1.5948982681925876e-11,0.01696274783616684,-0.0012112546614255603,-0.0012134391769558894,2.1845155303226342e-06,8.66461976404687e-09,8.66461976404687e-09,-1.58212185938984e-05,0.9999614250754572,-3.9888896998332425e-06,1.9426631147364054e-07,-1.3654194735816601e-09,6.167221637360008e-10
weak,gaussian,0.001,0.4,0.1,376,0.002120413162539211,-1.5193818562411205e-15,2.3378544557687527e-18,2.1189439160547377e-36,2.2536303439434284e-27,-4.689409962546027e-16,-4.4203133353261263e-16,-9.2827480516514e-18,-1.0234662884446522e-32,1.0234662884446522e-32,-1.6751893948695557e-30,1.0,-1.4530221054669705e-18,8.758060033453289e-20,-5.075831967466404e-22,2.4058971509992455e-22
weak,gaussian,0.001,0.4,0.1,377,0.002122138500195833,0.003961451184508806,-7.388324449471295e-06,1.584792999858382e-11,0.01685527194131608,0.0012074384865601489,0.0012096254785781808,-2.1869920180424876e-06,7.61411500531694e-09,7.61411500531694e-09,-1.3791977592033938e-05,0.9999620770796354,3.976314930897321e-06,-1.9195653830809174e-07,1.3688161545739012e-09,-6.185870657437153e-10
weak,gaussian,0.001,0.4,0.1,378,0.002123868724135707,-2.6795743240934303e-15,2.5979346112957505e-18,7.356564633143099e-36,7.824169936173084e-27,-8.227268370874765e-16,-8.242679989514146e-16,3.061712959466357e-18,3.7451137995768874e-33,3.7451137995768874e-33,-3.2776785123264214e-30,1.0,-2.7095483723445923e-18,1.2211143678368566e-19,-9.344450226285768e-22,4.181949221731564e-22
weak,gaussian,0.001,0.4,0.1,379,0.002125603919558295,-0.0039311997401713875,6.365506184396845e-06,1.5722892260104217e-11,0.016722286429316138,-0.0012026935934627827,-0.0012048814585757417,2.1878651129592503e-06,6.551958612337448e-09,6.551958612337448e-09,-1.1772690117809102e-05,0.999962776580076,-3.960681623621539e-06,1.8944939077520495e-07,-1.3712360267305265e-09,6.200463884266772e-10
weak,gaussian,0.001,0.4,0.1,380,0.002127343451524792,3.4398063229299722e-15,-1.1526647242402031e-18,1.2266379210641813e-35,1.3046067047819453e-26,1.0517880250198527e-15,1.064022398750635e-15,-7.471207258981968e-18,4.048146080381743e-33,4.048146080381743e-33,-1.8638003204503138e-30,1.0,3.4976851142566104e-18,-1.8048902297416391e-19,1.2046809303213068e-21,-5.598921544842642e-22
weak,gaussian,0.001,0.4,0.1,381,0.002129087448217504,0.003898165340869392,-5.337735918990033e-06,1.5574538580988585e-11,0.01656450294559226,0.001197034504829144,0.0011992216410368743,-2.187136207737341e-06,5.483267258720234e-09,5.483267258720234e-09,-9.77290865884384e-06,0.9999635200657426,3.942037622177032e-06,-1.8675035830683856e-07,1.3726754720324276e-09,-6.210988271900832e-10
weak,gaussian,0.001,0.4,0.1,382,0.00213083522273602,6.70807082618318e-16,1.3770982836915142e-18,4.296158625359454e-37,4.569235347451378e-28,2.2437567993737416e-16,1.9940043604710322e-16,1.5414188010305897e-17,9.961751911644774e-33,9.961751911644774e-33,4.335235649876617e-31,1.0,6.554486638817642e-19,-1.688694323863806e-21,2.302466129156715e-22,-8.276190725851713e-23
weak,gaussian,0.001,0.4,0.1,383,0.002132586945663973,-0.0038624404619964844,4.307651131794151e-06,1.540362232474847e-11,0.01638272273969936,-0.0011904771429809445,-0.0011926619519589253,2.184808977973753e-06,4.413135364003861e-09,4.413135364003861e-09,-7.801813689911005e-06,0.9999643039549053,-3.920435380365725e-06,1.8386538844531637e-07,-1.3731321902657938e-09,6.217434848742047e-10
weak,gaussian,0.001,0.4,0.1,384,0.002134341879145444,-6.43976062163157e-16,2.1239338810209263e-19,4.369249666272742e-37,4.646972274051723e-28,-2.0639598556857216e-16,-1.9999207166691863e-16,-7.254363134902362e-18,-7.218987641107121e-34,7.218987641107121e-34,-6.408357491173801e-32,1.0,-6.574035502659909e-19,6.888739872743791e-20,-2.2891418665200933e-22,1.1233791503206658e-22
weak,gaussian,0.001,0.4,0.1,385,0.0021361002353861708,-0.003824120412135341,3.277872394371467e-06,1.5210976146505196e-11,0.016177831392814576,-0.001183038793553375,-0.0011852196829497308,2.18088939635896e-06,3.346601919272823e-09,3.346601919272823e-09,-5.868160362533156e-06,0.9999651246172121,-3.895931841985669e-06,1.8080087998484205e-07,-1.3726052196879625e-09,6.2197987186788e-10
weak,gaussian,0.001,0.4,0.1,386,0.0021378612268045027,-1.039508055697679e-15,1.8549152513028068e-18,1.1121309693347726e-36,1.1828213479092935e-27,-3.20047111776986e-16,-3.1991939002008957e-16,2.600469728643985e-18,2.256297508806496e-33,2.256297508806496e-33,-9.01929144038907e-31,1.0,-1.0515592041853255e-18,7.971221419279993e-20,-3.786694993061043e-22,1.701346205128174e-22
weak,gaussian,0.001,0.4,0.1,387,0.002139625106257774,0.0037833030729461,-2.2509961463742373e-06,1.499750659696363e-11,0.015950793078723404,0.0011747380642008007,0.001176913449940232,-2.1753857394224158e-06,2.2886181798837907e-09,2.2886181798837907e-09,-3.980230280931038e-06,0.9999659783952249,3.868588304791734e-06,-1.7756367434192142e-07,1.3710949531837237e-09,-6.218079049980585e-10
weak,gaussian,0.001,0.4,0.1,388,0.0021413910378853523,7.766766331615066e-16,1.5663267503051162e-18,6.496563573297186e-37,6.909504630684087e-28,2.353483732579143e-16,2.415184374595189e-16,-5.4035474507846665e-18,-3.9524406187228e-33,3.9524406187228e-33,5.681023994847377e-31,1.0,7.938467505671689e-19,-1.3951201112194318e-19,2.84240909533124e-22,-1.0910307904895342e-22
weak,gaussian,0.001,0.4,0.1,389,0.00214315931404195,-0.003740088633673355,1.2295876704046874e-06,1.4764188330266287e-11,0.015702644403507673,-0.0011655948384375562,-0.0011677631470232543,2.168308585699526e-06,1.2440164784485901e-09,1.2440164784485901e-09,-2.145788621524501e-06,0.9999668616252781,-3.8384702684311016e-06,1.7416104512222373e-07,-1.368603149764536e-09,6.212279052185931e-10
weak,gaussian,0.001,0.4,0.1,390,0.002144929052243739,-3.325029912717436e-17,-2.508532485641433e-18,1.2038786272297795e-39,1.2804007619991695e-30,-1.3049035358954514e-17,-1.04692809910352e-17,-3.0916319638288635e-18,3.615718294644476e-33,3.615718294644476e-33,3.8886813263385103e-32,1.0,-3.44247310412912e-20,-4.337762330332568e-21,-1.084569248122341e-23,1.4842541702199465e-23
weak,gaussian,0.001,0.4,0.1,391,0.002146700583013529,0.0036945793212968974,-2.1617429002808788e-07,1.4512057962425086e-11,0.015434487873600787,0.001155630224780552,0.0011577898955865,-2.1596708059516734e-06,2.174804007905042e-10,2.174804007905042e-10,-3.7204679034122114e-07,0.9999677706575287,3.8056472669074393e-06,-1.7060068586814543e-07,1.365132941318172e-09,-6.202405941455607e-10
weak,gaussian,0.001,0.4,0.1,392,0.002148472979100058,2.3158416108775824e-15,2.6124740602296142e-18,5.70128912257044e-36,6.0636801516399525e-27,7.238757867344224e-16,7.252892838204913e-16,-3.896808046281218e-18,-4.738393285666549e-33,4.738393285666549e-33,2.8159889348723734e-30,1.0,2.3839816387225853e-18,-1.3386468192860126e-19,8.635726428438346e-22,-4.1228444253621796e-22
weak,gaussian,0.001,0.4,0.1,393,0.002150246607699526,-0.0036468791273017555,-7.867611876905857e-07,1.4242207629533872e-11,0.015147485044540934,-0.0011448665013692961,-0.0011470159889141116,2.1494875448283834e-06,-7.864834515444649e-10,7.864834515444649e-10,1.3343692501529476e-06,0.9999687018750789,-3.7701926861483746e-06,1.6689069596999988e-07,-1.3606888345216971e-09,6.188470894850523e-10
weak,gaussian,0.001,0.4,0.1,394,0.0021520204988388,1.8415082550614094e-15,4.055159112785095e-18,3.5194808844089924e-36,3.743189640809759e-27,5.745632697634363e-16,5.695600355233299e-16,5.932668916714923e-18,1.1179222704307284e-32,1.1179222704307284e-32,3.4700454692744195e-30,1.0,1.8720926727091976e-18,-1.2144687195809794e-19,6.806054359502703e-22,-3.213492798517024e-22
weak,gaussian,0.001,0.4,0.1,395,0.0021537950547378965,0.0035970935320373113,1.7767867658809514e-06,1.3955778297402742e-11,0.01484284940534571,0.0011333270562592372,0.001135464832453704,-2.1377761944701197e-06,-1.7635719064328942e-09,1.7635719064328942e-09,2.9674449151048124e-06,0.9999696517120665,3.732183567324978e-06,-1.6303956473152438e-07,1.3552767078547757e-09,-6.170488994081742e-10
weak,gaussian,0.001,0.4,0.1,396,0.0021555692649260286,-7.234520120840775e-16,-3.2026136146912796e-20,5.2612407176806996e-37,5.595660950872298e-28,-2.2727745193844585e-16,-2.2046814401862144e-16,-7.480359879462035e-18,1.1113863415369138e-34,1.1113863415369138e-34,1.0748609665093623e-32,1.0,-7.245928838618263e-19,3.300206455687989e-20,-2.756312891974608e-22,1.1039586845977383e-22
weak,gaussian,0.001,0.4,0.1,397,0.002157343564853948,-0.003545329227637524,-2.7515272709374705e-06,1.365395287618638e-11,0.014521839055485592,-0.0011210363236093055,-0.0011231608799689506,2.1245563596478774e-06,-2.7097096899401512e-09,2.7097096899401512e-09,4.521797182989139e-06,0.9999706166706293,-3.6917003966482016e-06,1.5905615358879057e-07,-1.3489038036789502e-09,6.148479159350867e-10
weak,gaussian,0.001,0.4,0.1,398,0.002159116905944012,-4.626170177637089e-16,2.5477697842966047e-18,1.9689279681880237e-37,2.0940789326831747e-28,-1.5237817819264692e-16,-1.345917533633751e-16,-1.3920705615613272e-17,-1.6426508933308888e-32,1.6426508933308888e-32,-5.4589061681421815e-31,1.0,-4.423478155934345e-19,3.494530332320957e-20,-1.6821568116592366e-22,6.586085923352072e-23
weak,gaussian,0.001,0.4,0.1,399,0.0021608897549531964,0.003491693840424976,3.70867007020749e-06,1.3337949194627129e-11,0.01418574923254883,0.0011080197159924216,0.0011101295658069818,-2.1098498145687506e-06,-3.621071756200458e-09,3.621071756200458e-09,5.9926890812587685e-06,0.9999715933366665,3.6488268823973245e-06,-1.549496764844524e-07,1.3415787153613234e-09,-6.122464073932527e-10
weak,gaussian,0.001,0.4,0.1,400,0.002162661027741503,-7.88829856451714e-16,-2.2304512160924473e-18,7.046804496978124e-37,7.49472051709398e-28,-2.522124090326851e-16,-2.5505009025238185e-16,6.4375022487393925e-18,-6.639290455191427e-33,6.639290455191427e-33,8.135563040363152e-31,1.0,-8.382940505395388e-19,4.4084251802079413e-20,-3.104047584505124e-22,1.3007598690527468e-22
weak,gaussian,0.001,0.4,0.1,401,0.002164431220328884,-0.003436295653736439,-4.645970481903343e-06,1.3009012889508262e-11,0.013835904749727058,-0.001094303553086253,-0.0010963972335378126,2.0936804515644156e-06,-4.494103340012023e-09,4.494103340012023e-09,7.376038575125702e-06,0.9999725783943321,-3.6036497200273537e-06,1.50729678411085e-07,-1.3333113694588615e-09,6.092470100230551e-10
weak,gaussian,0.001,0.4,0.1,402,0.0021661992156975637,2.0123827617506443e-16,-3.667756371048737e-18,3.719129110352744e-38,3.955528106538972e-29,5.918612637046261e-17,5.610906677482577e-17,-3.734606010321508e-18,6.323345003752427e-33,6.323345003752427e-33,-3.407318053627287e-31,1.0,1.8435873166753094e-19,-5.659630090533336e-20,7.908289514665039e-23,-4.0388060462318126e-23
weak,gaussian,0.001,0.4,0.1,403,0.002167965536981713,0.003379243332018734,5.561256867125941e-06,1.2668410265560875e-11,0.013473652401876451,0.0010799149869971003,0.001081991061218924,-2.0760742218276786e-06,-5.325537618497535e-09,5.325537618497535e-09,8.668422013775422e-06,0.9999735686392104,3.55625834618884e-06,-1.4640601213860687e-07,1.324113002980283e-09,-6.058527188017596e-10
weak,gaussian,0.001,0.4,0.1,404,0.002169729037096172,1.0879140954420479e-15,1.707845477853061e-18,1.3375152747439108e-36,1.4225317554713622e-27,3.5250965096539905e-16,3.5186162883805706e-16,3.4551689301050056e-18,2.7196458781763905e-33,2.7196458781763905e-33,8.563231336388067e-31,1.0,1.1565098451201704e-18,-1.804655597557526e-22,4.278627480558576e-22,-1.9300176360452436e-22
weak,gaussian,0.001,0.4,0.1,405,0.002171490264048671,0.003320645647054537,6.452435395972855e-06,1.2317421180932607e-11,0.013100353398765526,0.0010648819244964084,0.0010669389835643588,-2.0570590679581595e-06,-6.112410891934196e-09,6.112410891934196e-09,9.867072335194055e-06,0.9999745609901374,3.5067446825797444e-06,-1.419888131541505e-07,1.3139961357813776e-09,-6.020668775640407e-10
weak,gaussian,0.001,0.4,0.1,406,0.002173248043608112,-5.584584341173691e-18,9.249587415135505e-19,1.3355032404228427e-39,1.4203918302167772e-30,-8.776111566961725e-18,-7.669726430135388e-18,-5.223012908247021e-19,-2.222972872668717e-34,2.222972872668717e-34,-2.376861729741771e-33,1.0,-2.5187006263145253e-20,2.6478629008888426e-20,-1.2555152767839603e-23,2.0250718467722728e-24
weak,gaussian,0.001,0.4,0.1,407,0.0021750029463371333,-0.0032606112071092985,-7.317494482066145e-06,1.1957332012073268e-11,0.012717375882787794,-0.0010492329464505002,-0.001051269611299428,2.0366648489281333e-06,-6.852075220839554e-09,6.852075220839554e-09,1.0969872273675078e-05,0.9999755524996445,-3.4552028705546884e-06,1.3748847284416125e-07,-1.3029745381605427e-09,5.978931684960065e-10
weak,gaussian,0.001,0.4,0.1,408,0.0021767537738759716,-2.484428760637157e-15,-6.770541196628443e-18,7.10654035995337e-36,7.558253370607779e-27,-8.015038097192023e-16,-8.105956119776146e-16,-1.466035588155637e-18,4.55993436853309e-33,4.55993436853309e-33,7.727528706212248e-30,1.0,-2.664230333436235e-18,9.173822590009835e-20,-9.945173321629895e-22,4.463133394667843e-22
weak,gaussian,0.001,0.4,0.1,409,0.002178501116959661,0.00319924818976335,8.15450888158294e-06,1.158942875041227e-11,0.012326087586843313,0.0010329972247372493,0.0010350121479947361,-2.014923257491089e-06,-7.542208480411515e-09,7.542208480411515e-09,1.1975342851429189e-05,0.9999765403630172,3.401728997458271e-06,-1.329156099655396e-07,1.2910631937466863e-09,-5.933356010824835e-10
weak,gaussian,0.001,0.4,0.1,410,0.0021802437561973032,1.7822199053234898e-15,5.01265775679589e-18,3.606121594045624e-36,3.83533749369935e-27,5.679996060902916e-16,5.769603273639824e-16,-8.616273043194444e-18,-1.9809907851758297e-32,1.9809907851758297e-32,4.0975502887427454e-30,1.0,1.8962685903088473e-18,-1.0142197340568064e-19,7.175595966994642e-22,-3.0963275660382295e-22
weak,gaussian,0.001,0.4,0.1,411,0.0021819823000641635,-0.0031366640791270642,-8.961643455123423e-06,1.1214990280971319e-11,0.01192784868571986,-0.0010162044369436591,-0.0010181963046739081,1.991867730252151e-06,-8.180821818655828e-09,8.180821818655828e-09,1.2882627468977728e-05,0.9999775219259673,-3.346420815651325e-06,1.2828104044923205e-07,-1.278278257783396e-09,5.883985005814761e-10
weak,gaussian,0.001,0.4,0.1,412,0.0021837155113002184,1.0045167622960654e-15,2.806004168790645e-18,1.1032341995623686e-36,1.1733590727776802e-27,3.225149080535652e-16,3.190909815415563e-16,2.7269206591411976e-18,3.504005305597505e-33,3.504005305597505e-33,1.2907717182191723e-30,1.0,1.048724313069315e-18,-5.840648229966206e-20,4.014976588251064e-22,-1.9069523119358302e-22
weak,gaussian,0.001,0.4,0.1,413,0.002185444013653357,0.0030729654081181274,9.737156592222376e-06,1.0835281890714756e-11,0.011524004891814559,0.000998884679153087,0.001000852212504019,-1.9675333509429318e-06,-8.766264529707651e-09,8.766264529707651e-09,1.3691471936317835e-05,0.999978494690938,3.2893774552469608e-06,-1.2359574560295886e-07,1.2646370109438735e-09,-5.830864961064192e-10
weak,gaussian,0.001,0.4,0.1,414,0.002187166555204957,-1.6247814286904784e-16,1.0991936739707745e-18,2.1963611334859661e-38,2.3359684318110525e-29,-6.27444797955501e-17,-4.3218257514900173e-17,-8.498689897273631e-18,-4.2711453089346944e-33,4.2711453089346944e-33,-8.165585120857023e-32,1.0,-1.4198130794363587e-19,-4.2484268451790493e-20,-6.87248964917056e-23,4.1719047247631623e-23
weak,gaussian,0.001,0.4,0.1,415,0.0021888837724865977,-0.003008257506416639,-1.0479403300277593e-05,1.0451549051307116e-11,0.011115880842704857,-0.0009810683771291635,-0.0009830103338757169,1.941956746548181e-06,-9.297226373812841e-09,9.297226373812841e-09,1.4402200809874382e-05,0.9999794563220636,-3.2306991315665445e-06,1.188708387779719e-07,-1.2501578088214518e-09,5.774045083877022e-10
weak,gaussian,0.001,0.4,0.1,416,0.0021905944021641207,1.7451885902190274e-15,8.630595118007868e-18,3.456953854051597e-36,3.6766882049470946e-27,5.631699990265972e-16,5.655886544393074e-16,-2.027286997391402e-18,-7.987189798897424e-33,7.987189798897424e-33,6.87576673795358e-30,1.0,1.8587297452733898e-18,-4.557344655550254e-20,7.382148563173571e-22,-3.2263817945393454e-22
weak,gaussian,0.001,0.4,0.1,417,0.0021922990910564245,0.0029426442546536657,1.118683796081342e-05,1.0065011517522608e-11,0.010704773824435233,0.0009627861962024873,0.0009647013721801106,-1.9151759776194838e-06,-9.772737404068089e-09,9.772737404068089e-09,1.50156904171621e-05,0.999980404648821,3.1704868483259837e-06,-1.1411753057978475e-07,1.2348600272541634e-09,-5.713577372815754e-10
weak,gaussian,0.001,0.4,0.1,418,0.0021939965676734748,-1.8961859012121184e-15,-8.34834238856682e-18,4.320751003514822e-36,4.595390890890139e-27,-6.156870331491032e-16,-6.323355676646506e-16,1.0234659872565423e-17,-3.8943745904445703e-32,3.8943745904445703e-32,7.215147630097767e-30,1.0,-2.0782063299308874e-18,4.2528428597903583e-20,-8.032126998758139e-22,3.759792095294366e-22
weak,gaussian,0.001,0.4,0.1,419,0.002195687486631318,-0.0028762278453924707,-1.1858016757612232e-05,9.676857779185088e-12,0.010291947870805833,-0.0009440689501851768,-0.000945956180607397,1.8872304222259326e-06,-1.0192165373481671e-08,1.0192165373481671e-08,1.5533338964235625e-05,0.9999813376684167,-3.1088420976214265e-06,1.0934709271779716e-07,-1.218764003679125e-09,5.649516490983205e-10
weak,gaussian,0.001,0.4,0.1,420,0.002197370571544485,5.080094755420328e-16,4.6936811447264985e-18,3.0942847661091544e-37,3.290966782494749e-28,1.6644189075512591e-16,1.689853658580265e-16,3.0334849203078093e-18,6.479658532631204e-33,6.479658532631204e-33,1.0851308047773063e-30,1.0,5.554139446195707e-19,-3.072094048166103e-20,2.065897612501016e-22,-8.871097305080373e-23
weak,gaussian,0.001,0.4,0.1,421,0.0021990464823554443,0.0028091085513585346,1.2491599782114057e-05,9.288239900092064e-12,0.009878628274243016,0.0009249475096194213,0.0009268056702737193,-1.8581606542959195e-06,-1.0555210820043063e-08,1.0555210820043063e-08,1.5957034128036754e-05,0.9999822535469627,3.045866557722663e-06,-1.0457082058860932e-07,1.2018909747038147e-09,-5.581919638057888e-10
weak,gaussian,0.001,0.4,0.1,422,0.0022007139410289167,-5.921308220557642e-16,-3.84297330667559e-18,3.520571303977295e-37,3.744349370714896e-28,-1.853597101235114e-16,-1.805530974739743e-16,-7.915762512938533e-18,1.3822816074397904e-32,1.3822816074397904e-32,1.0340021484829024e-30,1.0,-5.933410578047454e-19,1.8574662607558745e-21,-2.4061014182475297e-22,1.0698936911165979e-22
weak,gaussian,0.001,0.4,0.1,423,0.002202373610395339,0.00274138450138536,1.3086352822720086e-05,8.900268773557782e-12,0.009465996539770536,0.0009054527096854939,0.0009072807180025058,-1.8280083170043585e-06,-1.0861899945709778e-08,1.0861899945709778e-08,1.628911853944058e-05,0.9999831506194997,2.981661789747371e-06,-9.979999471506116e-08,1.1842630101221166e-09,-5.510846421685242e-10
weak,gaussian,0.001,0.4,0.1,424,0.00220402421398514,-7.544060748459215e-17,1.347699299115064e-18,4.7476525594367815e-39,5.049427589555427e-30,-2.7620676988188494e-17,-2.0284461471684395e-17,-1.7538849771909227e-18,-1.0724517178578435e-33,1.0724517178578435e-33,-4.6129826154661744e-32,1.0,-6.657548594167322e-20,-1.7758237254069755e-20,-4.420238899977405e-23,1.693646447419328e-23
weak,gaussian,0.001,0.4,0.1,425,0.002205666415122816,0.0026731514644746674,1.3641148845102476e-05,8.514009819569949e-12,0.009055185808664644,0.0008856152580851691,0.0008874120740764027,-1.7968159912266196e-06,-1.111257541735651e-08,1.111257541735651e-08,1.6532353560985858e-05,0.999984027388934,2.9163289342559493e-06,-9.504584116031927e-08,1.165902943604929e-09,-5.436358728715589e-10
weak,gaussian,0.001,0.4,0.1,426,0.0022072989420750095,7.321470000598913e-16,2.608882710213249e-18,6.2909514176807076e-37,6.6908231500323155e-28,2.1723015545958162e-16,2.4133271932536844e-16,-2.9377360945642724e-17,-3.4722115605570184e-32,3.4722115605570184e-32,8.653497781297989e-31,1.0,7.930995607444477e-19,-9.386607601083952e-21,3.1693700239332695e-22,-1.4022736801625118e-22
weak,gaussian,0.001,0.4,0.1,427,0.0022089224563226293,0.002604502642360274,1.4154969171517942e-05,8.130479144188348e-12,0.008647276773732563,0.0008654656432247326,0.0008672302702845071,-1.764627059797791e-06,-1.1307885235703278e-08,1.1307885235703278e-08,1.668988175851206e-05,0.9999848825239577,2.8499684088348323e-06,-9.031949106067223e-08,1.1468343003233412e-09,-5.35852059674924e-10
weak,gaussian,0.001,0.4,0.1,428,0.0022105356939795674,5.848875461284501e-16,3.2330954942074437e-18,4.494073548066289e-37,4.7797303359935e-28,1.8670520520046354e-16,2.030806884793783e-16,-9.446846725301834e-18,-1.3816812669085097e-32,1.3816812669085097e-32,8.554475257540987e-31,1.0,6.673970136783434e-19,-6.31545830408169e-20,2.62575154112193e-22,-1.0312655797613483e-22
weak,gaussian,0.001,0.4,0.1,429,0.002212139312412833,0.0025355284709175988,1.4626904367483467e-05,7.750640177115546e-12,0.008243294103157115,0.0008450340430178697,0.0008467655285859845,-1.7314855681217851e-06,-1.144876982949648e-08,1.144876982949648e-08,1.676518845673047e-05,0.9999857148560287,2.782679607724186e-06,-8.56319394276008e-08,1.1270812217725141e-09,-5.277398086370622e-10
weak,gaussian,0.001,0.4,0.1,430,0.0022137320586212055,4.593966490453234e-16,4.7113573658571946e-18,1.9000202630715675e-37,2.020791247244529e-28,1.6765216877245895e-16,1.3209575849381847e-16,1.7142347800867724e-17,3.64830631896828e-32,3.64830631896828e-32,9.77707206208982e-31,1.0,4.340315595036903e-19,-4.0231660780879695e-20,1.8903420428095435e-22,-9.694757886920232e-23
weak,gaussian,0.001,0.4,0.1,431,0.0022153145836652007,-0.0024663164307456315,-1.5056154844377608e-05,7.375400798769279e-12,0.007844203384957203,-0.0008243502346321005,-0.0008260476707133857,1.6974360812762716e-06,-1.1536447539584055e-08,1.1536447539584055e-08,1.676206275638858e-05,0.9999865233754848,-2.7145606045531253e-06,8.099400338231763e-08,-1.1066683880858238e-09,5.193059154396497e-10
weak,gaussian,0.001,0.4,0.1,432,0.002216885648379372,4.047432065822867e-16,5.811933446725814e-18,1.6683498572778585e-37,1.7743951759117458e-28,1.4232577626399955e-16,1.2399313966689813e-16,6.650690923492221e-18,1.743588942006879e-32,1.743588942006879e-32,1.061101451664996e-30,1.0,4.0744655206223e-19,-2.867493450667631e-20,1.7162997175491824e-22,-1.0777094671075858e-22
weak,gaussian,0.001,0.4,0.1,433,0.00221844589541253,-0.0023969508672345673,-1.544203118692593e-05,7.005610963660887e-12,0.007450908599301073,-0.000803443505505625,-0.0008051060290445036,1.6625235388564727e-06,-1.1572398672921504e-08,1.1572398672921504e-08,1.668455837571034e-05,0.9999873072268739,-2.645707859263678e-06,7.641628000406928e-08,-1.0856209381492957e-09,5.105573528417589e-10
weak,gaussian,0.001,0.4,0.1,434,0.0022199941022864587,-8.840552069483134e-16,-5.187557148805867e-18,9.738586322837962e-37,1.0357600065755176e-27,-2.980790758468603e-16,-3.001328810224161e-16,-6.292126707495505e-21,1.4703087205971687e-35,1.4703087205971687e-35,2.0658104019377274e-30,1.0,-9.862178337753468e-19,3.5111429798392347e-20,-4.1633054493912967e-22,1.754811913620542e-22
weak,gaussian,0.001,0.4,0.1,435,0.002221530901229318,-0.0023275128204033914,-1.578395421449573e-05,6.642060822225092e-12,0.007064250120953944,-0.0007823425659588031,-0.0007839693590663441,1.6267931075495356e-06,-1.155834830468044e-08,1.155834830468044e-08,1.653695466066656e-05,0.9999880657035809,-2.576215930287289e-06,7.190910398106346e-08,-1.0639643878402416e-09,5.015012582835525e-10
weak,gaussian,0.001,0.4,0.1,436,0.0022230550891901633,1.1118064606186603e-15,4.968473208116888e-18,1.4582601278668285e-36,1.5509515134512945e-27,3.7914984266305187e-16,3.669635750061203e-16,-1.4927084895601326e-18,-3.336166599726459e-33,3.336166599726459e-33,2.4848599744810682e-30,1.0,1.205821248719154e-18,-6.522979807722523e-20,5.097825511657403e-22,-2.399349161468749e-22
weak,gaussian,0.001,0.4,0.1,437,0.0022245672860719255,-0.0022580798647915176,-1.6081454785102194e-05,6.2854793389196746e-12,0.006685003249539964,-0.0007610754637290598,-0.0007626657537611126,1.590290032041632e-06,-1.149624801443266e-08,1.149624801443266e-08,1.632371808852554e-05,0.9999887982418297,-2.506177193058386e-06,6.74825052662444e-08,-1.041724546736158e-09,4.92144921655832e-10
weak,gaussian,0.001,0.4,0.1,438,0.0022260663108683277,4.85584471463581e-16,8.586576017960147e-19,3.5572309517415593e-37,3.7833392155965147e-28,1.6342972225472165e-16,1.792781691123927e-16,-7.03868711269186e-18,-2.7150234323518324e-33,2.7150234323518324e-33,1.873038533042004e-31,1.0,5.892604404164026e-19,9.216923535957727e-20,2.211102086438925e-22,-1.081569678930512e-22
weak,gaussian,0.001,0.4,0.1,439,0.002227552769364181,0.0021887259596780253,1.633417335108068e-05,5.9365334001143746e-12,0.006313877260725857,0.0007396695007576801,0.0007412225602436092,-1.5530594859454303e-06,-1.1388256752819272e-08,1.1388256752819272e-08,1.6049464567160774e-05,0.9999895044141447,2.4356815659477636e-06,-6.314616695682672e-08,1.0189274336586242e-09,-4.824957732473128e-10
weak,gaussian,0.001,0.4,0.1,440,0.002229025505082202,1.8171099038467967e-15,1.6665088466107527e-17,4.125644073570201e-36,4.387882379548547e-27,5.830862140603845e-16,6.170622204423032e-16,-3.1786123246825364e-17,-2.3764580292831004e-31,2.3764580292831004e-31,1.3585442262191728e-29,1.0,2.0277470976855543e-18,-1.1783435703733803e-19,8.334914273432281e-22,-3.8857643961740293e-22
weak,gaussian,0.001,0.4,0.1,441,0.0022304851080143396,-0.002119521309892819,-1.654185927510649e-05,5.595827401192574e-12,0.005951514967077546,-0.0007181511525574343,-0.0007196662989789613,1.5151464215359434e-06,-1.1236721014712832e-08,1.1236721014712832e-08,1.5718922808701836e-05,0.9999901839223475,-2.364816244696894e-06,5.890938361799971e-08,-9.955991914328037e-10,4.72561371875854e-10
weak,gaussian,0.001,0.4,0.1,442,0.0022319304485539783,1.6391961791198357e-16,3.620913923166191e-18,2.780841874128492e-38,2.957600520599427e-29,4.418308198856495e-17,3.9910616139349665e-17,-2.2701695443122837e-17,-3.682950118931269e-32,3.682950118931269e-32,2.659307001085652e-31,1.0,1.310197957554199e-19,-1.0316115956716479e-19,7.67706703994827e-23,-3.353379043245005e-23
weak,gaussian,0.001,0.4,0.1,443,0.002233362099349296,0.0020505322374888904,1.670436991522018e-05,5.263903298476572e-12,0.0055984927732859605,0.0006965459904905097,0.0006980225859116118,-1.476595421133053e-06,-1.1044154522418607e-08,1.1044154522418607e-08,1.5336899031320682e-05,0.9999908365901694,2.293665446440754e-06,-5.478102029156601e-08,9.717660012643882e-10,-4.623493932085637e-10
weak,gaussian,0.001,0.4,0.1,444,0.002234778959854666,2.0143847652415604e-16,2.4751595422001552e-18,6.822350671909629e-38,7.255999733992582e-29,6.314191439643503e-17,7.847858545296619e-17,-4.2324123172567474e-18,-4.6876652777618715e-33,4.6876652777618715e-33,2.231058982976337e-31,1.0,2.5799070049456424e-19,-4.079578846827212e-20,8.519336539399718e-23,-3.953179520648427e-23
weak,gaussian,0.001,0.4,0.1,445,0.0022361815839522653,0.001981821064555767,1.6821669487476938e-05,4.941241108071813e-12,0.005255321206719292,0.0006748786072917098,0.0006763160578407684,-1.437450549054684e-06,-1.081321759123579e-08,1.081321759123579e-08,1.4908243217152104e-05,0.9999914623555529,2.2223101644207106e-06,-5.0769472429661255e-08,9.474539971593384e-10,-4.518676182750626e-10
weak,gaussian,0.001,0.4,0.1,446,0.0022375689021886325,-6.425330561834247e-16,-6.7331384357146006e-18,6.108700544401912e-37,6.496987864860628e-28,-2.1005803557244563e-16,-2.3770420546242004e-16,3.001392149173406e-17,-9.031582813152566e-32,9.031582813152566e-32,1.9334662778760194e-30,1.0,-7.812373482036448e-19,2.319788280301374e-20,-3.017128456048492e-22,1.6557398544063575e-22
weak,gaussian,0.001,0.4,0.1,447,0.0022389414483904467,-0.0019134460074215279,-1.6893827714439553e-05,4.628259830234843e-12,0.004922445900546552,-0.0006531725461570259,-0.0006545703013631112,1.3977552060880011e-06,-1.0546696366529421e-08,1.0546696366529421e-08,1.4437817127151743e-05,0.9999920612627153,-2.1508279344415914e-06,4.688262700533195e-08,-9.226891808125331e-10,4.4112392217041916e-10
weak,gaussian,0.001,0.4,0.1,448,0.002240298186061573,7.427657947537232e-16,6.889066010156081e-18,7.444520652078563e-37,7.917716703363832e-28,2.5784681218462497e-16,2.6250814606179415e-16,-3.236575086479775e-18,-9.952683779467641e-33,9.952683779467641e-33,2.2840542486623277e-30,1.0,8.626084024266426e-19,-1.8938120690397458e-20,3.6079626051514095e-22,-1.633449904304609e-22
weak,gaussian,0.001,0.4,0.1,449,0.0022416396278197035,-0.0018454610825460564,-1.692101826805117e-05,4.32531877521191e-12,0.004600249003850453,-0.0006314502337343696,-0.0006328077857214725,1.357551987062209e-06,-1.0247482105431619e-08,1.0247482105431619e-08,1.3930464247329466e-05,0.9999926334540448,-2.079292614185831e-06,4.312782505635415e-08,-8.974973374314698e-10,4.301262629540699e-10
weak,gaussian,0.001,0.4,0.1,450,0.0022429647718192874,-8.77434201040725e-16,-7.568589656892148e-18,8.63628232539475e-37,9.185230321532088e-28,-2.9969343261770753e-16,-2.8282546297086105e-16,-4.384071386675001e-18,1.4793472358173352e-32,1.4793472358173352e-32,2.96078632265532e-30,1.0,-9.291719094489572e-19,1.6357433023146852e-20,-4.299502107481964e-22,2.1156125188494513e-22
weak,gaussian,0.001,0.4,0.1,451,0.0022442741084540523,-0.0017779160243645079,-1.6903517015114285e-05,4.03271926358016e-12,0.00428905099004738,-0.0006097329173341802,-0.0006110497998757303,1.3168825415177105e-06,-9.918550663486076e-09,9.918550663486076e-09,1.3390981812819451e-05,0.9999931791618918,-2.0077741764236223e-06,3.9511825918436664e-08,-8.719039529557714e-10,4.1888267074364117e-10
weak,gaussian,0.001,0.4,0.1,452,0.002245566672045438,1.2381484126529251e-16,1.6281425673115565e-18,3.637061422020085e-38,3.8682439498973316e-29,2.750006308565535e-17,5.799254917212544e-17,-1.9321110364151555e-17,-1.400872333171282e-32,1.400872333171282e-32,8.977164474271605e-32,1.0,1.9068240925344263e-19,3.2907638609957073e-21,5.660032789857735e-23,-2.6289114073551462e-23
weak,gaussian,0.001,0.4,0.1,453,0.002246842929888525,0.0017108562153639872,1.6841700073777673e-05,3.7507066720375075e-12,0.003989112832713805,0.000588040606679263,0.0005893163941184518,-1.2757874391952563e-06,-9.562942350351747e-09,9.562942350351747e-09,1.2824095029174211e-05,0.9999936987003202,1.936338517178622e-06,-3.604077340563928e-08,8.459341331549524e-10,-4.0740123700711253e-10
weak,gaussian,0.001,0.4,0.1,454,0.0022481019538073454,4.3182494533705885e-16,3.8965727047206955e-18,1.8152292679783588e-37,1.930610682300177e-28,1.6416715379434427e-16,1.2870293761464381e-16,2.3639885677780177e-17,4.0974357554715175e-32,4.0974357554715175e-32,7.4847018942722125e-31,1.0,4.227910059828583e-19,-5.2636816915741525e-20,2.0393009392214313e-22,-1.2639356801005654e-22
weak,gaussian,0.001,0.4,0.1,455,0.002249344187265048,-0.0016443226286846947,-1.6736041689746108e-05,3.479472793685152e-12,0.003700638515895437,-0.0005663920205093629,-0.0005676263265505046,1.234306041173433e-06,-9.183742301395475e-09,9.183742301395475e-09,1.2234433583292803e-05,0.9999941924568736,-1.8650472798845692e-06,3.2720164195367816e-08,-8.196125251033923e-10,3.956901040645248e-10
weak,gaussian,0.001,0.4,0.1,456,0.002250568740740064,-2.563370829532582e-15,-2.4159229617917708e-17,8.63551574785283e-36,9.184415018023407e-27,-8.688172214064292e-16,-8.9373943601204e-16,1.6510986956099755e-17,-1.7724085377622748e-31,1.7724085377622748e-31,2.751707306046802e-29,1.0,-2.9366220067724378e-18,1.0846625560504706e-19,-1.2754617380433955e-21,6.178875510721359e-22
weak,gaussian,0.001,0.4,0.1,457,0.0022517760332721464,0.001578351783508472,1.658711194074767e-05,3.2191584802504253e-12,0.003423777844277668,0.0005448045383390919,0.0005459970147155304,-1.1924763764525306e-06,-8.784061492195807e-09,8.784061492195807e-09,1.1626510509080298e-05,0.9999946608844105,1.7939576965144596e-06,-2.9554818667562714e-08,7.929632415247733e-10,-3.8375745480552566e-10
weak,gaussian,0.001,0.4,0.1,458,0.002252965214960146,4.330248533124151e-16,6.303460454101363e-18,2.225207555984515e-37,2.366648419405053e-28,1.4630040946101375e-16,1.4323369434682957e-16,1.388800853079919e-18,3.885657531630538e-33,3.885657531630538e-33,1.2115389178550352e-30,1.0,4.70408015268081e-19,-3.517070522900205e-20,2.4871635778740197e-22,-1.2001610055390762e-22
weak,gaussian,0.001,0.4,0.1,459,0.0022541366799705928,0.0015129757135204924,1.6395574278584967e-05,2.969856532716934e-12,0.0031586295175528396,0.0005232941576639195,0.0005244444926905906,-1.1503350266612884e-06,-8.367018531959305e-09,8.367018531959305e-09,1.1004703447283393e-05,0.999995104493057,1.7231224466586083e-06,-2.65488544400795e-08,7.660097885191297e-10,-3.716115026431998e-10
weak,gaussian,0.001,0.4,0.1,460,0.002255289618801975,-1.654930598171867e-16,-1.5618603375148582e-18,6.005872113785715e-38,6.387623350915297e-29,-8.943738314626785e-17,-7.424579376896713e-17,-4.0720085399770384e-17,2.819996411809118e-32,2.819996411809118e-32,1.1460924756960596e-31,1.0,-2.44079373441591e-19,-2.1999376010919605e-20,-8.18576007846384e-23,3.677881019491196e-23
weak,gaussian,0.001,0.4,0.1,461,0.002256424400438661,0.0014482219486886966,1.616218291798817e-05,2.7316148059615196e-12,0.0029052444323972347,0.000501875456887232,0.0005029833739043805,-1.1079170171434995e-06,-7.9357223249066e-09,7.9357223249066e-09,1.037323831279331e-05,0.9999955238423202,1.6525895354426725e-06,-2.3705662831938855e-08,7.387749971698177e-10,-3.592604817207325e-10
weak,gaussian,0.001,0.4,0.1,462,0.0022575402563711072,1.060634219593844e-15,1.0915432501169705e-17,1.5272099050481127e-36,1.6242839451813406e-27,3.600174168077033e-16,3.7582018621173613e-16,-2.0182855728751898e-17,-9.758612222586329e-32,9.758612222586329e-32,5.128272330796599e-30,1.0,1.2348036048966501e-18,-4.969508086945576e-20,5.461613134123743e-22,-2.510528796437084e-22
weak,gaussian,0.001,0.4,0.1,463,0.002258637530232191,0.0013841135106318382,1.5887780082437467e-05,2.504439492856619e-12,0.0026636291753208284,0.000480561564235805,0.00048162681995364364,-1.0652557178120858e-06,-7.493255712623185e-09,7.493255712623185e-09,9.736175358685582e-06,0.9999959195334018,1.5824021911741107e-06,-2.102788847545601e-08,7.112809595449115e-10,-3.467126374046818e-10
weak,gaussian,0.001,0.4,0.1,464,0.00225971549491067,6.38593491611542e-16,7.284787690617507e-18,5.83635504711381e-37,6.207331271274328e-28,2.409700907430541e-16,2.312407084650561e-16,3.370350642717503e-18,1.0865212426267785e-32,1.0865212426267785e-32,2.0586742080927832e-30,1.0,7.597812954988802e-19,-7.979816129184702e-20,3.3358215410201116e-22,-1.7291272706477698e-22
weak,gaussian,0.001,0.4,0.1,465,0.002260774468656453,0.0013206689217720516,1.5573293117061935e-05,2.2882985531006464e-12,0.0024337496694444086,0.00045936413289473843,0.00046038651564810876,-1.0223827533928979e-06,-7.042660166751879e-09,7.042660166751879e-09,9.097397601793104e-06,0.9999962922017472,1.512598783473006e-06,-1.8517412273899246e-08,6.835489695728105e-10,-3.339762170909893e-10
weak,gaussian,0.001,0.4,0.1,466,0.002261813765978709,6.047036154152839e-16,7.741798631067953e-18,6.855278640984336e-37,7.291020703499579e-28,1.9898891579752635e-16,2.510197033515565e-16,-1.7160042902353306e-17,-5.873586881854564e-32,5.873586881854564e-32,2.0697962371796593e-30,1.0,8.250773640781782e-19,-6.910205202625775e-20,3.0063625726874593e-22,-1.5299620948116173e-22
weak,gaussian,0.001,0.4,0.1,467,0.0022628336798485994,0.0012579022284961335,1.5219731479666244e-05,2.0831252526649565e-12,0.002215534938924402,0.00043829332258786655,0.00043927265051040286,-9.793279225501898e-07,-6.586921586190344e-09,6.586921586190344e-09,8.460601552768944e-06,0.9999966425098583,1.4432127626303784e-06,-1.6175337891545474e-08,6.555994692843032e-10,-3.2105946136947753e-10
weak,gaussian,0.001,0.4,0.1,468,0.0022638335664362506,-5.763937143538527e-17,-3.127383926936365e-19,2.3839284795948153e-39,2.535458120764633e-30,-3.544278954668276e-17,-1.1935275034016576e-17,-1.2539095530857585e-17,1.7322194706767058e-33,1.7322194706767058e-33,7.962619092599935e-33,1.0,-3.9222156199076595e-20,2.907834988922328e-20,-1.56360816906684e-23,1.6307142928685234e-23
weak,gaussian,0.001,0.4,0.1,469,0.002264813693671389,-0.001195823038475187,-1.4828183621262443e-05,1.888821780345515e-12,0.0020088809553834085,-0.0004173577877886572,-0.0004182939069184578,9.361191298156526e-07,-6.128957267907155e-09,6.128957267907155e-09,7.829290171900048e-06,0.9999969711403965,-1.374272620809104e-06,1.4001981934386286e-08,-6.274520008749796e-10,3.0797059558816423e-10
weak,gaussian,0.001,0.4,0.1,470,0.002265773459247652,-1.3726032749385608e-16,8.692145957948662e-19,1.3639016895128892e-38,1.4505953698694087e-29,-8.783094101534158e-17,-3.556453712545585e-17,-2.8047609068757276e-17,-1.07598538063057e-32,1.07598538063057e-32,-5.265693249000252e-32,1.0,-1.167270000542532e-19,-3.7167044628707626e-21,-7.900508979938052e-23,6.495840770192126e-23
weak,gaussian,0.001,0.4,0.1,471,0.00226671310642083,-0.001134436572281159,-1.4399813767902898e-05,1.705262909050976e-12,0.0018136545319207243,-0.0003965646727286315,-0.0003974574550560776,8.927823274071044e-07,-5.6716040567819585e-09,5.6716040567819585e-09,7.206767952271231e-06,0.9999972787895973,-1.3058018756306814e-06,1.199686795844156e-08,-5.991251650284343e-10,2.947178218706094e-10
weak,gaussian,0.001,0.4,0.1,472,0.002267632074096945,-2.850489497311731e-16,-1.1576053600978853e-18,1.016940341952655e-37,1.0815801188696992e-28,-1.1488282739116346e-16,-9.706681917993619e-17,-1.707135172350533e-17,8.714768363433013e-33,8.714768363433013e-33,1.4551487248233891e-31,1.0,-3.1879452829068246e-19,-8.003259213876069e-21,-1.6624981071613328e-22,5.594767813612637e-23
weak,gaussian,0.001,0.4,0.1,473,0.0022685305813523434,0.0010737437293720335,1.3935858616158717e-05,1.5322996707580808e-12,0.0016296972316589286,0.00037591961332969926,0.00037676895479983987,-8.49341470140619e-07,-5.217607706951898e-09,5.217607706951898e-09,6.596138013530946e-06,0.9999975661610117,1.2378190765678371e-06,-1.0158724417249002e-08,5.706365859007384e-10,-2.813093116397264e-10
weak,gaussian,0.001,0.4,0.1,474,0.002269408107825725,-2.400741165661863e-16,-2.8501790126857553e-18,7.627941065595644e-38,8.112795868257627e-29,-7.358660206949658e-17,-8.397437854542809e-17,3.2721460488620704e-17,-4.109530569997188e-32,4.109530569997188e-32,3.015121899699161e-31,1.0,-2.757837575586409e-19,1.4923279843042638e-20,-1.4641932503840074e-22,6.32684811401925e-23
weak,gaussian,0.001,0.4,0.1,475,0.002270264849031997,0.0010137411684877883,1.343762395486026e-05,1.3697630157362395e-12,0.0014568292595597446,0.0003554267461598101,0.0003562325646424965,-8.058184826911326e-07,-4.76961344439461e-09,4.76961344439461e-09,6.000301073025837e-06,0.9999978339595876,1.1703378344708852e-06,-8.485486629401919e-09,5.420028831382621e-10,-2.677531987078466e-10
weak,gaussian,0.001,0.4,0.1,476,0.002271100324700086,4.454542980148743e-18,6.985084052424066e-20,2.575492745436355e-40,2.7391987856518613e-31,3.9613907150544335e-17,-4.076483423060193e-18,4.535566837442577e-17,1.394976489605642e-33,1.394976489605642e-33,1.3700564784861957e-34,1.0,-1.3394755819485056e-20,-8.839067265270067e-21,-3.961732997593086e-24,-2.5792725903729506e-23
weak,gaussian,0.001,0.4,0.1,477,0.0022719147075212828,-0.0009544214024256523,-1.290648122591418e-05,1.2174674284034173e-12,0.0012948533081145678,-0.00033508872446912563,-0.0003358509577084271,7.622332392918268e-07,-4.3301577123997546e-09,4.3301577123997546e-09,5.421956146169263e-06,0.9999980828861018,-1.1033668744091241e-06,6.974302823036475e-09,-5.132396512496695e-10,2.5405757299322096e-10
weak,gaussian,0.001,0.4,0.1,478,0.002272707556516024,1.095226953074269e-15,1.5722857285237022e-17,1.9410446283163245e-36,2.0644232441351034e-27,3.698734265240304e-16,4.235352575424635e-16,-4.50363292440925e-17,-3.1156660491827794e-31,3.1156660491827794e-31,7.576908445066063e-30,1.0,1.3916640190418222e-18,-6.569207620159225e-20,5.98404209696598e-22,-2.8188191372131896e-22
weak,gaussian,0.001,0.4,0.1,479,0.0022734790224057384,-0.0008957729071149105,-1.234386403714061e-05,1.0752144742526902e-12,0.001143558329724309,-0.0003149067413271672,-0.0003156253448859275,7.186035587830102e-07,-3.901661083653405e-09,3.901661083653405e-09,4.863602815160389e-06,0.9999983136319426,-1.0369101119074517e-06,5.621544278391333e-09,-4.843614466101798e-10,2.4023047492509606e-10
weak,gaussian,0.001,0.4,0.1,480,0.0022742287025544878,-6.303952765427518e-16,-7.542214034058671e-18,5.541999738898639e-37,5.894265857193123e-28,-2.2185047039468605e-16,-2.258538726949765e-16,1.029649856640903e-17,-3.4147135642957426e-32,3.4147135642957426e-32,2.0906323521484647e-30,1.0,-7.420043433592217e-19,-6.024436992405822e-20,-3.446225657431049e-22,1.5954201492161948e-22
weak,gaussian,0.001,0.4,0.1,481,0.00227495672667945,0.0008377802448355648,1.1751264639939252e-05,9.427962543563366e-13,0.0010027232107821206,0.00029488055984002045,0.0002955555050510228,-6.749452109592698e-07,-3.4864222683562184e-09,3.4864222683562184e-09,4.327544894247572e-06,0.9999985268742514,9.709667524937575e-07,-4.4228195651974805e-09,4.553817823148402e-10,-2.262798905960692e-10
weak,gaussian,0.001,0.4,0.1,482,0.0022756627293989066,-1.4990305158520788e-16,-7.469870186623314e-19,7.442374702333607e-38,7.91543435061954e-29,-3.824417047095227e-17,-8.280279060258152e-17,3.0311722685150626e-17,-9.949832664825865e-33,9.949832664825865e-33,4.9205724620536073e-32,1.0,-2.7212209484946846e-19,-1.9320953529862038e-20,-1.0801142928131993e-22,4.0078685364491774e-23
weak,gaussian,0.001,0.4,0.1,483,0.002276346820499051,-0.0007804242013643922,-1.113023038425533e-05,8.199987462482644e-13,0.0008721203249123269,-0.0002750085503836122,-0.00027563982232273415,6.312719391071107e-07,-3.0866131883354077e-09,3.0866131883354077e-09,3.815895311036055e-06,0.9999987232714158,-9.055314143584611e-07,3.372992835580956e-09,-4.263131310430119e-10,2.1221374772019983e-10
weak,gaussian,0.001,0.4,0.1,484,0.0022770086706295667,-1.8178924433175384e-16,-3.2658693624290144e-18,8.235830512176842e-38,8.759324590513331e-29,-7.005577453041908e-17,-8.732208234532538e-17,5.314830143099642e-18,-7.62295776680735e-33,7.62295776680735e-33,2.60736786442735e-31,1.0,-2.869808191578165e-19,-5.479068267021907e-22,-1.1200707859884528e-22,4.254175176929611e-23
weak,gaussian,0.001,0.4,0.1,485,0.002277648370822237,0.0007236819367583795,1.0482360162951572e-05,7.066050122342641e-13,0.0007515189452104963,0.0002552877347482851,0.0002558753302427395,-5.875954944584905e-07,-2.7042750241636105e-09,2.7042750241636105e-09,3.330582016830433e-06,0.9999989034589143,8.405942737732101e-07,-2.466206108889709e-09,3.9716693602775106e-10,-1.9803991244856257e-10
weak,gaussian,0.001,0.4,0.1,486,0.002278265626410464,-3.1025070084563023e-16,-4.93475212637713e-18,2.3128508412590566e-37,2.459862574645816e-28,-1.0275801857757264e-16,-1.4611541317976697e-16,6.137978354564703e-19,-1.3294938652332487e-33,1.3294938652332487e-33,6.720069371893924e-31,1.0,-4.8028489922170035e-19,-2.472780635986316e-20,-1.7262268465983353e-22,7.415891471473822e-23
weak,gaussian,0.001,0.4,0.1,487,0.0022788605109470435,-0.0006675271494150127,-9.809300856957349e-06,6.023982584759745e-13,0.0006406884977719546,-0.0002357138370445473,-0.00023625776273095402,5.439256864213888e-07,-2.341315177609145e-09,2.341315177609145e-09,2.873354734677371e-06,0.9999990680455032,-7.761412327796963e-07,1.6959054520405667e-09,-3.6795363015959395e-10,1.837661870888935e-10
weak,gaussian,0.001,0.4,0.1,488,0.002279432762985426,9.922073080108897e-16,1.3780041423951513e-17,1.1492857538304186e-36,1.2223378018973582e-27,3.796258339807351e-16,3.263438999347363e-16,3.514056084860496e-17,2.1243810829517374e-31,2.1243810829517374e-31,5.9982720383601395e-30,1.0,1.0719612542575436e-18,1.358104562489296e-20,5.365242372808401e-22,-3.0090279155318276e-22
weak,gaussian,0.001,0.4,0.1,489,0.0022799824399691053,0.0006119302529654577,9.112743791504872e-06,5.071647304107642e-13,0.0005394016411532342,0.00021628134117535416,0.00021678161162045143,-5.002704450327297e-07,-1.9995050453577883e-09,1.9995050453577883e-09,2.4457923516378237e-06,0.9999992176097392,7.12154108501574e-07,-1.0548709312799072e-09,3.3868266317314824e-10,-1.6940030876368527e-10
weak,gaussian,0.001,0.4,0.1,490,0.0022805093121010954,2.600390712202459e-16,3.9414305739333454e-18,1.7776024887001523e-37,1.890592232126134e-28,6.971207014741638e-17,1.2825679928453528e-16,-5.0233888731478e-17,-8.681980987457421e-32,8.681980987457421e-32,4.494285290948519e-31,1.0,4.2161393015974506e-19,1.3851505290600633e-21,1.443632599116211e-22,-5.729336682466329e-23
weak,gaussian,0.001,0.4,0.1,491,0.0022810134221748226,0.0005568585654994913,8.394421212853768e-06,4.2069643226959414e-13,0.00044743715875064573,0.0001969835546402283,0.00019744019053852656,-4.5663589824110156e-07,-1.6804785248001283e-09,1.6804785248001283e-09,2.0493107622011986e-06,0.9999993526968256,6.486108433122022e-07,-5.352501864862554e-10,3.0936253680191006e-10,-1.5494994903549353e-10
weak,gaussian,0.001,0.4,0.1,492,0.002281494570374961,-5.276632200456543e-16,-8.362947225778996e-18,4.458169089641931e-37,4.741543682550286e-28,-1.925937305363342e-16,-2.0317803751278333e-16,-1.7299832610662568e-17,6.341351367494332e-32,6.341351367494332e-32,1.9341793399495905e-30,1.0,-6.67695033121331e-19,3.998767630587154e-22,-2.713063594638962e-22,1.3491008653321873e-22
weak,gaussian,0.001,0.4,0.1,493,0.002281952786388835,0.0005022765105347875,7.656102793539721e-06,3.427936604702157e-13,0.0003645826532235422,0.0001778126783927418,0.00017822570485374266,-4.1302646099093014e-07,-1.3857311424933505e-09,1.3857311424933505e-09,1.685170972148026e-06,0.999999473815771,5.854857349367374e-07,-1.2859545354148725e-10,2.8000084770223105e-10,-1.4042271451240796e-10
weak,gaussian,0.001,0.4,0.1,494,0.0022823878986269796,-2.1479864708116308e-16,-6.606185225400851e-18,7.1002781912806e-38,7.551593159720215e-29,-1.2875129954483281e-16,-8.04693059608531e-17,-6.008967402575351e-17,1.7392465013808047e-31,1.7392465013808047e-31,6.217171277666261e-31,1.0,-2.6430689620406607e-19,3.383226708994031e-20,-1.3437007289018144e-22,7.861308737728057e-23
weak,gaussian,0.001,0.4,0.1,495,0.0022827999252943406,-0.0004481458290730815,-6.899592172492346e-06,2.7326734255978543e-13,0.0002906370341071392,-0.00015875988242871085,-0.00015912932736658096,3.694449378609379e-07,-1.116619714758218e-09,1.116619714758218e-09,1.3544872768510565e-06,0.9999995814368489,-5.227496854284634e-07,-1.7409616380993117e-10,-2.5060433787043736e-10,1.258261484318491e-10
weak,gaussian,0.001,0.4,0.1,496,0.002283188721193252,1.0985708177205405e-15,1.5540357542548383e-17,1.7050816159915293e-36,1.8134617153309034e-27,3.8371039701481613e-16,3.973635195654371e-16,-2.4203931338914835e-17,-1.647422937274538e-31,1.647422937274538e-31,7.477342163929661e-30,1.0,1.305259520543711e-18,3.713038039593208e-20,6.487903325674026e-22,-3.375563491478147e-22
weak,gaussian,0.001,0.4,0.1,497,0.0022835542947446685,-0.000394425802042294,-6.126723535345314e-06,2.1194117514185817e-13,0.00022541279163255666,-0.00013981538675517124,-0.00014014127939187372,3.25892636667299e-07,-8.743624321350031e-10,8.743624321350031e-10,1.058235335100791e-06,0.9999996759893426,-4.603704678626278e-07,-3.8233939051226997e-10,-2.2117895221472742e-10,1.1116773321448995e-10
weak,gaussian,0.001,0.4,0.1,498,0.0022838965252400274,-6.574822359205283e-16,-8.547020076194749e-18,3.5502896000456232e-37,3.775956650776644e-28,-2.4316093901914556e-16,-1.8125104278902946e-16,-3.047155441761018e-17,1.1403361951032515e-31,1.1403361951032515e-31,2.4604940758266536e-30,1.0,-5.9504313095610875e-19,-3.086205116351534e-20,-3.624187715120262e-22,1.8643263692577023e-22
weak,gaussian,0.001,0.4,0.1,499,0.002284215413084059,0.00034107348231885576,5.3393582377988386e-06,1.5865355569477048e-13,0.00016873805133737062,0.00012096854733661185,0.0001212509168312347,-2.82369494632479e-07,-6.600392759076174e-10,6.600392759076174e-10,7.972599681634764e-07,0.999999757859565,3.9831300942700586e-07,5.061146808675627e-10,1.9172990284944312e-10,-9.645489395220161e-11
weak,gaussian,0.001,0.4,0.1,500,0.002284510860095612,3.2898083544348017e-16,6.139387410651296e-18,1.09888864003648e-37,1.1687372964603582e-28,1.1701602929947525e-16,1.0045359965250008e-16,-5.687774301127368e-19,-1.5285307042710177e-33,1.5285307042710177e-33,8.841020783690724e-31,1.0,3.2990115821114686e-19,3.246617666343223e-20,1.7733229643514688e-22,-7.576745537487471e-23
weak,gaussian,0.001,0.4,0.1,501,0.0022847828604948724,-0.00028804393550217397,-4.539381473782269e-06,1.1325930455242162e-13,0.00012045840550065499,-0.00010220794659625195,-0.00010244682080916512,2.3887421291968063e-07,-4.745926606159225e-10,4.745926606159225e-10,5.722825249882593e-07,0.9999998273891365,-3.365396895078949e-07,-5.558195801822821e-10,-1.6226173962405095e-10,8.16950027895104e-11
weak,gaussian,0.001,0.4,0.1,502,0.002285031336616923,-1.7862212092955518e-17,9.86868177634983e-19,1.115297965887588e-38,1.1861896482576471e-29,-3.989755537244486e-18,4.281636161886859e-18,2.7528759343113628e-17,1.1889227132312649e-32,1.1889227132312649e-32,-7.714401292545501e-33,1.0,1.4267374585189262e-20,1.0463947996496528e-19,-2.948061365841116e-23,6.69901667345354e-24
weak,gaussian,0.001,0.4,0.1,503,0.00228525627838738,-0.0002352904885465426,-3.728698988214249e-06,7.563117441443677e-14,8.04385186021363e-05,-8.352148801210558e-05,-8.371689241443111e-05,1.9540440230389482e-07,-3.188282224859662e-10,3.188282224859662e-10,3.839076671081403e-07,0.9999998848735118,-2.7501065126496366e-07,-5.422178108194895e-10,-1.3277842632978291e-10,6.689538413736577e-11
weak,gaussian,0.001,0.4,0.1,504,0.0022854576266062732,9.852500033135763e-17,2.501868788408257e-18,6.576448212817244e-38,6.994466977385828e-29,-9.639845287264782e-18,7.554583069420694e-17,-3.58658242190923e-17,-3.92619776186918e-32,3.92619776186918e-32,1.0785438344484432e-31,1.0,2.48397331447549e-19,-6.374357285969194e-20,6.909713129340685e-23,1.6051509119254026e-24
weak,gaussian,0.001,0.4,0.1,505,0.002285635368846992,-0.00018276498528830426,-2.9092338322224062e-06,4.566114562844521e-14,4.856350493649672e-05,-6.489649431565291e-05,-6.504845105188332e-05,1.519567361957031e-07,-1.9341566200808505e-10,1.9341566200808505e-10,2.3262944115823197e-07,0.9999999305607408,-2.1368412506880274e-07,-4.763863672116883e-10,-1.0328342195345764e-10,5.206332064045131e-11
weak,gaussian,0.001,0.4,0.1,506,0.002285789462292363,1.497019290117905e-17,1.2726280533599312e-18,1.2628230829082728e-38,1.3430919039957985e-29,8.316300083074726e-18,-3.3695874588353904e-17,1.423023916476604e-17,7.922777607409466e-33,7.922777607409466e-33,8.334751631562724e-33,1.0,-1.1094221245268574e-19,1.789011181102694e-20,-1.4065725970895071e-24,-1.4919664148859466e-23
weak,gaussian,0.001,0.4,0.1,507,0.0022859198941521668,0.00013041804790421205,2.0829231575959783e-06,2.32615062104036e-14,2.4740077283026983e-05,4.6319808788151864e-05,4.642833589900151e-05,-1.0852711091340918e-07,-9.888956875821279e-11,9.888956875821279e-11,1.1883652303087309e-07,0.9999999646504539,1.525167621393558e-07,3.69660906729555e-10,7.377976631276756e-11,-3.7206059813593305e-11
weak,gaussian,0.001,0.4,0.1,508,0.0022860266358879777,1.0377681526597177e-15,1.6198205246880405e-17,1.5579178081580472e-36,1.6569437346750968e-27,3.956327428377768e-16,3.798385418021179e-16,4.8459718535396644e-17,3.4337328127303366e-31,3.4337328127303366e-31,7.353362061299169e-30,1.0,1.2480898943624024e-18,1.3749651143361527e-20,5.40034977250528e-22,-2.8143232472246643e-22
weak,gaussian,0.001,0.4,0.1,509,0.0022861096763744453,-7.819934325705227e-05,-1.2517150453435384e-06,8.365716036012014e-15,8.897466027639677e-06,-2.777789911587007e-05,-2.784300992804657e-05,6.511081212638225e-08,-3.5650163242553083e-11,3.5650163242553083e-11,4.281653478938499e-08,0.9999999872930632,-9.146397661377463e-08,-2.3357973677619e-10,-4.4270169338845284e-11,2.2330821241119023e-11
weak,gaussian,0.001,0.4,0.1,510,0.002286168999234722,1.247946132622587e-16,2.7553368913580375e-18,5.826216173959897e-38,6.196547940946457e-29,3.5291190906095507e-17,7.318449136340463e-17,-1.4084780564863415e-17,-1.6975261019654128e-32,1.6975261019654128e-32,1.5040497963158542e-31,1.0,2.4064211854538137e-19,-1.8802303887197023e-20,6.916747128364765e-23,-3.325633772946161e-23
weak,gaussian,0.001,0.4,0.1,511,0.002286204597070018,-2.605785308127176e-05,-4.1756536222009935e-07,9.290549818874492e-16,9.88108501838838e-07,-9.256963255863983e-06,-9.278665942029018e-06,2.1702686173793947e-08,-3.963901579466497e-12,3.963901579466497e-12,4.75935394168317e-09,0.9999999985891689,-3.0480294230658745e-08,-7.982670426924518e-11,-1.475710324230811e-11,7.444804227213681e-12
decision_cancellation,gaussian,0.26366508987303583,0.5103448275862069,0.1,0,0.00023648490313375183,0.029864665508786012,-0.01960810345443405,1.3124677446232617e-15,1.4125526512628194e-06,3.3948182827533766e-06,-1.676887311630713e-05,2.0163691399040735e-05,-0.0016718688666229882,0.0016718688666229882,-2.476223400176818,5.06061301197569e-06,1.4129687282313508e-08,-1.5981805871423372e-09,-3.332054998463275e-08,8.030852857235459e-11
decision_cancellation,gaussian,0.26366508987303583,0.5103448275862069,0.1,1,0.00047428451585290526,0.3048567406507916,0.006714432119756076,1.328316001029794e-12,0.0014296094488082448,-2.487762540350761e-05,-0.0007019658613462671,0.000677088235942813,0.009585518496524949,0.009585518496524949,4.315848025670443,0.00541485619728499,8.627374829189655e-08,-3.694601502024762e-08,-1.1484380095075178e-06,2.4453459427953766e-08
decision_cancellation,gaussian,0.26366508987303583,0.5103448275862069,0.1,2,0.0004743850861642434,-3.666246984288644e-14,-8.068549002644989e-16,2.3204357158558497e-38,2.49738527742484e-29,1.6269165193064399e-18,9.33979144680742e-17,-8.486360270150195e-17,1.4433972671328788e-28,1.4433972671328788e-28,6.235713202478417e-26,1.0,-1.2111056817715818e-20,2.1702477016470746e-21,1.5144861343672518e-19,1.0783643833298642e-20
decision_cancellation,gaussian,0.26366508987303583,0.5103448275862069,0.1,3,0.0006520399645813138,-3.383081983620792e-05,-1.1835269846780872e-05,5.159825889182086e-16,5.553298943671054e-07,8.394167239972467e-11,-1.333617243798433e-05,1.3336256379644046e-05,-2.4206828043169236e-07,2.4206828043169236e-07,6.140680075590913e-07,0.9999999497668333,3.0217542141853384e-09,-7.675396017951237e-10,-2.2496056899500222e-08,4.3577209798973944e-10
decision_cancellation,gaussian,0.26366508987303583,0.5103448275862069,0.1,4,0.0006520467618610999,-1.961601652286749e-15,-7.157916165760171e-16,1.6743013259391384e-36,1.801978590831623e-27,-1.749278428599388e-19,-7.597848063035419e-16,7.782931046268354e-16,-8.543799495924544e-28,8.543799495924544e-28,2.1533701260334174e-27,1.0,1.7155453219027773e-19,-4.748186788421105e-20,-1.2813997809724784e-18,2.5108603506052124e-20
decision_cancellation,gaussian,0.26366508987303583,0.5103448275862069,0.1,5,0.0006520580831683137,-0.00010144544803358455,-3.5537837711253266e-05,4.642584824894813e-15,4.996614606327042e-06,2.4727209423951857e-10,-4.0003077214850165e-05,4.0003324486951675e-05,-2.180222422242301e-06,2.180222422242301e-06,5.52888149357136e-06,0.9999995473606068,9.064090945835284e-09,-2.30233682908856e-09,-6.7479017897151e-08,1.3070841525460362e-09
decision_cancellation,gaussian,0.26366508987303583,0.5103448275862069,0.1,6,0.0006520739442494266,1.8910999033009848e-16,6.768890130135171e-17,1.246022299791973e-38,1.341040273419419e-29,2.1361913091511443e-20,6.148564368763863e-17,-6.374160279900731e-17,-6.616732808758849e-30,6.616732808758849e-30,1.9630668551383186e-29,1.0,-1.8810072050142552e-20,6.646737299233883e-21,1.0814784036865492e-19,-1.9138173744092782e-20
decision_cancellation,gaussian,0.26366508987303583,0.5103448275862069,0.1,7,0.0006520943111921034,0.00016891888668143368,5.93368220925458e-05,1.2889078882285965e-14,1.3871961899326338e-05,-3.969180348266176e-10,6.665366183190422e-05,-6.665405874993903e-05,-6.065134993373826e-06,6.065134993373826e-06,1.5370644636914155e-05,0.9999987396478431,-1.5102912451580784e-08,3.836288085063702e-09,1.124345206537127e-07,-2.1776999022137247e-09
decision_cancellation,gaussian,0.26366508987303583,0.5103448275862069,0.1,8,0.0006521192330150153,1.345903202170107e-15,4.646545823464208e-16,7.754530852361103e-37,8.345868429662791e-28,5.703349839344297e-20,5.12752541896634e-16,-5.220651901162815e-16,-3.719871621475395e-28,3.719871621475395e-28,9.58996543303396e-28,1.0,-1.219848481202348e-19,3.1600118039616677e-20,8.705932047745832e-19,-4.0517729519269265e-20
decision_cancellation,gaussian,0.26366508987303583,0.5103448275862069,0.1,9,0.0006521486303522316,0.00023615648831441446,8.32976145553848e-05,2.524205096736378e-14,2.716693508341856e-05,-5.236701590658744e-10,9.327704674502396e-05,-9.32775704152026e-05,-1.1914153837771259e-05,1.1914153837771259e-05,3.0163786632109754e-05,0.9999975207526591,-2.11358748167302e-08,5.368829253418409e-09,1.573442603930189e-07,-3.0471555452249372e-09
decision_cancellation,gaussian,0.26366508987303583,0.5103448275862069,0.1,10,0.0006521826053359915,8.3539374754445e-16,2.503190689370818e-16,2.7907036587765033e-37,3.003514462159326e-28,5.931903416778131e-20,3.0622726422627704e-16,-3.228312876979074e-16,-1.2390828381365251e-28,1.2390828381365251e-28,3.206387035935348e-28,1.0,-7.119800132854793e-20,2.041358475442178e-20,5.213061880443784e-19,-4.271246127986113e-20
decision_cancellation,gaussian,0.26366508987303583,0.5103448275862069,0.1,11,0.0006522210131979533,0.00030306280947309597,0.0001074873029351449,4.1681398197805344e-14,4.4859898289958875e-05,-6.181873407011084e-10,0.00011986235356755217,-0.0001198629717548941,-1.975365297194851e-05,1.975365297194851e-05,4.994534575095624e-05,0.9999958816702482,-2.7160633545178062e-08,6.899396032740769e-09,2.021899339418843e-07,-3.91498789139322e-09
decision_cancellation,gaussian,0.26366508987303583,0.5103448275862069,0.1,12,0.0006522640292628536,-9.349733760382897e-16,-2.7926603220743908e-16,3.76740575740833e-37,4.054696972791134e-28,3.870264665587775e-21,-3.6236282315106674e-16,3.6243653064611126e-16,-1.551767494444809e-28,1.551767494444809e-28,4.0030768712003395e-28,1.0,8.027536369319992e-20,-2.365493191758712e-20,-6.080034750323376e-19,-8.286149246388388e-21
decision_cancellation,gaussian,0.26366508987303583,0.5103448275862069,0.1,13,0.0006523114231281572,-0.0003695412630940337,-0.0001319754017192008,6.218035060097557e-14,6.692204014741085e-05,6.709393215218371e-10,-0.00014639870617974638,0.00014639937711906803,-2.9619466901369633e-05,2.9619466901369633e-05,7.476544932292905e-05,0.999993810029615,3.317484346024758e-08,-8.427423899487142e-09,-2.469532414551678e-07,4.780734626352076e-09
decision_cancellation,gaussian,0.26366508987303583,0.5103448275862069,0.1,14,0.0006523634637196602,-4.695954805040746e-16,-2.0986375899252356e-16,9.787421406839566e-38,1.05337812025439e-28,-2.476081815266673e-18,-1.8288771765657478e-16,1.8842341273127118e-16,-6.061535919334867e-29,6.061535919334867e-29,1.5106773788735004e-28,1.0,4.49543756399757e-20,-7.502637426159345e-21,-3.0951094982473424e-19,-2.344052176123994e-23
decision_cancellation,gaussian,0.26366508987303583,0.5103448275862069,0.1,15,0.0006524198143912888,0.00043549374035399546,0.00015683463664056252,8.670550150346467e-14,9.331740648830012e-05,-6.721445309350376e-10,0.00017287523249588844,-0.00017287590464045045,-4.1557489656395694e-05,4.1557489656395694e-05,0.00010468796474457646,0.999991289763236,-3.917615874106404e-08,9.952348108853159e-09,2.9161588924330977e-07,-5.643934595078515e-09
decision_cancellation,gaussian,0.26366508987303583,0.5103448275862069,0.1,16,0.0006524808585056489,-1.1069464360496199e-15,-3.7609247366925463e-16,5.404514695199238e-37,5.816646994005864e-28,6.640432195942016e-20,-4.2961701516615848e-16,4.446550463188793e-16,-2.563008770595781e-28,2.563008770595781e-28,6.380481786189635e-28,1.0,1.0055402175961602e-19,-2.7161918401133334e-20,-7.273680278557296e-19,2.320216519911755e-20
decision_cancellation,gaussian,0.26366508987303583,0.5103448275862069,0.1,17,0.0006525461320852764,-0.0005008201913281884,-0.00018214180249519343,1.1521684727056072e-13,0.0001240029431191016,6.117013950428595e-10,-0.0001992810671236506,0.00019928167882503616,-5.562445687857798e-05,5.562445687857798e-05,0.00013979133104812118,0.999988300670593,4.516223314296299e-08,-1.1473603746736385e-08,-3.36159594095809e-07,6.504128112607474e-09
decision_cancellation,gaussian,0.26366508987303583,0.5103448275862069,0.1,18,0.0006526161542973256,3.323376846942247e-16,8.057724754203392e-17,2.7553172781759873e-38,2.9654296208817966e-29,-2.6739984191214885e-20,9.438381123453455e-17,-1.2176936552642012e-16,-1.5034626777854147e-29,1.5034626777854147e-29,4.103308768993906e-29,1.0,-2.7246295950807836e-20,8.466912481409179e-21,1.6311086184292338e-19,-1.1574553149551152e-20
decision_cancellation,gaussian,0.26366508987303583,0.5103448275862069,0.1,19,0.000652690312157472,0.0005654181521216883,0.0002079787160822705,1.4766783762128763e-13,0.00015892854997215326,-4.791111866702154e-10,0.0002256053551463372,-0.00022560583425751494,-7.188893549599214e-05,7.188893549599214e-05,0.0001801695829361521,0.9999848178578289,-5.113072044914754e-08,1.2990625846498618e-08,3.805660894870221e-07,-7.3608573081484864e-09
decision_cancellation,gaussian,0.26366508987303583,0.5103448275862069,0.1,20,0.0006527692826511206,4.84828958566679e-16,1.5393225339088005e-16,7.764881389160504e-38,8.357008267771487e-29,-2.013358020031823e-19,1.6163972272384616e-16,-1.7763495575133867e-16,-4.188884150421488e-29,4.188884150421488e-29,1.1432954350765575e-28,1.0,-4.365053956101613e-20,8.184883203398538e-21,2.750699449420014e-19,3.602410885541127e-21
decision_cancellation,gaussian,0.26366508987303583,0.5103448275862069,0.1,21,0.0006528522814046144,0.0006291822040534224,0.00023443329009800804,1.8400543810835906e-13,0.0001980371483501466,-2.633900511730371e-10,0.0002518372573303154,-0.0002518375207203348,-9.043255302037161e-05,9.043255302037161e-05,0.00022593358155999777,0.9999808110299455,-5.70792752161004e-08,1.4502849587543576e-08,4.2481713417120806e-07,-8.213666511773476e-09
decision_cancellation,gaussian,0.26366508987303583,0.5103448275862069,0.1,22,0.0006529401660067173,-6.98073752428913e-16,-3.0311704357166347e-16,2.7779973819739205e-37,2.9898392422853937e-28,2.0855722325915564e-19,-3.090133053089656e-16,2.993974043684255e-16,-1.3899046312346687e-28,1.3899046312346687e-28,3.2406959021273102e-28,1.0,7.012196199561689e-20,-1.7774086500170338e-20,-5.218677959956196e-19,1.4857119338422423e-20
decision_cancellation,gaussian,0.26366508987303583,0.5103448275862069,0.1,23,0.0006530319574728091,0.0006920033475041922,0.00026160075892275056,2.2417020669562892e-13,0.0002412647633431468,4.703234547010615e-11,0.0002779659570645106,-0.00027796591003216196,-0.00011135150766659734,0.00011135150766659734,0.0002772124684138727,0.9999762436045613,-6.300555387523247e-08,1.6009710594090254e-08,4.6889452368094e-07,-9.062102693193222e-09
decision_cancellation,gaussian,0.26366508987303583,0.5103448275862069,0.1,24,0.0006531287176911035,2.994205491745576e-16,8.248724370631211e-17,3.4805494719748427e-38,3.7459658758324144e-29,3.6119394940165486e-23,1.1179368286687262e-16,-1.1503088974520804e-16,-1.4527888269421508e-29,1.4527888269421508e-29,3.7815479769059256e-29,1.0,-2.1377869313181033e-20,1.0412332054639675e-20,1.8434102133664484e-19,1.6076461585919826e-20
decision_cancellation,gaussian,0.26366508987303583,0.5103448275862069,0.1,25,0.0006532292488575038,0.0007537682693741429,0.00028958509399123176,2.680963868573789e-13,0.0002885406240273564,4.6443115922583574e-10,0.0003039806694319099,-0.00030398020500076194,-0.00013475841198259343,0.00013475841198259343,0.0003341553604895839,0.99997107160671,-6.890721627312253e-08,1.751064535672839e-08,5.127801053992795e-07,-9.905715964165045e-09
decision_cancellation,gaussian,0.26366508987303583,0.5103448275862069,0.1,26,0.0006533348419235206,-6.692984567630469e-16,-2.5022713543272704e-16,2.037350630620109e-37,2.192712961232042e-28,-1.1681266144832013e-20,-2.6538429279432504e-16,2.6983324981608363e-16,-1.0334608965166116e-28,1.0334608965166116e-28,2.563411972523684e-28,1.0,5.868042433449522e-20,-1.212037922655155e-20,-4.472334850298049e-19,1.126841326160611e-20
decision_cancellation,gaussian,0.26366508987303583,0.5103448275862069,0.1,27,0.000653444054903426,0.0008143584781751464,0.0003185006552031213,3.1571202017265935e-13,0.00033978728464556784,1.0019254981401401e-09,0.0003298706528786293,-0.00032986965095313503,-0.0001607845372098856,0.0001607845372098856,0.00039693330580126607,0.9999652422916698,-7.478192774568423e-08,1.9005091804416314e-08,5.564557979858912e-07,-1.0744060158494229e-08
decision_cancellation,gaussian,0.26366508987303583,0.5103448275862069,0.1,28,0.0006535584338214079,-1.7374952069271237e-15,-6.498574778732929e-16,1.3510784362398202e-36,1.454107679973804e-27,2.660615857039666e-19,-6.823300763837533e-16,6.963127769977182e-16,-6.923697127200374e-28,6.923697127200374e-28,1.7276561582849094e-27,1.0,1.548544298423056e-19,-3.512193340562595e-20,-1.1512225774413947e-18,2.3485501507895835e-20
decision_cancellation,gaussian,0.26366508987303583,0.5103448275862069,0.1,29,0.0006536762658044017,0.0008736492743742254,0.00034847413629706715,3.669390820707919e-13,0.00039492077070421577,1.673643760874465e-09,0.00035562522404430203,-0.00035562355040053603,-0.00018958254422810167,0.00018958254422810167,0.0004657415179966407,0.9999586924262832,-8.06273618414303e-08,2.0492490059400243e-08,5.999036161017071e-07,-1.1576693506520648e-08
decision_cancellation,gaussian,0.26366508987303583,0.5103448275862069,0.1,30,0.0006537993794074797,2.501219848258266e-15,1.047246826460388e-15,3.143374746162973e-36,3.3830792031233e-27,1.9639770293838647e-19,1.040140450518186e-15,-1.029400606848275e-15,-1.6488796909768383e-27,1.6488796909768383e-27,4.006419447418392e-27,1.0,-2.3747433056046825e-19,6.521238732781665e-20,1.7554453647549443e-18,-3.3758027004215226e-20
decision_cancellation,gaussian,0.26366508987303583,0.5103448275862069,0.1,31,0.0006539257626029399,0.0009315085152129358,0.00037964687716803274,4.216936452522006e-13,0.0004538507548561978,2.494921385173498e-09,0.0003812337764520596,-0.00038123128153065946,-0.0002213298111023701,0.0002213298111023701,0.0005408019060884635,0.9999513461370839,-8.644120383640875e-08,2.197228341586307e-08,6.431057016021178e-07,-1.2403179425207336e-08
decision_cancellation,gaussian,0.26366508987303583,0.5103448275862069,0.1,32,0.0006540575556181033,-2.00709343964107e-15,-7.950037627563999e-16,1.9702879252287298e-36,2.1205362523647e-27,2.389332442351628e-19,-8.258409663445616e-16,8.145439942443705e-16,-9.900742446785647e-28,9.900742446785647e-28,2.4396122680830493e-27,1.0,1.8421975581126944e-19,-4.455439164532635e-20,-1.3906847118297573e-18,1.9024859149694483e-20
decision_cancellation,gaussian,0.26366508987303583,0.5103448275862069,0.1,33,0.0006541924171893965,0.0009877951221614126,0.0004121776359786404,4.798860764346121e-13,0.0005164807686503575,3.482539352661234e-09,0.0004066858039386668,-0.00040668232139931765,-0.0002562324989165181,0.0002562324989165181,0.0006223659088452098,0.9999431122035817,-9.2221155220659e-08,2.3443919593885427e-08,6.86044362673992e-07,-1.3223087449260091e-08
decision_cancellation,gaussian,0.26366508987303583,0.5103448275862069,0.1,34,0.0006543328303131328,2.234840948727325e-15,9.284971939329072e-16,2.4213065093191385e-36,2.605948179123009e-27,4.574947272796584e-19,9.112248467348893e-16,-9.163363811313976e-16,-1.3002797951800424e-27,1.3002797951800424e-27,3.1712355756116647e-27,1.0,-2.1079488975696788e-19,4.637013387092788e-20,1.5404747340275352e-18,-4.0736080801586803e-20
decision_cancellation,gaussian,0.26366508987303583,0.5103448275862069,0.1,35,0.000654476092300443,-0.0010423572644150045,-0.0004462459403229575,5.414212735144133e-13,0.0005827084577780653,-4.655013914920607e-09,-0.0004319709299337764,0.00043196627491986887,-0.0002945305394760431,0.0002945305394760431,0.000710717630611034,0.9999338806340531,9.796493938217406e-08,-2.490685233313063e-08,-7.287021227745058e-07,1.4035994337587958e-08
decision_cancellation,gaussian,0.26366508987303583,0.5103448275862069,0.1,36,0.0006546250622873655,1.114446576244748e-15,5.360169579543288e-16,6.3174213277029814e-37,6.7991691850321505e-28,-2.5012883620577797e-18,4.635304521767051e-16,-4.694125099762848e-16,-3.8436210300903782e-28,3.8436210300903782e-28,9.125258075424834e-28,1.0,-1.1034826698192758e-19,2.999261491461495e-20,7.860539682804281e-19,-2.8017757682560017e-20
decision_cancellation,gaussian,0.26366508987303583,0.5103448275862069,0.1,37,0.0006547766415164406,-0.0010950301320740222,-0.00048205617206406376,6.061989521067566e-13,0.0006524258904640249,-6.0329512037824756e-09,-0.0004570789439973338,0.000457072911046122,-0.000336503784470356,0.000336503784470356,0.0008061772523526333,0.9999235183045018,1.036703087750109e-07,-2.6360543408932174e-08,-7.710617817319647e-07,1.4841485396160227e-08
decision_cancellation,gaussian,0.26366508987303583,0.5103448275862069,0.1,38,0.0006549341012838206,1.767903628335499e-16,7.418592482422779e-17,2.2520472700112702e-38,2.4237817310601757e-29,2.4392051361289113e-19,8.923270900951063e-17,-7.446473176869707e-17,-8.434795168277364e-30,8.434795168277364e-30,2.0025459876205242e-29,1.0,-1.8668662188124007e-20,6.799715405625752e-21,1.4856666821889748e-19,7.325484076629001e-21
decision_cancellation,gaussian,0.26366508987303583,0.5103448275862069,0.1,39,0.0006550939092571521,-0.0011456331859470148,-0.0005198425883215463,6.74113992976206e-13,0.0007255199313909512,-7.639484549519027e-09,-0.00048199984745082023,0.0004819922079662893,-0.00038247963139229464,0.00038247963139229464,0.0009091046523773698,0.9999118633621562,1.0933505394481507e-07,-2.7804465177786996e-08,-8.131064920836565e-07,1.563915607308092e-08
decision_cancellation,gaussian,0.26366508987303583,0.5103448275862069,0.1,40,0.0006552597880090256,-1.1544860611522752e-15,-5.515763964605727e-16,6.564036586720618e-37,7.064590593972927e-28,-2.546319436023824e-20,-4.736832019065261e-16,5.084524312179654e-16,-4.279987341127052e-28,4.279987341127052e-28,9.71808850515883e-28,1.0,1.1248416445294635e-19,-2.4660142387173712e-20,-8.017738271089369e-19,1.736602890465417e-20
decision_cancellation,gaussian,0.26366508987303583,0.5103448275862069,0.1,41,0.0006554277307749794,-0.001193966734413316,-0.0005598755464027995,7.450568652640862e-13,0.0008018726972009862,-9.500818217069587e-09,-0.0005067239104963984,0.0005067144096781493,-0.00043284254490313034,0.00043284254490313034,0.001019903105146341,0.9998987179826503,1.149570148979286e-07,-2.9238103792333247e-08,-8.548198546605658e-07,1.642861389653764e-08
decision_cancellation,gaussian,0.26366508987303583,0.5103448275862069,0.1,42,0.0006556019541505056,1.7929195722961383e-15,8.991073531217946e-16,1.7361121972596733e-36,1.8685029763019485e-27,1.3307636902759072e-19,7.757054405263583e-16,-7.783890805342412e-16,-1.0675003963416868e-27,1.0675003963416868e-27,2.4588504668144572e-27,1.0,-1.7506208967343091e-19,4.854501973060566e-20,1.3050313449110404e-18,1.425439539768279e-21
decision_cancellation,gaussian,0.26366508987303583,0.5103448275862069,0.1,43,0.0006557779321445845,0.0012398076373839242,0.0006024692906833574,8.18914145096708e-13,0.0008813621146514521,1.1646908986472064e-08,0.0005312417439996801,-0.0005312300970907001,-0.00048804603524432304,0.00048804603524432304,0.001139022817428106,0.9998838389091824,-1.2053409545834566e-07,3.066096327131042e-08,8.961860387379579e-07,-1.7209480851818547e-08
decision_cancellation,gaussian,0.26366508987303583,0.5103448275862069,0.1,44,0.000655960422396702,2.6085328697035414e-16,1.5816564602212464e-16,3.5460977199102457e-38,3.816512639199436e-29,5.797735304664419e-20,1.0688749473148705e-16,-1.2510665714808125e-16,-3.016580661558251e-29,3.016580661558251e-29,6.289713104933229e-29,1.0,-3.1795337195986456e-20,1.1765459157592048e-21,1.8513652268931134e-19,-1.3157410000231554e-20
decision_cancellation,gaussian,0.26366508987303583,0.5103448275862069,0.1,45,0.000656144330247288,-0.0012829038668798615,-0.0006479917854248035,8.955691555260379e-13,0.000963862609355503,-1.4112328400660037e-08,-0.0005555443901592226,0.0005555302778308136,-0.0005486278551754871,0.0005486278551754871,0.0012669638811243877,0.99986692496826,1.2606428146748667e-07,-3.207257067147572e-08,-9.371899338239434e-07,1.798139632286759e-08
decision_cancellation,gaussian,0.26366508987303583,0.5103448275862069,0.1,46,0.0006563350064595185,-1.9335232122212944e-15,-9.514727004890914e-16,2.0780186450086913e-36,2.236482198062069e-27,-1.7278074993491326e-19,-8.462086305282411e-16,8.365102280051193e-16,-1.2126682834124694e-27,1.2126682834124694e-27,2.8029809991614488e-27,1.0,1.9068010579604213e-19,-4.8881072913841817e-20,-1.4276294253518978e-18,3.38320386985978e-20
decision_cancellation,gaussian,0.26366508987303583,0.5103448275862069,0.1,47,0.0006565267327479594,-0.0013229675540640182,-0.0006968772558805694,9.7490276284734e-13,0.001049245962824594,-1.6937364048514667e-08,-0.0005796234378144112,0.0005796065004503679,-0.0006152294603964819,0.0006152294603964819,0.001404277926104034,0.9998476004121383,1.3154566399075956e-07,-3.347248269744618e-08,-9.778173427179299e-07,1.874402077158675e-08
decision_cancellation,gaussian,0.26366508987303583,0.5103448275862069,0.1,48,0.0006567255110997522,8.749217850773629e-16,3.813000725292708e-16,4.22015284684702e-37,4.541969215600972e-28,1.4694544003954584e-19,3.8175197277775717e-16,-3.684627633629702e-16,-2.1393242080601295e-28,2.1393242080601295e-28,5.079865704452051e-28,1.0,-8.8011389833866e-20,2.523010358790393e-20,6.431421077459443e-19,9.75223697988477e-22
decision_cancellation,gaussian,0.26366508987303583,0.5103448275862069,0.1,49,0.000656924938061162,0.001359666009306525,0.0007496423559256022,1.056794377126769e-12,0.0011373823892933481,2.0169440754953433e-08,0.0006034711702645538,-0.0006034510008238003,-0.0006886211859734554,0.0006886211859734554,0.001551567266568906,0.9998253924222056,-1.3697646912109564e-07,3.4860294209788876e-08,1.0180552290212639e-06,-1.949704038965152e-08
decision_cancellation,gaussian,0.26366508987303583,0.5103448275862069,0.1,50,0.0006571317321555915,1.2698562546607764e-15,7.062420385934559e-16,8.790798346952264e-37,9.461158617096995e-28,1.7401653093068897e-20,5.488704671151059e-16,-5.630470504854211e-16,-6.051260003142015e-28,6.051260003142015e-28,1.3647581240224337e-27,1.0,-1.3027654961831036e-19,3.8431179963055446e-20,9.276658867272775e-19,-8.17938407923296e-21
decision_cancellation,gaussian,0.26366508987303583,0.5103448275862069,0.1,51,0.0006573387353019025,0.001392609993080416,0.0008069072532641378,1.1411232232039487e-12,0.00122814190364503,2.3864975700482477e-08,0.0006270807565300192,-0.0006270568915542991,-0.0007697351864895697,0.0007697351864895697,0.001709479517997083,0.9997997003218346,-1.423550965839788e-07,3.623564927002339e-08,1.0578920374014213e-06,-2.024017305174401e-08
decision_cancellation,gaussian,0.26366508987303583,0.5103448275862069,0.1,52,0.0006575534565744697,6.405375207983529e-16,4.2141927116616335e-16,2.5583464293713082e-37,2.753438357980016e-28,1.7440552038452201e-19,2.948247733670422e-16,-2.776884360492564e-16,-1.779676726828919e-28,1.779676726828919e-28,4.105139323206527e-28,1.0,-6.982192649814734e-20,1.657505825731737e-20,5.002166504688818e-19,-2.1635885807545766e-20
decision_cancellation,gaussian,0.26366508987303583,0.5103448275862069,0.1,53,0.0006577679042142455,-0.0014213382061686684,-0.0008694234755515554,1.2277699756211207e-12,0.0013213960810155541,-2.809182988153817e-08,-0.0006504465015133651,0.0006504184096834803,-0.000859709071675133,0.000859709071675133,0.0018786942859694094,0.9997697528279945,1.476801702573917e-07,-3.759825562601924e-08,-1.097318112488308e-06,2.0973176031443956e-08
decision_cancellation,gaussian,0.26366508987303583,0.5103448275862069,0.1,54,0.0006579904624484747,-1.2513425964359334e-15,-7.6565256299208735e-16,9.48213639799919e-37,1.0205216062261501e-27,-5.1220474573444925e-19,-5.713327148619737e-16,5.816286206819237e-16,-6.767961992603192e-28,6.767961992603192e-28,1.4560905071133475e-27,1.0,1.2737327512072202e-19,-3.1435917593496674e-20,-9.643374446505069e-19,3.247713834261316e-20
decision_cancellation,gaussian,0.26366508987303583,0.5103448275862069,0.1,55,0.0006582122150679044,-0.0014452965006737286,-0.0009381111935932935,1.3166188911059742e-12,0.0014170203518931452,-3.293259206621633e-08,-0.000673564177152551,0.0006735312445604737,-0.0009599445061830369,0.0009599445061830369,0.002059896176802744,0.9997345477404287,1.5295060504621158e-07,-3.894790392860541e-08,-1.1363262533831398e-06,2.169585614297429e-08
decision_cancellation,gaussian,0.26366508987303583,0.5103448275862069,0.1,56,0.0006584425190535897,4.547496484801102e-16,3.3317744752568915e-16,1.2890283480105142e-37,1.3873258356210825e-28,-2.5146131932955578e-18,2.1105455919722954e-16,-2.150127696614318e-16,-1.0879826819840337e-28,1.0879826819840337e-28,2.3010714338676557e-28,1.0,-4.850143511488871e-20,1.6909646228062437e-20,3.5533133921884046e-19,2.0368667690254105e-21
decision_cancellation,gaussian,0.26366508987303583,0.5103448275862069,0.1,57,0.0006586714285080525,0.0014638095946945453,0.0010141098991858328,1.4075606336157693e-12,0.0015148970425919676,3.84890441223099e-08,0.0006964314668232092,-0.0006963929777790616,-0.0010721871056239571,0.0010721871056239571,0.0022537242944716436,0.999692765341548,-1.5816569658250765e-07,4.028449356466288e-08,1.1749124577697778e-06,-2.2408083272747906e-08
decision_cancellation,gaussian,0.26366508987303583,0.5103448275862069,0.1,58,0.0006589093868929785,8.880279068163135e-16,5.63176041464886e-16,5.389438127971623e-37,5.800420732372727e-28,-1.1265876976074737e-18,4.3105699639831985e-16,-4.089879151947038e-16,-3.495658123379275e-28,3.495658123379275e-28,7.590057923281491e-28,1.0,-9.653309578940422e-20,2.6229851202826646e-20,7.270538400154185e-19,-1.816267709309033e-20
decision_cancellation,gaussian,0.26366508987303583,0.5103448275862069,0.1,59,0.000659145295335944,-0.0014760419424446874,-0.0010988484499283699,1.5004960815416202e-12,0.00161491947278254,-4.4888334732863195e-08,-0.0007190485708205269,0.0007190036824857895,-0.0011986372163812905,0.0011986372163812905,0.002460681145661449,0.9996426415938501,1.6332524332305722e-07,-4.1608067901471976e-08,-1.213076935672665e-06,2.310980873152936e-08
decision_cancellation,gaussian,0.26366508987303583,0.5103448275862069,0.1,60,0.0006593908177445987,-3.2706745503647345e-16,-3.2399138323482404e-16,7.108135625984908e-38,7.6501810159935e-29,-1.9563524944510803e-18,-1.5515102897339602e-16,1.7180292425938446e-16,-8.441528995653296e-29,8.441528995653296e-29,1.6070444767613487e-28,1.0,3.9934227772926554e-20,-7.88952439613531e-21,-2.6348500126759243e-19,1.5239372922392722e-22
decision_cancellation,gaussian,0.26366508987303583,0.5103448275862069,0.1,61,0.0006596335561855981,0.0014809425881222252,0.0011941436993417667,1.5953415567246925e-12,0.0017169975832572377,5.2291674480632426e-08,0.0007414190454267879,-0.0007413667537523071,-0.0013421064310525832,0.0013421064310525832,0.0026809707361149793,0.9995817783782016,-1.6842971551542935e-07,4.2918863179473505e-08,1.250825514180938e-06,-2.3801090593867318e-08
decision_cancellation,gaussian,0.26366508987303583,0.5103448275862069,0.1,62,0.000659886554713375,-1.0954745579712016e-15,-9.956829870471444e-16,9.355241286297197e-37,1.0068644304821173e-27,-3.138331459140737e-19,-5.673957799589235e-16,5.777190492682142e-16,-8.717029079328094e-28,8.717029079328094e-28,1.6529286319353586e-27,1.0,1.2756483443384586e-19,-3.7873964830671346e-20,-9.576461778685683e-19,2.7031508417264025e-20
decision_cancellation,gaussian,0.26366508987303583,0.5103448275862069,0.1,63,0.0006601359410413183,-0.0014771658108403713,-0.0013023423032735675,1.6920361580244334e-12,0.0018210658287347347,-6.090683975148411e-08,-0.0007635509878942523,0.0007634900810544697,-0.0015062434399777142,0.0015062434399777142,0.002914211156829599,0.9995068524715203,1.734804933822906e-07,-4.4217377617873625e-08,-1.28817162105755e-06,2.4482129377008126e-08
decision_cancellation,gaussian,0.26366508987303583,0.5103448275862069,0.1,64,0.0006603963322881719,2.4248638916419672e-16,2.498540708946964e-16,5.598594342599116e-38,6.02552658103872e-29,-1.1504512559597593e-19,1.3721747372933988e-16,-1.435848812296936e-16,-5.432384363775635e-29,5.432384363775635e-29,9.174219859657343e-29,1.0,-3.659857225053357e-20,1.920627735099396e-21,2.3375487082665834e-19,-1.208093178974066e-21
decision_cancellation,gaussian,0.26366508987303583,0.5103448275862069,0.1,65,0.0006606521685058588,-0.0014629542084942312,-0.0014265294600975978,1.7905522871516786e-12,0.0019270945063619973,-7.100658154716633e-08,-0.0007854587457907312,0.0007853877392091609,-0.0016958678121274972,0.0016958678121274972,0.003158919892612563,0.999413156688449,1.7848020989581687e-07,-4.550447116173973e-08,-1.325139145695927e-06,2.5153319379021637e-08
decision_cancellation,gaussian,0.26366508987303583,0.5103448275862069,0.1,66,0.0006609198764038345,-7.800631307633307e-16,-9.432172232193193e-16,6.567761429316017e-37,7.068599482042917e-28,3.1500305620521306e-20,-4.769640297568118e-16,4.596846068955363e-16,-6.560287471332533e-28,6.560287471332533e-28,1.1132498906490578e-27,1.0,1.0228791790371696e-19,-2.6355249405553745e-20,-8.030502974268071e-19,2.699898912944521e-20
decision_cancellation,gaussian,0.26366508987303583,0.5103448275862069,0.1,67,0.0006611819446671719,0.0014359617482113604,0.0015708445267875138,1.890911149244348e-12,0.002035106438318018,8.295646411224643e-08,0.0008071654421131978,-0.0008070824856490917,-0.0019174768994730006,0.0019174768994730006,0.003411576300664886,0.99929385315709,-1.8343325564462743e-07,4.678151290178512e-08,1.3617666646850271e-06,-2.581532434810583e-08
decision_cancellation,gaussian,0.26366508987303583,0.5103448275862069,0.1,68,0.0006614569045085382,-2.6554441262460567e-16,-3.222804111398333e-16,7.853224491775651e-38,8.452088153986617e-29,1.4676900439270317e-19,-1.6275319460856764e-16,1.4998516515217862e-16,-7.307699165380166e-29,7.307699165380166e-29,1.2938070778795352e-28,1.0,3.581341191762656e-20,-1.101602805112813e-20,-2.7647935867327526e-19,2.6219378294804742e-20
decision_cancellation,gaussian,0.26366508987303583,0.5103448275862069,0.1,69,0.0006617249612978065,-0.001392977544620113,-0.0017409731666158752,1.993206243168381e-12,0.002145202253415592,-9.725828126611001e-08,-0.0008287068070251697,0.0008286095487439092,-0.002180040159185721,0.002180040159185721,0.003664870858318223,0.9991387130736771,1.8834654211234872e-07,-4.805060485754404e-08,-1.3981138524766577e-06,2.6469192061813773e-08
decision_cancellation,gaussian,0.26366508987303583,0.5103448275862069,0.1,70,0.0006620071256366743,-9.008562983923347e-16,-1.2912174139467596e-15,9.985506300716881e-37,1.0746971464299119e-27,8.119476766690803e-20,-5.89574779611576e-16,5.740840886197929e-16,-1.1197271805537286e-27,1.1197271805537286e-27,1.7570828090847382e-27,1.0,1.265864289194273e-19,-3.3150668469870175e-20,-9.905581337535611e-19,1.490378877258019e-20
decision_cancellation,gaussian,0.26366508987303583,0.5103448275862069,0.1,71,0.0006622808929017084,-0.0013294788807287003,-0.001944942742207456,2.0976401249965956e-12,0.0022575999540542895,-1.1462023666413568e-07,-0.00085013717211555,0.0008500225518788903,-0.00249629003449881,0.00249629003449881,0.0039043256837173164,0.9989318976558654,1.9323069012338814e-07,-4.9314932157544826e-08,-1.4342715072419584e-06,2.7116533170968995e-08
decision_cancellation,gaussian,0.26366508987303583,0.5103448275862069,0.1,72,0.0006625702404875395,7.350158765850407e-16,1.2083676974996882e-15,7.69118344232968e-37,8.277690333586073e-28,-7.631654632586231e-20,5.165405019689239e-16,-4.920437770436099e-16,-8.97368715953397e-28,8.97368715953397e-28,1.3404909972431575e-27,1.0,-1.1358362917936473e-19,3.1901848765864896e-20,8.68951806879223e-19,-1.105137014428236e-20
decision_cancellation,gaussian,0.26366508987303583,0.5103448275862069,0.1,73,0.0006628493916777214,0.001238876622479488,0.002194463109438289,2.2045840787855273e-12,0.002372699137314177,1.3607527026451333e-07,0.0008715391784804516,-0.0008714031032102144,-0.0028849116970670868,0.0028849116970670868,0.004101488331000181,0.9986478503586164,-1.9810194286105302e-07,5.057933031571942e-08,1.4703777825130085e-06,-2.775981010641636e-08
decision_cancellation,gaussian,0.26366508987303583,0.5103448275862069,0.1,74,0.0006631459415100305,1.2037788382772755e-15,2.414836110127219e-15,2.304236832278785e-36,2.479951114918356e-27,3.2046788870177946e-19,8.902696325946746e-16,-8.893729340189646e-16,-3.238638347915311e-27,3.238638347915311e-27,4.383542784955715e-27,1.0,-2.0556888126423469e-19,5.1088754100873244e-20,1.5029414463448013e-18,-2.3134722777093795e-20
decision_cancellation,gaussian,0.26366508987303583,0.5103448275862069,0.1,75,0.0006634300785056856,-0.001111175219964903,-0.002507303360098667,2.3146790586560043e-12,0.0024911896345807664,-1.6319085850490677e-07,-0.000893040133630792,0.0008928769427723041,-0.003374452608193642,0.003374452608193642,0.0041994679664686015,0.9982432228627733,2.0298536256239703e-07,-5.185124124251745e-08,-1.5066455222476632e-06,2.8402822290986164e-08
decision_cancellation,gaussian,0.26366508987303583,0.5103448275862069,0.1,76,0.0006637339129936007,-9.08937907847756e-16,-2.470930465943868e-15,1.9242561219300918e-36,2.0709941999536797e-27,1.6830311046355712e-18,-8.14441108057796e-16,8.164446014595534e-16,-3.0394376421161718e-27,3.0394376421161718e-27,3.3837691945295475e-27,1.0,1.8423535437922237e-19,-4.7606840550476744e-20,-1.3737882217386736e-18,2.744023818681202e-20
decision_cancellation,gaussian,0.26366508987303583,0.5103448275862069,0.1,77,0.000664022525814103,-0.0009304421058932855,-0.0029117703561257887,2.429014639964873e-12,0.002614244109003585,-1.9846446154636124e-07,-0.0009148408326484059,0.0009146423681868754,-0.00401075028422879,0.00401075028422879,0.004080032885495494,0.9976397996750236,2.079203973823487e-07,-5.3142398186944104e-08,-1.5434103928791617e-06,2.9051557355348363e-08
decision_cancellation,gaussian,0.26366508987303583,0.5103448275862069,0.1,78,0.0006643338311656769,2.12206370440964e-16,1.2582841537952456e-15,3.399632776021493e-37,3.6588787120765225e-28,-3.118857517063426e-19,3.4056216997358017e-16,-3.279836257221125e-16,-6.2121869998146055e-28,6.2121869998146055e-28,4.019303258901445e-28,1.0,-7.424567924109834e-20,2.2214288306527553e-20,5.764816711128575e-19,-4.032697586156136e-20
decision_cancellation,gaussian,0.26366508987303583,0.5103448275862069,0.1,79,0.0006646262224391997,0.0006696489196109205,0.003455812387593237,2.549463161266476e-12,0.002743877678134919,2.461276691759857e-07,0.0009372689014363929,-0.0009370227737672367,-0.0048721744639529645,0.0048721744639529645,0.0034819285691688896,0.9966849249818965,-2.1297100001830304e-07,5.4471945354887494e-08,1.5812198757338596e-06,-2.9715756277299632e-08
decision_cancellation,gaussian,0.26366508987303583,0.5103448275862069,0.1,80,0.0006649453642957677,-9.034482745122485e-17,2.1518724288896252e-16,1.8181307658568265e-39,1.956776038249041e-30,6.769895508218243e-19,2.5249542580394426e-17,-1.3484095411914749e-17,-4.363674777422781e-30,4.363674777422781e-30,-2.92370702502721e-29,1.0,-2.0258827313672644e-21,9.970543471018183e-21,3.914201634096884e-20,1.3509899506341238e-20
decision_cancellation,gaussian,0.26366508987303583,0.5103448275862069,0.1,81,0.0006652404940540457,-0.00027907759090215617,-0.004227400257051022,2.679337094454538e-12,0.002883655413173571,-3.139474369898896e-07,-0.000960882386902116,0.0009605684394651345,-0.006104119193291482,0.006104119193291482,0.0017734528941966475,0.9950483214057692,2.182446642457019e-07,-5.587249938800347e-08,-1.6210057803698057e-06,3.041191875949291e-08
decision_cancellation,gaussian,0.26366508987303583,0.5103448275862069,0.1,82,0.0006655681728064403,-1.1454014759379917e-16,-1.855056726460035e-15,5.093565458312011e-37,5.481985688406097e-28,-5.847142286864714e-19,-4.192550608128582e-16,4.2764837435499967e-16,-1.191931985061508e-27,1.191931985061508e-27,3.192437377942275e-28,1.0,9.394226075521428e-20,-2.1314335752839373e-20,-7.06975750805598e-19,1.6198281997690787e-20
decision_cancellation,gaussian,0.26366508987303583,0.5103448275862069,0.1,83,0.0006658642974053595,0.00034331032099748846,-0.005406328591033603,2.824720320475108e-12,0.0030401251338244553,-4.1780758312701696e-07,-0.0009866750866926758,0.00098625727910954,-0.008007684068573696,0.008007684068573696,-0.0027874274251345477,0.9919071426744178,2.2392756845728353e-07,-5.740217769871929e-08,-1.6644248978873387e-06,3.11691168961107e-08
decision_cancellation,gaussian,0.26366508987303583,0.5103448275862069,0.1,84,0.0006662019093913998,-1.4344740990530717e-17,2.4540060518194028e-17,3.781061239294272e-40,4.069393781319404e-31,1.0729074445793894e-18,8.872331414531093e-18,8.092891447402041e-18,2.9810789054605004e-31,2.9810789054605004e-31,-5.283995843647858e-31,1.0,4.074109109517468e-21,-4.322476112775202e-21,1.0084952247681123e-20,1.552796500864338e-20
decision_cancellation,gaussian,0.26366508987303583,0.5103448275862069,0.1,85,0.0006664955787095745,0.0014421546854616971,-0.00742067023079296,2.996797141369472e-12,0.003225324023908404,-5.955626523591855e-07,-0.0010164166901613593,0.0010158211275090264,-0.01131001291158075,0.01131001291158075,-0.016056752189300704,0.9847464054615138,2.303267492927319e-07,-5.9164607948511575e-08,-1.7144153121165703e-06,3.2037738313693366e-08
decision_cancellation,gaussian,0.26366508987303583,0.5103448275862069,0.1,86,0.0006668462191408037,-4.348441544010982e-16,1.2209234952892081e-15,2.285217446877673e-38,2.4594813674645306e-29,1.2094261326271752e-19,8.886237839271969e-17,-9.602310416292745e-17,-1.75807945817215e-28,1.75807945817215e-28,-7.96152740554667e-28,1.0,-2.0966461447550192e-20,3.4046159832625545e-21,1.496464905031394e-19,2.6302914753775254e-21
decision_cancellation,gaussian,0.26366508987303583,0.5103448275862069,0.1,87,0.00066712862445769,-0.0037558087223865857,0.011545043978938246,3.2076260163656495e-12,0.0034522300850734285,9.601367359640652e-07,0.001051862468127382,-0.0010509023313914367,-0.01818646837908593,0.01818646837908593,-0.06499642690595267,0.9630198238045409,-2.3755366625985056e-07,6.126357263002221e-08,1.7737948796785221e-06,-3.3057094654805013e-08
decision_cancellation,gaussian,0.26366508987303583,0.5103448275862069,0.1,88,0.0006675007396740206,-2.5222174539672342e-15,6.23275882159231e-15,4.632050529602557e-37,4.985276996846565e-28,9.209675350260573e-19,3.9826865735520843e-16,-3.9600681769164965e-16,-3.69769625661194e-27,3.69769625661194e-27,-2.3551094630794787e-26,1.0,-8.864133515085124e-20,2.8745319397216456e-20,6.733849991487228e-19,-3.277371198318527e-20
decision_cancellation,gaussian,0.26366508987303583,0.5103448275862069,0.1,89,0.0006677374555680318,-0.010210056161198189,0.022635544589432365,3.2496872568866273e-12,0.0034974987913381794,1.9441073906035754e-06,0.0010596341999965294,-0.0010576900926059663,-0.03585449798172053,0.03585449798172053,-0.34610935715865915,0.8574739231254138,-2.368794297942832e-07,6.175923586352367e-08,1.785683213123695e-06,-3.3115733130225414e-08
decision_cancellation,gaussian,0.26366508987303583,0.5103448275862069,0.1,90,0.000668165101279967,-3.2651569792442794e-14,6.071548715137067e-14,2.7815120700231735e-36,2.993621950045392e-27,6.20691276383798e-18,9.84618741599506e-16,-9.729512006877975e-16,-8.841109182611806e-26,8.841109182611806e-26,-2.9670151320496414e-24,1.0,-2.10492467072317e-19,5.50879777764231e-20,1.653396716811058e-18,-2.120384097048772e-20
decision_cancellation,gaussian,0.26366508987303583,0.5103448275862069,0.1,91,0.0006681976050324832,-0.022376888856520283,0.04098656003791594,8.409852050306716e-13,0.0009051162483081614,3.602631056331512e-06,0.0005414898494920188,-0.0005378872184357484,-0.03299345374183535,0.03299345374183535,-1.3725755550036056,0.5314518877464576,-1.1439231493223678e-07,3.1605411047347804e-08,9.09190436129723e-07,-1.6536388901078015e-08
decision_cancellation,gaussian,0.26366508987303583,0.5103448275862069,0.1,92,0.0006686208015253841,-0.017033257379301205,0.026903647127466634,6.712859007311119e-13,0.0007224761771995137,2.4135474675421555e-06,-0.00047846059315424967,0.0004808741406217363,0.01934918591000463,0.01934918591000463,-0.6853761428280047,0.7975186100463187,1.1544097454738494e-07,-2.7863896919430895e-08,-8.105221617831089e-07,1.5385403262869305e-08
decision_cancellation,gaussian,0.26366508987303583,0.5103448275862069,0.1,93,0.0006688389270651733,1.2659843780898168e-15,-1.9134032445337573e-15,1.01888664214457e-38,1.0965839226096249e-29,-3.783700174881059e-20,5.990045646435832e-17,-5.311424740537627e-17,1.5194835289022088e-28,1.5194835289022088e-28,-3.621706988848853e-27,1.0,-1.2684799600018234e-20,6.5346231601866846e-21,9.979597371572932e-20,5.1014322338822414e-21
decision_cancellation,gaussian,0.26366508987303583,0.5103448275862069,0.1,94,0.0006692314272128384,-0.00998601643697612,0.013161939067950022,1.9813239012050064e-12,0.002132413799213699,1.2143948236977283e-06,-0.0008247676246294845,0.0008259820194531635,0.016244791516354374,0.016244791516354374,-0.19639744119970348,0.9512874061386131,1.9150604352561676e-07,-4.809360848454404e-08,-1.393433446415243e-06,2.606859667194602e-08
decision_cancellation,gaussian,0.26366508987303583,0.5103448275862069,0.1,95,0.0006695218331097065,4.2090770585893225e-16,-3.680197312437569e-16,1.4027836184195805e-38,1.509755746352008e-29,1.1088459332034655e-18,6.844106332019953e-17,-6.912112436116827e-17,3.799418682511469e-29,3.799418682511469e-29,-2.31362642901667e-28,1.0,-1.4276874699493116e-20,3.738306281568361e-21,1.1644132955519876e-19,-1.5857139419629262e-20
decision_cancellation,gaussian,0.26366508987303583,0.5103448275862069,0.1,96,0.0006698989049107909,-0.007377777954795828,0.00823661370442323,2.472789578255805e-12,0.00266135719455943,7.822798833863435e-07,-0.0009219193965168063,0.0009227016764001868,0.011344901771326429,0.011344901771326429,-0.09071205605083836,0.9807937569949937,2.126618199356024e-07,-5.379549685701909e-08,-1.5568650707071817e-06,2.90124926076905e-08
decision_cancellation,gaussian,0.26366508987303583,0.5103448275862069,0.1,97,0.0006702134286310545,-2.0792740826879998e-15,2.1921460960365714e-15,2.584696737192003e-37,2.781798062305091e-28,6.563298216929743e-19,-2.9718083697244604e-16,2.896759587955332e-16,9.474773185107969e-28,9.474773185107969e-28,-6.80092694093674e-27,1.0,6.61712025308113e-20,-1.5371514914124674e-20,-5.029960323937182e-19,2.915053344707552e-20
decision_cancellation,gaussian,0.26366508987303583,0.5103448275862069,0.1,98,0.0006705858192011855,0.006164288320497384,-0.005947378394461826,2.7282407567524548e-12,0.002936288324053383,-5.809109674870807e-07,0.0009685713622056088,-0.0009691522731730862,0.00859534324373167,0.00859534324373167,-0.05467063890231263,0.9899039408191456,-2.2288344379887806e-07,5.655271884891257e-08,1.635371984466618e-06,-3.039719798466371e-08
decision_cancellation,gaussian,0.26366508987303583,0.5103448275862069,0.1,99,0.0006709133161560745,-1.8250966629539723e-15,1.674506462082458e-15,3.058954116871527e-37,3.2922209064410167e-28,-7.632935907562124e-20,-3.2809310533630556e-16,3.0913591107157187e-16,7.715603018835809e-28,7.715603018835809e-28,-4.55518780511223e-27,1.0,6.622008706552443e-20,-2.2222426385481302e-20,-5.486374157698239e-19,3.668997020767472e-21
decision_cancellation,gaussian,0.26366508987303583,0.5103448275862069,0.1,100,0.0006712847133177942,-0.005480737465554319,0.004647124515992854,2.900023809467188e-12,0.003121171044065576,4.662354785969319e-07,-0.0009986977934759458,0.0009991640289545422,0.006916945317440414,0.006916945317440414,-0.03794167949395918,0.9937767474385283,2.2955782210560186e-07,-5.83470467010614e-08,-1.6861034059744517e-06,3.1272068686586906e-08
decision_cancellation,gaussian,0.26366508987303583,0.5103448275862069,0.1,101,0.0006716210917010817,7.219603066929621e-17,2.0334966115427785e-17,1.7198205541873134e-39,1.8509689807355314e-30,2.7971667627999305e-19,2.2847411831284335e-17,-1.94016462255217e-17,-5.874321450808387e-31,5.874321450808387e-31,2.185910858770249e-30,1.0,-3.405438147594285e-21,-1.5482809073228408e-21,3.4986433804495736e-20,2.194939227144753e-20
decision_cancellation,gaussian,0.26366508987303583,0.5103448275862069,0.1,102,0.0006719930868560881,0.00504745149721803,-0.0038124553442019666,3.0328381605253163e-12,0.0032641134245404288,-3.9237731933930545e-07,0.0010213629127520387,-0.0010217552900713862,0.005796780491186084,0.005796780491186084,-0.028635984225965937,0.9957656349843503,-2.346366255147591e-07,5.970727979431065e-08,1.7242970218463592e-06,-3.191607249808877e-08
decision_cancellation,gaussian,0.26366508987303583,0.5103448275862069,0.1,103,0.0006723363449601346,-6.97832956609561e-16,6.287171397883096e-16,4.900367190757298e-38,5.274054692637413e-29,2.0441329102005556e-20,-1.3032499707812178e-16,1.2964858010997944e-16,1.2123736144175722e-28,1.2123736144175722e-28,-6.525596062423151e-28,1.0,2.8773169871876196e-20,-6.4757254988194176e-21,-2.193668394492694e-19,3.468621109249209e-21
decision_cancellation,gaussian,0.26366508987303583,0.5103448275862069,0.1,104,0.0006727097016950897,0.004750467255078109,-0.00323189406768643,3.143659327323575e-12,0.0033833854856011396,-3.4078143165280407e-07,0.0010398827602044276,-0.0010402235416360705,0.00499753799418993,0.00499753799418993,-0.022822633450564442,0.9969196929159154,-2.388292234338479e-07,6.08268584982126e-08,1.7555250631800554e-06,-3.2431083692357145e-08
decision_cancellation,gaussian,0.26366508987303583,0.5103448275862069,0.1,105,0.000673058659501555,-2.617803123206697e-15,1.7392887741967401e-15,9.813054666233183e-37,1.056136917845058e-27,1.9916211287380448e-19,-5.8063067053861895e-16,5.8364810153402185e-16,1.5082379176744224e-27,1.5082379176744224e-27,-6.764812429012444e-27,1.0,1.3463909216870994e-19,-3.7589438298215714e-20,-9.805727816128108e-19,1.555106336697159e-20
decision_cancellation,gaussian,0.26366508987303583,0.5103448275862069,0.1,106,0.0006734337502953765,-0.004535215767902559,0.0028046950325742734,3.240158759260042e-12,0.0034872436786772217,3.0260365183328203e-07,-0.001055733831634614,0.0010560364352864527,0.004398146280857246,0.004398146280857246,-0.018888119477691336,0.9976486902992435,2.4244988849968884e-07,-6.179188356369157e-08,-1.7822678344158977e-06,3.286244602350599e-08
decision_cancellation,gaussian,0.26366508987303583,0.5103448275862069,0.1,107,0.0006737876129727112,1.1766667753677084e-15,-7.370571757651198e-16,2.2622567879549572e-37,2.434769796632492e-28,3.8352724030391504e-20,2.7734259358423213e-16,-2.801319275797657e-16,3.064366922280352e-28,3.064366922280352e-28,-1.287157367650062e-27,1.0,-6.61863506305346e-20,1.419219286728381e-20,4.704639400130323e-19,-1.75302194720843e-20
decision_cancellation,gaussian,0.26366508987303583,0.5103448275862069,0.1,108,0.0006741646013575718,0.004372421537969731,-0.002476995772106593,3.3262319041423415e-12,0.0035798805068995567,-2.7311448407888026e-07,0.0010696655182225753,-0.001069938632706659,0.0039311370906913575,0.0039311370906913575,-0.01606502275795764,0.9981388160463491,-2.456574259354163e-07,6.264602159134224e-08,1.805783864002727e-06,-3.323320194149573e-08
decision_cancellation,gaussian,0.26366508987303583,0.5103448275862069,0.1,109,0.0006745227773130672,1.882240800325042e-16,-4.851787613520777e-17,1.9793586909889707e-38,2.1302987278816054e-29,4.2201784776703453e-19,7.897678502594288e-17,-7.334300573112906e-17,5.2755028994301345e-30,5.2755028994301345e-30,-1.3538805371492916e-29,1.0,-1.5736496811668925e-20,9.550171806396976e-22,1.3575518251174353e-19,-3.3400118882631626e-20
decision_cancellation,gaussian,0.26366508987303583,0.5103448275862069,0.1,110,0.0006749017046807903,-0.0042450083714083015,0.002217456709249662,3.404020573303071e-12,0.003663601109795391,2.49562181660239e-07,-0.0010820949223706037,0.001082344484552266,0.003556150506576283,0.003556150506576283,-0.013947397419084108,0.9984844457152375,2.4853983479431955e-07,-6.341354287941542e-08,-1.8267734469726624e-06,3.355621907457971e-08
decision_cancellation,gaussian,0.26366508987303583,0.5103448275862069,0.1,111,0.0006752637189754709,6.984273633605428e-16,-3.0871976497588714e-16,1.0383565718347733e-37,1.1175385715268764e-28,-2.319393113690991e-19,1.8881641107883953e-16,-1.8584255448232266e-16,8.496424156972256e-29,8.496424156972256e-29,-3.193098124633995e-28,1.0,-4.4586784200503563e-20,1.219796566088708e-20,3.188970647282321e-19,-1.8835072573881246e-21
decision_cancellation,gaussian,0.26366508987303583,0.5103448275862069,0.1,112,0.000675644550201288,0.004142358368697975,-0.0020066269122090406,3.474767572955502e-12,0.0037397430663023805,-2.302393709964467e-07,0.0010932703953667998,-0.0010935006347377902,0.0032476363518788207,0.0032476363518788207,-0.012302575045069684,0.9987375416217412,-2.5114925239843033e-07,6.410886474404582e-08,1.8456534310553885e-06,-3.383920610642881e-08
decision_cancellation,gaussian,0.26366508987303583,0.5103448275862069,0.1,113,0.0006760099991556371,-1.2965856984054412e-15,6.061467132628359e-16,3.3247080318107164e-37,3.578240428573029e-28,2.811076297483316e-19,-3.340834181720367e-16,3.425010905789787e-16,3.0710479224078443e-28,3.0710479224078443e-28,-1.1625880690133325e-27,1.0,8.039588180970369e-20,-2.5869551918355383e-20,-5.691032558056001e-19,3.820413438518058e-20
decision_cancellation,gaussian,0.26366508987303583,0.5103448275862069,0.1,114,0.0006763926484550358,0.004057528420913573,-0.0018318044461018922,3.539219312860577e-12,0.0038091097051812265,-2.1403175293705285e-07,0.0011033474631360549,-0.001103561494888999,0.0029886617743434883,0.0029886617743434883,-0.010988585725452875,0.9989286279751939,-2.5351813218722214e-07,6.47409825234535e-08,1.8626847689509277e-06,-3.408703878318967e-08
decision_cancellation,gaussian,0.26366508987303583,0.5103448275862069,0.1,115,0.0006767611740297912,-1.2688240058560388e-15,5.282567915988073e-16,3.5250106825408255e-37,3.7938175667563395e-28,2.8828557878683025e-19,-3.4817531739787557e-16,3.4969470459761025e-16,2.7295981178981534e-28,2.7295981178981534e-28,-9.904009333838529e-28,1.0,8.321207196024637e-20,-1.8819661630395888e-20,-5.875367593135541e-19,-4.8162356264516684e-21
decision_cancellation,gaussian,0.26366508987303583,0.5103448275862069,0.1,116,0.000677145520521513,0.003985790118189379,-0.0016843469073162267,3.5978322427414242e-12,0.0038721922836603175,-2.0018187088349315e-07,0.0011124273103172702,-0.0011126274921881532,0.002767574500114538,0.002767574500114538,-0.009914343453994051,0.9990765944570146,-2.556674246811709e-07,6.531571567015522e-08,1.8780371605620976e-06,-3.4302937668240885e-08
decision_cancellation,gaussian,0.26366508987303583,0.5103448275862069,0.1,117,0.0006775167950003549,2.3187832593792315e-15,-9.534353091129068e-16,1.2502505465221592e-36,1.3455909537339529e-27,-3.6245755035146884e-19,6.555234921528427e-16,-6.555801819543968e-16,9.22565016900664e-28,9.22565016900664e-28,-3.263107055037526e-27,1.0,-1.501323674253889e-19,4.370895719474497e-20,1.1068978539729406e-18,-2.4030953049223162e-20
decision_cancellation,gaussian,0.26366508987303583,0.5103448275862069,0.1,118,0.0006779026925491777,0.003923813873132334,-0.0015581714942175932,3.650886159781859e-12,0.003929291935428792,-1.8815732733175052e-07,0.001120577694840256,-0.0011207658521675877,0.0025761004075276444,0.0025761004075276444,-0.009018956544838917,0.9991936421826835,-2.57611014959254e-07,6.58369285315745e-08,1.8918241792126607e-06,-3.448910757605491e-08
decision_cancellation,gaussian,0.26366508987303583,0.5103448275862069,0.1,119,0.0006782764089496041,-3.784020075560532e-15,1.4815918916488368e-15,3.44488973953702e-36,3.707586837715307e-27,2.6168302943091827e-19,-1.0881301552023252e-15,1.0884555157008252e-15,2.3775659085359923e-27,2.3775659085359923e-27,-8.265617656478828e-27,1.0,2.500691721311203e-19,-6.453330448240025e-20,-1.8375842151736023e-18,3.84038206963044e-20
decision_cancellation,gaussian,0.26366508987303583,0.5103448275862069,0.1,120,0.0006786636926576611,0.0038691887416923286,-0.0014488736297214792,3.698549990737182e-12,0.0039805904690964605,-1.7757332780489392e-07,0.0011278449782965933,-0.0011280225516243957,0.0024082062241749325,0.0024082062241749325,-0.008260299758043885,0.9992879393915999,-2.593582710932711e-07,6.63072326572378e-08,1.9041234747160685e-06,-3.4647105005126604e-08
decision_cancellation,gaussian,0.26366508987303583,0.5103448275862069,0.1,121,0.0006790395585011444,2.3546776484118454e-15,-8.511597181934646e-16,1.4401366761286802e-36,1.5499572377150645e-27,-1.4620813691240686e-19,7.045907599109436e-16,-6.981686523101793e-16,8.751375761723632e-28,8.751375761723632e-28,-2.951531672296966e-27,1.0,-1.6138704874431702e-19,3.352072540262439e-20,1.1885699844524958e-18,-1.6390535481038974e-20
decision_cancellation,gaussian,0.26366508987303583,0.5103448275862069,0.1,122,0.0006794280491473847,-0.0038201272941499,0.0013531859671284505,3.740921832913723e-12,0.004026193462579963,1.6814512728630596e-07,-0.001134261380617685,0.001134429525744966,0.0022593917293533337,0.0022593917293533337,-0.0076083739162300405,0.9993651232273326,2.609155789385771e-07,-6.67284103990049e-08,-1.914988955427001e-06,3.477805944983515e-08
decision_cancellation,gaussian,0.26366508987303583,0.5103448275862069,0.1,123,0.0006798057822890804,1.879516932208009e-15,-6.536732751835549e-16,9.074058347311533e-37,9.76601918692307e-28,8.996626786155556e-20,5.590929500323796e-16,-5.648302100298218e-16,5.431174946314361e-28,5.431174946314361e-28,-1.8072661646130445e-27,1.0,-1.2904231528033373e-19,3.513909009112486e-20,9.431071672201062e-19,-8.248095772883765e-21
decision_cancellation,gaussian,0.26366508987303583,0.5103448275862069,0.1,124,0.0006801952894650827,-0.0037752774265430115,0.0012686338212444489,3.778054338198589e-12,0.004066157582843524,1.5965773568722047e-07,-0.0011398495332469501,0.0011400091909826294,0.0021262338016886963,0.0021262338016886963,-0.007041278735787293,0.9994291869991512,2.6228730442816527e-07,-6.710168085493024e-08,-1.9244584334251252e-06,3.488281209639119e-08
decision_cancellation,gaussian,0.26366508987303583,0.5103448275862069,0.1,125,0.000680574615234698,2.913002177145954e-15,-9.601550562603855e-16,2.2986315151883324e-36,2.473918352932605e-27,-1.4420162394203203e-19,8.887622001912608e-16,-8.911633897203049e-16,1.2572538196991378e-27,1.2572538196991378e-27,-4.109665136892695e-27,1.0,-2.0498445140435661e-19,5.711719138467817e-20,1.5008604318270276e-18,-2.7721480752328857e-20
decision_cancellation,gaussian,0.26366508987303583,0.5103448275862069,0.1,126,0.0006809649396255915,0.003733598510036226,-0.0011933086304165555,3.809971387110943e-12,0.004100508531464034,-1.5194599579147178e-07,0.0011446254366099466,-0.0011447773826057399,0.002006083795327553,0.002006083795327553,-0.006542679461568544,0.9994830244154097,-2.634764181832178e-07,6.742787269423494e-08,1.932558590136637e-06,-3.49620057392315e-08
decision_cancellation,gaussian,0.26366508987303583,0.5103448275862069,0.1,127,0.0006813455888304693,-3.2899763752250014e-16,8.579300456216308e-17,3.307254855491744e-38,3.5594563246715667e-29,1.0476753159598265e-19,-1.0425428997473563e-16,1.0542289179043807e-16,1.3274536130568419e-29,1.3274536130568419e-29,-4.1426401344078823e-29,1.0,2.4464734634218095e-20,-9.119230630863312e-21,-1.7854873508016367e-19,2.261004529339542e-20
decision_cancellation,gaussian,0.26366508987303583,0.5103448275862069,0.1,128,0.0006817365239197337,0.003694277613921441,-0.001125714859131494,3.836679391194108e-12,0.0041292532089101395,-1.4488111595122137e-07,0.0011486004393980295,-0.001148745320513978,0.0018968613698810855,0.0018968613698810855,-0.006100161950891521,0.9995287744341854,-2.644849133829086e-07,6.770753990385763e-08,1.9393082994795455e-06,-3.5016144803006484e-08
decision_cancellation,gaussian,0.26366508987303583,0.5103448275862069,0.1,129,0.000682118231431185,-5.909984943973081e-16,1.440162548143408e-16,1.0614948519401923e-37,1.1424413084074335e-28,-6.302509667315348e-20,-1.8999417349227495e-16,1.8941730207502586e-16,3.9991850657101123e-29,3.9991850657101123e-29,-1.2477806022782005e-28,1.0,4.191946615059587e-20,-9.558543226483634e-21,-3.220444486314359e-19,2.4253884404980692e-20
decision_cancellation,gaussian,0.26366508987303583,0.5103448275862069,0.1,130,0.0006825095648078804,-0.0036566714548472734,0.0010646640052473155,3.858175171962414e-12,0.004152388194314258,1.3836134332896984e-07,-0.0011517825985234362,0.0011519209598667654,0.0017969107630093134,0.0017969107630093134,-0.005704134678445279,0.9995680460782042,2.6531409289216525e-07,-6.794104140141275e-08,-1.9447209111682393e-06,3.504563644001639e-08
decision_cancellation,gaussian,0.26366508987303583,0.5103448275862069,0.1,131,0.0006828920685519544,-2.304992277972895e-16,4.6382097753123585e-17,2.0314191073916026e-38,2.1863291175933867e-29,7.030404418336128e-20,-8.183585587741e-17,8.033218460684589e-17,5.456170031462628e-30,5.456170031462628e-30,-1.565553065857582e-29,1.0,1.8418677504611753e-20,-1.0410698663811136e-20,-1.3980640119442604e-19,1.790896231755609e-20
decision_cancellation,gaussian,0.26366508987303583,0.5103448275862069,0.1,132,0.0006832835829378439,-0.0036202653063877486,0.0010091996372471313,3.874451592595656e-12,0.004169905806623393,1.3230536496593347e-07,-0.0011541776356707196,0.0011543099410356835,0.0017048985265462452,0.0017048985265462452,-0.005347077736356566,0.9996020687203331,2.6596477132361685e-07,-6.812859711707731e-08,-1.94880585675732e-06,3.505081930084438e-08
decision_cancellation,gaussian,0.26366508987303583,0.5103448275862069,0.1,133,0.0006836666231728457,4.1141857233079426e-16,-1.1217628750513505e-16,5.048805319804808e-38,5.433812274180676e-29,8.708162873630799e-21,1.320040144762145e-16,-1.3341457823831932e-16,2.1890716291490403e-29,2.1890716291490403e-29,-6.750572061064813e-29,1.0,-3.0067213022108165e-20,4.024712807181641e-21,2.226130916695138e-19,-3.3509704999625245e-21
decision_cancellation,gaussian,0.26366508987303583,0.5103448275862069,0.1,134,0.000684058097248523,0.003584643356375748,-0.0009585433614954413,3.8855016739048526e-12,0.004181798534436262,-1.2664754897827653e-07,0.0011557896243949096,-0.0011559162719438896,0.0016197394247258387,0.0016197394247258387,-0.005023017937224088,0.9996317948141344,-2.664374203400462e-07,6.827032836240077e-08,1.9515698033390337e-06,-3.5031984070681234e-08
decision_cancellation,gaussian,0.26366508987303583,0.5103448275862069,0.1,135,0.0006844414160498825,-1.366988623191263e-15,3.6655398755876657e-16,5.685596506597194e-37,6.1191632726256545e-28,1.2999409529418728e-19,-4.407333217295367e-16,4.4158840731572474e-16,2.3649356652828096e-28,2.3649356652828096e-28,-7.320935276974926e-28,1.0,1.0276304851800624e-19,-2.822681807305965e-20,-7.460625814413192e-19,2.4357295284795515e-20
decision_cancellation,gaussian,0.26366508987303583,0.5103448275862069,0.1,136,0.0006848326251343138,-0.003549466955232103,0.0009120552079254987,3.891321661497698e-12,0.004188062337061713,1.2133445348249161e-07,-0.0011566214931219856,0.0011567428275754705,0.0015405418512497984,0.0015405418512497984,-0.004727154786534856,0.9996579715341751,2.667322752167576e-07,-6.836628746789825e-08,-1.9530174982048112e-06,3.4989388378012574e-08
decision_cancellation,gaussian,0.26366508987303583,0.5103448275862069,0.1,137,0.0006852159660321129,-4.2278364541633187e-16,1.211696338068685e-16,5.803993228582356e-38,6.246588578295908e-29,-1.208429818535661e-19,-1.4281775965858046e-16,1.382989553504912e-16,2.4455988485980675e-29,2.4455988485980675e-29,-7.476261796887119e-29,1.0,3.139406153095791e-20,-1.1675031962942153e-20,-2.3804724581425454e-19,-1.5860251426952302e-20
decision_cancellation,gaussian,0.26366508987303583,0.5103448275862069,0.1,138,0.0006856066826537195,0.0035144584072196675,-0.000869204138328139,3.891913349269071e-12,0.0041886991451917386,-1.1632222562800219e-07,0.001156675399779011,-0.0011567917220046426,0.001466567023615219,0.001466567023615219,-0.004455589288764763,0.9996811916421086,-2.668494144179972e-07,6.84164799413787e-08,1.9531523980309477e-06,-3.4923267777110063e-08
decision_cancellation,gaussian,0.26366508987303583,0.5103448275862069,0.1,139,0.000685989790384422,-2.8278543865912588e-16,6.163201247600075e-17,2.890539611627284e-38,3.11096360936195e-29,2.6946251487189795e-22,-9.455355960765624e-17,9.678051803010427e-17,8.695141208038387e-30,8.695141208038387e-30,-2.540655258688873e-29,1.0,2.2421489577337026e-20,1.690572682937905e-21,-1.6408959468554246e-19,3.839817445327714e-20
decision_cancellation,gaussian,0.26366508987303583,0.5103448275862069,0.1,140,0.000686379784770874,-0.003479388722174114,0.0008295457838815213,3.8872858627678326e-12,0.0041837187802625546,1.1157463637231992e-07,-0.0011559530152291833,0.0011560645898655519,0.0013971980639520482,0.0013971980639520482,-0.004205124202380105,0.9997019301957814,2.6678882002147385e-07,-6.842088131672554e-08,-1.9519771449982523e-06,3.483384394087416e-08
decision_cancellation,gaussian,0.26366508987303583,0.5103448275862069,0.1,141,0.0006867624051157925,1.407101078626848e-15,-3.1279329051196777e-16,6.40232100531678e-37,6.890543060844354e-28,-1.9980089248365754e-19,4.686707155273197e-16,-4.702883928586281e-16,2.1419788386208e-28,2.1419788386208e-28,-6.408792519625792e-28,1.0,-1.0874550349611682e-19,2.946168061749239e-20,7.919990580993492e-19,-1.661376977060081e-20
decision_cancellation,gaussian,0.26366508987303583,0.5103448275862069,0.1,142,0.000687151445622142,0.003444068241126814,-0.0007927054262990136,3.877457040753386e-12,0.00417314044136457,-1.070615764178183e-07,0.0011544557407950757,-0.0011545628023714994,0.0013319162817364693,0.0013319162817364693,-0.003973114807047351,0.9997205714371619,-2.6655042431443617e-07,6.837945016785065e-08,1.9494939322888227e-06,-3.47213308354687e-08
decision_cancellation,gaussian,0.26366508987303583,0.5103448275862069,0.1,143,0.0006875333253126313,-2.4639473969122385e-16,4.585325334908161e-17,2.3607180060428807e-38,2.540739375867055e-29,-1.3283715304827146e-19,-9.151488817562631e-17,8.637407989791041e-17,5.760495415333929e-30,5.760495415333929e-30,-1.6432658617391876e-29,1.0,1.9299590196450978e-20,-6.4933312358048735e-21,-1.5149154992979239e-19,-1.5583736009352955e-20
decision_cancellation,gaussian,0.26366508987303583,0.5103448275862069,0.1,144,0.0006879211788021903,0.0034083393769771386,-0.0007583648365355031,3.8624545105620206e-12,0.004156993862612994,-1.0275789147153234e-07,0.0011521848773781125,-0.0011522876352695836,0.0012702827752514557,0.0012702827752514557,-0.003757355950254917,0.9997374287553407,-2.6613414624419157e-07,6.829213830931249e-08,1.9457047883492036e-06,-3.4585939412118983e-08
decision_cancellation,gaussian,0.26366508987303583,0.5103448275862069,0.1,145,0.0006883020654768328,-5.774425159118472e-16,1.3851525024612095e-16,1.0810120841142204e-37,1.1634468669559593e-28,1.7289383810015882e-19,-1.9042670370931494e-16,1.9351941995072745e-16,3.8944225546365744e-29,3.8944225546365744e-29,-1.162056582510304e-28,1.0,4.452865114724378e-20,-1.544862677744437e-20,-3.243095855224253e-19,2.6514907267290918e-20
decision_cancellation,gaussian,0.26366508987303583,0.5103448275862069,0.1,146,0.0006886884976654491,-0.0033720709319370527,0.0007262519883415893,3.84231652431621e-12,0.00413532021312397,9.864247040453989e-08,-0.0011491417584804642,0.001149240400950875,0.0012119240107862357,0.0012119240107862357,-0.0035559955298365125,0.9997527596936231,2.6553992030934745e-07,-6.81588989008749e-08,-1.94061180057617e-06,3.442788119315251e-08
decision_cancellation,gaussian,0.26366508987303583,0.5103448275862069,0.1,147,0.0006890681398681783,-1.118102608952097e-16,2.1566550543907638e-17,4.014050040225647e-39,4.320149618800674e-30,-1.598504284725423e-20,-3.689552067790819e-17,3.857885978500963e-17,1.2074465228343072e-30,1.2074465228343072e-30,-3.499453106894978e-30,1.0,9.510934476805074e-21,8.06312680306272e-22,-6.095230677112807e-20,-1.4413824084657077e-20
decision_cancellation,gaussian,0.26366508987303583,0.5103448275862069,0.1,148,0.0006894529156399137,-0.0033351536045480618,0.0006961329399480555,3.817092603827087e-12,0.004108172791095416,9.469752420762973e-08,-0.0011453278559351273,0.0011454225534593405,0.0011565204113791964,0.0011565204113791964,-0.003367467496685409,0.9997667773610929,2.6476771974034067e-07,-6.797969296930878e-08,-1.9342172932047986e-06,3.4247371021562625e-08
decision_cancellation,gaussian,0.26366508987303583,0.5103448275862069,0.1,149,0.0006898310628506961,1.2163241925247594e-15,-2.5376308640150596e-16,5.1907942689478484e-37,5.586628880442946e-28,1.320702619235518e-19,4.230696896046501e-16,-4.1535245366511767e-16,1.527926564381333e-28,1.527926564381333e-28,-4.474402470140824e-28,1.0,-9.599481254412704e-20,2.309605954399592e-20,7.1356367685342095e-19,-1.2564790820764148e-20
decision_cancellation,gaussian,0.26366508987303583,0.5103448275862069,0.1,150,0.000690213946550938,0.003297496403975208,-0.0006678053689106534,3.786844028566564e-12,0.004075617548990445,-9.090801044488123e-08,0.0011407448646940717,-0.00114083577270452,0.0011037972470195328,0.0011037972470195328,-0.0031904394478585083,0.999779659202582,-2.638175753006382e-07,6.775449471670571e-08,1.926523970055776e-06,-3.404462916926459e-08
decision_cancellation,gaussian,0.26366508987303583,0.5103448275862069,0.1,151,0.0006905903492425785,-2.8188052433391865e-16,5.618997513503937e-17,3.239421521877745e-38,3.4864502217536215e-29,-4.714634468754651e-19,-1.0617010243021655e-16,9.846141301643062e-17,8.01132589707057e-30,8.01132589707057e-30,-2.2935246156779338e-29,1.0,2.5519135741841532e-20,-1.4233618981988635e-21,-1.7676339486566562e-19,-2.2263539840700332e-20
decision_cancellation,gaussian,0.26366508987303583,0.5103448275862069,0.1,152,0.0006909711049531803,0.0032590237633722883,-0.0006410933803223342,3.751644191969164e-12,0.004037733477009729,-8.726116982971678e-08,0.0011353947713462578,-0.0011354820325160863,0.0010535173023918818,0.0010535173023918818,-0.003023771248947852,0.999791553805164,-2.626895906866371e-07,6.748329588720805e-08,1.917535029981893e-06,-3.381988294764551e-08
decision_cancellation,gaussian,0.26366508987303583,0.5103448275862069,0.1,153,0.0006913455146692207,-3.000515537012569e-15,5.82778456875692e-16,3.1774051516723765e-36,3.4197046666615716e-27,-1.4639638433016038e-19,-1.044148466516768e-15,1.050843748922176e-15,8.8582204616941e-28,8.8582204616941e-28,-2.529322570825343e-27,1.0,2.4502095346118754e-19,-6.297834617234609e-20,-1.764318386775006e-18,2.4171099238216508e-20
decision_cancellation,gaussian,0.26366508987303583,0.5103448275862069,0.1,154,0.0006917239064692071,-0.0032196731969591913,0.0006158433051184198,3.711578844710936e-12,0.003994612864922138,8.374615003843247e-08,-0.0011292799098178003,0.0011293636559678375,0.0010054749301957465,0.0010054749301957465,-0.0028664820811781567,0.9998025862293748,2.6138395524770327e-07,-6.716610939260246e-08,-1.9072542608066287e-06,3.357336792792783e-08
decision_cancellation,gaussian,0.26366508987303583,0.5103448275862069,0.1,155,0.0006920960759189896,3.259551940612602e-16,-5.4937044078043815e-17,3.652211826450656e-38,3.9307186935151306e-29,-2.9823396253625554e-20,1.112587183403576e-16,-1.0888974261618637e-16,8.643425093559531e-30,8.643425093559531e-30,-2.5873596869962324e-29,1.0,-2.6021329997938556e-20,8.549116495906828e-21,1.8885946002204929e-19,-1.0199294924862274e-20
decision_cancellation,gaussian,0.26366508987303583,0.5103448275862069,0.1,156,0.000692471868133525,0.0031793933837274005,-0.0005919202749901545,3.666746239041948e-12,0.003946361457403603,-8.035369798302014e-08,0.001122403006850221,-0.0011224833605481999,0.0009594911938277427,0.0009594911938277427,-0.00271772398649257,0.9998128622207887,-2.5990095456774327e-07,6.680297234652583e-08,1.8956861161100886e-06,-3.33053288505138e-08
decision_cancellation,gaussian,0.26366508987303583,0.5103448275862069,0.1,157,0.0006928415513012522,1.3356423069632682e-15,-2.486491855067031e-16,6.421371588690465e-37,6.911046385335828e-28,6.259946753037912e-20,4.721170346559767e-16,-4.710485744858164e-16,1.6905141465608307e-28,1.6905141465608307e-28,-4.793395706867882e-28,1.0,-1.0806994572198266e-19,3.6274245053721464e-20,7.929612017950384e-19,1.8835001838204622e-20
decision_cancellation,gaussian,0.26366508987303583,0.5103448275862069,0.1,158,0.0006932145087409807,0.0031381425886444986,-0.0005692054114434039,3.617257184885372e-12,0.0038930985144141534,-7.707590626772387e-08,0.0011147672192161242,-0.0011148442951223868,0.0009154098734214154,0.0009154098734214154,-0.0025767604699758113,0.9998224715638517,-2.5824097931549936e-07,6.639394862100896e-08,1.8828357781491506e-06,-3.301602028617576e-08
decision_cancellation,gaussian,0.26366508987303583,0.5103448275862069,0.1,159,0.0006935814610062466,-5.851623365930338e-17,3.0158598585801745e-17,7.53248242401081e-40,8.106887245203296e-31,2.592822986498049e-19,-1.6023732947416547e-17,2.257373783101482e-17,9.81560690562592e-31,9.81560690562592e-31,-2.544427296432621e-30,1.0,2.029067537124674e-21,-2.8081728686688235e-21,-2.4898089441563616e-20,-1.1015009515676262e-20
decision_cancellation,gaussian,0.26366508987303583,0.5103448275862069,0.1,160,0.0006939513491986194,-0.003095887352907398,0.0005475935042450337,3.563235026037262e-12,0.0038349567855827577,7.390600289636172e-08,-0.0011063761641702712,0.0011064500701731697,0.0008730941612808596,0.0008730941612808596,-0.002442949071695264,0.9998314907728324,2.5640453267405026e-07,-6.593913101098388e-08,-1.8687092094240866e-06,3.270570709501907e-08
decision_cancellation,gaussian,0.26366508987303583,0.5103448275862069,0.1,161,0.0006943153274663303,5.456295700794866e-16,-7.440783796513649e-17,1.2049360857330375e-37,1.2968209462496224e-28,1.918228610455824e-19,2.037491784997837e-16,-1.9362293037846755e-16,2.0750029647926162e-29,2.0750029647926162e-29,-5.847359986652508e-29,1.0,-4.463113919668963e-20,5.9785387810209745e-21,3.438672591304361e-19,-1.4873975913480014e-20
decision_cancellation,gaussian,0.26366508987303583,0.5103448275862069,0.1,162,0.0006946819128801735,0.003052601400279591,-0.00052699108264892,3.5048155431992052e-12,0.0037720824058455346,-7.083817571647014e-08,0.001097233944309176,-0.0010973047824848886,0.0008324239117152537,0.0008324239117152537,-0.0023157270788284313,0.9998399852662525,-2.5439223659166803e-07,6.543864307407902e-08,1.8533131948588447e-06,-3.237466472133277e-08
decision_cancellation,gaussian,0.26366508987303583,0.5103448275862069,0.1,163,0.0006950426757181546,-3.0276093517291717e-16,5.56710503717227e-17,2.602998613169198e-38,2.8014955851894274e-29,3.3585901944684136e-19,-9.25202631972677e-17,1.0158463726592332e-16,8.136656432471603e-30,8.136656432471603e-30,-2.4250337225963648e-29,1.0,2.4544432777470174e-20,-1.4702962779514332e-20,-1.5854589300081001e-19,8.635950984352749e-21
decision_cancellation,gaussian,0.26366508987303583,0.5103448275862069,0.1,164,0.0006954057259824538,-0.003008264718081643,0.0005073148039700249,3.442146789120582e-12,0.0037046347180164467,6.786742500191727e-08,-0.0010873451677221304,0.0010874130351471339,0.0007932933396266532,0.0007932933396266532,-0.0021945997404428015,0.9998480111357342,2.5220483703488465e-07,-6.48926406956278e-08,-1.8366553760748072e-06,3.20231793525596e-08
decision_cancellation,gaussian,0.26366508987303583,0.5103448275862069,0.1,165,0.0006957630337653111,6.652969834247443e-17,-9.505197993058564e-18,2.4141211472235282e-39,2.598214882575328e-30,1.1139398408818018e-18,2.797327313389327e-17,-2.6647044477597587e-17,3.6403979716869946e-31,3.6403979716869946e-31,-9.088984675448968e-31,1.0,-8.244241960315446e-21,5.125778943847255e-21,4.8154974334524536e-20,-9.891707554298261e-22
decision_cancellation,gaussian,0.26366508987303583,0.5103448275862069,0.1,166,0.0006961223178829463,0.002962862780361739,-0.0004884901002047403,3.3753888605168898e-12,0.003632786027312792,-6.498943896189218e-08,0.0010767149641657714,-0.001076779953604742,0.0007556090846713564,0.0007556090846713564,-0.002079130490850275,0.9998556165940387,-2.498432083933624e-07,6.430131342020215e-08,1.8187442789849237e-06,-3.165154796605608e-08
decision_cancellation,gaussian,0.26366508987303583,0.5103448275862069,0.1,167,0.0006964759329409771,1.0200096402273606e-15,-1.6892385234530772e-16,4.308196893656262e-37,4.636727240899339e-28,2.248789720811975e-19,3.8684594547587236e-16,-3.750680217079417e-16,9.096931009647434e-29,9.096931009647434e-29,-2.4739398693789327e-28,1.0,-8.505775831388027e-20,2.621404306184557e-20,6.502929313408481e-19,-4.098110628378088e-21
decision_cancellation,gaussian,0.26366508987303583,0.5103448275862069,0.1,168,0.0006968312214979799,0.002916385887450082,-0.0004704500357125286,3.304713610589669e-12,0.003556721291952751,-6.220048805662968e-08,0.0010653489978143824,-0.0010654111983024548,0.000719288574947084,0.000719288574947084,-0.001968932795452224,0.9998628431676146,-2.4730835714807e-07,6.366488558035701e-08,1.7995893356330528e-06,-3.126007828235635e-08
decision_cancellation,gaussian,0.26366508987303583,0.5103448275862069,0.1,169,0.0006971809082701086,1.2596849334234866e-16,-1.5287674016342125e-17,6.478596921636955e-39,6.972635552844219e-30,-8.935525301817428e-19,4.466584238209931e-17,-4.3884704690498437e-17,9.622969471101117e-31,9.622969471101117e-31,-2.7622174384062324e-30,1.0,-1.3989944410282164e-20,-1.1335350789882006e-21,7.841080181125193e-20,-1.1547278232356107e-20
decision_cancellation,gaussian,0.26366508987303583,0.5103448275862069,0.1,170,0.0006975319736408625,0.0028688286013695847,-0.00045313433850664584,3.2303043056281035e-12,0.00347663775357044,-5.9497334842006826e-08,0.001053253477039977,-0.001053312974374835,0.0006842586374822603,0.0006842586374822603,-0.0018636633153677686,0.999869726684343,-2.4460142489367226e-07,6.298361724762335e-08,1.7792009010385953e-06,-3.084908864041922e-08
decision_cancellation,gaussian,0.26366508987303583,0.5103448275862069,0.1,171,0.0006978774988307141,-7.183152998470788e-16,1.131211296845591e-16,2.14037458832665e-37,2.3035932211074846e-28,5.081646311303075e-19,-2.724125659859541e-16,2.621136096487919e-16,4.248680847118314e-29,4.248680847118314e-29,-1.1643395628107931e-28,1.0,6.229150742475267e-20,-1.5240116438345383e-20,-4.581469368618202e-19,-5.13322807734639e-21
decision_cancellation,gaussian,0.26366508987303583,0.5103448275862069,0.1,172,0.0006982241153794074,0.0028201892606512357,-0.00043648857510859525,3.1523552288982447e-12,0.0033927445108988975,-5.687715672297634e-08,0.0010404351615936776,-0.0010404920387504064,0.0006504543131673631,0.0006504543131673631,-0.0017630161502647603,0.9998762980960976,-2.4172369078889034e-07,6.22578050256569e-08,1.7575902656679834e-06,-3.0418907807091065e-08
decision_cancellation,gaussian,0.26366508987303583,0.5103448275862069,0.1,173,0.0006985652481137313,1.7054214015564168e-16,-3.427657339931727e-17,1.236646311829669e-38,1.3309493003584676e-29,8.780301557731144e-20,6.1805457764938e-17,-5.751796286504062e-17,2.822239842657894e-30,2.822239842657894e-30,-8.368008858880139e-30,1.0,-1.405761435464717e-20,9.229525950977924e-21,1.0702484194928813e-19,-2.5086762513382007e-20
decision_cancellation,gaussian,0.26366508987303583,0.5103448275862069,0.1,174,0.0006989071923922953,0.0027704695612749894,-0.00042046344471629324,3.071071234808947e-12,0.0033052620399380383,-5.433747945431407e-08,0.0010269013674894343,-0.001026955704968889,0.0006178178418857957,0.0006178178418857957,-0.0016667179675573778,0.9998825841672927,-2.3867657349379387e-07,6.148778270187837e-08,1.7347696640364537e-06,-2.9969874732214034e-08
decision_cancellation,gaussian,0.26366508987303583,0.5103448275862069,0.1,175,0.0006992437043810871,3.890003665818986e-16,-5.549450500736236e-17,6.967529357049512e-38,7.498852529040186e-29,1.0623935143529707e-18,1.5583799328168582e-16,-1.5460673147957155e-16,1.227014841965458e-29,1.227014841965458e-29,-3.0872473582371876e-29,1.0,-3.497981692469094e-20,1.0370169660518124e-20,2.6134273947362476e-19,6.643649903734224e-21
decision_cancellation,gaussian,0.26366508987303583,0.5103448275862069,0.1,176,0.0006995807553237493,0.002719674192942903,-0.00040501417300215224,2.986667256173177e-12,0.0032144216636411636,-5.187611972431757e-08,0.0010126599698303351,-0.0010127118459500623,0.0005862977900058643,0.0005862977900058643,-0.0015745238640538573,0.9998886080541023,-2.3546163264001032e-07,6.067392176958827e-08,1.7107522798412708e-06,-2.9502338257669944e-08
decision_cancellation,gaussian,0.26366508987303583,0.5103448275862069,0.1,177,0.0006999124210214393,-1.0915444938156555e-15,1.5675386157529614e-16,4.7551880902433525e-37,5.117804663500285e-28,-4.432567795432166e-19,-4.0306416283521286e-16,4.0363829661164327e-16,9.039968397933569e-29,9.039968397933569e-29,-2.4446460635339234e-28,1.0,9.620490229808687e-20,-1.884702614429386e-20,-6.824232125643241e-19,1.4379650797376548e-20
decision_cancellation,gaussian,0.26366508987303583,0.5103448275862069,0.1,178,0.000700244360136003,0.0026678105219297733,-0.0003900999894871956,2.899367767435007e-12,0.003120464974209236,-4.9491135381442755e-08,0.0009977194037955838,-0.00099776889493095,0.0005558482975109108,0.0005558482975109108,-0.001486213835919371,0.9998943897940074,-2.3208056987565366e-07,5.98166318322056e-08,1.6855522479906276e-06,-2.9016656788663467e-08
decision_cancellation,gaussian,0.26366508987303583,0.5103448275862069,0.1,179,0.0007005709569031919,2.8138261895287756e-15,-4.3231002545316865e-16,3.2626988520504825e-36,3.511502612248184e-27,5.919694175339344e-19,1.058899990035511e-15,-1.060342901813383e-15,6.543189699132414e-28,6.543189699132414e-28,-1.7363626905019868e-27,1.0,-2.4301536131466295e-19,6.784364481532478e-20,1.788178871197035e-18,-3.8156921760760107e-20
decision_cancellation,gaussian,0.26366508987303583,0.5103448275862069,0.1,180,0.0007008975684590683,0.0026148883132995036,-0.00037568367532095365,2.8094062066137344e-12,0.003023643210954165,-4.718078214463373e-08,0.0009820886639584313,-0.0009821358447405942,0.0005264284260933965,0.0005264284260933965,-0.001401589756194933,0.9998999467214238,-2.2853522951653717e-07,5.891636089770088e-08,1.659184653812142e-06,-2.8513197933810637e-08
decision_cancellation,gaussian,0.26366508987303583,0.5103448275862069,0.1,181,0.0007012188767243075,1.355104041772718e-15,-1.9027882111529147e-16,7.2192476373263835e-37,7.76976610054169e-28,-3.547030455165653e-19,4.940084007887892e-16,-5.052034029161773e-16,1.3708916163150905e-28,1.3708916163150905e-28,-3.6771343173417634e-28,1.0,-1.183620482214525e-19,3.171791361756434e-20,8.396707032672343e-19,-4.3154064743866236e-20
decision_cancellation,gaussian,0.26366508987303583,0.5103448275862069,0.1,182,0.0007015399479373288,-0.0025609194865655396,0.00036173117061585706,2.717024358761472e-12,0.002924216596740702,4.49434759122348e-08,-0.000965777302086398,0.0009658222455623058,0.0004980015928120732,0.0004980015928120732,-0.0013204727777113953,0.9999052938220935,2.2482759883140347e-07,-5.797359557054487e-08,-1.6316655296930224e-06,2.7992338119371723e-08
decision_cancellation,gaussian,0.26366508987303583,0.5103448275862069,0.1,183,0.000701855751358517,-1.9829827747728554e-15,2.7490155598199393e-16,1.6445933942606498e-36,1.7700052201884997e-27,-1.759634062754284e-18,-7.496136922351699e-16,7.493565189954614e-16,2.935065683487943e-28,2.935065683487943e-28,-7.766910069703095e-28,1.0,1.7698562568164493e-19,-5.2680497489097323e-20,-1.2686980446098897e-18,2.9991988097987536e-20
decision_cancellation,gaussian,0.26366508987303583,0.5103448275862069,0.1,184,0.0007021710725724844,-0.002505917899905615,0.0003482112323551668,2.6224717037728794e-12,0.002822453636062066,4.277775979810936e-08,-0.0009487954235580845,0.0009488382013178912,0.0004705350765535222,0.0004705350765535222,-0.0012427010940655482,0.9999104440365086,2.209598079856235e-07,-5.698886114769757e-08,-1.6030118493757619e-06,2.745446218420258e-08
decision_cancellation,gaussian,0.26366508987303583,0.5103448275862069,0.1,185,0.000702481158197464,-4.941505381727846e-16,6.417834194486515e-17,1.0190949352645447e-37,1.0968080995465938e-28,1.6053883540329964e-20,-1.8699580432446458e-16,1.8857233912737237e-16,1.7227878528320174e-29,1.7227878528320174e-29,-4.5145356343034505e-29,1.0,4.606472600615968e-20,-7.475489067073779e-21,-3.157330232251966e-19,-6.656549610529708e-21
decision_cancellation,gaussian,0.26366508987303583,0.5103448275862069,0.1,186,0.0007027905230624089,-0.0024498991588597537,0.00033509513540534106,2.5260047313959647e-12,0.0027186303778155003,4.068227532882278e-08,-0.0009311536825109166,0.0009311943647862415,0.0004439995866720397,0.0004439995866720397,-0.001168128003192551,0.9999154085207248,2.1693412966348582e-07,-5.596272162365308e-08,-1.5732415200993166e-06,2.6899962958636126e-08
decision_cancellation,gaussian,0.26366508987303583,0.5103448275862069,0.1,187,0.0007030946814884,7.91626658535477e-16,-1.1063781319819544e-16,2.4652224173949124e-37,2.653212984402361e-28,-1.4986336819357593e-19,2.9076967171290945e-16,-2.968207584643683e-16,4.670722235987966e-29,4.670722235987966e-29,-1.2456905830143837e-28,1.0,-6.674546232392673e-20,1.4460412341667246e-20,4.915572948426851e-19,-1.515280041797517e-20
decision_cancellation,gaussian,0.26366508987303583,0.5103448275862069,0.1,188,0.0007033978871354824,-0.0023928804460972286,0.00032235641039359946,2.4278862262947625e-12,0.002613029645845945,3.86557371963958e-08,-0.0009128632758133977,0.0009129019315505884,0.00041836888492010715,0.00041836888492010715,-0.0010966202276299485,0.999920196871394,2.1275297838510144e-07,-5.489577960864721e-08,-1.542373372741302e-06,2.632924083240555e-08
decision_cancellation,gaussian,0.26366508987303583,0.5103448275862069,0.1,189,0.000703695912667018,-1.2844313481409574e-15,1.6811932815570592e-16,7.27850659466578e-37,7.833543970621738e-28,-1.5282452174095387e-19,-5.028951171133584e-16,4.842271312184722e-16,1.1568624815039368e-28,1.1568624815039368e-28,-3.0686228443928023e-28,1.0,1.1046634208485842e-19,-2.8329130942895676e-20,-8.454579082319428e-19,6.799447114081433e-21
decision_cancellation,gaussian,0.26366508987303583,0.5103448275862069,0.1,190,0.0007039927598799756,-0.002334880369462217,0.0003099706132308482,2.3283845262114323e-12,0.002505940240537771,3.6696911154164466e-08,-0.0008939359359733686,0.00089397263288452,0.00039361945323706816,0.00039361945323706816,-0.0010280564534019705,0.9999248173206225,2.0841890953822818e-07,-5.3788676165323886e-08,-1.510427150146848e-06,2.57427033153269e-08
decision_cancellation,gaussian,0.26366508987303583,0.5103448275862069,0.1,191,0.0007042844506850059,8.141905636863098e-16,-1.1356807501150518e-16,2.864068188880657e-37,3.0824735542450673e-28,1.617855587391441e-19,3.1211137462950404e-16,-3.1479918811964576e-16,5.076235571459848e-29,5.076235571459848e-29,-1.3129078019605794e-28,1.0,-7.823723312146267e-20,1.6117989502705078e-20,5.291721563986282e-19,-1.671391151123438e-21
decision_cancellation,gaussian,0.26366508987303583,0.5103448275862069,0.1,192,0.0007045747440680968,-0.0022759188258517533,0.0002979151218718051,2.227772756084356e-12,0.002397656114528989,3.480459464511866e-08,-0.000874383923042934,0.0008744187276375943,0.0003697302010955494,0.0003697302010955494,-0.0009623260556561044,0.9999292769052824,2.0393461813406125e-07,-5.264209056575621e-08,-1.477423493744222e-06,2.5140764593659274e-08
decision_cancellation,gaussian,0.26366508987303583,0.5103448275862069,0.1,193,0.0007048599023319875,-1.6020874744949504e-15,2.0700193141472077e-16,1.2058121770643443e-36,1.2977638457135181e-27,1.3979839906592617e-19,-6.441029043398532e-16,6.221961237274781e-16,1.8272538827109786e-28,1.8272538827109786e-28,-4.704980385727595e-28,1.0,1.4548047275300395e-19,-3.56518608292917e-20,-1.0873980109803041e-18,3.0693967605932273e-20
decision_cancellation,gaussian,0.26366508987303583,0.5103448275862069,0.1,194,0.000705143450474296,-0.0022160168789623867,0.00028616895660469536,2.126328041249861e-12,0.002288475525914067,3.2977599852025347e-08,-0.0008542200156167429,0.0008542529932165892,0.0003466822071179974,0.0003466822071179974,-0.000899327984461193,0.9999335816146049,1.9930293730472252e-07,-5.1456739973743804e-08,-1.4433839286084e-06,2.4523845086495704e-08
decision_cancellation,gaussian,0.26366508987303583,0.5103448275862069,0.1,195,0.0007054218825514385,-7.448394365957191e-16,9.550529748834295e-17,2.661706261338082e-37,2.8646801048929313e-28,7.99982225491874e-20,-3.0237731515077916e-16,2.8851687325808096e-16,3.906157505527948e-29,3.906157505527948e-29,-1.008419411598516e-28,1.0,6.78169826532368e-20,-1.4617931090299934e-20,-5.108530774118435e-19,1.967059701959008e-20
decision_cancellation,gaussian,0.26366508987303583,0.5103448275862069,0.1,196,0.0007056984981874705,0.0021551966491532796,-0.00027471262071401554,2.02433070267818e-12,0.002178700172110964,-3.121473889075296e-08,0.0008334575009758047,-0.0008334887157146938,0.00032445849044263693,0.00032445849044263693,-0.0008389697883212443,0.9999377365192423,-1.9452683655021965e-07,5.023337905380844e-08,1.4083308470585381e-06,-2.3892371003333494e-08
decision_cancellation,gaussian,0.26366508987303583,0.5103448275862069,0.1,197,0.000705970014750254,1.2261334939315378e-16,-2.4712992730695333e-17,2.5016420076140783e-39,2.6924098248068123e-30,9.151136537187279e-20,2.889393511579664e-17,-3.5916115644278426e-17,1.257269694585915e-30,1.257269694585915e-30,-4.2921692832962155e-30,1.0,-8.404292144616626e-21,-1.4605231101350489e-21,4.849017825316106e-20,8.807914985025751e-21
decision_cancellation,gaussian,0.26366508987303583,0.5103448275862069,0.1,198,0.0007062395149167078,0.0020934812140307336,-0.0002635279588455667,1.9220634374282323e-12,0.002068634307819817,-2.951481091329439e-08,0.0008121101644650059,-0.0008121396792759328,0.0003030438080235725,0.0003030438080235725,-0.0007811667565501816,0.9999417458844545,-1.896094197512275e-07,4.897279951125581e-08,1.372287490936487e-06,-2.3246773907507195e-08
decision_cancellation,gaussian,0.26366508987303583,0.5103448275862069,0.1,199,0.0007065039311016179,1.664791534745746e-16,-2.8461947596823276e-17,8.047578176446111e-39,8.661262675561439e-30,-1.8943787625221747e-18,4.9445198827567457e-17,-6.619609156676227e-17,2.6667504685359117e-30,2.6667504685359117e-30,-6.706715608458971e-30,1.0,-1.6308618817282272e-20,-1.4513920245859213e-21,8.723346086336378e-20,-1.3031649769298024e-20
decision_cancellation,gaussian,0.26366508987303583,0.5103448275862069,0.1,200,0.0007067661372902308,-0.002030894518454481,0.0002525980307792523,1.8198104872784384e-12,0.0019585838502560035,2.7876590921304075e-08,-0.0007901922781409393,0.0007902201547318431,0.000282424474568978,0.000282424474568978,-0.0007258411644463354,0.9999456132696516,1.8455392295270455e-07,-4.7675829564405096e-08,-1.335277932626433e-06,2.258749028623121e-08
decision_cancellation,gaussian,0.26366508987303583,0.5103448275862069,0.1,201,0.000707023272840866,-6.607942101813156e-16,8.366985564780757e-17,1.9781478538295007e-37,2.1289955558631968e-28,1.1220204733030325e-18,-2.6083726765005935e-16,2.6726160502858007e-16,3.162801108808161e-29,3.162801108808161e-29,-7.819906119444221e-29,1.0,6.036579943695321e-20,-2.295469246789159e-20,-4.400381583984049e-19,3.2026377148327355e-21
decision_cancellation,gaussian,0.26366508987303583,0.5103448275862069,0.1,202,0.0007072780111472192,0.0019674612929687814,-0.00024190699866185006,1.7178567987413361e-12,0.0018488554751099565,-2.629882009552508e-08,0.0007677185887727491,-0.0007677448875928408,0.00026258820233124075,0.00026258820233124075,-0.0006729216077189396,0.9999493416161612,-1.7936371193404126e-07,4.6343333352941295e-08,1.2973270549537465e-06,-2.191496113059042e-08
decision_cancellation,gaussian,0.26366508987303583,0.5103448275862069,0.1,203,0.0007075276905539991,7.853904892614825e-16,-1.0275805918207759e-16,2.7943821918233926e-37,3.0074735092516667e-28,2.6256246488132465e-18,3.1003646525011067e-16,-3.1161420810325025e-16,4.5257410650850243e-29,4.5257410650850243e-29,-1.1406649302076016e-28,1.0,-7.21999188531166e-20,1.1369884881448702e-20,5.234992915418507e-19,-6.678949985266471e-21
decision_cancellation,gaussian,0.26366508987303583,0.5103448275862069,0.1,204,0.0007077747918222046,-0.0019032069796898858,0.00023144002601108754,1.6164871774334657e-12,0.0017397557064317995,2.4780197555559488e-08,-0.0007447043052284214,0.0007447290854259786,0.00024352395831794382,0.00024352395831794382,-0.000622342414526908,0.9999529333248063,1.7404227957039992e-07,-4.497621028348888e-08,-1.258460530016412e-06,2.1229631526507524e-08
decision_cancellation,gaussian,0.26366508987303583,0.5103448275862069,0.1,205,0.0007080168444586052,-7.135253645496642e-16,7.629732045839653e-17,2.3626607067568466e-37,2.542830221189056e-28,3.6270779339957923e-19,-2.842738794557529e-16,2.753618094431462e-16,2.9673542912884717e-29,2.9673542912884717e-29,-7.689092967253949e-29,1.0,6.29178830329019e-20,-1.3974143054003326e-20,-4.80968078168466e-19,2.796143378264686e-20
decision_cancellation,gaussian,0.26366508987303583,0.5103448275862069,0.1,206,0.0007082561444217515,0.0018381576649264299,-0.00022118318705292142,1.515985439970953e-12,0.0016315900038529965,-2.3319373307416594e-08,0.0007211650853219252,-0.0007211884046952443,0.00022522183686290558,0.00022522183686290558,-0.0005740431252680814,0.9999563903246269,-1.6859324300020775e-07,4.357539431614859e-08,1.2187047970752943e-06,-2.053195026012127e-08
decision_cancellation,gaussian,0.26366508987303583,0.5103448275862069,0.1,207,0.0007084904046768697,-1.929513420401693e-15,2.2852631506871754e-16,1.6620102955391838e-36,1.7887502828222775e-27,3.97786100463322e-20,-7.53493343807733e-16,7.570331037009287e-16,2.4418395003205553e-28,2.4418395003205553e-28,-6.2237200240015015e-28,1.0,1.7975647850824372e-19,-5.102254138445955e-20,-1.2753631549789505e-18,2.3311524323986817e-20
decision_cancellation,gaussian,0.26366508987303583,0.5103448275862069,0.1,208,0.0007087217440931424,-0.0017723400177880305,0.0002111233851337503,1.4166335663117157e-12,0.001524661850288683,2.1914942413714763e-08,-0.0006971170221459931,0.0006971389370884175,0.00020767294574118236,0.00020767294574118236,-0.0005279680315752299,0.999959714133888,1.6302034060218066e-07,-4.214185319308452e-08,-1.1780870395437794e-06,1.9822369436846392e-08
decision_cancellation,gaussian,0.26366508987303583,0.5103448275862069,0.1,209,0.0007089480515004415,-1.3100449950804577e-15,1.5762301725566442e-16,8.3681565706142e-37,9.006287429483825e-28,-1.531498867894241e-20,-5.380614987664964e-16,5.141254736336619e-16,1.1430739985902178e-28,1.1430739985902178e-28,-2.9126710261525445e-28,1.0,1.205446336847161e-19,-3.1154346125742405e-20,-9.06195421546818e-19,1.1131623255380093e-20
decision_cancellation,gaussian,0.26366508987303583,0.5103448275862069,0.1,210,0.0007091712762848244,-0.0017057812342355996,0.00020124827913066537,1.3187108556182645e-12,0.0014192718434290622,2.0565440105818348e-08,-0.0006725766299544882,0.0006725971953945872,0.00019086930428201425,0.00019086930428201425,-0.00048406576724551814,0.9999629059143404,1.57327428794961e-07,-4.067658761204966e-08,-1.1366351611841664e-06,1.910134411799686e-08
decision_cancellation,gaussian,0.26366508987303583,0.5103448275862069,0.1,211,0.0007093894756469063,-1.8673696904880914e-15,2.146677199040299e-16,1.5194859949973114e-36,1.6353575008475938e-27,-1.1750281774819738e-20,-7.200547426055051e-16,7.266358470476161e-16,2.198866290538059e-28,2.198866290538059e-28,-5.650830854368354e-28,1.0,1.7126600249393064e-19,-3.768778981986174e-20,-1.2196928870485316e-18,3.2906582453550805e-20
decision_cancellation,gaussian,0.26366508987303583,0.5103448275862069,0.1,212,0.0007096044369983658,-0.001638508986049952,0.000191546216918923,1.222493088569384e-12,0.0013157167941714536,1.9269337967840165e-08,-0.0006475608296356475,0.0006475800989736222,0.00017480375212290943,0.00017480375212290943,-0.0004422889448001739,0.999965966519563,1.51518478667503e-07,-3.918063034737344e-08,-1.0943777615796405e-06,1.8369331974442254e-08
decision_cancellation,gaussian,0.26366508987303583,0.5103448275862069,0.1,213,0.0007098143785076259,-1.1719206865949781e-15,1.4152545476689696e-16,5.7346408249133765e-37,6.171947565535487e-28,-1.7986002039787088e-20,-4.4327703675768935e-16,4.562350877041945e-16,9.09658640667527e-29,9.09658640667527e-29,-2.336619447887199e-28,1.0,1.0674926193249622e-19,-3.689122483965807e-20,-7.487956832114233e-19,-3.569299927521238e-21
decision_cancellation,gaussian,0.26366508987303583,0.5103448275862069,0.1,214,0.0007100209330317029,0.001570551374245454,-0.00018200617507538596,1.1282516989794877e-12,0.0012142888350697904,-1.802504088805598e-08,0.0006220869338111356,-0.0006221049588520191,0.00015946986742013523,0.00015946986742013523,-0.00040259383222021524,0.9999688965380997,-1.455975724470083e-07,3.765504532013044e-08,1.0513441109403363e-06,-1.7626792959542255e-08
decision_cancellation,gaussian,0.26366508987303583,0.5103448275862069,0.1,215,0.0007102224723867397,-1.9581511649801423e-15,2.279237847511677e-16,1.8168489799010175e-36,1.9553965070890208e-27,7.1804507309563e-21,-7.898034097522675e-16,7.799145868666159e-16,2.502892985403673e-28,2.502892985403673e-28,-6.2840763562062005e-28,1.0,1.7951732494118185e-19,-4.4658965373723623e-20,-1.3344812813486267e-18,4.2282342518543033e-20
decision_cancellation,gaussian,0.26366508987303583,0.5103448275862069,0.1,216,0.000710420482213474,0.0015019368865432474,-0.00017261770410465784,1.0362529575648408e-12,0.0011152745418572707,-1.6830884888749435e-08,0.0005961726316050926,-0.0005961894624899666,0.00014486189348843098,0.00014486189348843098,-0.0003649400651532568,0.9999716963320008,-1.395688998142183e-07,3.6100926619782514e-08,1.0075641243177648e-06,-1.687418900149274e-08
decision_cancellation,gaussian,0.26366508987303583,0.5103448275862069,0.1,217,0.0007106134807311373,-4.9719742331603435e-17,2.163089232953425e-18,2.619203191989708e-39,2.8189358772417695e-30,9.010408464839966e-20,-3.012357197339874e-17,3.0706902280269624e-17,9.347102398263545e-32,9.347102398263545e-32,-1.5134562208425258e-31,1.0,4.364623461527422e-21,2.5353729232025075e-21,-4.722187311550639e-20,-1.9074061907000797e-20
decision_cancellation,gaussian,0.26366508987303583,0.5103448275862069,0.1,218,0.00071080281362824,0.0014326943585471746,-0.00016337087856145514,9.467571705968355e-13,0.0010189540709913021,-1.5685135634773715e-08,0.0005698359731200033,-0.0005698516582556447,0.00013097467296692203,0.00013097467296692203,-0.0003292903904968352,0.9999743660712971,-1.3343675407407704e-07,3.4519397479843196e-08,9.630683352895427e-07,-1.611198371608456e-08
decision_cancellation,gaussian,0.26366508987303583,0.5103448275862069,0.1,219,0.0007109871383512033,-1.2679094849891049e-15,1.46949462850157e-16,7.852651279622085e-37,8.451471230370343e-28,-5.777346764726836e-21,-5.211558155902603e-16,5.036168450075813e-16,1.0408940030585799e-28,1.0408940030585799e-28,-2.6205624224630226e-28,1.0,1.16210052530896e-19,-2.882843877939373e-20,-8.779030718789933e-19,1.4678867665620563e-20
decision_cancellation,gaussian,0.26366508987303583,0.5103448275862069,0.1,220,0.00071116766783242,-0.0013628529383086195,0.00015425625152007264,8.600178961024865e-13,0.0009256003160837665,1.4585987715114972e-08,-0.0005430953536551276,0.0005431099396428636,0.00011780358872043457,0.00011780358872043457,-0.0002956104377992376,0.9999769057648628,1.272055281901304e-07,-3.2911609209663195e-08,-9.178878691748211e-07,1.534064214083995e-08
decision_cancellation,gaussian,0.26366508987303583,0.5103448275862069,0.1,221,0.0007113431916321883,-1.088264605185583e-15,1.272282994236081e-16,5.752829436705815e-37,6.191523187043483e-28,-1.9772920425476633e-19,-4.4315954094489456e-16,4.493071713155446e-16,8.036147389580467e-29,8.036147389580467e-29,-1.9464311554451203e-28,1.0,1.0264413336453294e-19,-1.8882927026276035e-20,-7.505983782226296e-19,3.1506114214610485e-20
decision_cancellation,gaussian,0.26366508987303583,0.5103448275862069,0.1,222,0.0007115147970607758,-0.0012924420539791454,0.00014526481290483458,7.762811801534898e-13,0.0008354780859517419,1.3531564475810511e-08,-0.0005159694976924175,0.0005159830292568678,0.00010534451077714733,0.00010534451077714733,-0.00026386851536635555,0.9999793152880643,1.2087971068896928e-07,-3.127874008404341e-08,-8.720544158226197e-07,1.456063048996277e-08
decision_cancellation,gaussian,0.26366508987303583,0.5103448275862069,0.1,223,0.0007116813987360275,1.2734925070502626e-15,-1.3871614259308072e-16,7.629584869319946e-37,8.211394435667543e-28,2.3397077365212225e-18,5.095552260980996e-16,-5.04286438149979e-16,9.829211440176433e-29,9.829211440176433e-29,-2.482205780746104e-28,1.0,-1.199311851782115e-19,4.226689088156959e-20,8.63587864486623e-19,-3.169397419673959e-20
decision_cancellation,gaussian,0.26366508987303583,0.5103448275862069,0.1,224,0.0007118439654232981,-0.001221491384325795,0.00013638795125795714,6.957848157537682e-13,0.0007488433069900057,1.2519918453960065e-08,-0.0004884774426925837,0.0004884899626110263,9.359374869600237e-05,9.359374869600237e-05,-0.0002340354283798337,0.9999815944075359,1.1446388144537182e-07,-2.9621994193801258e-08,-8.256002020455301e-07,1.3772415931501808e-08
decision_cancellation,gaussian,0.26366508987303583,0.5103448275862069,0.1,225,0.0007120015297934848,8.502417912346492e-16,-9.600301964361244e-17,3.238471682782507e-37,3.485427950739535e-28,3.506697398721971e-19,3.3416394805976783e-16,-3.341190574887287e-16,4.505108078728347e-29,4.505108078728347e-29,-1.1464270225570403e-28,1.0,-7.645957225096971e-20,8.145062252435855e-21,5.637817039490318e-19,-9.216851017546363e-21
decision_cancellation,gaussian,0.26366508987303583,0.5103448275862069,0.1,226,0.00071215494909236,-0.0011500308318371302,0.00012761741856245475,6.187576266394311e-13,0.0006659422523556981,1.1549032414986633e-08,-0.0004606385227135414,0.0004606500717459289,8.25480088171105e-05,8.25480088171105e-05,-0.000206084316641115,0.999983742803386,1.0796270735213261e-07,-2.794260025837057e-08,-7.785579637198331e-07,1.2976466385605945e-08
decision_cancellation,gaussian,0.26366508987303583,0.5103448275862069,0.1,227,0.0007123033670864776,-5.335014325797418e-16,4.9204870040239624e-17,1.4699149245451032e-37,1.5820062872424913e-28,2.354582541835128e-19,-2.2489341933179036e-16,2.206841274544716e-16,1.524453528242643e-29,1.524453528242643e-29,-3.6853495110856124e-29,1.0,4.8975015761507266e-20,-1.6875291412879076e-20,-3.795103588911617e-19,1.6734763807788534e-20
decision_cancellation,gaussian,0.26366508987303583,0.5103448275862069,0.1,228,0.0007124475364800103,-0.0010780904982524847,0.00011894529778927111,5.454187782993032e-13,0.0005870108004493155,1.0616820804729522e-08,-0.0004324723518940519,0.00043248296871488303,7.220435592596526e-05,7.220435592596526e-05,-0.00017999050988651066,0.9999857600890918,1.013809378861943e-07,-2.6241810403740564e-08,-7.30960917625147e-07,1.217325034475486e-08
decision_cancellation,gaussian,0.26366508987303583,0.5103448275862069,0.1,229,0.0007125867052204984,5.657633348270424e-16,-5.732374722463893e-17,1.974765151798945e-37,2.1253548989851374e-28,-1.1659069276482156e-19,2.6100007506085267e-16,-2.439609403797132e-16,1.9625338469771946e-29,1.9625338469771946e-29,-4.551260100279121e-29,1.0,-5.657077973070118e-20,9.570939633891919e-21,4.402391705601752e-19,-1.9342488970356672e-20
decision_cancellation,gaussian,0.26366508987303583,0.5103448275862069,0.1,230,0.0007127215284053019,-0.0010057006622669826,0.00011036397286395984,4.759771182992527e-13,0.0005122737249341233,9.721131728122455e-09,-0.0004039988078056172,0.0004040085289373109,6.256017890214474e-05,6.256017890214474e-05,-0.00015573139883685606,0.999987645829314,9.472340057354789e-08,-2.4520898906677277e-08,-6.828427330295058e-07,1.1363236714924828e-08
decision_cancellation,gaussian,0.26366508987303583,0.5103448275862069,0.1,231,0.0007128513512869869,4.0061239634650547e-16,-4.373413288379008e-17,9.251432731879458e-38,9.956919617210943e-29,1.779091052804708e-19,1.7911367550237014e-16,-1.620385755510696e-16,9.941226291647351e-30,9.941226291647351e-30,-2.45779653010128e-29,1.0,-3.767894909314565e-20,-1.050083968577386e-21,3.015206472866571e-19,-1.337238563327344e-20
decision_cancellation,gaussian,0.26366508987303583,0.5103448275862069,0.1,232,0.0007129767382515512,0.0009328917592747281,-0.00010186610079099961,4.1063054798253123e-13,0.00044194401852422365,-8.859749325578124e-09,0.0003752380147096856,-0.0003752468744589824,5.361315998735968e-05,5.361315998735968e-05,-0.00013328632040705382,0.9999893995558304,-8.799499636409403e-08,2.2781160908348387e-08,6.342375030836164e-07,-1.0546894677670462e-08
decision_cancellation,gaussian,0.26366508987303583,0.5103448275862069,0.1,233,0.0007130971250155892,2.671882138809115e-16,-3.718735410816415e-17,4.6584850734026176e-38,5.0137273607375396e-29,-1.6344042547567526e-19,1.268072469558054e-16,-1.2943080834292338e-16,6.749696687178477e-30,6.749696687178477e-30,-1.3933617700253865e-29,1.0,-3.0349238856580285e-20,8.013621090027818e-21,2.1343679695284818e-19,6.6550746341815794e-21
decision_cancellation,gaussian,0.26366508987303583,0.5103448275862069,0.1,234,0.0007132129921134437,0.000859694362955514,-9.344458569364179e-05,3.4956542742739047e-13,0.0003762222525659999,-8.030396551418737e-09,0.0003462103267309446,-0.00034621835712749405,4.536124733993355e-05,4.536124733993355e-05,-0.00011263645567011687,0.9999910207817632,-8.120069492117328e-08,2.1023911098915467e-08,5.851797160434851e-07,-9.724693572550603e-09
decision_cancellation,gaussian,0.26366508987303583,0.5103448275862069,0.1,235,0.0007133238589162164,7.560305951083616e-16,-7.657876689590201e-17,2.5923415651358695e-37,2.790025862207066e-28,6.870408100929156e-20,2.9825368816176466e-16,-2.8634881363539855e-16,3.0740930330887553e-29,3.0740930330887553e-29,-8.1163541616198e-29,1.0,-7.420215250403877e-20,2.1225431227715677e-20,5.028531372890458e-19,2.0405892901705567e-20
decision_cancellation,gaussian,0.26366508987303583,0.5103448275862069,0.1,236,0.0007134301289339015,-0.0007861391685574509,8.509255455499626e-05,2.929560154495222e-13,0.00031529597433680026,7.230738301001006e-09,-0.00031693631096507186,0.00031694354170336823,3.780263058633215e-05,3.780263058633215e-05,-9.376473935612551e-05,0.9999925090142547,7.434552983332841e-08,-1.9250482375531718e-08,-5.357042263538902e-07,8.897102798840273e-09
decision_cancellation,gaussian,0.26366508987303583,0.5103448275862069,0.1,237,0.0007135313984108209,5.09227809257361e-16,-5.3538749878780164e-17,1.2754044246092213e-37,1.3726629921341195e-28,8.411386041994148e-20,2.06060503922513e-16,-1.9524314009911112e-16,1.4649773880441783e-29,1.4649773880441783e-29,-3.8209138899661865e-29,1.0,-5.2838339742599866e-20,1.1939968703800194e-20,3.5234459270577613e-19,-2.143075949472417e-20
decision_cancellation,gaussian,0.26366508987303583,0.5103448275862069,0.1,238,0.0007136280006306511,0.0007122569777219465,-7.680333446584578e-05,2.4096394630723777e-13,0.00025933914384520233,-6.458384914278827e-09,0.00028743673053600573,-0.00028744318892091544,3.093571911291698e-05,3.093571911291698e-05,-7.665577981422824e-05,0.999993863765727,-6.743459375493688e-08,1.7462224475527026e-08,4.858462256196258e-07,-8.064591736373663e-09
decision_cancellation,gaussian,0.26366508987303583,0.5103448275862069,0.1,239,0.0007137196019548228,9.142511877844045e-16,-9.365862281249061e-17,3.7586240829216605e-37,4.045245633792908e-28,-1.6871891515900283e-19,3.5642616447669497e-16,-3.419879869568259e-16,4.4877741607578497e-29,4.4877741607578497e-29,-1.1997359595847436e-28,1.0,-8.61252001819708e-20,2.393417855905167e-20,6.058606490750629e-19,-2.83705337423969e-20
decision_cancellation,gaussian,0.26366508987303583,0.5103448275862069,0.1,240,0.0007138064722124263,0.0006380786846910888,-6.857043120112796e-05,1.9373774462754306e-13,0.00020851161176678614,-5.710895877859419e-09,0.0002577325276074587,-0.0002577382385033373,2.475912287039828e-05,2.475912287039828e-05,-6.129578849839245e-05,0.9999950845638391,-6.04730334804337e-08,1.566050258681434e-08,4.356412134740088e-07,-7.227629683297494e-09
decision_cancellation,gaussian,0.26366508987303583,0.5103448275862069,0.1,241,0.0007138883411481733,1.4855171045654136e-15,-1.5528881728052896e-16,1.0504387347777754e-36,1.130542084465037e-27,1.3948507675967008e-19,5.995391115265022e-16,-5.941355973238878e-16,1.292395587583035e-28,1.292395587583035e-28,-3.2313764061049233e-28,1.0,-1.3745115246082571e-19,3.962872614950073e-20,1.0142005735047749e-18,-3.704964549519663e-20
decision_cancellation,gaussian,0.26366508987303583,0.5103448275862069,0.1,242,0.0007139654218847478,0.0005636352637957837,-6.0387508968005535e-05,1.514123799843553e-13,0.00016295864005580363,-4.9857839428981355e-09,0.00022784480637373487,-0.00022784979215769336,1.9271635495958237e-05,1.9271635495958237e-05,-4.767251816943932e-05,0.9999961709602511,-5.3466044961650366e-08,1.3846695938052898e-08,3.8512496838878497e-07,-6.38668581116723e-09
decision_cancellation,gaussian,0.26366508987303583,0.5103448275862069,0.1,243,0.0007140375008359203,1.0891644579132299e-16,-1.33346107285151e-17,5.408254208842389e-39,5.820671671894297e-30,-1.1885080037217877e-19,4.030196604821411e-17,-5.445801637435797e-17,1.0170004356200248e-30,1.0170004356200248e-30,-2.0340085847878292e-30,1.0,-1.7145581933898665e-20,2.4629547221138645e-21,7.019647477838631e-20,1.3441428931276187e-20
decision_cancellation,gaussian,0.26366508987303583,0.5103448275862069,0.1,244,0.0007141047411452475,-0.0004889577580625831,5.224837117547393e-05,1.1410886238089145e-13,0.00012281046658025094,4.280519327230514e-09,-0.00019779481602624207,0.00019779909654555624,1.4472219576516677e-05,1.4472219576516677e-05,-3.577520909805186e-05,0.9999971225382771,4.6418868271790894e-08,-1.2022196370103519e-08,-3.343335184212187e-07,5.542229135001145e-09
decision_cancellation,gaussian,0.26366508987303583,0.5103448275862069,0.1,245,0.0007141669791983259,2.221153212432154e-16,-1.664270629747188e-17,2.908770956776357e-38,3.1305852229459107e-29,2.50267901145583e-18,1.0046644806072038e-16,-8.548471517179556e-17,1.9921069567291568e-30,1.9921069567291568e-30,-5.176100496509929e-30,1.0,-2.4459576011976608e-20,2.799375274765717e-21,1.672820559165405e-19,2.2322992081805618e-20
decision_cancellation,gaussian,0.26366508987303583,0.5103448275862069,0.1,246,0.0007142243348684852,-0.00041407726881019166,4.414694208933854e-05,8.193387978847315e-14,8.818191502045513e-05,3.5925342853439394e-09,-0.00016760393370226538,0.00016760752623653808,1.0359993902845986e-05,1.0359993902845986e-05,-2.5594542658702688e-05,0.9999979389195106,3.93367825217366e-08,-1.0188406890765815e-08,-2.8330311191138655e-07,4.6947284972973705e-09
decision_cancellation,gaussian,0.26366508987303583,0.5103448275862069,0.1,247,0.0007142766878304421,1.025065503869683e-15,-9.821989685412503e-17,5.153551970707307e-37,5.546546594737785e-28,7.815688673360867e-20,4.21365845958952e-16,-4.166107470278097e-16,5.72879743922219e-29,5.72879743922219e-29,-1.4095634055286742e-28,1.0,-9.659343989504365e-20,2.8450357951310773e-20,7.107345190092475e-19,-8.480864408136408e-21
decision_cancellation,gaussian,0.26366508987303583,0.5103448275862069,0.1,248,0.0007143241213802274,0.00033902494613640907,-3.607724925027754e-05,5.4979478774986756e-14,5.917205114320567e-05,-2.9192277463720145e-09,0.0001372936474318114,-0.0001372965666595696,6.9342225865393355e-06,6.9342225865393355e-06,-1.712260179621551e-05,0.9999986197694845,-3.2225100737022536e-08,8.346740215195725e-09,2.3207018815847958e-07,-3.8446525647221266e-09
decision_cancellation,gaussian,0.26366508987303583,0.5103448275862069,0.1,249,0.0007143665518111359,-2.0705107252563574e-15,2.1819501107942055e-16,2.1022136487635138e-36,2.262522241210709e-27,-3.090368156024976e-20,-8.499399300765522e-16,8.518780588665022e-16,2.601963124133414e-28,2.601963124133414e-28,-6.324135830435832e-28,1.0,1.9638585395344699e-19,-5.244860082807872e-20,-1.4353539094200455e-18,2.5584059768883196e-20
decision_cancellation,gaussian,0.26366508987303583,0.5103448275862069,0.1,250,0.0007144040325211681,-0.0002638319801493358,2.8033406534542152e-05,3.332278910047835e-14,3.586388639582435e-05,2.257970179985067e-09,-0.00010688553907646901,0.0001068877970466205,4.194305927438561e-06,4.194305927438561e-06,-1.0352837917555336e-05,0.9999991648024232,2.5089164698814526e-08,-6.4986172936571795e-09,-1.8067134806809937e-07,2.9924698361677825e-09
decision_cancellation,gaussian,0.26366508987303583,0.5103448275862069,0.1,251,0.000714436509761532,-1.180694525075628e-15,1.247061151109568e-16,6.365362766795746e-37,6.850766496412384e-28,-7.066841745822851e-21,-4.650441815816422e-16,4.599800337832665e-16,8.029030187841954e-29,8.029030187841954e-29,-2.060922494066046e-28,1.0,1.08226116322357e-19,-4.0683297523812067e-20,-7.8853230254783925e-19,3.7216415283396685e-20
decision_cancellation,gaussian,0.26366508987303583,0.5103448275862069,0.1,252,0.0007144640137000613,-0.00018852959283794518,2.000959774876937e-05,1.7025793050301215e-14,1.8324129649341186e-05,1.6061085896149971e-09,-7.640126726856514e-05,7.640287337716295e-05,2.139772940011212e-06,2.139772940011212e-06,-5.280043842782323e-06,0.9999995737851347,1.7934339755829908e-08,-4.645465828768678e-09,-1.2914332478671517e-07,2.1386486598823097e-09
decision_cancellation,gaussian,0.26366508987303583,0.5103448275862069,0.1,253,0.0007144865138928603,3.520672889973782e-16,-3.326635987935139e-17,5.641783369372441e-38,6.072009075198325e-29,-6.441729534125167e-21,1.3825629618915326e-16,-1.5818373284000068e-16,7.365005330952576e-30,7.365005330952576e-30,-1.6392187829721092e-29,1.0,-3.360402507980883e-20,8.205806429273707e-21,2.3483085130044966e-19,-8.702827730765179e-21
decision_cancellation,gaussian,0.26366508987303583,0.5103448275862069,0.1,254,0.0007145040239362409,0.0001131490304493929,-1.20000606528844e-05,6.1351401379107616e-15,6.602987771072716e-06,-9.609716068173804e-10,4.5862550347455626e-05,-4.5863511319054525e-05,7.702754626221903e-07,7.702754626221903e-07,-1.9003325141930088e-06,0.9999998465400782,-1.0766009611416e-08,2.788718783750456e-09,7.752295432028546e-08,-1.2836572586759896e-09
decision_cancellation,gaussian,0.26366508987303583,0.5103448275862069,0.1,255,0.000714516530043682,2.7447213795270384e-15,-2.9161308022209684e-16,3.5086030691049464e-36,3.776158757269635e-27,-2.867943903560443e-20,1.0965288507969382e-15,-1.1117005808821526e-15,4.537143887432803e-28,4.537143887432803e-28,-1.1201933365857752e-27,1.0,-2.575279096749453e-19,7.417344333158297e-20,1.85360192240917e-18,-3.067015469093978e-20
decision_cancellation,gaussian,0.26366508987303583,0.5103448275862069,0.1,256,0.0007145240358915349,3.7721556276168466e-05,-3.999071313082936e-06,6.820076897676867e-16,7.340155781424617e-07,-3.198746795735119e-10,1.52911492998003e-05,-1.529146917446844e-05,8.558379094162706e-08,8.558379094162706e-08,-2.1112123037351285e-07,0.9999999829476406,-3.589571092872858e-09,9.298128843486794e-10,2.5847146151092708e-08,-4.279637613757259e-10
decision_cancellation,gaussian,0.26366508987303583,0.5103448275862069,0.1,257,0.0015554818783251544,-0.43011670176370204,0.016237563367404784,1.1248615862237757e-12,0.0012106402023466026,0.00037689121677425075,0.00043714824125232774,-6.025702447812245e-05,-0.0006290187413486835,0.0006290187413486835,-4.489957290783254,0.001674160841465655,1.042549313962904e-06,-4.390386692595784e-08,1.8030252920378372e-07,-5.929555304506859e-08
decision_cancellation,gaussian,0.26366508987303583,0.5103448275862069,0.1,258,0.0015646192817711036,-1.4042509408835405e-15,8.130257548024791e-17,3.995223355460506e-39,4.2998872667631205e-30,3.44362952562494e-17,-1.9618164071751203e-17,3.333117668720656e-17,1.731993552699639e-30,1.731993552699639e-30,-7.296932835006159e-29,1.0,-5.920491496549328e-20,-2.0995888930092895e-20,-9.909324050514725e-22,-6.942053038765733e-21
decision_cancellation,gaussian,0.26366508987303583,0.5103448275862069,0.1,259,0.002090075849122274,-5.9139597098311486e-05,3.939931327500909e-07,2.5297821047375356e-15,2.7226958024709283e-06,-1.7549086215250384e-05,-1.8637466190902235e-05,1.0883799756305096e-06,2.0516682990294937e-10,2.0516682990294937e-10,-1.1148205525711901e-08,0.9999999913079084,-4.992851583685997e-08,2.6841206355726804e-09,-4.954631822689689e-09,2.2743198942194675e-09
decision_cancellation,gaussian,0.26366508987303583,0.5103448275862069,0.1,260,0.0020901020537812598,2.6583048148399067e-16,-7.434945478081994e-17,1.3136354446082818e-38,1.4138093965934965e-29,-1.8241248970156335e-18,-3.2697908241556763e-17,2.5158406152038096e-17,-8.949389706471328e-31,8.949389706471328e-31,-9.456165705737353e-30,1.0,-9.379951475727388e-20,-6.55915509913194e-20,-5.777767554722339e-21,1.539908445175302e-21
decision_cancellation,gaussian,0.26366508987303583,0.5103448275862069,0.1,261,0.002090145726014887,-0.00017735510398634094,1.180746106542365e-06,2.2755625987305528e-14,2.4490902691662105e-05,-5.2633430135615666e-05,-5.5898193422220534e-05,3.2647632865868774e-06,1.8443003717112379e-09,1.8443003717112379e-09,-1.0018983169492022e-07,0.9999999218345393,-1.497445244629523e-07,8.049710454999546e-09,-1.4861650740112589e-08,6.821794451564005e-09
decision_cancellation,gaussian,0.26366508987303583,0.5103448275862069,0.1,262,0.0020902068619768643,7.037233279983725e-16,-9.142293967321484e-18,3.60807117092055e-37,3.883212002205603e-28,2.6329154606897634e-16,2.2888894972751556e-16,3.3929690483408895e-18,-1.4840406959825e-32,1.4840406959825e-32,-3.07799464888281e-30,1.0,5.957137560441771e-19,-1.2008373221564903e-20,6.983670568157655e-20,-3.018064717513674e-20
decision_cancellation,gaussian,0.26366508987303583,0.5103448275862069,0.1,263,0.002090285457419413,-0.00029537962857870484,1.9638025931471154e-06,6.314114308558202e-14,6.795609982392792e-05,-8.767628981583189e-05,-9.311630521912562e-05,5.440015403279857e-06,5.110840874772292e-09,5.110840874772292e-09,-2.775062508839445e-07,0.9999997832253573,-2.494374713447542e-07,1.3407346054260854e-08,-2.4761931751153693e-08,1.136577240883651e-08
decision_cancellation,gaussian,0.26366508987303583,0.5103448275862069,0.1,264,0.0020903815049892385,1.204675374533028e-16,-1.6992351117772394e-17,1.81601578120357e-38,1.9544997711243242e-29,5.538041591386316e-17,-2.3531890974654854e-17,6.918366757706779e-18,-5.623821145943566e-32,5.623821145943566e-32,-9.792598575016841e-31,1.0,-1.0352150952738433e-19,-8.488708627473706e-20,1.418183589012968e-20,-6.042598098347414e-21
decision_cancellation,gaussian,0.26366508987303583,0.5103448275862069,0.1,265,0.002090494998542086,-0.00041308611480879096,2.7407095545212493e-06,1.235541446677138e-13,0.00013297601814586782,-0.00012265001348554295,-0.0001302633914402701,7.613377954801831e-06,9.981395658664022e-09,9.981395658664022e-09,-5.41569849478749e-07,0.9999995761536374,-3.4892534022873873e-07,1.8751725087241356e-08,-3.465097053269985e-08,1.590391968563798e-08
decision_cancellation,gaussian,0.26366508987303583,0.5103448275862069,0.1,266,0.0020906259267913165,6.6202936302125636e-15,-4.729552887470236e-17,2.865077671047741e-35,3.083560016535176e-26,1.8933997857450393e-15,1.9919341255117215e-15,-9.97664121435245e-17,2.2569820673282572e-30,2.2569820673282572e-30,-1.4976868149113921e-28,1.0,5.3133893997570816e-18,-2.4889611389734556e-19,5.419587972692345e-19,-2.5100036568851483e-19
decision_cancellation,gaussian,0.26366508987303583,0.5103448275862069,0.1,267,0.002090774282111392,-0.0005303479050271231,3.5090308574425334e-06,2.0379672992276175e-13,0.00021933766551628493,-0.00015752695630294401,-0.00016731104253423786,9.784086231335393e-06,1.6421026789636655e-08,1.6421026789636655e-08,-8.901042928655207e-07,0.9999993016247084,-4.481261532181295e-07,2.4077545979801374e-08,-4.452424427595543e-08,2.043389771749056e-08
decision_cancellation,gaussian,0.26366508987303583,0.5103448275862069,0.1,268,0.0020909400488321648,-3.628633870078647e-15,1.6398552916131123e-17,9.440038192332675e-36,1.0159907571998592e-26,-9.855172829733142e-16,-1.13606481895187e-15,1.2181060911315886e-16,9.553204169598055e-31,9.553204169598055e-31,-2.8458178207923666e-29,1.0,-3.0538119844907063e-18,9.280135028567998e-20,-2.9666100465239405e-19,1.3285598751051915e-19
decision_cancellation,gaussian,0.26366508987303583,0.5103448275862069,0.1,269,0.0020911232182812965,0.0006470388997964586,-4.266353985719375e-06,3.036057468590171e-13,0.0003267578227512442,0.00019227948380976488,0.00020423085050108697,-1.195136669135295e-05,2.4383432058276948e-08,2.4383432058276948e-08,-1.3201025003830072e-06,0.9999989609704804,5.469579880739544e-07,-2.937950838009039e-08,5.437720447574622e-08,-2.495336173456697e-08
decision_cancellation,gaussian,0.26366508987303583,0.5103448275862069,0.1,270,0.0020913237699242706,7.341236070941886e-16,-4.1860109673135714e-18,2.2124394942473482e-37,2.3811535835151016e-28,1.842056980212073e-16,1.7074108700031765e-16,1.423975931543642e-17,-2.850242010517622e-32,2.850242010517622e-32,-1.4694278881415628e-30,1.0,4.658370945158597e-19,-4.1965517995630496e-20,4.185269218468418e-20,-2.6962905147800694e-20
decision_cancellation,gaussian,0.26366508987303583,0.5103448275862069,0.1,271,0.0020915416945025797,0.0007630337180619257,-5.010296701792646e-06,4.226534103430162e-13,0.0004548837087929136,0.0002268799760543481,0.00024099441056785423,-1.4114434513507993e-05,3.381118572800709e-08,3.381118572800709e-08,-1.8278503990672085e-06,0.9999985558421929,6.453389974434243e-07,-3.465231374600049e-08,6.420526990024466e-08,-2.9459959110931095e-08
decision_cancellation,gaussian,0.26366508987303583,0.5103448275862069,0.1,272,0.002091776966099188,1.0332425087828016e-15,-7.890738109829792e-18,9.228738470670763e-37,9.93249475879433e-28,3.2217478785380766e-16,3.469262820796602e-16,1.3702078733364897e-17,-5.168787906048865e-32,5.168787906048865e-32,-3.897665082311645e-30,1.0,9.508539582247146e-19,-1.0389214385233498e-19,8.080193382248138e-20,-3.7789775492612923e-20
decision_cancellation,gaussian,0.26366508987303583,0.5103448275862069,0.1,273,0.002092029575362687,-0.0008782078578733407,5.738513643827048e-06,5.605480802511813e-13,0.0006032938182007464,-0.00026130083259070727,-0.0002775733237969592,1.627249120625164e-05,4.463603856553594e-08,4.463603856553594e-08,-2.408956275701118e-06,0.9999980882014247,-7.431874306010207e-07,3.989066611429506e-08,-7.400381979938704e-08,3.395132780749662e-08
decision_cancellation,gaussian,0.26366508987303583,0.5103448275862069,0.1,274,0.0020922994904318684,2.310823015270667e-15,-1.5142495616922784e-17,3.2764900204634136e-36,3.526345454356498e-27,6.816917658999372e-16,6.682536057489038e-16,-3.739346798126393e-17,2.706258963390354e-31,2.706258963390354e-31,-1.6724005115060176e-29,1.0,1.7893926434317992e-18,-1.8747980518522875e-19,1.7819855101412017e-19,-8.752478026106618e-20
decision_cancellation,gaussian,0.26366508987303583,0.5103448275862069,0.1,275,0.0020925867023944816,0.0009924378576415469,-6.448702843195146e-06,7.16835203169973e-13,0.0007714989346629011,0.0002955144785092177,0.0003139392007931442,-1.842472228389266e-05,5.677927650083155e-08,5.677927650083155e-08,-3.058385502949195e-06,0.9999975603094112,8.404216581475287e-07,-4.508927308320975e-08,8.376818739471749e-08,-3.8425094924574464e-08
decision_cancellation,gaussian,0.26366508987303583,0.5103448275862069,0.1,276,0.0020928911728341727,7.600747172994923e-15,-5.1005956268802256e-17,4.299439701518416e-35,4.627302251201415e-26,2.2088937871503516e-15,2.4238196164030235e-15,-1.9241771208323835e-16,4.689421760315424e-30,4.689421760315424e-30,-1.852381924813627e-28,1.0,6.508837373697761e-18,-3.7108322118344137e-19,6.363972171951718e-19,-2.944976788393189e-19
decision_cancellation,gaussian,0.26366508987303583,0.5103448275862069,0.1,277,0.002093212893854433,-0.0011056014580325957,7.138612147180017e-06,8.909984216715978e-13,0.000958943324862032,-0.0003294933716829156,-0.0003500636667086589,2.0570295025700282e-05,7.01521371154675e-08,7.01521371154675e-08,-3.7705003735756115e-06,0.9999969747147306,-9.36960200197704e-07,5.024284704937371e-08,-9.349365370538291e-08,4.287887538482647e-08
decision_cancellation,gaussian,0.26366508987303583,0.5103448275862069,0.1,278,0.002093551819818136,5.31349929795873e-15,-3.3512405345253245e-17,2.1520232312554946e-35,2.316130155077985e-26,1.5783115849655667e-15,1.7153028760081707e-15,-1.0673649188094127e-16,1.7085779999251055e-30,1.7085779999251055e-30,-8.505552171638152e-29,1.0,4.607423101104904e-18,-2.201981483706491e-19,4.494487145307708e-19,-2.034534551699495e-19
decision_cancellation,gaussian,0.26366508987303583,0.5103448275862069,0.1,279,0.0020939079444708625,0.0012175777645531162,-7.80604553251435e-06,1.0824608556050949e-12,0.0011650061174738424,0.00036321001140164784,0.000385918367730518,-2.2708356328848725e-05,8.465628297539525e-08,8.465628297539525e-08,-4.539104736947007e-06,0.9999963342394227,1.032721758545007e-06,-5.534610673164414e-08,1.0317544176071474e-07,-4.731027076580631e-08
decision_cancellation,gaussian,0.26366508987303583,0.5103448275862069,0.1,280,0.002094281214229646,-2.7008614829435366e-15,2.0329114786180276e-17,5.7479600340038403e-36,6.18628245809992e-27,-8.282398016774057e-16,-8.839225724150442e-16,1.4970489202237093e-17,1.4531801714579986e-31,1.4531801714579986e-31,-2.6217168322606923e-29,1.0,-2.382284479139843e-18,8.780143652815495e-20,-2.287221110292011e-19,1.1250688033709967e-19
decision_cancellation,gaussian,0.26366508987303583,0.5103448275862069,0.1,281,0.0020946716251629242,-0.0013282474107330529,8.448869292799512e-06,1.290586559903353e-12,0.0013890028721421518,-0.0003966369485198772,-0.0004214749791861985,2.4838030666320677e-05,1.0018433059834231e-07,1.0018433059834231e-07,-5.357493091982895e-06,0.9999956419636209,-1.127625253158876e-06,6.039377901515453e-08,-1.1280871124009789e-07,5.171686829604629e-08
decision_cancellation,gaussian,0.26366508987303583,0.5103448275862069,0.1,282,0.0020950791149532064,4.190393674919563e-16,-8.498846499656777e-19,3.5224872972846383e-38,3.791101755607161e-29,1.479705494427049e-16,7.1504837409073e-17,3.142135697618664e-17,-1.2746310525724197e-32,1.2746310525724197e-32,-1.6998648099773288e-31,1.0,1.7749544867592982e-19,5.004715861146909e-20,2.7750433546584896e-20,-2.1105307983343267e-20
decision_cancellation,gaussian,0.26366508987303583,0.5103448275862069,0.1,283,0.002095503682731077,0.0014374927220241716,-9.065018086054297e-06,1.514682163911801e-12,0.001630187343817941,0.0004297467973051447,0.00045670521546824086,-2.695841816313189e-05,1.1662043366189932e-07,1.1662043366189932e-07,-6.218503756928418e-06,0.9999949012087784,1.221589863541372e-06,-6.538060114944818e-08,1.2238855359813183e-07,-5.6096240036808616e-08
decision_cancellation,gaussian,0.26366508987303583,0.5103448275862069,0.1,284,0.0020959452565886905,1.222563087561437e-15,-1.1634260122118405e-17,9.691707729142846e-37,1.0430768683000857e-27,4.056833454258721e-16,3.666291727168967e-16,3.311013482287738e-17,-1.8378911376470195e-31,1.8378911376470195e-31,-6.786254045365665e-30,1.0,9.76326612276826e-19,-6.488448173490178e-20,9.994210695548911e-20,-4.193683776385264e-20
decision_cancellation,gaussian,0.26366508987303583,0.5103448275862069,0.1,285,0.0020964038395199875,-0.0015451978802151177,9.652500824537842e-06,1.7539986967942446e-12,0.0018877534473652373,-0.0004625122490762535,-0.0004915808418806548,2.9068592804433962e-05,1.3384091877889278e-07,1.3384091877889278e-07,-7.11457569943472e-06,0.9999941155195861,-1.3145350752030644e-06,7.030132332867966e-08,-1.3190998770991933e-07,6.044594226020207e-08
decision_cancellation,gaussian,0.26366508987303583,0.5103448275862069,0.1,286,0.0020968793491009585,2.3126799981469866e-15,-1.0562655191269812e-17,3.931876433258412e-36,4.2317096957161525e-27,6.928788785675518e-16,7.428449634152013e-16,-7.195485726337995e-17,3.6245974139426995e-31,3.6245974139426995e-31,-1.164971241604659e-29,1.0,1.9668555969166502e-18,-1.1290201897779368e-19,2.0821122288999886e-19,-8.518635400960014e-20
decision_cancellation,gaussian,0.26366508987303583,0.5103448275862069,0.1,287,0.0020973717930547484,0.0016512490883583558,-1.020940639193113e-05,2.0077336037201746e-12,0.0021608374274969,0.0004949060877781327,0.0005260736885617369,-3.116760078361062e-05,1.5171497190676953e-07,1.5171497190676953e-07,-8.037808581759731e-06,0.9999932886446814,1.406380731653216e-06,-7.515071167983515e-08,1.4136795608688755e-07,-6.476351504180078e-08
decision_cancellation,gaussian,0.26366508987303583,0.5103448275862069,0.1,288,0.0020978810774433185,-3.256864108596151e-15,1.9250077032876067e-17,8.138967340022077e-36,8.759620906333029e-27,-9.983661700062432e-16,-1.0549266647105673e-15,2.845116509528541e-17,2.6106680957663413e-31,2.6106680957663413e-31,-2.9884861277499686e-29,1.0,-2.8313317219111172e-18,1.7077589686923036e-19,-2.776157979877079e-19,1.2764435858299902e-19
decision_cancellation,gaussian,0.26366508987303583,0.5103448275862069,0.1,289,0.0020984072156515054,-0.0017555347360362697,1.0733909170898906e-05,2.2750329570209224e-12,0.002448520238547003,-0.0005269012075847447,-0.0005601556665903781,3.32544590056083e-05,1.701053731759858e-07,1.701053731759858e-07,-8.980025546243068e-06,0.9999924245162605,-1.4970470921691518e-06,7.992355168766668e-08,-1.5075732170223095e-07,6.904648207988759e-08
decision_cancellation,gaussian,0.26366508987303583,0.5103448275862069,0.1,290,0.00209895010115598,-5.796740834259893e-16,2.639130890414656e-18,3.578122356865955e-37,3.850979380209137e-28,-1.5418204388622077e-16,-2.1342208376005893e-16,1.242754873941651e-17,1.5625873026835958e-32,1.5625873026835958e-32,-7.288576222463725e-31,1.0,-5.959336628363092e-19,7.073618854198e-21,-4.4828057160507796e-20,2.4813592900170112e-20
decision_cancellation,gaussian,0.26366508987303583,0.5103448275862069,0.1,291,0.0020995097540035994,0.001857945564800411,-1.1224274364560367e-05,2.5549938660059683e-12,0.002749830138052602,0.0005584706326197795,0.0005937987863754275,-3.5328153755665844e-05,1.888692775972154e-07,1.888692775972154e-07,-9.932838241866123e-06,0.9999915272287093,1.5864548955841458e-06,-8.4614652073692e-08,1.6007286546596454e-07,-7.329235075387496e-08
decision_cancellation,gaussian,0.26366508987303583,0.5103448275862069,0.1,292,0.0021000860539406255,2.7184273536585167e-15,-1.96331231331312e-17,4.97423132945046e-36,5.3535514919848286e-27,8.22532984682104e-16,8.34372346238382e-16,-3.064523666324206e-17,2.864938337761984e-31,2.864938337761984e-31,-2.541382476337257e-29,1.0,2.21022366639882e-18,-1.4850430084132177e-19,2.3482587178905804e-19,-1.0929755949314234e-19
decision_cancellation,gaussian,0.26366508987303583,0.5103448275862069,0.1,293,0.0021006790287444862,-0.001958374833560275,1.1678863095002361e-05,2.846667088401468e-12,0.0030637454973328386,-0.000589587538865642,-0.0006269751784085386,3.7387639542912226e-05,2.0785903876421257e-07,2.0785903876421257e-07,-1.0887713571129505e-05,0.9999906010163789,-1.67452543027837e-06,8.921884915270288e-08,-1.6930928438622478e-07,7.749861243273895e-08
decision_cancellation,gaussian,0.26366508987303583,0.5103448275862069,0.1,294,0.0021012885432123577,5.048980205169428e-15,-2.981189989688645e-17,1.9535670829313078e-35,2.1025403281103096e-26,1.5181340002991946e-15,1.6415388765218646e-15,-9.687732223592858e-17,1.3744409553391075e-30,1.3744409553391075e-30,-7.163209114906433e-29,1.0,4.387699702944237e-18,-2.20644829277597e-19,4.413847269122948e-19,-2.0064278770428785e-19
decision_cancellation,gaussian,0.26366508987303583,0.5103448275862069,0.1,295,0.002101914633988679,0.002056718483728827,-1.2096137262388156e-05,3.1490598456753025e-12,0.0033891978315023458,0.0006202252783314412,0.0006596571164649735,-3.9431838133467864e-05,2.2692307235407348e-07,2.2692307235407348e-07,-1.183604161985616e-05,0.9999896502306344,1.761180610563119e-06,-9.373101168111825e-08,1.7846119045719805e-07,-8.166274304513233e-08
decision_cancellation,gaussian,0.26366508987303583,0.5103448275862069,0.1,296,0.002102557149630484,-3.3744620783411553e-15,1.764376358621861e-17,8.73199766711097e-36,9.39787397140102e-27,-1.0315358511405627e-15,-1.0973283000605927e-15,6.646396557503709e-17,5.577372752101505e-31,5.577372752101505e-31,-2.8317047720379375e-29,1.0,-2.9320391899084477e-18,1.7053212260956877e-19,-2.956978412549527e-19,1.3647504455914084e-19
decision_cancellation,gaussian,0.26366508987303583,0.5103448275862069,0.1,297,0.002103216136852221,-0.002152875303691043,1.2474664147146732e-05,3.461138842893683e-12,0.0037250750496131825,-0.0006503574054764147,-0.0006918170432558776,4.145963777948189e-05,2.459067558008817e-07,2.459067558008817e-07,-1.2769204217131443e-05,0.9999886793163153,-1.8463430594298426e-06,9.814604620872445e-08,-1.8752311029348763e-07,8.578220391423484e-08
decision_cancellation,gaussian,0.26366508987303583,0.5103448275862069,0.1,298,0.0021038914266094137,5.559850340743415e-15,-3.649988987942076e-17,2.3468887272103876e-35,2.5258555171513514e-26,1.693697356877996e-15,1.79516873260358e-15,-7.339416074646382e-17,1.2732970680695528e-30,1.2732970680695528e-30,-9.645646282718999e-29,1.0,4.810993560766206e-18,-2.1672930706318014e-19,4.768156536662364e-19,-2.211412902393653e-19
decision_cancellation,gaussian,0.26366508987303583,0.5103448275862069,0.1,299,0.0021045830769540717,0.0022467470924076235,-1.2813120739138279e-05,3.7818334932744374e-12,0.004070224925103013,0.0006799577059510919,0.0007234275986062521,-4.346989265510278e-05,2.64653360186345e-07,2.64653360186345e-07,-1.3678643566302412e-05,0.9999876927877474,1.9299361978172448e-06,-1.0245890294523099e-07,1.9648948555344253e-07,-8.985444286932597e-08
decision_cancellation,gaussian,0.26366508987303583,0.5103448275862069,0.1,300,0.0021052908998113774,3.202032961030115e-15,-1.7843875504224116e-17,6.802712089635792e-36,7.321466784504444e-27,9.476816743544757e-16,9.79786843658958e-16,-8.309382038973742e-17,7.042807178512372e-31,7.042807178512372e-31,-2.713956419142011e-29,1.0,2.584271048812382e-18,-1.742367569858316e-19,2.8062263416227636e-19,-1.2307609685404848e-19
decision_cancellation,gaussian,0.26366508987303583,0.5103448275862069,0.1,301,0.0021060149659000733,0.0023382388216798486,-1.3110297776849824e-05,4.110039345506097e-12,0.004423458784471405,0.0007090002276231982,0.0007544616501346478,-4.546142251144121e-05,2.830050099997523e-07,2.830050099997523e-07,-1.4555930381298059e-05,0.9999866952044508,2.011884340284996e-06,-1.0666458214897134e-07,2.0535467416874226e-07,-9.387689563538746e-08
decision_cancellation,gaussian,0.26366508987303583,0.5103448275862069,0.1,302,0.0021067550666224863,-4.071613190066097e-15,2.975492639030349e-17,1.2886577492336003e-35,1.3869269760780354e-26,-1.2242857929479673e-15,-1.3309079137124306e-15,9.830716400367996e-17,1.388449219803466e-30,1.388449219803466e-30,-5.750575977227006e-29,1.0,-3.5662581244627324e-18,1.2239932175361433e-19,-3.543389753034557e-19,1.6686155535265978e-19
decision_cancellation,gaussian,0.26366508987303583,0.5103448275862069,0.1,303,0.002107511286751124,-0.0024272587966574152,1.3365103480120297e-05,4.444621710566202e-12,0.004783555410668568,-0.0007374593138679337,-0.0007848923264221206,4.74330125541704e-05,3.008036659853938e-07,3.008036659853938e-07,-1.539283096337198e-05,0.999985691146696,-2.0921127970094575e-06,1.1075814103416012e-07,-2.141129524026772e-07,9.784698750361066e-08
decision_cancellation,gaussian,0.26366508987303583,0.5103448275862069,0.1,304,0.002108283395613875,1.9307498474634037e-15,-1.4598543621169692e-17,2.7486672748539133e-36,2.9582725079836063e-27,5.677566158028498e-16,6.188931318519011e-16,-4.7931246908856154e-17,3.3189390016148668e-31,3.3189390016148668e-31,-1.3369234861119888e-29,1.0,1.6468866621932177e-18,-2.1120722420585857e-20,1.7113931116716627e-19,-8.183427155939171e-20
decision_cancellation,gaussian,0.26366508987303583,0.5103448275862069,0.1,305,0.002109071493477355,0.0025137188141802456,-1.35765669609135e-05,4.784419483175845e-12,0.005149265155962711,0.0007653096390924142,0.0008146930526486027,-4.9383413556169214e-05,3.178921259792815e-07,3.178921259792815e-07,-1.6181372659566796e-05,0.9999846851910532,2.1705479819859558e-06,-1.1473470120232057e-07,2.2275851775995506e-07,-1.0176213528587833e-07
decision_cancellation,gaussian,0.26366508987303583,0.5103448275862069,0.1,306,0.0021098753259897645,1.1472962356029976e-15,-1.3302686588464073e-17,8.794811695915712e-37,9.465478012176976e-28,3.086529913938018e-16,3.527963336116163e-16,-7.30625928158956e-17,4.606569694417769e-31,4.606569694417769e-31,-7.233660708929184e-30,1.0,9.287636605288693e-19,-6.496119733502422e-20,1.0221833461797952e-19,-4.701794743832662e-20
decision_cancellation,gaussian,0.26366508987303583,0.5103448275862069,0.1,307,0.002110695010400133,-0.002597534318362408,1.3743841295754938e-05,5.128249150677833e-12,0.005519314256523395,-0.0007925262463998222,-0.000843837588609736,5.131134220996849e-05,3.3411503818938193e-07,3.3411503818938193e-07,-1.6913907151882687e-05,0.9999836818860947,-2.2471175271470036e-06,1.185894565860192e-07,-2.3128549275401966e-07,1.056197495487107e-07
decision_cancellation,gaussian,0.26366508987303583,0.5103448275862069,0.1,308,0.0021115302670243093,2.1479481601576736e-15,-1.1077364075850885e-17,3.59786555405004e-36,3.8722281351907606e-27,6.935874589138543e-16,7.01347476003693e-16,4.3486824374998555e-17,-2.2813757094910718e-31,2.2813757094910718e-31,-1.1268417108532354e-29,1.0,1.8856922406114565e-18,-5.195563375896309e-20,1.8245985453086086e-19,-7.77131993490617e-20
decision_cancellation,gaussian,0.26366508987303583,0.5103448275862069,0.1,309,0.0021123812316238607,0.0026786245529792467,-1.3866206246008952e-05,5.474908980753207e-12,0.005892409339480917,0.0008190845873357634,0.0008723000690625673,-5.321548172679155e-05,3.493199210718064e-07,3.493199210718064e-07,-1.758317104468929e-05,0.9999826857283963,2.321750402195639e-06,-1.223176818989537e-07,2.3968792954979517e-07,-1.0941723712740138e-07
decision_cancellation,gaussian,0.26366508987303583,0.5103448275862069,0.1,310,0.0021132475974892087,2.8818198553481204e-15,-1.5087535669905478e-17,6.931453073370818e-36,7.460025174717145e-27,9.02445880519619e-16,9.74389216619521e-16,-3.69284803364875e-17,2.636509630836116e-31,2.636509630836116e-31,-2.057475892245922e-29,1.0,2.61617439684143e-18,-8.177840605819688e-20,2.5669017532139444e-19,-1.2044519450045025e-19
decision_cancellation,gaussian,0.26366508987303583,0.5103448275862069,0.1,311,0.002114129520459587,-0.0027569127100022656,1.3943070610874988e-05,5.823183376626753e-12,0.006267242110246912,-0.0008449605635792198,-0.0009000550462671726,5.509448268792724e-05,3.6335818357070403e-07,3.6335818357070403e-07,-1.8182343234686936e-05,0.9999817011389948,-2.3943770397325612e-06,1.2591474157684605e-07,-2.4795981547950447e-07,1.1315200391197994e-07
decision_cancellation,gaussian,0.26366508987303583,0.5103448275862069,0.1,312,0.00211502666507421,1.748882513269765e-15,-1.036896060047027e-17,2.6452218209509875e-36,2.8469386098590414e-27,5.35999574798498e-16,6.023134146530286e-16,-4.622027948316173e-17,2.2659584619790726e-31,2.2659584619790726e-31,-8.573931560484296e-30,1.0,1.6164239334001578e-18,-3.81761742990167e-20,1.5916442973703343e-19,-7.486489500777733e-20
decision_cancellation,gaussian,0.26366508987303583,0.5103448275862069,0.1,313,0.0021159392088425655,0.0028323260737456446,-1.3973974200442996e-05,6.171847386820268e-12,0.006642494206168056,0.0008701305704663108,0.0009270775346184403,-5.694696415214738e-05,3.760861392095261e-07,3.760861392095261e-07,-1.8705098575782605e-05,0.999980732440448,2.4649294653276658e-06,-1.2937609919144392e-07,2.5609507943693534e-07,-1.1682145790021378e-07
decision_cancellation,gaussian,0.26366508987303583,0.5103448275862069,0.1,314,0.002116866785802602,5.61346317555083e-15,-3.507808282192321e-17,2.400891881893452e-35,2.5839767926163078e-26,1.7374495340731539e-15,1.826120307621555e-15,-6.894919399681161e-17,1.1425402645769244e-30,1.1425402645769244e-30,-9.301932814592798e-29,1.0,4.865105412517179e-18,-1.8586821246019304e-19,5.004762146958396e-19,-2.337620802250529e-19
decision_cancellation,gaussian,0.26366508987303583,0.5103448275862069,0.1,315,0.0021178095967459617,-0.0029047961599650493,1.3958589416540428e-05,6.519671353883241e-12,0.007016842199755195,-0.0008945715421825338,-0.0009533430572053401,5.877151502276769e-05,3.8736600724227316e-07,3.8736600724227316e-07,-1.9145657380151698e-05,0.9999797838346481,-2.5333414320309933e-06,1.326973273150161e-07,-2.640875991420297e-07,1.2042301250694904e-07
decision_cancellation,gaussian,0.26366508987303583,0.5103448275862069,0.1,316,0.0021187672434440216,-9.016173292949827e-16,6.831082760393279e-19,6.687916280730218e-37,7.197916986890199e-28,-2.6584757769703114e-16,-3.0586902707388037e-16,2.2125908806837464e-17,7.133578012218994e-33,7.133578012218994e-33,-2.906889661276524e-31,1.0,-8.108203460395131e-19,5.146995432254038e-20,-8.550584257424196e-20,3.7437804544212953e-20
decision_cancellation,gaussian,0.26366508987303583,0.5103448275862069,0.1,317,0.0021197399515930143,0.002974258849284376,-1.3896722430018806e-05,6.865425684544389e-12,0.007388962732592517,0.0009182609984566328,0.0009788276941330941,-6.056669567642762e-05,3.970668938358224e-07,3.970668938358224e-07,-1.9498830331744322e-05,0.9999788593815266,2.5995485588121593e-06,-1.3587411781081476e-07,2.71931209267681e-07,-1.239540901195438e-07
decision_cancellation,gaussian,0.26366508987303583,0.5103448275862069,0.1,318,0.0021207272889268236,-5.079411319399452e-15,2.7981824911521144e-17,2.1563088203477713e-35,2.3207425505134675e-26,-1.5646961836959106e-15,-1.7229698133863662e-15,9.359743854750485e-17,1.2349664906365578e-30,1.2349664906365578e-30,-6.702002607084779e-29,1.0,-4.610176898269647e-18,2.292869246025359e-19,-4.609187228063084e-19,2.10567346261198e-19
decision_cancellation,gaussian,0.26366508987303583,0.5103448275862069,0.1,319,0.0021217295076700173,-0.0030406545142464755,1.3788313944949719e-05,7.207885721234669e-12,0.007757537758348501,-0.0009411770925481947,-0.0010035081324012976,6.233103985309203e-05,4.0506574608249745e-07,4.0506574608249745e-07,-1.976005842827703e-05,0.9999779629787936,-2.663488472304144e-06,1.389022925156716e-07,-2.7961971040917236e-07,1.274121258836435e-07
decision_cancellation,gaussian,0.26366508987303583,0.5103448275862069,0.1,320,0.002122746139752534,5.277550733561825e-15,-2.594966466652682e-17,2.1593235189059787e-35,2.323987141063292e-26,1.650661852989542e-15,1.7388663679275045e-15,-9.244323561910611e-17,1.1300790613069669e-30,1.1300790613069669e-30,-6.451580301188414e-29,1.0,4.609201940107496e-18,-2.5357833274479817e-19,4.869711013359311e-19,-2.16909750806925e-19
decision_cancellation,gaussian,0.26366508987303583,0.5103448275862069,0.1,321,0.002123777465542624,0.003103928139415412,-1.3633439541801268e-05,7.545836693411542e-12,0.008121259871673515,0.0009632986603478164,0.0010273617171565705,-6.406305680875167e-05,4.1124827155181386e-07,4.1124827155181386e-07,-1.9925447612753388e-05,0.9999770983428364,2.7251009512946257e-06,-1.4177781428447514e-07,2.871468788842462e-07,-1.3079457170854354e-07
decision_cancellation,gaussian,0.26366508987303583,0.5103448275862069,0.1,322,0.002124822979414843,-5.896624292017486e-15,2.6562256550952378e-17,2.75002332366012e-35,2.9597319650592533e-26,-1.8282327793158687e-15,-1.9616077633781244e-15,1.3820766357231626e-16,1.7277238869689605e-30,1.7277238869689605e-30,-7.371326870357937e-29,1.0,-5.203413648611114e-18,2.4385211726958214e-19,-5.48743796031315e-19,2.5325092155620427e-19
decision_cancellation,gaussian,0.26366508987303583,0.5103448275862069,0.1,323,0.002125882991477991,-0.003164029433738842,1.3432309592360282e-05,7.878078724066727e-12,0.008478837696489041,-0.0009846052703217163,-0.0010503665040485378,6.576123372680425e-05,4.1550981598468857e-07,4.1550981598468857e-07,-1.9991797800580186e-05,0.999976268990905,-2.7843280731690655e-06,1.444967983543043e-07,-2.9450647732705084e-07,1.3409890046951605e-07
decision_cancellation,gaussian,0.26366508987303583,0.5103448275862069,0.1,324,0.002126956956825728,-3.8956755017827407e-16,1.6205891605355481e-18,9.369616789604345e-38,1.0084116041473701e-28,-1.2044463428397863e-16,-1.1250727430412102e-16,6.073497359323918e-18,4.6275708379876124e-33,4.6275708379876124e-33,-2.968226259065886e-31,1.0,-2.982919205599338e-19,5.63736743665003e-20,-3.2214356886442754e-20,2.2412988946641234e-20
decision_cancellation,gaussian,0.26366508987303583,0.5103448275862069,0.1,325,0.0021280452168754224,0.003220912934575732,-1.3185268741988925e-05,8.203431865767984e-12,0.008829001306063095,0.0010050772740798383,0.0010725013124657492,-6.742403838589179e-05,4.177561918037964e-07,4.177561918037964e-07,-1.995662606233774e-05,0.9999754782246945,2.8411143616391885e-06,-1.4705552398894414e-07,3.0169226605138034e-07,-1.3732261039118955e-07
decision_cancellation,gaussian,0.26366508987303583,0.5103448275862069,0.1,326,0.0021291471857514278,-1.4261967068362205e-15,1.5561990287836054e-18,1.4196037477323825e-36,1.5278585289557834e-27,-4.853506159002729e-16,-4.501589099479623e-16,-3.697812083631192e-17,-2.7027401448248057e-32,2.7027401448248057e-32,-1.0424107571734672e-30,1.0,-1.1814817049601652e-18,4.31854189339056e-20,-1.3296759868328365e-19,6.449314590487743e-20
decision_cancellation,gaussian,0.26366508987303583,0.5103448275862069,0.1,327,0.002130263237708224,-0.0032745381027188027,1.2892794956025945e-05,8.520741138396569e-12,0.00917050764491064,-0.001024695857302443,-0.0010937457793814768,6.904992207897998e-05,4.1790445018034533e-07,4.1790445018034533e-07,-1.9818183775009227e-05,0.9999747291154304,-2.8954069349675935e-06,1.494504463573903e-07,-3.0869801514523884e-07,1.4046322959087546e-07
decision_cancellation,gaussian,0.26366508987303583,0.5103448275862069,0.1,328,0.0021313927442609473,1.0192006318307174e-15,-4.330787868801614e-18,7.607976845443822e-37,8.18813864782833e-28,3.1586963921215284e-16,3.304704742246925e-16,-4.891886727234984e-17,9.939849777055973e-32,9.939849777055973e-32,-2.070919000776616e-30,1.0,8.631950725371521e-19,-5.95976700569543e-20,9.948977692008659e-20,-4.734821331514791e-20
decision_cancellation,gaussian,0.26366508987303583,0.5103448275862069,0.1,329,0.0021325361139795454,0.0033248694077163687,-1.255549812915948e-05,8.828881538970017e-12,0.009502145920650629,0.0010434430907372712,0.0011140804135136536,-7.063732277644133e-05,4.158835895695176e-07,4.158835895695176e-07,-1.9575467610900618e-05,0.9999740244905474,2.9471556538334066e-06,-1.5167820859629278e-07,3.155175172504201e-07,-1.435183207571552e-07
decision_cancellation,gaussian,0.26366508987303583,0.5103448275862069,0.1,330,0.0021336926741899872,-2.2283753965008254e-15,6.1938233170476056e-18,3.896556402722882e-36,4.193696264163236e-27,-7.111946611984639e-16,-7.405795070336907e-16,4.9091285177364987e-17,1.425054088029936e-31,1.425054088029936e-31,-6.468674545748123e-30,1.0,-1.957712338501924e-18,1.019595561993289e-19,-2.1048938448953576e-19,9.60066160067209e-20
decision_cancellation,gaussian,0.26366508987303583,0.5103448275862069,0.1,331,0.0021348628691951104,-0.00337187640294025,1.2174118258978343e-05,9.126762993194705e-12,0.009822742933149315,-0.0010613019810033117,-0.0011334866495297875,7.218466852648276e-05,4.1163519390726676e-07,4.1163519390726676e-07,-1.9228224293174257e-05,0.9999733669220426,-2.996313268058835e-06,1.5373565400667365e-07,-3.2214460098610147e-07,1.464854859429215e-07
decision_cancellation,gaussian,0.26366508987303583,0.5103448275862069,0.1,332,0.0021360459806232116,1.563470824316923e-15,-8.712655534868808e-18,2.1422102263719853e-36,2.3055688394785414e-27,4.589370197524081e-16,5.495225888976811e-16,-9.273483788233535e-17,3.7825342051623756e-31,3.7825342051623756e-31,-6.377195460519251e-30,1.0,1.4527721897289634e-18,-5.55596116024058e-20,1.5563484425776596e-19,-6.598572522560648e-20
decision_cancellation,gaussian,0.26366508987303583,0.5103448275862069,0.1,333,0.002137242489855743,0.003415533789708179,-1.174952318662003e-05,9.413335216422045e-12,0.010131168306158582,0.0010782565208785125,0.0011519469019604493,-7.369038108195688e-05,4.0511399397255993e-07,4.0511399397255993e-07,-1.8776949104904397e-05,0.9999727587165705,3.04283556124088e-06,-1.556198383270206e-07,3.285731449552891e-07,-1.4936237144343065e-07
decision_cancellation,gaussian,0.26366508987303583,0.5103448275862069,0.1,334,0.002138451631397747,-1.278874447201675e-15,4.072050115217435e-18,1.2454989171916453e-36,1.3404769792106688e-27,-4.2006258292779793e-16,-4.196987971979693e-16,1.1664848796954041e-17,2.2212262456730688e-32,2.2212262456730688e-32,-2.435239012945253e-30,1.0,-1.1064578433570781e-18,5.636521171321164e-20,-1.2121581293092785e-19,5.813473719961363e-20
decision_cancellation,gaussian,0.26366508987303583,0.5103448275862069,0.1,335,0.0021396739249727285,-0.003455821470007517,1.128270591012814e-05,9.687592451997876e-12,0.010426339586997834,-0.0010942917388033187,-0.0011694446185468398,7.515287974357623e-05,3.9628834587812455e-07,3.9628834587812455e-07,-1.8222878200704573e-05,0.9999722019073309,-3.0866814925029273e-06,1.5732804202895533e-07,-3.3479709228720303e-07,1.5214667273767974e-07
decision_cancellation,gaussian,0.26366508987303583,0.5103448275862069,0.1,336,0.0021409085566310646,-3.2336009380976723e-16,-6.89109305090338e-19,1.7634432057903402e-37,1.8979181666712647e-28,-1.0065884835124431e-16,-1.5053746692765234e-16,2.1735696782326563e-17,-6.99622170173077e-33,6.99622170173077e-33,1.0408218924111424e-31,1.0,-4.1831806802331436e-19,-9.641809396263733e-21,-3.2366541596737474e-20,1.4620432309222156e-20
decision_cancellation,gaussian,0.26366508987303583,0.5103448275862069,0.1,337,0.002142156085609067,0.003492724587169309,-1.0774781477752154e-05,9.948578053200228e-12,0.01070722717789678,0.0011093937472537974,0.0011859643326593194,-7.657058540548926e-05,3.8514062112944897e-07,3.8514062112944897e-07,-1.7567974827577208e-05,0.9999716982477926,3.1278133343508536e-06,-1.588577825715508e-07,3.4081046564143474e-07,-1.5483613946020912e-07
decision_cancellation,gaussian,0.26366508987303583,0.5103448275862069,0.1,338,0.00214341564827626,-1.6389343246426113e-15,-2.4053589529666348e-18,2.335954735915044e-36,2.5140877320332832e-27,-5.357816382716304e-16,-5.752074406059923e-16,2.3371598411454358e-17,-2.6227803053198025e-32,2.6227803053198025e-32,1.839225795647138e-30,1.0,-1.5166937169933977e-18,2.4165089910434986e-20,-1.6689787030654684e-19,8.45934634859858e-20
decision_cancellation,gaussian,0.26366508987303583,0.5103448275862069,0.1,339,0.002144687844449757,-0.0035262335541256414,1.0226983471525036e-05,1.0195388876106549e-11,0.010972859063849724,-0.0011235497897095182,-0.0012014917145000336,7.79419247905376e-05,3.716675033313219e-07,3.716675033313219e-07,-1.6814909623377948e-05,0.999971249207273,-3.1661968058263717e-06,1.6020682655773615e-07,-3.466073826181372e-07,1.574285803795936e-07
decision_cancellation,gaussian,0.26366508987303583,0.5103448275862069,0.1,340,0.002145971759707966,1.0287909926115005e-15,-6.125244815204532e-18,8.075371860257245e-37,8.691175823459064e-28,3.192218771921566e-16,3.402939891699632e-16,-1.3513148161284283e-17,3.8570563819190763e-32,3.8570563819190763e-32,-2.9364769899303194e-30,1.0,8.896702673629345e-19,-6.023560248981897e-20,1.0165855139875943e-19,-4.540057836948234e-20
decision_cancellation,gaussian,0.26366508987303583,0.5103448275862069,0.1,341,0.00214726803540434,0.003556344068780949,-9.640660092822412e-06,1.042717945016471e-11,0.011222325301221955,0.0011367482858927374,0.0012160136207512587,-7.926533485850724e-05,3.5588018724952487e-07,3.5588018724952487e-07,-1.5967035216349258e-05,0.9999708559683841,3.201801200022609e-06,-1.6137320172517517e-07,3.521820714997217e-07,-1.5992186835333357e-07
decision_cancellation,gaussian,0.26366508987303583,0.5103448275862069,0.1,342,0.0021485757053420857,1.6420095046720296e-15,-4.481916565119931e-18,2.3922360292883173e-36,2.5746608703039977e-27,5.03613882847468e-16,5.7994618456438e-16,-6.85249893238848e-17,1.4294273364991206e-31,1.4294273364991206e-31,-3.4252223837289564e-30,1.0,1.5299272010676516e-18,-1.3943539860958075e-19,1.6531952020976262e-19,-6.91810275568405e-20
decision_cancellation,gaussian,0.26366508987303583,0.5103448275862069,0.1,343,0.0021498954532448928,-0.0035830571160815235,9.017269864456355e-06,1.064316589370476e-11,0.011454782231846868,-0.0011489788749573897,-0.0012295181423266628,8.05392673692539e-05,3.378044767051472e-07,3.378044767051472e-07,-1.5028355405237225e-05,0.9999705194263402,-3.2345995050205606e-06,1.62355208709727e-07,-3.575288872455349e-07,1.623139452274327e-07
decision_cancellation,gaussian,0.26366508987303583,0.5103448275862069,0.1,344,0.002151226260292627,-3.004837768504272e-15,4.7010435830305556e-18,7.511031568662545e-36,8.083800611098819e-27,-9.845208253437102e-16,-1.031251059689259e-15,2.0705369943044215e-17,4.5247144989658696e-32,4.5247144989658696e-32,-6.566428446142783e-30,1.0,-2.7189386714765264e-18,1.0621943347449547e-19,-2.972365671092117e-19,1.3701067307876073e-19
decision_cancellation,gaussian,0.26366508987303583,0.5103448275862069,0.1,345,0.002152568853282819,-0.003606378956597966,8.358376966043427e-06,1.0842629543673911e-11,0.011669456389553776,-0.0011602324563624467,-0.001241994649948033,8.176219358555628e-05,3.174807786131744e-07,3.174807786131744e-07,-1.4003489252239826e-05,0.9999702401901018,-3.2645685174885437e-06,1.6315143251590173e-07,-3.626423276743072e-07,1.6460282665718318e-07
decision_cancellation,gaussian,0.26366508987303583,0.5103448275862069,0.1,346,0.0021539221600689737,-5.460004725833709e-16,1.7377774239083116e-18,2.0405218890022317e-37,2.1961260503946965e-28,-1.8666890467584313e-16,-1.688388360114255e-16,8.486071823000343e-19,6.846535267180786e-34,6.846535267180786e-34,-4.405114132203678e-31,1.0,-4.463610952072555e-19,-4.2941197256840006e-20,-4.8678202220906196e-20,2.4504036244917328e-20
decision_cancellation,gaussian,0.26366508987303583,0.5103448275862069,0.1,347,0.002155286951087739,-0.0036263211012561355,7.665646220986026e-06,1.1024920268725194e-11,0.011865648065902916,-0.0011705012280966778,-0.001253433837187952,8.293260909131158e-05,2.949639912942822e-07,2.949639912942822e-07,-1.2897630467208426e-05,0.9999700185853235,-3.2916889479766946e-06,1.6376075362959748e-07,-3.6751704974233257e-07,1.6678660681431783e-07
decision_cancellation,gaussian,0.26366508987303583,0.5103448275862069,0.1,348,0.0021566621003169043,-4.613228543513371e-16,-2.7232512543161333e-18,3.267916566873104e-37,3.5171182145640663e-28,-1.27733568758496e-16,-2.0802058042662502e-16,5.74688579573597e-17,-7.256683348471638e-32,7.256683348471638e-32,5.82519645322452e-31,1.0,-5.689329599658504e-19,8.993867493778231e-21,-4.952039631305502e-20,2.3953798202138747e-20
decision_cancellation,gaussian,0.26366508987303583,0.5103448275862069,0.1,349,0.002158048422251868,0.00364290027214593,-6.940837756141786e-06,1.1189459437903127e-11,0.012042734505254296,0.001179778722000414,0.0012638277607076632,-8.404903870722744e-05,2.7032328617437334e-07,2.7032328617437334e-07,-1.171650250756915e-05,0.9999698546590502,3.315945517183978e-06,-1.6418235870491978e-07,3.7214788584522147e-07,-1.6886346295640799e-07
decision_cancellation,gaussian,0.26366508987303583,0.5103448275862069,0.1,350,0.0021594447366067773,-2.1154568820189337e-16,4.976824008067872e-19,4.966535382029376e-38,5.345268674385566e-29,-6.969463758276663e-17,-8.059488342853627e-17,-1.8368388939580073e-17,-4.23332153466805e-33,4.23332153466805e-33,-4.875446182988553e-32,1.0,-2.2211101295803933e-19,1.2869374232136368e-21,-1.7743470569486623e-20,3.945223348043554e-21
decision_cancellation,gaussian,0.26366508987303583,0.5103448275862069,0.1,351,0.0021608519022032653,-0.003656138349266553,6.185801356582785e-06,1.1335742518384983e-11,0.012200172700605035,-0.0011880598358966353,-0.0012731698773786756,8.511004148202852e-05,2.436417829105001e-07,2.436417829105001e-07,-1.0466309855704284e-05,0.9999697481860995,-3.337327042375841e-06,1.6441575076253329e-07,-3.765298600553537e-07,1.7083165982859546e-07
decision_cancellation,gaussian,0.26366508987303583,0.5103448275862069,0.1,352,0.0021622686842723117,1.1514744439154296e-15,-9.920772223521835e-19,1.2738578477655767e-36,1.3709984779166682e-27,3.5724973911313623e-16,4.233814895658714e-16,-5.278836571250467e-17,2.4219994309447937e-32,2.4219994309447937e-32,-5.283115721178705e-31,1.0,1.1202767956995166e-18,-3.891922251256248e-20,1.1986304470238847e-19,-5.436812868299809e-20
decision_cancellation,gaussian,0.26366508987303583,0.5103448275862069,0.1,353,0.002163695986071373,0.0036660623032091656,-5.402470539881635e-06,1.1463341278624402e-11,0.01233750176473817,0.0011953408622818538,0.0012814550780146068,-8.611421573274753e-05,2.1501611897237847e-07,2.1501611897237847e-07,-9.153685969727915e-06,0.9999696986770497,3.3558265132420097e-06,-1.644607588326604e-07,3.8065820421241296e-07,-1.7268955387151552e-07
decision_cancellation,gaussian,0.26366508987303583,0.5103448275862069,0.1,354,0.0021651325183032963,3.841911653128238e-15,-8.160195872914905e-18,1.2688377878342025e-35,1.3655956030691828e-26,1.2577152503236656e-15,1.3472322448993264e-15,-7.507523201218814e-17,2.8295201020955166e-31,2.8295201020955166e-31,-1.4479830380326425e-29,1.0,3.5320860276445224e-18,-1.5138723463866283e-19,3.978841490912777e-19,-1.7752825338725608e-19
decision_cancellation,gaussian,0.26366508987303583,0.5103448275862069,0.1,355,0.00216657922860826,-0.0036727041138383733,4.592856376067159e-06,1.1571905575932296e-11,0.012454344854119212,-0.0012016195133348893,-0.0012886797174494376,8.706020411455948e-05,1.8455591574470908e-07,1.8455591574470908e-07,-7.785638431273176e-06,0.9999697053877418,-3.3714411565188316e-06,1.6431754698001037e-07,-3.8452837378244795e-07,1.744355972098508e-07
decision_cancellation,gaussian,0.26366508987303583,0.5103448275862069,0.1,356,0.002168034773295754,3.144462595039959e-16,-4.662932910303345e-19,1.2084638417976008e-37,1.3006177185531106e-28,8.625716738501496e-17,1.295265488980666e-16,-2.81467059788648e-17,6.0536944906084555e-33,6.0536944906084555e-33,-6.76299951468975e-32,1.0,3.4464309976653556e-19,-2.7008196475297258e-20,3.495118405299719e-20,-1.0793054225711878e-20
decision_cancellation,gaussian,0.26366508987303583,0.5103448275862069,0.1,357,0.0021695001441690157,0.0036761006751220536,-3.759041080334761e-06,1.1661164710700688e-11,0.012550410626389074,0.001206894942028564,0.001294841640720293,-8.794669869173494e-05,1.5238314417751882e-07,1.5238314417751882e-07,-6.3694918344995525e-06,0.9999697673301927,3.384172488768496e-06,-1.6398662264692361e-07,3.881360634021812e-07,-1.7606834139800663e-07
decision_cancellation,gaussian,0.26366508987303583,0.5103448275862069,0.1,358,0.002170973943462936,-6.15561219899921e-16,-3.796907836677105e-19,3.4727485358350735e-37,3.737570063385438e-28,-2.0057818205001937e-16,-2.2353349714821095e-16,2.829800696442382e-17,-4.949157714632813e-33,4.949157714632813e-33,1.0765809635026746e-31,1.0,-5.847443344727764e-19,2.12026069537275e-21,-6.682075412396391e-20,2.9654817456621376e-20
decision_cancellation,gaussian,0.26366508987303583,0.5103448275862069,0.1,359,0.0021724572067546603,-0.003676293686297641,2.9031714075394843e-06,1.1730928332603026e-11,0.012625494215668541,-0.0012111677591322184,-0.0012999402051188903,8.877244598663077e-05,1.1863139405665389e-07,1.1863139405665389e-07,-4.912828976604349e-06,0.9999698832848068,-3.394026356734518e-06,1.6346884425420736e-07,-3.914772220213563e-07,1.7758644089872138e-07
decision_cancellation,gaussian,0.26366508987303583,0.5103448275862069,0.1,360,0.002173948482710523,-6.812877080897654e-15,1.0718503366120737e-17,3.9931096958900953e-35,4.2976124257681467e-26,-2.254452118092139e-15,-2.399952970737357e-15,1.4745184721059447e-16,7.270011838996866e-31,7.270011838996866e-31,-3.3590421532676215e-29,1.0,-6.260782761173739e-18,3.062174262811871e-19,-7.262112846472806e-19,3.35476130571699e-19
decision_cancellation,gaussian,0.26366508987303583,0.5103448275862069,0.1,361,0.0021754488501210274,0.003673329529724618,-2.0274518776827732e-06,1.1781086888251306e-11,0.012679477714352412,0.001214440045948072,0.001303976297928014,-8.95362519799596e-05,8.344505189692135e-08,8.344505189692135e-08,-3.4234309172442398e-06,0.9999700518137628,3.401012964838933e-06,-1.6276542800066268e-07,3.945480675667968e-07,-1.7898865627704892e-07
decision_cancellation,gaussian,0.26366508987303583,0.5103448275862069,0.1,362,0.0021769568047794712,1.730908524809883e-15,-6.7183994533069e-19,2.7738206483628068e-36,2.9853440033279664e-27,5.63963412236169e-16,6.312677806692089e-16,-6.419106786559407e-17,1.9810279850687284e-32,1.9810279850687284e-32,-5.341830789327489e-31,1.0,1.6504592358524251e-18,-7.893406795360954e-20,1.8921434691609914e-19,-8.816066577360172e-20
decision_cancellation,gaussian,0.26366508987303583,0.5103448275862069,0.1,363,0.002178473467956888,-0.0036672591357135714,1.134137863080184e-06,1.1811611602753127e-11,0.012712330153260133,-0.0012167153625999192,-0.0013069523496356836,9.023698703575686e-05,4.69783934268016e-08,4.69783934268016e-08,-1.9092164769122557e-06,0.9999702712754448,-3.4051468893364355e-06,1.6187795380148037e-07,-3.9734510103877586e-07,1.802738570870882e-07
decision_cancellation,gaussian,0.26366508987303583,0.5103448275862069,0.1,364,0.0021799972834597578,1.58226743272354e-16,1.365946445298788e-18,1.8552572363071043e-38,1.9967336634793847e-29,5.983402888578303e-17,4.808028673379307e-17,6.223424201453179e-19,3.899483834250541e-34,3.899483834250541e-34,9.914198479232443e-32,1.0,1.206878097364341e-19,6.041600081690409e-20,1.7237669439836277e-20,-6.308291501516605e-21
decision_cancellation,gaussian,0.26366508987303583,0.5103448275862069,0.1,365,0.0021815294141346976,0.003658137834870538,-2.2552856799185755e-07,1.1822553992640351e-11,0.012724106977421846,0.0012179987517786073,0.0013088723425051505,-9.087359072655267e-05,9.394597502122949e-09,9.394597502122949e-09,-3.7818173895327843e-07,0.9999705398397837,3.4064470788722305e-06,-1.6080837031447635e-07,3.998651199718707e-07,-1.814410244401275e-07
decision_cancellation,gaussian,0.26366508987303583,0.5103448275862069,0.1,366,0.002183068252878375,4.819820001132185e-16,7.156561817987671e-19,2.649536219549007e-37,2.851582011727928e-28,1.633271163162176e-16,1.9299395205780055e-16,-3.935252836450153e-18,-1.290059536907932e-33,1.290059536907932e-33,1.5800394579599804e-31,1.0,5.097932153425509e-19,3.7175681592641396e-20,5.539953373981062e-20,-2.4766103955574622e-20
decision_cancellation,gaussian,0.26366508987303583,0.5103448275862069,0.1,367,0.0021846150030371513,-0.003646025198378311,-6.960400681377266e-07,1.1814044910557622e-11,0.01271494901791769,-0.0012182967378113066,-0.001309741814341526,9.144507653021754e-05,-2.9135310894809333e-08,2.9135310894809333e-08,1.161659891552045e-06,0.9999708555043644,-3.404936841104652e-06,1.5955899899686042e-07,-4.021052311752098e-07,1.82489253235764e-07
decision_cancellation,gaussian,0.26366508987303583,0.5103448275862069,0.1,368,0.0021861680078647467,1.7001238706493664e-15,-3.759018106317373e-18,2.5085746313268564e-36,2.6998711098904343e-27,5.69057475816705e-16,6.047308263494527e-16,-3.08759676553219e-17,5.308984535904212e-32,5.308984535904212e-32,-2.923286952220704e-30,1.0,1.5683659274612757e-18,-8.2383665233218e-20,1.8733021402185916e-19,-8.320619882349217e-20
decision_cancellation,gaussian,0.26366508987303583,0.5103448275862069,0.1,369,0.002187728509962736,0.0036309848668424956,1.6282025124122676e-06,1.1786293127027955e-11,0.012685080965493013,0.0012176173209958881,0.0013095678573695696,-9.195053637365808e-05,-6.84335801537805e-08,6.84335801537805e-08,2.7023365357269923e-06,0.9999712161111568,3.4006438152535452e-06,-1.5813253714603287e-07,4.0406286268555505e-07,-1.83417754047638e-07
decision_cancellation,gaussian,0.26366508987303583,0.5103448275862069,0.1,370,0.0021892948043966296,-3.3656943882193363e-16,4.7341949264228586e-18,1.1596269391831533e-37,1.2480566582526888e-28,-1.0752903230751554e-16,-1.2713745114551414e-16,2.2255442542878995e-18,4.812581793927514e-33,4.812581793927514e-33,-7.278075691130708e-31,1.0,-3.355704514002907e-19,4.3120604227024834e-20,-3.596772276830318e-20,1.421627501419555e-20
decision_cancellation,gaussian,0.26366508987303583,0.5103448275862069,0.1,371,0.0021908681716133306,-0.003613084368317622,-2.5685707943641327e-06,1.1739583458284188e-11,0.012634809355623808,-0.0012159699671441513,-0.0013083591121412852,9.238914499714206e-05,-1.0831690497433317e-07,1.0831690497433317e-07,4.235975083430144e-06,0.9999716193637237,-3.393599930455777e-06,1.5653205987363186e-07,-4.0573577486291895e-07,1.8422585465357284e-07
decision_cancellation,gaussian,0.26366508987303583,0.5103448275862069,0.1,372,0.002192446860129633,-1.4210352451363968e-16,2.220387513802915e-18,7.670233664444265e-39,8.255142987629082e-30,-6.214863696441156e-17,-3.477692481322312e-17,-2.0067984775680645e-17,-2.0323732188644092e-32,2.0323732188644092e-32,-1.4391449901723771e-31,1.0,-8.474308295903122e-20,1.4537076095597922e-20,-1.3910852972128586e-20,9.165431971360414e-21
decision_cancellation,gaussian,0.26366508987303583,0.5103448275862069,0.1,373,0.0021940321866667917,0.003592394926206703,3.51474164526867e-06,1.167427445329834e-11,0.01256452007916576,0.0012133655923122562,0.0013061257564258666,-9.27601641135933e-05,-1.4859764310354522e-07,1.4859764310354522e-07,5.754856346283919e-06,0.9999720628447591,3.383841349905525e-06,-1.547610209722131e-07,4.0712207056477446e-07,-1.8491300120484673e-07
decision_cancellation,gaussian,0.26366508987303583,0.5103448275862069,0.1,374,0.0021956223550130905,3.30152701625034e-16,5.039652181957555e-19,9.168776387724168e-38,9.867960144828814e-29,1.2643475403763937e-16,1.1330812310360782e-16,2.10807954832202e-17,4.838713575303264e-33,4.838713575303264e-33,7.578055394293268e-32,1.0,2.9460842708317777e-19,-5.68458353956348e-20,3.5088867169298196e-20,-2.0759599412448966e-20
decision_cancellation,gaussian,0.26366508987303583,0.5103448275862069,0.1,375,0.002197218716437339,0.003568991257750613,4.4643035911041094e-06,1.1590795656900768e-11,0.012474675436766973,0.0012098165427153365,0.0013028794890536468,-9.306294633831587e-05,-1.8908506578285413e-07,1.8908506578285413e-07,7.251467671106386e-06,0.9999725440338129,3.371408400813656e-06,-1.5282325262723272e-07,4.082202043371669e-07,-1.8547875902978463e-07
decision_cancellation,gaussian,0.26366508987303583,0.5103448275862069,0.1,376,0.002198819431995116,2.128082496466283e-16,-2.4252045500813154e-18,2.0599158055877142e-38,2.216998889672782e-29,8.086543373668089e-17,5.731744421498766e-17,7.559160646977149e-18,-8.337433501399637e-33,8.337433501399637e-33,-2.3471847111590822e-31,1.0,1.4053631667032216e-19,-1.6190383369568465e-20,2.1970456946218485e-20,-1.0191774160411387e-20
decision_cancellation,gaussian,0.26366508987303583,0.5103448275862069,0.1,377,0.0022004258856264114,-0.0035429513639248433,-5.414843970130787e-06,1.1489644470021473e-11,0.012365810759680572,-0.0012053365698696033,-0.001298633508733732,9.329693886414768e-05,-2.2958663145174508e-07,2.2958663145174508e-07,8.71855260144501e-06,0.9999730603250586,-3.3563454903529828e-06,1.5072296394113642e-07,-4.090289905719484e-07,1.8592281307349228e-07
decision_cancellation,gaussian,0.26366508987303583,0.5103448275862069,0.1,378,0.0022020361978193964,-1.4851166990653613e-15,-3.128385266692581e-18,2.0374364907385933e-36,2.1928053687891037e-27,-5.092647182470199e-16,-5.47206482255509e-16,3.5460628544902265e-17,-5.037814909554411e-32,5.037814909554411e-32,2.1098732188308227e-30,1.0,-1.4126477543326653e-18,7.282891259144291e-20,-1.7336368042648445e-19,8.064612028611658e-20
decision_cancellation,gaussian,0.26366508987303583,0.5103448275862069,0.1,379,0.0022036517831664215,0.0035143563114970796,6.363955847338461e-06,1.1371382630985936e-11,0.012238530622734565,0.0011999408009962728,0.0012934024878558856,-9.346168685960976e-05,-2.699092720255844e-07,2.699092720255844e-07,1.0149157216684277e-05,0.99997360904497,3.338701007737393e-06,-1.4846473822894917e-07,4.0954761057397485e-07,-1.8624496797231976e-07
decision_cancellation,gaussian,0.26366508987303583,0.5103448275862069,0.1,380,0.0022052707239160465,8.251131221985121e-16,2.157769060663312e-18,6.078285766664877e-37,6.54179785370655e-28,2.877969547262176e-16,3.0100391980414023e-16,-2.1697960941012284e-17,-2.1230585564958366e-32,2.1230585564958366e-32,8.073401362104306e-31,1.0,7.722170202216419e-19,-1.8324709051048984e-20,9.747261047282192e-20,-4.0899212612273793e-20
decision_cancellation,gaussian,0.26366508987303583,0.5103448275862069,0.1,381,0.0022068944631597077,-0.0034832900081341704,-7.309244799231715e-06,1.123663234577505e-11,0.012093504679496856,-0.0011936457047838338,-0.0012872025413506742,9.35568365668441e-05,-3.0986068093610045e-07,3.0986068093610045e-07,1.1536672822912414e-05,0.9999741874697695,-3.3185272127529696e-06,1.4605352905544498e-07,-4.0977561849902527e-07,1.8644514777072531e-07
decision_cancellation,gaussian,0.26366508987303583,0.5103448275862069,0.1,382,0.0022085210473887307,-1.2225636531267867e-15,-9.828707953900546e-19,1.3089635963055943e-36,1.4087812869631504e-27,-4.305467905083467e-16,-4.394273450350227e-16,9.65259924491673e-18,-4.2957516337234416e-33,4.2957516337234416e-33,5.440845182727359e-31,1.0,-1.1336806834765957e-18,9.279887252438004e-21,-1.3979250384700955e-19,6.405968918437795e-20
decision_cancellation,gaussian,0.26366508987303583,0.5103448275862069,0.1,383,0.002210151945914704,0.003449838971387855,8.248335544077529e-06,1.1086072097675362e-11,0.011931463152381803,0.0011864690526006232,0.001280051190679133,-9.358213807852051e-05,-3.4925059212812227e-07,3.4925059212812227e-07,1.2874874716935178e-05,0.9999747928425277,3.2958801110567766e-06,-1.434946549825139e-07,4.0971294611983025e-07,-1.8652339528592525e-07
decision_cancellation,gaussian,0.26366508987303583,0.5103448275862069,0.1,384,0.0022117851720999367,1.4760907996214692e-15,1.2614220982706957e-18,1.9646684471425994e-36,2.114488249507643e-27,4.940460024509766e-16,5.403207302305305e-16,-5.0885195406355505e-17,-2.9020770538694565e-32,2.9020770538694565e-32,8.418419551699807e-31,1.0,1.3889808802012625e-18,-7.25478358970482e-22,1.7366451729954103e-19,-7.23924767513415e-20
decision_cancellation,gaussian,0.26366508987303583,0.5103448275862069,0.1,385,0.0022134222190811096,-0.0034140920924415046,-9.178878394202738e-06,1.0920432169629914e-11,0.011753192013548793,-0.0011784298752859526,-0.0012719673230586694,9.353744777272028e-05,-3.87892039308397e-07,3.87892039308397e-07,1.4157956793322222e-05,0.9999754223897939,-3.270819316652595e-06,1.4079379300057746e-07,-4.0935990638776304e-07,1.8647987113057645e-07
decision_cancellation,gaussian,0.26366508987303583,0.5103448275862069,0.1,386,0.002215061069856053,-6.998712112906291e-16,-3.6687149786101875e-18,4.469106214977781e-37,4.809907030937422e-28,-2.388220396594437e-16,-2.5891236861379283e-16,1.8997108356115362e-17,-3.1464132941892363e-32,3.1464132941892363e-32,1.1591680387064205e-30,1.0,-6.617609181532626e-19,2.0864604386420424e-20,-8.513137845878444e-20,3.6061411345567974e-20
decision_cancellation,gaussian,0.26366508987303583,0.5103448275862069,0.1,387,0.002216703238885542,0.0033761403954877074,1.0098555509011238e-05,1.0740489914845751e-11,0.01155952789486027,0.0011695484156609012,0.0012629711460490816,-9.342273038818308e-05,-4.2560258499138303e-07,4.2560258499138303e-07,1.5380561814484808e-05,0.9999760733376507,3.243407902001461e-06,-1.3795697062055756e-07,4.0871719576094614e-07,-1.8631485240511556e-07
decision_cancellation,gaussian,0.26366508987303583,0.5103448275862069,0.1,388,0.0022183466816935535,-6.119881871171716e-16,-4.079241371981264e-18,3.7396556936248987e-37,4.0248307712554535e-28,-2.0895838891562462e-16,-2.3166993261889804e-16,1.956432729522982e-17,-3.5976168187001417e-32,3.5976168187001417e-32,1.1253640166587097e-30,1.0,-5.911644867504553e-19,1.3192825581551228e-19,-7.633735291456801e-20,3.5463542336235835e-20
decision_cancellation,gaussian,0.26366508987303583,0.5103448275862069,0.1,389,0.002219992931468865,-0.003336076793625673,-1.100508692918837e-05,1.0547064813244093e-11,0.011351352767351417,-0.0011598460769280422,-0.0012530841376490363,9.323806072098938e-05,-4.622055092150741e-07,4.622055092150741e-07,1.6537807213650327e-05,0.9999767429270914,-3.2137122362928936e-06,1.349905566053649e-07,-4.077858952779549e-07,1.8602873107440801e-07
decision_cancellation,gaussian,0.26366508987303583,0.5103448275862069,0.1,390,0.002221639919267374,-7.824951623380442e-16,3.8113668144509883e-19,5.749475990381417e-37,6.187914016825167e-28,-2.689140168196588e-16,-2.9154356252607984e-16,1.8318805532443126e-17,3.142709440950233e-33,3.142709440950233e-33,-1.3424210054648068e-31,1.0,-7.511235026207164e-19,9.825662248449969e-21,-9.341197697608518e-20,4.4031145428288226e-20
decision_cancellation,gaussian,0.26366508987303583,0.5103448275862069,0.1,391,0.0022232891943259987,0.0032939958421253236,1.1896236374466396e-05,1.034101335266726e-11,0.011129588432093085,0.0011493453671320073,0.0012423289920594754,-9.298362492746851e-05,-4.975309482522034e-07,4.975309482522034e-07,1.7625306349906416e-05,0.9999774284286332,3.181801812420518e-06,-1.319012503241198e-07,4.0656747035715097e-07,-1.8562201204352766e-07
decision_cancellation,gaussian,0.26366508987303583,0.5103448275862069,0.1,392,0.002224938666342038,-2.1772946790886265e-16,1.2204733840138616e-18,4.289937565400465e-38,4.617075510299737e-29,-7.432871731766614e-17,-7.918363542885392e-17,1.6536370003634128e-18,9.070901487285342e-34,9.070901487285342e-34,-1.1943386328718518e-31,1.0,-2.0386106061193506e-19,-2.5765410041152494e-20,-2.503602248378498e-20,7.027435078624042e-21
decision_cancellation,gaussian,0.26366508987303583,0.5103448275862069,0.1,393,0.002226589897848701,-0.003249993489945134,-1.2769816789738857e-05,1.0123223775226722e-11,0.010895190865911869,-0.001138069839889694,-0.0012307295613083347,9.265972141864254e-05,-5.314169742023636e-07,5.314169742023636e-07,1.8639185183828337e-05,0.999978127156087,-3.1477490633019725e-06,1.2869606971664053e-07,-4.050637693144378e-07,1.8509531095234732e-07
decision_cancellation,gaussian,0.26366508987303583,0.5103448275862069,0.1,394,0.0022282407803858595,-1.8300890095828613e-16,-1.0230599602816483e-18,3.1978546069993254e-38,3.4417135369422307e-29,-6.143273101214157e-17,-6.945229967278282e-17,1.0956147122754115e-17,-5.030334037017184e-33,5.030334037017184e-33,8.402551492354892e-32,1.0,-1.7585722760073841e-19,-2.0168806019889908e-20,-2.373908536408455e-20,9.0805649815469e-21
decision_cancellation,gaussian,0.26366508987303583,0.5103448275862069,0.1,395,0.0022298928869713443,0.0032041668303100066,1.362369562600595e-05,9.894610729481249e-12,0.010649144465759208,0.0011260440315894495,0.0012183107929228316,-9.226676133337968e-05,-5.637106069747525e-07,5.637106069747525e-07,1.9576094388272182e-05,0.9999788364794161,3.111629168161636e-06,-1.2538233785619436e-07,4.032770205897313e-07,-1.8444935170653328e-07
decision_cancellation,gaussian,0.26366508987303583,0.5103448275862069,0.1,396,0.002231544094268018,1.912252546746999e-15,6.8980281262107375e-18,3.5390830158234693e-36,3.8089630145353694e-27,6.657383543880008e-16,7.300675119726126e-16,-6.316454683919759e-17,-1.952508228698302e-31,1.952508228698302e-31,5.911051404164924e-30,1.0,1.861541908041684e-18,-5.928822939525189e-20,2.4277626731154685e-19,-1.0625126029109219e-19
decision_cancellation,gaussian,0.26366508987303583,0.5103448275862069,0.1,397,0.0022331959829192958,-0.0031566138511718604,-1.4455799845240844e-05,9.656109869687526e-12,0.010392456236116818,-0.001113293395286632,-0.0012050986638653277,9.180526857869755e-05,-5.942687509124855e-07,5.942687509124855e-07,2.043321695465558e-05,0.9999795538366283,-3.073519849468796e-06,1.2196766810535175e-07,-4.0120982868310993e-07,1.8368496376635726e-07
decision_cancellation,gaussian,0.26366508987303583,0.5103448275862069,0.1,398,0.002234846418057897,4.3636024047829293e-16,1.3666386942944632e-18,1.7009845474639998e-37,1.8306965958748597e-28,1.6601949582024044e-16,1.598020170803745e-16,2.430990201327072e-18,1.4865832603706889e-33,1.4865832603706889e-33,2.6684016604930884e-31,1.0,4.060581418242355e-19,-3.573963146298944e-20,5.459710355288207e-20,-3.0936632511871526e-20
decision_cancellation,gaussian,0.26366508987303583,0.5103448275862069,0.1,399,0.0022364969850590683,0.003107433186343685,1.5264120639910898e-05,9.408672443203079e-12,0.010126149963650988,0.0010998442315311011,0.001191120110959535,-9.127587942844301e-05,-6.229590490920865e-07,6.229590490920865e-07,2.1208271396601052e-05,0.9999802767446563,3.0335011612488216e-06,-1.184599478627376e-07,3.9886516880629693e-07,-1.8280307921534706e-07
decision_cancellation,gaussian,0.26366508987303583,0.5103448275862069,0.1,400,0.002238145540925586,-1.1860540201647036e-15,-6.107292528165203e-18,1.3525072872883207e-36,1.4556454909753218e-27,-4.2140026333586593e-16,-4.50318711017211e-16,2.732329538396231e-17,-7.455786707879331e-32,7.455786707879331e-32,3.236419939141496e-30,1.0,-1.1502049855553472e-18,4.167166993394652e-20,-1.4967656306621468e-19,7.345867467866494e-20
decision_cancellation,gaussian,0.26366508987303583,0.5103448275862069,0.1,401,0.002239793672848855,-0.003056723868040433,-1.6046717860321996e-05,9.1532599064461e-12,0.009851260422601435,-0.0010857236163639623,-0.0011764029580361617,9.067934167220656e-05,-6.496606491984812e-07,6.496606491984812e-07,2.189951069241499e-05,0.9999810028091912,-2.99165526948734e-06,1.1486732090263828e-07,-3.96246380257572e-07,1.8180472963086797e-07
decision_cancellation,gaussian,0.26366508987303583,0.5103448275862069,0.1,402,0.0022414392331419107,1.8770169871205244e-15,7.502860480504053e-18,3.4967840635442245e-36,3.76343846931705e-27,6.693287309351303e-16,7.282878964970241e-16,-5.299051833866405e-17,-1.7737731186550354e-31,1.7737731186550354e-31,6.2830151117506305e-30,1.0,1.850188842725809e-18,-3.744945213983157e-20,2.4592768368343927e-19,-1.0817773675614107e-19
decision_cancellation,gaussian,0.26366508987303583,0.5103448275862069,0.1,403,0.0022430838078875415,0.0030045850815429345,1.6801724144744484e-05,8.8908386089934e-12,0.009568827653504284,0.0010709593267335838,0.001160975840042723,-9.001651330914667e-05,-6.742648757811503e-07,6.742648757811503e-07,2.250571714350762e-05,0.9999817297334488,2.948066225383295e-06,-1.1119816831323547e-07,3.933571585351275e-07,-1.80691042779223e-07
decision_cancellation,gaussian,0.26366508987303583,0.5103448275862069,0.1,404,0.0022447252481758067,-2.3783711378393796e-15,-1.4002218767142564e-17,5.596772227466534e-36,6.023565516797729e-27,-8.499643055972624e-16,-9.218934857489736e-16,7.512405179129191e-17,-4.6861120696648955e-31,4.6861120696648955e-31,1.4835879361426656e-29,1.0,-2.3364266612622083e-18,1.3050104191174908e-19,-3.1480019143866387e-19,1.4748898785940571e-19
decision_cancellation,gaussian,0.26366508987303583,0.5103448275862069,0.1,405,0.002246365136059787,-0.0029511159226623617,-1.7527348749342593e-05,8.622374584109236e-12,0.009279891356462053,-0.0010555797635882938,-0.0011448681243709305,8.928836078264061e-05,-6.966758046465754e-07,6.966758046465754e-07,2.3026193358293155e-05,0.9999824553258528,-2.9028197322243934e-06,1.0746108804734452e-07,-3.9020154620903776e-07,1.7946323915970506e-07
decision_cancellation,gaussian,0.26366508987303583,0.5103448275862069,0.1,406,0.0022480013248863317,-5.623461562442792e-16,-3.800259487904421e-18,3.4681886223596274e-37,3.7326624244010455e-28,-2.09383065035827e-16,-2.274421590144366e-16,1.7969278611027576e-17,-3.0377171390594454e-32,3.0377171390594454e-32,9.506494912150298e-31,1.0,-5.824693980625435e-19,-1.379493070376264e-20,-7.548076006046387e-20,4.0750672438551244e-20
decision_cancellation,gaussian,0.26366508987303583,0.5103448275862069,0.1,407,0.002249635389774086,0.002896415158633839,1.8221881076618904e-05,8.348828482290497e-12,0.008985485438335978,0.001039613872903845,0.0011281098296583702,-8.849595675453019e-05,-7.168107361187077e-07,7.168107361187077e-07,2.3460749599268263e-05,0.9999831775066355,2.8560029066612545e-06,-1.0366487309969105e-07,3.86783922575555e-07,-1.7812262842001377e-07
decision_cancellation,gaussian,0.26366508987303583,0.5103448275862069,0.1,408,0.002251265189805917,5.453590947758119e-16,3.815597037064013e-18,2.8041289566052576e-37,3.017963533475318e-28,1.9906879316408596e-16,2.0913071123571948e-16,-1.9891587729080627e-17,-3.371361292541558e-32,3.371361292541558e-32,9.243116073508394e-31,1.0,5.233942774805811e-19,-7.356714018439464e-21,7.437324330539357e-20,-2.9762819090165674e-20
decision_cancellation,gaussian,0.26366508987303583,0.5103448275862069,0.1,409,0.0022528922902901776,-0.0028405809930238525,-1.888369390285827e-05,8.071150682432107e-12,0.00868663275110336,-0.001023091064906813,-0.001110731542325574,8.764047741876019e-05,-7.346005648867772e-07,7.346005648867772e-07,2.3809687755481013e-05,0.9999838943133607,-2.807704035162382e-06,9.981848833818976e-08,-3.8310899212152227e-07,1.7667060566629168e-07
decision_cancellation,gaussian,0.26366508987303583,0.5103448275862069,0.1,410,0.0022545145595109436,-2.6099540186388154e-16,-2.5941771189954136e-18,7.600938513662636e-38,8.180563593691791e-29,-9.222169910350409e-17,-1.0613596192381417e-16,1.5673396125018452e-17,-1.8034731881835462e-32,1.8034731881835462e-32,3.0031666764891783e-31,1.0,-2.705566901017176e-19,3.7099008525009857e-20,-3.502537242695197e-20,1.433001851513289e-20
decision_cancellation,gaussian,0.26366508987303583,0.5103448275862069,0.1,411,0.002256133550131505,0.0027837108351973193,1.9511246306478953e-05,7.790276612985363e-12,0.008384340056221278,0.001006041131759,0.0010927643311162071,-8.672319935721188e-05,-7.499900451574823e-07,7.499900451574823e-07,2.4073782222857913e-05,0.9999846039053868,2.7580123264429065e-06,-9.593104601326169e-08,3.7918177183163776e-07,-1.7510864768986537e-07
decision_cancellation,gaussian,0.26366508987303583,0.5103448275862069,0.1,412,0.002257747143074979,1.0097808884458344e-15,7.699397469170938e-18,1.0432504986599645e-36,1.1228056947307266e-27,3.706998538783268e-16,4.004832167610111e-16,-2.779741565259884e-17,-9.479509358768105e-32,9.479509358768105e-32,3.443567381211761e-30,1.0,1.0099459956669361e-18,-2.975134877412552e-20,1.3850334163217038e-19,-5.649129224161979e-20
decision_cancellation,gaussian,0.26366508987303583,0.5103448275862069,0.1,413,0.002259356875577795,-0.0027259010748566037,-2.0103086300784275e-05,7.50712231299492e-12,0.008079593247161388,-0.000988494163971753,-0.0010742396599142396,8.574549594248707e-05,-7.629379508248531e-07,7.629379508248531e-07,2.4254257991548564e-05,0.9999853045672928,-2.7070176606689436e-06,9.201177998817088e-08,-3.750075773765075e-07,1.7343830913316346e-07
decision_cancellation,gaussian,0.26366508987303583,0.5103448275862069,0.1,414,0.002260960644599446,8.011404948024102e-16,4.794514378468918e-18,7.331034352565062e-37,7.890077339909849e-28,2.8729086117054383e-16,3.308721748365035e-16,-3.4109278443923036e-17,-7.233094761256287e-32,7.233094761256287e-32,1.6988706241653085e-30,1.0,8.455561491902456e-19,-6.381059278198463e-20,1.0877031224464798e-19,-4.7280664611262515e-20
decision_cancellation,gaussian,0.26366508987303583,0.5103448275862069,0.1,415,0.002262559969232157,0.0026672468621058033,2.0657853175616407e-05,7.222580260063012e-12,0.007773352859227051,0.0009704804658148959,0.0010551892991090247,-8.470883329412563e-05,-7.734171313309661e-07,7.734171313309661e-07,2.4352766251408735e-05,0.9999859947112996,2.654810336225543e-06,-8.807001873018702e-08,3.705920082213719e-07,-1.7166121861488235e-07
decision_cancellation,gaussian,0.26366508987303583,0.5103448275862069,0.1,416,0.0022641527658157417,1.7320165030730754e-15,1.5472163449754844e-17,3.044638165127135e-36,3.276813262577208e-27,6.303314444814035e-16,6.856070811473263e-16,-5.635032185796623e-17,-3.850718040744161e-31,3.850718040744161e-31,1.1835792548019384e-29,1.0,1.7240246166574213e-18,-3.9099446716484457e-20,2.414248364642259e-19,-1.1208286171869865e-19
decision_cancellation,gaussian,0.26366508987303583,0.5103448275862069,0.1,417,0.002265740532656416,-0.002607841893464095,-2.1174279553543614e-05,6.937515489402975e-12,0.007466549892657349,-0.0009520304699869766,-0.0010356452357849822,8.361476579801525e-05,-7.814144648484928e-07,7.814144648484928e-07,2.4371357835449403e-05,0.9999866728787238,-2.601480814843934e-06,8.41151571163446e-08,-3.659409317004752e-07,1.697790748337284e-07
decision_cancellation,gaussian,0.26366508987303583,0.5103448275862069,0.1,418,0.0022673212087522777,-1.6215465592141536e-15,-1.2106831281068392e-17,2.567027288695975e-36,2.7627811939502954e-27,-5.952105566216386e-16,-6.309655558456207e-16,4.47658631446169e-17,-2.3903659973327106e-31,2.3903659973327106e-31,8.658583764409032e-30,1.0,-1.5798334592939136e-18,9.696922745390561e-20,-2.2534278859310083e-19,1.0474314367766016e-19
decision_cancellation,gaussian,0.26366508987303583,0.5103448275862069,0.1,419,0.0022688962690677493,0.002547778204219593,2.1651193167119588e-05,6.652762025090333e-12,0.007160081971735946,0.0009331746518172299,0.001015639583017553,-8.246493120032701e-05,-7.869307113212028e-07,7.869307113212028e-07,2.4312454825976144e-05,0.9999873377405112,2.5471194658895785e-06,-8.015662711921124e-08,3.6106046610686493e-07,-1.6779364266946035e-07
decision_cancellation,gaussian,0.26366508987303583,0.5103448275862069,0.1,420,0.0022704636784590506,5.975542830136416e-16,2.9350886465068738e-18,3.6636036926184122e-37,3.9429792696885395e-28,2.2009884762536023e-16,2.39845234435091e-16,-2.6168899065485385e-17,-3.3829230243762203e-32,3.3829230243762203e-32,7.724742784413264e-31,1.0,5.973965539496175e-19,1.0196215245666434e-20,8.76432223822837e-20,-4.1139146273064463e-20
decision_cancellation,gaussian,0.26366508987303583,0.5103448275862069,0.1,421,0.002272024886089027,-0.0024871459674721055,-2.2087518364494185e-05,6.369119641353154e-12,0.006854809859107025,-0.0009139434432652591,-0.0009952044885554682,8.126104529019082e-05,-7.89980268770152e-07,7.89980268770152e-07,2.4178820649399006e-05,0.9999879880968954,-2.491816310600874e-06,7.620386743662811e-08,-3.559569628502966e-07,1.6570674929735738e-07
decision_cancellation,gaussian,0.26366508987303583,0.5103448275862069,0.1,422,0.0022735778857819232,3.317044890304042e-16,1.218376401536181e-18,9.8048450547504e-38,1.0552533526288193e-28,1.140032703032464e-16,1.2369386121419914e-16,-1.9958433291876776e-17,-1.0695426044792716e-32,1.0695426044792716e-32,1.777554770591333e-31,1.0,3.0671488493561016e-19,-4.1677165987279913e-20,4.4862002910848935e-20,-1.4994813654564768e-20
decision_cancellation,gaussian,0.26366508987303583,0.5103448275862069,0.1,423,0.0022751240985445778,-0.0024260333001773805,-2.248227735094071e-05,6.087350968445876e-12,0.00655155434095162,-0.0008943671469826744,-0.0009743720431701517,8.000489618748622e-05,-7.905908370760643e-07,7.905908370760643e-07,2.3973528983362917e-05,0.9999886228762374,-2.4356607670638277e-06,7.226629215528235e-08,-3.506369877390074e-07,1.6352028033049916e-07
decision_cancellation,gaussian,0.26366508987303583,0.5103448275862069,0.1,424,0.0022766615501779485,1.919230702201595e-15,1.8151896673639963e-17,3.824400044246355e-36,4.1160374752984894e-27,7.068712982974999e-16,7.691520908033957e-16,-6.734291874845853e-17,-5.3692728404351774e-31,5.3692728404351774e-31,1.5302088883838637e-29,1.0,1.9295112247734176e-18,-8.472195207291209e-20,2.742712885127137e-19,-1.3778217901555024e-19
decision_cancellation,gaussian,0.26366508987303583,0.5103448275862069,0.1,425,0.0022781916312925076,0.0023645260765008964,2.2834591174599513e-05,5.808178954441922e-12,0.006251093495224047,0.0008744758507100904,0.0009531741889653192,-7.869833825519527e-05,-7.888029942231837e-07,7.888029942231837e-07,2.3699931795441388e-05,0.9999892411331036,2.378741396731496e-06,-6.835325853326547e-08,3.451073014488112e-07,-1.612361760040767e-07
decision_cancellation,gaussian,0.26366508987303583,0.5103448275862069,0.1,426,0.002279712402562602,-6.597812988412324e-16,-6.76895183170692e-18,4.475651624077471e-37,4.816951573567322e-28,-2.6609040005700997e-16,-2.664742392110642e-16,-9.360208900832215e-18,2.779245448383166e-32,2.779245448383166e-32,1.959031247229744e-30,1.0,-6.595072405961377e-19,3.6809434128720795e-20,-9.844207362309494e-20,3.9617997285625123e-20
decision_cancellation,gaussian,0.26366508987303583,0.5103448275862069,0.1,427,0.00228122522208408,-0.0023027077487440747,-2.314368046467787e-05,5.532284690806768e-12,0.005954160351409601,-0.000854299342274493,-0.0009316426279329204,7.73432856584363e-05,-7.84669690672558e-07,7.84669690672558e-07,2.3361626824283094e-05,0.99998984204564,-2.3211456532719713e-06,6.447403400923016e-08,-3.393748392438509e-07,1.5885642741226435e-07
decision_cancellation,gaussian,0.26366508987303583,0.5103448275862069,0.1,428,0.0022827281881791254,-7.4582139269221395e-16,-7.212787837637855e-18,5.3183245612586254e-37,5.723884255485797e-28,-2.7943183559748956e-16,-2.904349731411587e-16,1.442106400936569e-17,-4.5566561814580665e-32,4.5566561814580665e-32,2.35658870737106e-30,1.0,-7.189877101204976e-19,-7.30119056987493e-21,-1.0884259228304613e-19,5.467276783659989e-20
decision_cancellation,gaussian,0.26366508987303583,0.5103448275862069,0.1,429,0.0022842226244401036,-0.002240659176084219,-2.3408865930486973e-05,5.260305606313401e-12,0.00566144094671336,-0.0008338670254516927,-0.0009098087310452534,7.594170559356278e-05,-7.782556681435403e-07,7.782556681435403e-07,2.2962424803811524e-05,0.9999904249123056,-2.26295963453223e-06,6.063776255191387e-08,-3.334466900171568e-07,1.5638307280667673e-07
decision_cancellation,gaussian,0.26366508987303583,0.5103448275862069,0.1,430,0.002285706669479656,-6.156260205383061e-17,2.3001199398803543e-18,6.4048565113486585e-40,6.893271917063713e-31,-3.808534016286669e-17,-1.1166380556758681e-18,-1.7780066906784466e-17,-1.7892184929403847e-32,1.7892184929403847e-32,-6.195080516047615e-32,1.0,9.995590084726362e-21,1.9677184915704212e-20,-7.694502415249415e-21,9.70447609960937e-21
decision_cancellation,gaussian,0.26366508987303583,0.5103448275862069,0.1,431,0.002287181610533805,-0.0021784584613844006,-2.362956862979543e-05,4.992834030722273e-12,0.005373572780210614,-0.0008132078369720171,-0.0008877034481878209,7.44956112158207e-05,-7.696368096593595e-07,7.696368096593595e-07,2.2506316718954063e-05,0.9999909891480284,-2.2042678384327273e-06,5.685343047440997e-08,-3.2733007472870674e-07,1.538181939653951e-07
decision_cancellation,gaussian,0.26366508987303583,0.5103448275862069,0.1,432,0.002288645629007399,-6.76855351130641e-16,-9.994623357835103e-18,4.638650782832791e-37,4.992380565858122e-28,-2.6380581547366207e-16,-2.7016786342117798e-16,1.094367753040504e-17,-4.7791555704252625e-32,4.7791555704252625e-32,2.9558592280710467e-30,1.0,-6.700196207542242e-19,5.230798527521638e-20,-9.986784892159025e-20,4.721306509714076e-20
decision_cancellation,gaussian,0.26366508987303583,0.5103448275862069,0.1,433,0.002290099974069131,0.0021161807962836107,2.38053100146407e-05,4.730416126323937e-12,0.0050911436629121135,0.0007923501649337588,0.0008653572192287946,-7.300705429501335e-05,-7.588994281592158e-07,7.588994281592158e-07,2.199744136630424e-05,0.9999915342798451,2.1451529235815608e-06,-5.312983185644167e-08,3.2103232431720465e-07,-1.5116391263730615e-07
decision_cancellation,gaussian,0.26366508987303583,0.5103448275862069,0.1,434,0.002291542872268619,-1.6283918014006258e-15,-2.0244765325882818e-17,2.784906002740388e-36,2.9972746940290436e-27,-6.074388551781449e-16,-6.613680526956934e-16,5.403713978950762e-17,-4.773941727904401e-31,4.773941727904401e-31,1.438611962136699e-29,1.0,-1.646369280462684e-18,3.3849400617599665e-20,-2.4253316369331474e-19,1.2002532097817148e-19
decision_cancellation,gaussian,0.26366508987303583,0.5103448275862069,0.1,435,0.002292975533143171,0.00205389831478703,2.393571176255438e-05,4.473551182437367e-12,0.004814690958462908,0.0007713217688990082,0.0008427998865308648,-7.147811763186862e-05,-7.461395013758037e-07,7.461395013758037e-07,2.1440053477129244e-05,0.9999920599420907,2.085695475412127e-06,-4.947553372038015e-08,3.1456085716987046e-07,-1.4842238706606434e-07
decision_cancellation,gaussian,0.26366508987303583,0.5103448275862069,0.1,436,0.002294396230582905,2.0051562645951032e-15,2.1790915323035916e-17,4.185798685486947e-36,4.504995307548846e-27,7.579335627192311e-16,8.15957309664726e-16,-7.282449463774506e-17,-6.916470550907509e-31,6.916470550907509e-31,1.9043872975744094e-29,1.0,2.016296371125713e-18,-8.882011520854634e-20,3.0520102428558887e-19,-1.3896384847000986e-19
decision_cancellation,gaussian,0.26366508987303583,0.5103448275862069,0.1,437,0.002295806133080981,-0.0019916799555864863,-2.402049540114982e-05,4.222691265104339e-12,0.004544701206123466,-0.0007501497019517824,-0.0008200606092220952,6.991090727029666e-05,-7.314618609903061e-07,7.314618609903061e-07,2.0838492642897714e-05,0.9999925658711984,-2.0259737786696872e-06,4.589884112548812e-08,-3.0792315624084956e-07,1.4559580859770662e-07
decision_cancellation,gaussian,0.26366508987303583,0.5103448275862069,0.1,438,0.0022972035638999582,9.945084423631259e-16,1.3026339269689934e-17,1.1721338583533027e-36,1.2615173180710338e-27,3.80015060166899e-16,4.302688485265485e-16,-3.635177230510988e-17,-2.061334600652316e-31,2.061334600652316e-31,5.639380236203189e-30,1.0,1.0673914290272514e-18,5.1772074330784835e-20,1.590467280635149e-19,-6.952112056233595e-20
decision_cancellation,gaussian,0.26366508987303583,0.5103448275862069,0.1,439,0.002298589649230959,-0.0019295913333062537,-2.4059481733106416e-05,3.978241211304639e-12,0.004281610114543748,-0.0007288602349886782,-0.0007971677795335388,6.830754454486621e-05,-7.149793442950593e-07,7.149793442950593e-07,2.0197153263774027e-05,0.9999930519001727,-1.966063597042266e-06,4.2407762354362985e-08,-3.01126745909077e-07,1.4268639837129194e-07
decision_cancellation,gaussian,0.26366508987303583,0.5103448275862069,0.1,440,0.002299962763570939,1.3689792880416123e-15,1.602533641441068e-17,2.3321359208123583e-36,2.509977705390663e-27,5.072998187393407e-16,6.048120975512638e-16,-8.2699367753581e-17,-5.7622028082426615e-31,5.7622028082426615e-31,9.538569051076988e-30,1.0,1.5055253119282787e-18,-7.473188572364236e-20,2.2103244848591094e-19,-1.0530554557158346e-19
decision_cancellation,gaussian,0.26366508987303583,0.5103448275862069,0.1,441,0.0023013239897088124,-0.0018676946189163431,-2.405259006897512e-05,3.740558954632243e-12,0.004025802912274487,-0.0007074787835307023,-0.00077414894153335,6.667015800261011e-05,-6.968119167234185e-07,6.968119167234185e-07,1.952045572188626e-05,0.9999935179527951,-1.906037960779018e-06,3.900997437314133e-08,-2.9417916867778793e-07,1.396964040949448e-07
decision_cancellation,gaussian,0.26366508987303583,0.5103448275862069,0.1,442,0.0023026717550623963,-5.99341355591139e-16,-4.4667879191862274e-18,4.393390767487066e-37,4.728417747461537e-28,-2.3284828058395926e-16,-2.592058692124396e-16,1.9133252962650714e-17,-3.711522625854524e-32,3.711522625854524e-32,1.1626193445668305e-30,1.0,-6.496562355781656e-19,-7.953580997153183e-20,-9.346403967356517e-20,4.716333897408254e-20
decision_cancellation,gaussian,0.26366508987303583,0.5103448275862069,0.1,443,0.0023040070980781084,-0.0018060484295226008,-2.399983727424844e-05,3.5099561668401027e-12,0.0037776150382342858,-0.0006860298373323895,-0.0007510307125765599,6.500087524417439e-05,-6.770857736702264e-07,6.770857736702264e-07,1.8812818959677063e-05,0.9999939640376201,-1.8459669631048096e-06,3.571278876214832e-08,-2.870879618175796e-07,1.3662809690531236e-07
decision_cancellation,gaussian,0.26366508987303583,0.5103448275862069,0.1,444,0.0023053285006009224,1.299080249948032e-15,1.912011717983901e-17,1.700180884680408e-36,1.829831648145413e-27,4.969516722018374e-16,5.271630521805846e-16,-5.286893418615991e-17,-4.384885783301931e-31,4.384885783301931e-31,1.0774415272507294e-29,1.0,1.2838665655932975e-18,-7.619801555361791e-21,2.0724471955513402e-19,-9.412274577831747e-20
decision_cancellation,gaussian,0.26366508987303583,0.5103448275862069,0.1,445,0.0023066369559556696,0.0017447077277828234,2.3901336637316764e-05,3.28669919766809e-12,0.0035373331532060548,0.0006645368930792887,0.000727838707807813,-6.330181472851513e-05,-6.559324299702994e-07,6.559324299702994e-07,1.8078634623361473e-05,0.9999943902418175,1.7859175662783764e-06,-3.2523118316458236e-08,2.7986063406462225e-07,-1.3348376831035275e-07
decision_cancellation,gaussian,0.26366508987303583,0.5103448275862069,0.1,446,0.0023079310017367002,-7.851109083417723e-16,-1.108574498139484e-17,5.949038106587722e-37,6.402694149513114e-28,-3.112475710402713e-16,-3.1220086480645073e-16,5.7146456598739535e-18,-2.7449306065357353e-32,2.7449306065357353e-32,3.771143637066619e-30,1.0,-7.591000879738179e-19,-1.450909211835305e-21,-1.2366154516375836e-19,5.81083832771553e-20
decision_cancellation,gaussian,0.26366508987303583,0.5103448275862069,0.1,447,0.00230921158553016,-0.0016837237311739459,-2.3757296564396423e-05,3.07101029331847e-12,0.0033051964512298224,-0.0006430223904531034,-0.0007045974680434221,6.157507759032505e-05,-6.33487805299237e-07,6.33487805299237e-07,1.732224290951145e-05,0.9999947967249129,-1.7259534181044344e-06,2.9447444527878435e-08,-2.72504642486264e-07,1.3026572721288063e-07
decision_cancellation,gaussian,0.26366508987303583,0.5103448275862069,0.1,448,0.002310477301814706,-1.7188038526894323e-15,-2.0844883802623203e-17,3.3115480832730456e-36,3.5640769412998965e-27,-6.57950354407677e-16,-7.279539226914969e-16,5.842513647156224e-17,-5.271054513046185e-31,5.271054513046185e-31,1.5506868022755252e-29,1.0,-1.7924811963345782e-18,5.520035286496546e-20,-2.770741631617546e-19,1.369016917784498e-19
decision_cancellation,gaussian,0.26366508987303583,0.5103448275862069,0.1,449,0.0023117290519827334,0.001623143831377235,2.356801910744378e-05,2.8630690724514114e-12,0.003081398248153293,0.0006215076518570046,0.0006813303913765004,-5.982273951946353e-05,-6.098913135365481e-07,6.098913135365481e-07,1.654791023161563e-05,0.9999951837124769,1.666134679747707e-06,-2.6491786163384712e-08,2.6502736963532545e-07,-1.269762970143289e-07
decision_cancellation,gaussian,0.26366508987303583,0.5103448275862069,0.1,450,0.0023129654883425037,1.128240870856831e-15,1.7909527788993883e-17,1.2481092326405564e-36,1.3432863495918433e-27,4.3955485703889347e-16,4.541347310581904e-16,-1.9249597524453496e-17,-1.4905159784212787e-31,1.4905159784212787e-31,8.736084187649986e-30,1.0,1.0968738149803234e-18,-5.3930221354009885e-20,1.838911630426051e-19,-9.084403134280759e-20
decision_cancellation,gaussian,0.26366508987303583,0.5103448275862069,0.1,451,0.0023141874657990726,0.0015630115240330388,2.3333898331063998e-05,2.6630142370724676e-12,0.0028660878229865476,0.0006000128260854095,0.0006580596688388134,-5.804684275337775e-05,-5.852849638431907e-07,5.852849638431907e-07,1.575980880160678e-05,0.9999955514898098,1.6065178656605048e-06,-2.3661669158784582e-08,2.574361011162427e-07,-1.2361781279723307e-07
decision_cancellation,gaussian,0.26366508987303583,0.5103448275862069,0.1,452,0.0023153936952443723,-2.7868968011539167e-16,-3.786128597266387e-18,1.4352253479068234e-37,1.5446713861355294e-28,-1.0358877787286341e-16,-1.466186564612791e-16,2.675981456052279e-17,-4.3757612095617137e-32,4.3757612095617137e-32,4.557129829864819e-31,1.0,-3.74897509768044e-19,7.97108717151243e-21,-4.852821280810986e-20,2.357681681984768e-20
decision_cancellation,gaussian,0.26366508987303583,0.5103448275862069,0.1,453,0.0023165849849628517,0.0015033663491313236,2.3055418524139514e-05,2.4709454946371707e-12,0.002659372486580645,0.0005785568362212095,0.000634806224457824,-5.624938823657986e-05,-5.598124808453572e-07,5.598124808453572e-07,1.4961998199641322e-05,0.999995900395663,1.5471556964419439e-06,-2.0962098048480623e-08,2.4973800369066756e-07,-1.2019261858542038e-07
decision_cancellation,gaussian,0.26366508987303583,0.5103448275862069,0.1,454,0.002317760104992128,4.022296008467991e-16,4.6700162405065836e-18,2.618600188055769e-37,2.818286890012105e-28,1.4523717853150085e-16,2.0128494751002658e-16,-4.202486303782873e-17,-8.467519674232703e-32,8.467519674232703e-32,8.104457248708284e-31,1.0,5.054068882497827e-19,2.1705498789059875e-20,7.110045845298859e-20,-2.995817493342188e-20
decision_cancellation,gaussian,0.26366508987303583,0.5103448275862069,0.1,455,0.002318919817021434,-0.001444243842308332,-2.2733152262380263e-05,2.2869256668285676e-12,0.002461319851214292,-0.0005571573320409366,-0.0006115896600414909,5.4432328000510226e-05,-5.336184508616781e-07,5.336184508616781e-07,1.4158408984305538e-05,0.9999962308160398,-1.4880969654205066e-06,1.8397529152869475e-08,-2.419401040540044e-07,1.1670306468235417e-07
decision_cancellation,gaussian,0.26366508987303583,0.5103448275862069,0.1,456,0.0023200629506039657,-1.435866696918909e-16,-2.2104883699299725e-18,2.523084520395587e-38,2.715487480165079e-29,-8.073510639598719e-17,-6.487220020185759e-17,-1.471176061246757e-17,1.4016936793282986e-32,1.4016936793282986e-32,1.3680519459537753e-31,1.0,-1.5223838589225742e-19,-2.959345304348881e-20,-2.9267406788152147e-20,1.7943397162623313e-20
decision_cancellation,gaussian,0.26366508987303583,0.5103448275862069,0.1,457,0.0023211902210155677,0.00138567549731973,2.2367758327798692e-05,2.110982959936017e-12,0.0022719602741050134,0.0005358306472026276,0.0005884282050201429,-5.259755781751128e-05,-5.068475005808758e-07,5.068475005808758e-07,1.3352828374074092e-05,0.9999965431781096,1.4293864197373424e-06,-1.5971845741538454e-08,2.3404926841640108e-07,-1.1315150508868523e-07
decision_cancellation,gaussian,0.26366508987303583,0.5103448275862069,0.1,458,0.0023223005175035194,-4.4026939372635415e-16,-7.137622935489862e-18,2.6300299390898104e-37,2.830588240039601e-28,-1.8398825204176438e-16,-2.0104578234607894e-16,-7.500052554676099e-18,2.3051515825860086e-32,2.3051515825860086e-32,1.3531741041997505e-30,1.0,-5.062969735484828e-19,-1.700776478445144e-20,-7.102617439660065e-20,3.65018762839445e-20
decision_cancellation,gaussian,0.26366508987303583,0.5103448275862069,0.1,459,0.002323394509265906,0.001327688739966533,2.1959979491824235e-05,1.943113371499042e-12,0.0020912894475765393,0.0005145917614838825,0.0005653386716693729,-5.074691018550502e-05,-4.796435140492951e-07,4.796435140492951e-07,1.2548888010587187e-05,0.9999968379442672,1.371064656683403e-06,-1.3688335384661766e-08,2.2607218302551027e-07,-1.0954029500207642e-07
decision_cancellation,gaussian,0.26366508987303583,0.5103448275862069,0.1,460,0.002324471145232661,5.057669158937337e-16,6.7070911380364744e-18,3.101759672191893e-37,3.3382906867493445e-28,2.2241301335255087e-16,2.220819957517347e-16,2.400362307662161e-17,6.926069525455966e-32,6.926069525455966e-32,1.459353370103188e-30,1.0,5.488919591032022e-19,9.344897477179473e-21,8.374754865521451e-20,-4.233917141869096e-20
decision_cancellation,gaussian,0.26366508987303583,0.5103448275862069,0.1,461,0.0023255310490104186,0.0012703069137181451,2.1510640168688217e-05,1.783283207791414e-12,0.0019192711085187773,0.0004934542683196715,0.000542336416014513,-4.8882147694834983e-05,-4.5214889312430626e-07,4.5214889312430626e-07,1.1750053793698228e-05,0.9999971156063691,1.3131680359777148e-06,-1.1549669697479058e-08,2.1801533576397772e-07,-1.0587178840202907e-07
decision_cancellation,gaussian,0.26366508987303583,0.5103448275862069,0.1,462,0.0023265732290125964,2.7603080562594035e-16,3.762210374818071e-18,9.334162234691041e-38,1.0045957827112017e-28,9.887874407033282e-17,1.1970034660794772e-16,-2.624076915533262e-17,-4.243291925150228e-32,4.243291925150228e-32,4.463585963017546e-31,1.0,2.9736010218172754e-19,-4.989467289860334e-20,4.3991327271466133e-20,-2.222333725206682e-20
decision_cancellation,gaussian,0.26366508987303583,0.5103448275862069,0.1,463,0.0023275982638879525,-0.0012135492772980608,-2.102064394651987e-05,1.6314316871179575e-12,0.0017558398402043299,-0.00047243034788726156,-0.0005194353047204225,4.700495683314902e-05,-4.245038659122863e-07,4.245038659122863e-07,1.095961775939314e-05,0.9999973766801683,-1.2557286086730108e-06,9.557886675718236e-09,-2.0988499896064965e-07,1.0214833572645372e-07
decision_cancellation,gaussian,0.26366508987303583,0.5103448275862069,0.1,464,0.002328605221149367,-5.8513229179122355e-16,-9.08811030624109e-18,4.4624228762939695e-37,4.802714040621447e-28,-2.311131463750868e-16,-2.6970542941508334e-16,4.5379835634615835e-17,-1.7710900421451241e-31,1.7710900421451241e-31,2.2836618088992866e-30,1.0,-6.529698856225278e-19,-7.464595514572618e-20,-1.0863190760443784e-19,4.9997061214665255e-20
decision_cancellation,gaussian,0.26366508987303583,0.5103448275862069,0.1,465,0.002329594635264785,-0.0011574310144610266,-2.0490971004178717e-05,1.4874736043224811e-12,0.001600903939983915,-0.0004515307459617318,-0.0004966476882407213,4.511694227897517e-05,-3.968458469301918e-07,3.968458469301918e-07,1.0180691952856578e-05,0.9999976216999719,-1.198774063292602e-06,7.714375800412776e-09,-2.0168721354865826e-07,9.837228164688354e-08
decision_cancellation,gaussian,0.26366508987303583,0.5103448275862069,0.1,466,0.0023305656322812245,-2.8264578679333873e-16,-6.803486901904984e-18,3.6989704349685107e-38,3.981042975160784e-29,-1.2936491439042605e-16,-8.906788346281787e-17,-5.212719983469053e-19,1.5217195190558193e-33,1.5217195190558193e-33,8.251116731884713e-31,1.0,-1.7219350746262807e-19,-5.792620025387587e-20,-5.834911520267572e-20,2.4063175530584202e-20
decision_cancellation,gaussian,0.26366508987303583,0.5103448275862069,0.1,467,0.0023315187034023133,-0.001101963256159081,-1.9922675421876757e-05,1.351302032661984e-12,0.0014543483271975046,-0.00043076475874481306,-0.0004739843804772352,4.321962173244794e-05,-3.693088519407315e-07,3.693088519407315e-07,9.416204230853875e-06,0.9999978512135366,-1.1423276897365782e-06,6.01986608253992e-09,-1.9342777469942063e-07,9.454596295059084e-08
decision_cancellation,gaussian,0.26366508987303583,0.5103448275862069,0.1,468,0.0023324530324668555,-1.3061174017491236e-15,-2.3676667085859e-17,1.8329944109404715e-36,1.972773140925541e-27,-5.260814138403471e-16,-5.50213295898163e-16,3.061220355643037e-17,-3.1074364297213356e-31,3.1074364297213356e-31,1.325836210453279e-29,1.0,-1.3305258602067858e-18,4.417322578408054e-20,-2.2182841862991326e-19,1.0740682042331058e-19
decision_cancellation,gaussian,0.26366508987303583,0.5103448275862069,0.1,469,0.0023333690684657566,0.0010471531152887112,1.931688239488515e-05,1.222791040258568e-12,0.0013160374667748219,0.000410140223853301,0.0004514546451864748,-4.1314421333191946e-05,-3.4202296965852445e-07,3.4202296965852445e-07,8.668895911425551e-06,0.9999980657772191,1.08640836145382e-06,-4.474417195934906e-09,1.8511221906063183e-07,-9.067170654068019e-08
decision_cancellation,gaussian,0.26366508987303583,0.5103448275862069,0.1,470,0.0023342660521150516,-2.6503055130985165e-16,-5.055518622602657e-18,2.194482629748604e-38,2.3618273816636807e-29,-1.1587405129178227e-16,-6.919798543307067e-17,-1.514242497849513e-17,3.279523831517926e-32,3.279523831517926e-32,5.739992176519751e-31,1.0,-1.3959882072833028e-19,-1.3090733836406575e-20,-4.262145125198753e-20,2.165733431298412e-20
decision_cancellation,gaussian,0.26366508987303583,0.5103448275862069,0.1,471,0.002335144391375169,0.0009930037341558048,1.8674785359732316e-05,1.1017983994459749e-12,0.0011858182851886283,0.00038966351762321155,0.00042906618932958627,-3.940267170637921e-05,-3.151138916438886e-07,3.151138916438886e-07,7.941321172799804e-06,0.9999982659513911,1.0310305362684095e-06,-3.0774138277645927e-09,1.7674581371616482e-07,-8.675182756573034e-08
decision_cancellation,gaussian,0.26366508987303583,0.5103448275862069,0.1,472,0.0023360033827580394,4.1349066757318245e-16,5.9060314344329246e-18,1.5793157770185825e-37,1.6997497250106966e-28,1.6184433936821347e-16,1.6451363917000773e-16,-2.003370320402472e-17,-5.065047497121926e-32,5.065047497121926e-32,1.0454132466403277e-30,1.0,3.9008928318983866e-19,-9.293177308154072e-21,6.973556541216038e-20,-2.8504677062924654e-20
decision_cancellation,gaussian,0.26366508987303583,0.5103448275862069,0.1,473,0.0023368433945018443,0.0009395143447597301,1.7997643042926698e-05,9.88168268734715e-13,0.0010635230569385776,0.0003693395588581437,0.000406825163536485,-3.748560467839961e-05,-2.887025009195868e-07,2.887025009195868e-07,7.235848089126815e-06,0.9999984522961256,9.762042761805062e-07,-1.8275633568955532e-09,1.6833354697938748e-07,-8.278862769199526e-08
decision_cancellation,gaussian,0.26366508987303583,0.5103448275862069,0.1,474,0.0023376637776722983,1.7488523627726327e-16,4.703243787194437e-18,1.637936824340616e-38,1.7628410399430193e-29,4.545381510894655e-17,5.493133424309695e-17,-1.4077287896015604e-17,-2.8322685866916927e-32,2.8322685866916927e-32,3.518589409004285e-31,1.0,1.2076683436725669e-19,-2.921564790960785e-20,2.811817298007513e-20,-1.2270054026048541e-20
decision_cancellation,gaussian,0.26366508987303583,0.5103448275862069,0.1,475,0.0023384648622147243,0.000886680341954136,1.7286776442762553e-05,8.817338286113731e-13,0.0009489722413487774,0.00034917181911932923,0.0003847361698164205,-3.5564350697048435e-05,-2.6290451901407736e-07,2.6290451901407736e-07,6.5546611776054805e-06,0.999998625367162,9.219352863610016e-07,-7.228969426392815e-10,1.5988012112085396e-07,-7.878439353211006e-08
decision_cancellation,gaussian,0.26366508987303583,0.5103448275862069,0.1,476,0.002339246052352224,8.826337610114688e-16,1.725467615780561e-17,9.527734829172962e-37,1.0254291694871752e-27,3.2373547409017865e-16,4.0167966242634673e-16,-8.938849458936744e-17,-6.593447169964731e-31,6.593447169964731e-31,6.510456519477647e-30,1.0,9.571879490332543e-19,4.806631722846911e-21,1.7015773234801487e-19,-8.710887185855786e-20
decision_cancellation,gaussian,0.26366508987303583,0.5103448275862069,0.1,477,0.0023400076412829858,0.0008344933694888305,1.65435657549437e-05,7.82319854028037e-13,0.0008419772512276486,0.0003291623396236562,0.00036280227661041655,-3.363993698675528e-05,-2.3783021034384993e-07,2.3783021034384993e-07,5.899765319840444e-06,0.9999987857121491,8.682249734640208e-07,2.3922591267920744e-10,1.5138994712062424e-07,-7.474139524530354e-08
decision_cancellation,gaussian,0.26366508987303583,0.5103448275862069,0.1,478,0.002340749084843723,-1.870949419363893e-15,-3.6171701521310805e-17,4.471940470741233e-36,4.81295741865889e-27,-7.212361260987294e-16,-8.588170866414801e-16,1.1026497817243845e-16,-1.7039296969216076e-30,1.7039296969216076e-30,2.8911866033355196e-29,1.0,-2.079412421929869e-18,2.90195403415227e-20,-3.4516412238428557e-19,1.6734409210379047e-19
decision_cancellation,gaussian,0.26366508987303583,0.5103448275862069,0.1,479,0.002341470641142586,-0.0007829414188743472,-1.576944725306499e-05,6.89745208148816e-13,0.0007423431367801762,-0.0003093117547730242,-0.0003410250412375061,3.171328646445681e-05,-2.135841420922337e-07,2.135841420922337e-07,5.2729909101717525e-06,0.999998933867166,-8.150705232733043e-07,-1.0621092951401052e-09,-1.4286714152036197e-07,7.066188532330575e-08
decision_cancellation,gaussian,0.26366508987303583,0.5103448275862069,0.1,480,0.0023421718159461185,5.191398019950679e-16,1.1702253950231496e-17,2.3157029330418286e-37,2.49229158659763e-28,1.9352558423552768e-16,1.9950179595280569e-16,-3.9933841688313294e-17,-1.9952249167348623e-31,1.9952249167348623e-31,2.5937916925044827e-30,1.0,4.62250025409918e-19,8.805791563692191e-20,9.139351244769596e-20,-4.228754768092603e-20
decision_cancellation,gaussian,0.26366508987303583,0.5103448275862069,0.1,481,0.0023428528340359153,-0.0007320089409621616,-1.4965910135100562e-05,6.038252436978751e-13,0.0006498711700756371,-0.00028961932231030623,-0.0003194045397445896,2.9785217434257025e-05,-1.9026499701546672e-07,1.9026499701546672e-07,4.676000075368756e-06,0.9999990703535188,-7.624649975903805e-07,-1.7497092931499262e-09,-1.343155254377157e-07,6.654809757728688e-08
decision_cancellation,gaussian,0.26366508987303583,0.5103448275862069,0.1,482,0.0023435132492922754,4.618925491616622e-16,1.1107783216507078e-17,3.797532707908644e-37,4.087121315391566e-28,1.6289540458769007e-16,2.4239166505392917e-16,-5.060849184189137e-17,-2.3987411057473696e-31,2.3987411057473696e-31,2.1892781305832117e-30,1.0,6.077856381342873e-19,3.515994965388386e-20,8.657475287781263e-20,-4.023032404845345e-20
decision_cancellation,gaussian,0.26366508987303583,0.5103448275862069,0.1,483,0.0023441532550350893,-0.0006816769700493282,-1.4134493346529709e-05,5.243741000342812e-13,0.0005643613172905787,-0.00027008296004498193,-0.00029793940411917204,2.7856444074151575e-05,-1.6796543595362267e-07,1.6796543595362267e-07,4.110293803081801e-06,0.9999991956748053,-7.103974501508894e-07,-2.306618914297612e-09,-1.2573862578574712e-07,6.24022463385083e-08
decision_cancellation,gaussian,0.26366508987303583,0.5103448275862069,0.1,484,0.0023447724513180604,2.430829343143842e-15,5.0276284855804094e-17,6.291499540928775e-36,6.771270679500584e-27,9.527671949942729e-16,1.0329853904297315e-15,-1.0744208573149165e-16,-2.303758262215042e-30,2.303758262215042e-30,5.212150476394742e-29,1.0,2.4603423748288297e-18,-3.524639449852196e-20,4.368251315633931e-19,-2.1484048887462688e-19
decision_cancellation,gaussian,0.26366508987303583,0.5103448275862069,0.1,485,0.002345371001960552,0.0006319232602825173,1.3276782391105461e-05,4.512068859045219e-13,0.0004856145879115852,0.00025069928906709226,0.00027662686678809023,-2.592757772098868e-05,-1.467720062379413e-07,1.467720062379413e-07,3.577219811976678e-06,0.9999993103142422,6.588530612662687e-07,2.7380495476855114e-09,1.1713967872758514e-07,-5.8226525886925856e-08
decision_cancellation,gaussian,0.26366508987303583,0.5103448275862069,0.1,486,0.0023459485511333348,-4.94555155533378e-16,-9.791493407824122e-18,1.8450917394753333e-37,1.9857929759387217e-28,-2.0728112594705284e-16,-1.8652912956199665e-16,2.7431476407030087e-18,-1.1449318454855242e-32,1.1449318454855242e-32,2.0641686889813122e-30,1.0,-4.1602902444426164e-19,5.131991763424177e-21,-9.414922030161208e-20,5.038463798250345e-20
decision_cancellation,gaussian,0.26366508987303583,0.5103448275862069,0.1,487,0.0023465052352077253,-0.0005827224340269714,-1.2394406138919577e-05,3.84141739498842e-13,0.00041343525188541484,-0.0002314636833088263,-0.00025546281226136226,2.3999128952555975e-05,-1.2676509165851062e-07,1.2676509165851062e-07,3.077980992849001e-06,0.9999994147322439,-6.078132907343093e-07,-3.0498090425311347e-09,-1.0852163537123189e-07,5.402311011714715e-08
decision_cancellation,gaussian,0.26366508987303583,0.5103448275862069,0.1,488,0.0023470407403077117,-8.123236732477623e-16,-1.9356377204345035e-17,5.974012667216749e-37,6.429573196236493e-28,-3.5394182340136155e-16,-3.266859495265895e-16,1.1298362206876962e-17,-9.317919238119162e-32,9.317919238119162e-32,6.699348316101809e-30,1.0,-7.534884644527028e-19,-1.8683899213968805e-20,-1.517640429246807e-19,7.921482085885707e-20
decision_cancellation,gaussian,0.26366508987303583,0.5103448275862069,0.1,489,0.0023475551774952723,0.0005340461418364695,1.1489033641361775e-05,3.230017591571173e-13,0.0003476329175547909,0.0002123703252871435,0.0002344418357455621,-2.2071510458405664e-05,-1.0801889923748198e-07,1.0801889923748198e-07,2.613644249310096e-06,0.9999995093642444,5.572560484812073e-07,3.2482764986053276e-09,9.98871696948867e-08,-4.9794152451478955e-08
decision_cancellation,gaussian,0.26366508987303583,0.5103448275862069,0.1,490,0.0023480482725848897,9.823996000520234e-16,2.1739643420884173e-17,1.3244389240711353e-36,1.4254367174329107e-27,3.5678888076245806e-16,4.669638427703838e-16,-8.97396589303669e-17,-8.308637469834679e-31,8.308637469834679e-31,9.095646478527876e-30,1.0,1.132402936935787e-18,1.6721851950488765e-21,1.8631913830498865e-19,-8.593541172473403e-20
decision_cancellation,gaussian,0.26366508987303583,0.5103448275862069,0.1,491,0.002348520113549109,-0.00048586323355984465,-1.0562370961148936e-05,2.6761679959310923e-13,0.0002880244648574025,-0.00019341226780750952,-0.00021355730849337718,2.014504068587043e-05,-9.060147772379396e-08,9.060147772379396e-08,2.185149567012689e-06,0.999999594618748,-5.071558822618733e-07,-3.3403738891265956e-09,-9.123868866892427e-08,4.5541786005228876e-08
decision_cancellation,gaussian,0.26366508987303583,0.5103448275862069,0.1,492,0.0023489704635400576,6.521792295138026e-16,1.3931116216616992e-17,4.535889201775695e-37,4.8817826906990435e-28,2.528630651165726e-16,2.823380354212345e-16,-5.322056785385113e-17,-3.15636968363143e-31,3.15636968363143e-31,3.867900759691937e-30,1.0,6.578113344135276e-19,2.171717318044193e-20,1.2747035440593376e-19,-6.444254519601128e-20
decision_cancellation,gaussian,0.26366508987303583,0.5103448275862069,0.1,493,0.0023493993897368576,0.00043813994008221405,9.616158025037118e-06,2.1782512996076758e-13,0.00023443582983143817,0.00017458150137983082,0.00019280144961638849,-1.8219948236580276e-05,-7.457476247602843e-08,7.457476247602843e-08,1.7933191433163534e-06,0.9999996708755989,4.57484181654505e-07,3.333534657637056e-09,8.257834452311884e-08,-4.126812400852339e-08
decision_cancellation,gaussian,0.26366508987303583,0.5103448275862069,0.1,494,0.0023498066901950637,1.4845455938263612e-15,3.54568915421755e-17,2.6308785898100043e-36,2.8315016063525765e-27,5.562915812419577e-16,6.702785412324298e-16,-1.0158445496321981e-16,-1.532836303952686e-30,1.532836303952686e-30,2.2400724421014498e-29,1.0,1.5905959844497934e-18,2.8946345979889984e-20,2.8610986673359394e-19,-1.3485643208351033e-19
decision_cancellation,gaussian,0.26366508987303583,0.5103448275862069,0.1,495,0.0023501924136673947,-0.00039084006510501507,-8.652165504881553e-06,1.7347495133667184e-13,0.0001867036378167471,-0.00015586902704594556,-0.0001721654040324931,1.62963769865461e-05,-5.999464128875974e-08,5.999464128875974e-08,1.4388664134739422e-06,0.9999997384844544,-4.0820939745784646e-07,-3.2356694543154568e-09,-7.390804908254334e-08,3.6975260482768144e-08
decision_cancellation,gaussian,0.26366508987303583,0.5103448275862069,0.1,496,0.002350556390606066,-9.000094829691016e-16,-1.7348970184414345e-17,1.0010693687052828e-36,1.0774079566188082e-27,-3.642801092182552e-16,-4.145336425294965e-16,4.9465214196195547e-17,-3.650925073251255e-31,3.650925073251255e-31,6.642783703519297e-30,1.0,-9.78736524344854e-19,-3.201652694126091e-20,-1.8103354542941384e-19,9.667461947436749e-20
decision_cancellation,gaussian,0.26366508987303583,0.5103448275862069,0.1,497,0.0023508986537702494,0.00034392518632410385,7.672191731868897e-06,1.344257723224284e-13,0.00014467668395660543,0.00013726493429021714,0.00015163932618115228,-1.4374391890902631e-05,-4.691103567529812e-08,4.691103567529812e-08,1.122404815990478e-06,0.9999997977634503,3.592972755139235e-07,3.0551291968519306e-09,6.522949007760557e-08,-3.266527116841769e-08
decision_cancellation,gaussian,0.26366508987303583,0.5103448275862069,0.1,498,0.0023512190634382354,2.0303831946448074e-16,5.428135270892579e-18,9.859324471500228e-38,1.0611167382155875e-28,7.337580366330161e-17,1.2443672676689695e-16,-6.181379570988253e-17,-1.427062454273844e-31,1.427062454273844e-31,4.687438445723774e-31,1.0,3.0979197399533116e-19,-2.6398664608774715e-21,4.5688115674870547e-20,-2.2974001702505775e-20
decision_cancellation,gaussian,0.26366508987303583,0.5103448275862069,0.1,499,0.002351517638869186,-0.00029735486530966734,-6.678059647228975e-06,1.0054964239990984e-13,0.00010821726060497633,-0.00011875848366556827,-0.00013121246909946865,1.2453985433966108e-05,-3.536799222724144e-08,3.536799222724144e-08,8.444561478546339e-07,0.9999998489980442,-3.107111038910395e-07,-2.80066565506115e-09,-5.6544149313435964e-08,2.8340214696256394e-08
decision_cancellation,gaussian,0.26366508987303583,0.5103448275862069,0.1,500,0.002351794267541698,-1.0997248214887466e-15,-2.3990424438451676e-17,1.2027887100214828e-36,1.2945098180203456e-27,-4.3795473203864267e-16,-4.553398813083258e-16,2.8130484490782397e-17,-2.8695633453455825e-31,2.8695633453455825e-31,1.121818587498864e-29,1.0,-1.071652242368791e-18,-5.149073381232523e-20,-2.0071640357679528e-19,1.0682607881079585e-19
decision_cancellation,gaussian,0.26366508987303583,0.5103448275862069,0.1,501,0.002352048957763778,0.0002510868653086522,5.6716137905483965e-06,7.173224338749347e-14,7.720233201397175e-05,0.00010033819372922803,0.0001108732783996276,-1.0535084670403664e-05,-2.5403778821876614e-08,2.5403778821876614e-08,6.05458369907427e-07,0.9999998924400244,2.624119722425524e-07,2.4813897824815175e-09,4.7853322559615956e-08,-2.4002133988878843e-08
decision_cancellation,gaussian,0.26366508987303583,0.5103448275862069,0.1,502,0.0023522816215419294,-4.1875179987357126e-16,-1.0116332947161194e-17,1.0917566840867466e-37,1.1750108183293372e-28,-1.380843023443385e-16,-1.4196297634665886e-16,2.545851341431462e-17,-1.0948807986271361e-31,1.0948807986271361e-31,1.8009036804730862e-30,1.0,-3.1113761300453914e-19,7.637355692913986e-20,-7.339628387091093e-20,3.389866514251527e-20
decision_cancellation,gaussian,0.26366508987303583,0.5103448275862069,0.1,503,0.0023524922588318738,-0.00020507737619174932,-4.6547173264666585e-06,4.7873839938137204e-14,5.152455731409904e-05,-8.199193186603335e-05,-9.060949067430326e-05,8.617558808312729e-06,-1.7050980782744988e-08,1.7050980782744988e-08,4.0577273427460727e-07,0.9999999283066733,-2.1435904213184702e-07,-2.1067280232946807e-09,-3.915814101172613e-08,1.965305787901393e-08
decision_cancellation,gaussian,0.26366508987303583,0.5103448275862069,0.1,504,0.0023526808034573304,-1.686717895221989e-16,-3.389669154432102e-18,1.618488742022624e-38,1.7419099044139382e-29,-1.0976754760477289e-16,-4.475679992848967e-17,-6.240647240720998e-17,8.991329985979304e-32,8.991329985979304e-32,2.430170558309785e-31,1.0,-9.384293979475594e-20,-7.93263801102822e-20,-2.684749039589538e-20,1.910308218443771e-20
decision_cancellation,gaussian,0.26366508987303583,0.5103448275862069,0.1,505,0.002352847249664982,0.00015928124564706936,3.6292491074809557e-06,2.8890090334871297e-14,3.109316313861777e-05,6.370700852513197e-05,7.040823579332114e-05,-6.701227268201819e-06,-1.0336592435234135e-08,1.0336592435234135e-08,2.456901180836928e-07,0.9999999567800706,1.6650982697165654e-07,1.6863768436834908e-09,3.045959414570007e-08,-1.529500292123603e-08
decision_cancellation,gaussian,0.26366508987303583,0.5103448275862069,0.1,506,0.0023529915503550363,-5.713924321581668e-16,-1.3391534699742704e-17,4.890281404468916e-37,5.263199794130316e-28,-2.1262882834528959e-16,-2.778819609128255e-16,4.3270403740830934e-17,-2.4626400085447874e-31,2.4626400085447874e-31,3.251954551754301e-30,1.0,-6.893831067967318e-19,3.462401720707265e-21,-1.0366240829668448e-19,5.496534718014079e-20
decision_cancellation,gaussian,0.26366508987303583,0.5103448275862069,0.1,507,0.0023531136967471396,-0.00011365221576457862,-2.59710077064575e-06,1.471271907725656e-14,1.5834667499451076e-05,-4.54702744003381e-05,-5.025614255708409e-05,4.785868156793812e-06,-5.282100008767149e-09,5.282100008767149e-09,1.254364621462242e-07,0.999999978006532,-1.1882048023596001e-07,-1.230255741311415e-09,-2.175855378496019e-08,1.0929975377390422e-08
decision_cancellation,gaussian,0.26366508987303583,0.5103448275862069,0.1,508,0.0023532136580551033,-5.826245355300616e-16,-1.3693022252428508e-17,4.927233083032694e-37,5.3029692983621005e-28,-2.745891657565561e-16,-2.781589103224366e-16,-2.9231591001589186e-17,1.7009455333072732e-31,1.7009455333072732e-31,3.390210957902381e-30,1.0,-6.900713421346322e-19,-3.0923305728144883e-20,-1.0536146093613097e-19,6.683982929380171e-20
decision_cancellation,gaussian,0.26366508987303583,0.5103448275862069,0.1,509,0.002353291425186475,6.814316406471288e-05,1.560173863782155e-06,5.29005274571704e-15,5.693456514946739e-06,2.7268220042769593e-05,3.0139447127541803e-05,-2.8712270847118136e-06,-1.9035523635564335e-09,1.9035523635564335e-09,4.517722812879411e-08,0.9999999920961685,7.12460905059661e-08,7.48458997966067e-10,1.3055799176704619e-08,-6.559973347403921e-09
decision_cancellation,gaussian,0.26366508987303583,0.5103448275862069,0.1,510,0.0023533469808914116,1.3302140653907173e-15,3.106202365350731e-17,1.7778783613817503e-36,1.9134541045147435e-27,5.427586604530795e-16,5.577097980598299e-16,-4.18932912148791e-17,-5.529530550343817e-31,5.529530550343817e-31,1.7557606718811828e-29,1.0,1.3024512722011797e-18,2.8981288883511965e-20,2.5088639969737686e-19,-1.3309825041982054e-19
decision_cancellation,gaussian,0.26366508987303583,0.5103448275862069,0.1,511,0.002353380318507112,2.2706348004764704e-05,5.203769956872197e-07,5.87420522526103e-16,6.322154734085425e-07,9.087077381474237e-06,1.0044103636104297e-05,-9.570262546044182e-07,-2.1161664489518602e-10,2.1161664489518602e-10,5.020803932465726e-09,0.9999999991225645,2.374098186253604e-08,2.5120645013126385e-10,4.352042864244564e-09,-2.186989015982541e-09
matched_gaussian,gaussian,1.0,1.2,0.05,0,0.0020565587880178545,-0.12819500250743784,0.037369776765684745,1.2223291505949256e-12,0.0001766580875137423,-7.832073732098108e-06,0.00016992855171496906,-0.00017776062544699422,-0.003230092389960409,0.003230092389960409,-2.32943432207772,0.000184226100399143,-3.197391905110622e-07,5.328525113189788e-08,1.0564864050414357e-06,3.306294936466762e-08
matched_gaussian,gaussian,1.0,1.2,0.05,1,0.0020779147118969716,0.5862356085615477,0.009147273486635231,1.2346811258638708e-11,0.0017844326651153257,-4.702470111258647e-06,-0.0005760278457461631,0.0005713253756349385,0.0025150548436207953,0.0025150548436207953,2.5806917908680744,0.0019449780059962452,8.731629922442692e-07,-1.777362255165897e-07,-3.3986842169861184e-06,-4.1869738025365486e-08
matched_gaussian,gaussian,1.0,1.2,0.05,2,0.0021208972790030087,-6.442376454322387e-16,-1.6752616603080744e-17,1.6154049159611088e-38,2.3346767347820443e-30,-1.8039012551792453e-18,4.566896472471264e-18,1.238765258976879e-17,-9.784801767773989e-32,9.784801767773989e-32,5.088726541377423e-30,1.0,-3.1223121252428106e-20,-1.0161172640815895e-19,4.9188905350056434e-20,-4.934242095483258e-20
matched_gaussian,gaussian,1.0,1.2,0.05,3,0.0030161838176976587,6.798879265687563e-05,1.6006914792743208e-06,1.936466188803456e-14,2.798693079376717e-06,-1.9112926685564206e-09,2.306685243646791e-05,-2.306876372913354e-05,-1.2242613769741409e-08,1.2242613769741409e-08,3.6081713738216977e-08,0.9999999467151877,-3.3592533885240336e-08,6.585471880153251e-09,1.3487029725180265e-07,1.6846467076644804e-09
matched_gaussian,gaussian,1.0,1.2,0.05,4,0.0030162244699567502,9.650241276398979e-17,1.4010861294051024e-18,1.9274368657698743e-38,2.7856433788285468e-30,8.664569709423757e-21,2.6168858638649175e-17,-3.744813261482796e-17,-1.7395276678300613e-32,1.7395276678300613e-32,4.48269660711594e-32,1.0,-1.5238726136252562e-20,1.8031792100418258e-20,1.3067021133890063e-19,4.052530352430906e-20
matched_gaussian,gaussian,1.0,1.2,0.05,5,0.003016292191663987,-0.00020389210796009638,-4.805589739347404e-06,1.7419602064281462e-13,2.5175817695492465e-05,5.738059483114678e-09,-6.918261284904167e-05,6.918835090853528e-05,-1.1023163807780863e-07,1.1023163807780863e-07,3.2484313842500036e-07,0.9999995204990072,1.0075627086368229e-07,-1.9752282291641726e-08,-4.045102039948535e-07,-5.05338824673266e-09
matched_gaussian,gaussian,1.0,1.2,0.05,6,0.003016387036714919,8.511369112964925e-17,1.5628304493953637e-19,2.0079566011855925e-38,2.9020151634557075e-30,-8.513502904231676e-20,2.0510044918018457e-17,-3.13871022298983e-17,-1.626207727526651e-33,1.626207727526651e-33,4.4098541247782054e-33,1.0,-4.1921460094417615e-20,2.4770126639766604e-20,1.3207361783816762e-19,-1.628365723035374e-20
matched_gaussian,gaussian,1.0,1.2,0.05,7,0.003016508869227298,-0.00033957268174767893,-8.021049266626196e-06,4.834006564597638e-13,6.986386230869617e-05,9.577361542673301e-09,-0.00011524455059206681,0.00011525412795360048,-3.0646654081765595e-07,3.0646654081765595e-07,9.02940892262722e-07,0.9999986683986269,1.6785601729983013e-07,-3.2906692863233543e-08,-6.73848097957063e-07,-8.420472697901135e-09
matched_gaussian,gaussian,1.0,1.2,0.05,8,0.0030166578639841558,1.312086011239898e-16,-8.152199993943716e-20,6.603070547873706e-38,9.543139948335042e-30,7.86826793466026e-20,4.3772917996863905e-17,-4.1609929457853186e-17,1.12446449670068e-33,1.12446449670068e-33,-3.545774182941851e-33,1.0,-4.7703756098533616e-20,1.8459029641241417e-20,2.4540134234069193e-19,-5.650223477809502e-20
matched_gaussian,gaussian,1.0,1.2,0.05,9,0.003016833709693215,-0.00047488224731717654,-1.1254162264782424e-05,9.46063584485643e-13,0.0001367305880091994,1.343752494670295e-08,-0.0001612168196401029,0.00016123025716501546,-6.014622119534069e-07,6.014622119534069e-07,1.7715268331828343e-06,0.9999973910761701,2.3484911903298875e-07,-4.604043774046497e-08,-9.426828059219745e-07,-1.1784790486529046e-08
matched_gaussian,gaussian,1.0,1.2,0.05,10,0.0030170367758507594,2.0163653756086197e-15,2.7320210029866365e-17,1.8470162789706676e-35,2.669414889523796e-27,-1.0803234979711532e-20,7.185229305597212e-16,-6.699912221117729e-16,-6.066979710944671e-30,6.066979710944671e-30,1.8258818056019223e-29,1.0,-1.0171553592623812e-18,1.9194134494540265e-19,4.1670876595869755e-18,1.846529779044606e-19
matched_gaussian,gaussian,1.0,1.2,0.05,11,0.003017266502130898,-0.0006096728767718239,-1.4512098498857983e-05,1.5608152740032115e-12,0.00022557806228661308,1.7326829330256355e-08,-0.00020706362775287264,0.00020708095458223336,-9.95993959437307e-07,9.95993959437307e-07,2.9323338967725622e-06,0.9999956895202158,3.016929314889776e-07,-5.914525218463211e-08,-1.2108134085824356e-06,-1.5145224785347763e-08
matched_gaussian,gaussian,1.0,1.2,0.05,12,0.003017523526191215,-1.500759058241934e-16,-1.7841354456547532e-17,2.1358484708196583e-37,3.0868518998381666e-29,4.050416070592032e-20,-8.029662826329179e-17,7.972898828501368e-17,-4.714041591086887e-31,4.714041591086887e-31,8.87336058180316e-31,1.0,9.625348061024164e-20,-1.9441012208579652e-20,-4.515914775463051e-19,2.7016669355317665e-21
matched_gaussian,gaussian,1.0,1.2,0.05,13,0.0030178069655060168,-0.0007437971112435535,-1.7802137375602766e-05,2.3258351850845952e-12,0.0003361431701675733,2.1253488538504116e-08,-0.0002527492583061042,0.0002527705117946113,-1.4911011296955394e-06,1.4911011296955394e-06,4.387682348567312e-06,0.9999935650402463,3.6834482409711535e-07,-7.221287313595821e-08,-1.4780393440629624e-06,-1.8500648659935408e-08
matched_gaussian,gaussian,1.0,1.2,0.05,14,0.003018117798827963,-2.7129801776780827e-16,-5.672310020791881e-18,4.891111015315665e-37,7.06891689004157e-29,-1.6930461020970552e-20,-1.1310822668083498e-16,7.076578787540097e-17,-1.3299861518021225e-31,1.3299861518021225e-31,5.098828367146287e-31,1.0,1.4721385892040956e-19,-3.558145328971802e-20,-6.573636129889748e-19,1.8451618295748806e-19
matched_gaussian,gaussian,1.0,1.2,0.05,15,0.0030184547488579768,0.0008771080857434554,2.1131701101267257e-05,3.2388564851052016e-12,0.00046809829587364645,-2.5225630551191644e-08,0.00029823809242506666,-0.00029826331805566763,-2.088092024241618e-06,2.088092024241618e-06,6.140488244340245e-06,0.9999910192591963,-4.3476218527357655e-07,8.523503989054781e-08,1.7441605133225376e-06,2.1849922257638963e-08
matched_gaussian,gaussian,1.0,1.2,0.05,16,0.0030188192077296432,1.6258212663339313e-15,5.4110957173254996e-17,1.2770689820548804e-35,1.8456940496193824e-27,-3.8226841733721175e-20,6.081895258256809e-16,-5.675812888297061e-16,-1.0173635682973836e-29,1.0173635682973836e-29,2.91421045317005e-29,1.0,-7.991735027272472e-19,1.6597329736969637e-19,3.478769208256003e-18,5.127566028441218e-20
matched_gaussian,gaussian,1.0,1.2,0.05,17,0.0030192094315216163,0.0010094596470678827,2.4508389255357558e-05,4.297171945746976e-12,0.00062105217509039,-2.9251276427476072e-08,0.0003434946315120783,-0.0003435238827884891,-2.7885501913158147e-06,2.7885501913158147e-06,8.19427420622722e-06,0.999988054104063,-5.009024281361968e-07,9.820349492478934e-08,2.00897738799975e-06,2.5191890054066344e-08
matched_gaussian,gaussian,1.0,1.2,0.05,18,0.0030196272972559824,-3.183471244182899e-16,-8.648658320863617e-18,3.474047584243473e-37,5.020894755438684e-29,6.602364670365736e-20,-9.326928897777629e-17,1.1414353480996954e-16,-3.269239329648775e-31,3.269239329648775e-31,9.11793157064524e-31,1.0,1.5899492539150595e-19,-3.456392497350604e-20,-5.665066296647558e-19,9.725021346203494e-22
matched_gaussian,gaussian,1.0,1.2,0.05,19,0.003020070523393272,0.00114070646310626,2.794001514516511e-05,5.497641020762948e-12,0.0007945509178868733,-3.3338318034868766e-08,0.00038848352024286524,-0.0003885168585609003,-3.5943421944156937e-06,3.5943421944156937e-06,1.055318265202854e-05,0.9999846717945158,-5.667229971027309e-07,1.1110998489698235e-07,2.2722911211757497e-06,2.8525378172643384e-08
matched_gaussian,gaussian,1.0,1.2,0.05,20,0.003020541542447252,5.391766030203986e-16,1.4997622345318786e-17,1.4855090613063571e-36,2.1469437231942675e-28,2.7618791417097883e-20,2.1367317740333865e-16,-1.762093069127341e-16,-8.74916170385267e-31,8.74916170385267e-31,2.6771249313724742e-30,1.0,-2.4681407735082373e-19,5.534898436336537e-20,1.1855946646647421e-18,1.260700344104829e-19
matched_gaussian,gaussian,1.0,1.2,0.05,21,0.003021037465241346,-0.0012707041218381968,-3.1434644335787875e-05,6.836698104322885e-12,0.000988079202259616,3.749449430549728e-08,-0.00043316957010793646,0.0004332070646022526,-4.507626984505005e-06,4.507626984505005e-06,1.3221991645446972e-05,0.9999808748294293,6.321813755188554e-07,-1.2394626185645983e-07,-2.5339036615318533e-06,-3.1849191783300945e-08
matched_gaussian,gaussian,1.0,1.2,0.05,22,0.0030215613493584552,-5.862855831597961e-16,-2.610871593702803e-17,1.7182420520808485e-36,2.4833029193368465e-28,2.987893530322803e-21,-2.0905630114044065e-16,2.0242055684461346e-16,-1.7490761256901696e-30,1.7490761256901696e-30,5.0659781413817705e-30,1.0,3.5012356113266675e-19,-4.786563682388397e-20,-1.2559496212086925e-18,-1.263129994015428e-19
matched_gaussian,gaussian,1.0,1.2,0.05,23,0.0030221096290613597,0.0013993092181917022,3.500063578964112e-05,8.310361968520511e-12,0.001201061638095786,-4.172736574918198e-08,0.00047751778355498544,-0.00047755951092073705,-5.530867030395371e-06,5.530867030395371e-06,1.6206133567109196e-05,0.999976665971238,-6.972350944416961e-07,1.367040846857528e-07,2.7936178712678788e-06,3.516211259790347e-08
matched_gaussian,gaussian,1.0,1.2,0.05,24,0.0030226860554381767,3.6602512186022734e-16,1.3450337340064423e-17,8.064226395559742e-37,1.1654886996878412e-28,2.262653757822839e-20,1.4671748541356914e-16,-1.3340845036355083e-16,-5.936404338706222e-31,5.936404338706222e-31,1.628737246827498e-30,1.0,-2.256889243631424e-19,4.026516051685157e-20,8.68085731428536e-19,1.711808150809374e-20
matched_gaussian,gaussian,1.0,1.2,0.05,25,0.0030232863184756218,-0.0015263794269062582,-3.864668609868592e-05,9.914246378258713e-12,0.0014328643012978808,4.604428693170452e-08,-0.0005214933788115747,0.0005215394230985276,-6.666841393553927e-06,6.666841393553927e-06,1.9511716842247843e-05,0.9999720482279826,7.61841742735541e-07,-1.4937522080710228e-07,-3.05123764828114e-06,-3.846289647173734e-08
matched_gaussian,gaussian,1.0,1.2,0.05,26,0.003023914929952275,-7.933938152485915e-16,-1.6457375866564337e-17,2.7388488098491474e-36,3.9583429103506827e-28,7.632941210737703e-20,-2.8039518180784275e-16,2.7595863239014836e-16,-1.5018792003316722e-30,1.5018792003316722e-30,4.3179720760066655e-30,1.0,3.772083197359733e-19,-5.713553054076891e-20,-1.6041815271364901e-18,-1.4106683704887616e-19
matched_gaussian,gaussian,1.0,1.2,0.05,27,0.003024566769177486,-0.0016517735593000703,-4.23818773486352e-05,1.1643571879015562e-11,0.001682796437419938,5.0452376595225016e-08,-0.0005650618154203837,0.000565112267797007,-7.91866096859057e-06,7.91866096859057e-06,2.3145550996386747e-05,0.9999670248328825,8.259589785721553e-07,-1.6195144817270886e-07,-3.3065680528347785e-06,-4.175027112233796e-08
matched_gaussian,gaussian,1.0,1.2,0.05,28,0.003025247174452343,-9.106723700736952e-16,2.252799488693286e-17,2.423911708144194e-36,3.503177572542621e-28,1.9035139790910455e-19,-2.6507789245540914e-16,2.495036905731707e-16,1.8579697926734853e-30,1.8579697926734853e-30,-6.781469848130724e-30,1.0,3.488401879722087e-19,-7.223097437122258e-20,-1.514328840687385e-18,-6.175014172851856e-20
matched_gaussian,gaussian,1.0,1.2,0.05,29,0.003025950149420297,-0.001775351601797176,-4.6215729225519586e-05,1.3493178752179469e-11,0.0019501123340475981,5.495848507822489e-08,-0.0006081888205495507,0.0006082437790346556,-9.289786152081102e-06,9.289786152081102e-06,2.711517535226729e-05,0.999961599221227,8.895445424743528e-07,-1.744245575670563e-07,-3.559415439122991e-06,-4.5022933977984526e-08
matched_gaussian,gaussian,1.0,1.2,0.05,30,0.0030266819232891142,-2.0410207029973433e-17,-2.9771438018913358e-18,7.157012497041071e-39,1.034372893278258e-30,-1.4219259164188046e-19,1.0664857322784109e-17,1.000285653564193e-17,-9.839138400090802e-33,9.839138400090802e-33,2.007615035033864e-32,1.0,7.131740103751032e-20,2.802188872443248e-22,-1.2016678031851068e-20,-4.389033757844717e-20
matched_gaussian,gaussian,1.0,1.2,0.05,31,0.0030274355605510684,-0.001896974733763209,-5.015825605750299e-05,1.5457541129013754e-11,0.0022340133606299994,5.956915863148119e-08,-0.0006508404160972117,0.000650899985255851,-1.0784047249000784e-05,1.0784047249000784e-05,3.142889172293039e-05,0.9999557750043241,9.525562719787292e-07,-1.8678635523729187e-07,-3.809587591887169e-06,-4.8279550165969834e-08
matched_gaussian,gaussian,1.0,1.2,0.05,32,0.003028218244170709,6.276471219797533e-17,1.5380403991113143e-17,8.227362375991313e-38,1.1890660563218493e-29,-8.830955834957999e-20,5.5460743515214245e-17,-3.2026741390162804e-17,-1.6266470293144438e-31,1.6266470293144438e-31,3.187837045262806e-31,1.0,-1.663081147481509e-20,4.774242580456529e-21,2.6034168484033176e-19,1.191488716349535e-19
matched_gaussian,gaussian,1.0,1.2,0.05,33,0.003029022037588869,-0.0020165053220508253,-5.422002958629292e-05,1.753078225247337e-11,0.0025336501742059146,6.429060021631758e-08,-0.0006929829466285455,0.0006930472372287651,-1.2405667981588509e-05,1.2405667981588509e-05,3.609580150481328e-05,0.9999495559401803,1.0149521180255537e-06,-1.9902866587390306e-07,-4.056893868353067e-06,-5.151875065015368e-08
matched_gaussian,gaussian,1.0,1.2,0.05,34,0.003029855138765928,-2.313233894590459e-15,-5.723949263559461e-17,2.2871041680463874e-35,3.305455392887697e-27,-5.635868298748652e-20,-7.948983694521318e-16,7.89606206374721e-16,-1.4917102159944986e-29,1.4917102159944986e-29,4.370120959900045e-29,1.0,1.1481557627218375e-18,-2.0275492502785736e-19,-4.6373287691971106e-18,-8.277893298580981e-20
matched_gaussian,gaussian,1.0,1.2,0.05,35,0.0030307085498480777,0.0021338068893152,5.8412248380814095e-05,1.9706690872213037e-11,0.002848125088905271,-6.912862627299424e-08,0.0007345831081581155,-0.0007346522367843869,-1.4159292529372834e-05,1.4159292529372834e-05,4.112584762451661e-05,0.9999429459005075,-1.076690163147244e-06,2.1114333595718288e-07,4.301145345610273e-06,5.47391305279778e-08
matched_gaussian,gaussian,1.0,1.2,0.05,36,0.00303159154335249,4.179758144050418e-16,-7.486401159140841e-18,5.625288182396152e-37,8.129992249076983e-29,1.602435642761326e-19,1.2938247628601701e-16,-1.1886421616533654e-16,2.93530705886745e-31,2.93530705886745e-31,-1.0321755344370646e-30,1.0,-1.6069831155593273e-19,4.292328604995796e-20,7.296828702148886e-19,4.9248059173160445e-20
matched_gaussian,gaussian,1.0,1.2,0.05,37,0.003032494001606347,-0.0022487440527926075,-6.274681495025631e-05,2.197873875400777e-11,0.0031764946065120066,7.408861892573902e-08,-0.0007756079777756971,0.0007756820663946079,-1.6050016604983553e-05,1.6050016604983553e-05,4.652986184847325e-05,0.9999359488335562,1.1377286415084353e-06,-2.2312223748134065e-07,-4.542154973472387e-06,-5.793924749698004e-08
matched_gaussian,gaussian,1.0,1.2,0.05,38,0.00303342632951028,-1.3303683711150145e-16,-2.3671663176296106e-17,3.1182015448875537e-37,4.506605451846766e-29,2.2384527029079697e-19,-8.508462535231164e-17,6.788082617885064e-17,-5.297152061358509e-31,5.297152061358509e-31,1.0381670283226044e-30,1.0,1.6045564581986775e-19,-3.0440758739382384e-20,-5.243732844367832e-19,-1.008967739307639e-19
matched_gaussian,gaussian,1.0,1.2,0.05,39,0.003034377232817443,-0.0023611824298590545,-6.723642178505723e-05,2.4340099281382778e-11,0.003517772104879346,7.917547297604306e-08,-0.0008160250441198326,0.000816104219592774,-1.808342316032859e-05,1.808342316032859e-05,5.2319618025232206e-05,0.9999285687221564,1.1980259608617135e-06,-2.3495727207031825e-07,-4.779737732893951e-06,-6.111762049699407e-08
matched_gaussian,gaussian,1.0,1.2,0.05,40,0.0030353583048596156,7.046149964614273e-16,1.7134443430497173e-17,2.9258345627861263e-36,4.228585549087445e-28,2.8935276234886456e-19,2.8272801008048814e-16,-2.3171821711872733e-16,-1.3080375640266045e-30,1.3080375640266045e-30,3.977515859600197e-30,1.0,-4.112884954511162e-19,5.731710723697591e-20,1.6374103055654297e-18,2.6884675326623247e-19
matched_gaussian,gaussian,1.0,1.2,0.05,41,0.003036357019868816,-0.0024709885061113927,-7.189464776143241e-05,2.6783667121796226e-11,0.0038709306802004223,8.439353696975872e-08,-0.0008558022386766553,0.000855886632213677,-2.0265623424408593e-05,2.0265623424408593e-05,5.850789189378723e-05,0.9999208095362023,1.2575407264444837e-06,-2.466403754916913e-07,-5.013710799864062e-06,-6.427272853619618e-08
matched_gaussian,gaussian,1.0,1.2,0.05,42,0.003037386213844496,-2.362646435540065e-16,-2.892567351516681e-17,3.670730501036566e-37,5.305152296955887e-29,-3.6118873946543385e-19,-9.68056484050295e-17,1.2246996167881187e-16,-1.166307435909653e-30,1.166307435909653e-30,2.2499983411626613e-30,1.0,1.6132847462243413e-19,-1.9000912472789884e-20,-5.808887241858671e-19,-5.703883605555312e-20
matched_gaussian,gaussian,1.0,1.2,0.05,43,0.003038432076383922,-0.0025780294610899847,-7.673606659279e-05,2.9302078924718896e-11,0.004234906138414616,8.97465474845767e-08,-0.0008949079678739098,0.0008949977144214061,-2.260330410149276e-05,2.260330410149276e-05,6.510852815897504e-05,0.9999126751786407,1.3162317668339495e-06,-2.5816352257432936e-07,-5.243893714654196e-06,-6.740300971251677e-08
matched_gaussian,gaussian,1.0,1.2,0.05,44,0.003039508738560778,-2.03761575147174e-15,-7.015981401376582e-17,1.8476592066272393e-35,2.670344085805864e-27,9.996555185066687e-19,-7.102478101439476e-16,7.27800838748098e-16,-1.679954751826363e-29,1.679954751826363e-29,4.7033502598998494e-29,1.0,1.043127263820917e-18,-2.0011290922995436e-19,-4.165070117215789e-18,2.4966377019067735e-20
matched_gaussian,gaussian,1.0,1.2,0.05,45,0.0030406010540691914,-0.0026821729460044103,-8.17763693153503e-05,3.188773501391018e-11,0.0046086001303009055,9.523755567023525e-08,-0.0009333111459353239,0.0009334063834910352,-2.5103781712999243e-05,2.5103781712999243e-05,7.213651560982013e-05,0.9999041694238057,1.3740581617735643e-06,-2.695187325340897e-07,-5.470108556273801e-06,-7.050686042512674e-08
matched_gaussian,gaussian,1.0,1.2,0.05,46,0.003041724499629272,6.689647207640592e-16,2.4454591761449353e-17,2.4770686982112694e-36,3.5800031329791533e-28,4.587254070023495e-18,2.5626681444611517e-16,-2.27715338909296e-16,-1.8307659525133302e-30,1.8307659525133302e-30,5.3782843091446674e-30,1.0,-4.0024242365597113e-19,6.338347124448963e-20,1.5161906728476818e-18,1.1841908486370011e-19
matched_gaussian,gaussian,1.0,1.2,0.05,47,0.003042862543605563,-0.0027832868068287074,-8.703250315380087e-05,3.4532822029282694e-11,0.0049908834238112584,1.0086884487252095e-07,-0.0009709812284335803,0.0009710820972784692,-2.7775065249527567e-05,2.7775065249527567e-05,7.96080711244419e-05,0.9998952958466729,1.4309792719391567e-06,-2.806980747035164e-07,-5.6921801218230675e-06,-7.358263479408072e-08
matched_gaussian,gaussian,1.0,1.2,0.05,48,0.0030440320571135885,-4.5515681006118313e-17,-1.4008032137394842e-17,1.3134975726627945e-37,1.8983427583937988e-29,-6.1033964215862145e-19,-6.520253269170249e-17,2.975699154118715e-17,-1.369357766279206e-31,1.369357766279206e-31,2.094541418508214e-31,1.0,6.66244522254238e-20,1.8793324511641283e-20,-3.529349847598699e-19,-4.466147241518362e-20
matched_gaussian,gaussian,1.0,1.2,0.05,49,0.0030452150755843994,0.002881238744999487,9.252282956375132e-05,3.7229336468350524e-11,0.00538059930641707,-1.0664183806378074e-07,0.0010078882464801466,-0.0010079948883182379,-3.062592852660927e-05,3.062592852660927e-05,8.754073348494294e-05,0.9998860577412733,-1.4869547706224466e-06,2.9169367466397407e-07,5.909936110442347e-06,7.662864428062216e-08
matched_gaussian,gaussian,1.0,1.2,0.05,50,0.0030464299114826192,-2.1895307814345528e-16,7.301739169992083e-18,2.2292054530091567e-37,3.2217768169247324e-29,2.6910822106058116e-19,-7.798457839718905e-17,6.573821761616382e-17,1.5756256749061448e-31,1.5756256749061448e-31,-5.2479075951967e-31,1.0,5.449504441125353e-20,-3.607048768438039e-20,-4.1686091392421577e-19,2.118412938876878e-19
matched_gaussian,gaussian,1.0,1.2,0.05,51,0.0030476571214876256,-0.0029758959065289137,-9.826730478396719e-05,3.99691090709303e-11,0.005776567109327375,1.1255699333481907e-07,-0.0010440028414802586,0.0010441153984735929,-3.3665993909890856e-05,3.3665993909890856e-05,9.595346799035393e-05,0.9998764580260907,1.5419446772874323e-06,-3.0249772077396233e-07,-6.123207311491446e-06,-7.964315751844563e-08
matched_gaussian,gaussian,1.0,1.2,0.05,52,0.003048916504617583,-5.974802011761537e-16,-1.108328843033152e-17,1.428203795798179e-36,2.0641228348581367e-28,-1.7589942940503319e-19,-1.9809207152952004e-16,1.9999130992691377e-16,-7.269996958338568e-31,7.269996958338568e-31,2.1719339939348052e-30,1.0,2.873352761527776e-19,-7.022569812062624e-20,-1.1578583861111545e-18,-8.633881625853382e-21
matched_gaussian,gaussian,1.0,1.2,0.05,53,0.003050187094711882,0.0030671243885028038,0.0001042876868983467,4.274382998235305e-11,0.006177585844221945,-1.1861368572026539e-07,0.0010792963003451589,-0.0010794149140308821,-3.690582941060266e-05,3.690582941060266e-05,0.00010486678291341911,0.9998664991337537,-1.5959093929054569e-06,3.1310247107845863e-07,6.331827796383968e-06,8.262440034934137e-08
matched_gaussian,gaussian,1.0,1.2,0.05,54,0.0030514902208632643,-1.7337229844921274e-16,-4.090464302110419e-18,8.949821259800881e-38,1.293479998064949e-29,5.836416600080847e-20,-4.1211042362746226e-17,6.454831652723549e-17,-8.652578425805544e-32,8.652578425805544e-32,2.32402251507368e-31,1.0,1.0489702880019017e-19,7.651017524866765e-21,-2.7912699407917625e-19,-2.289997934624769e-20
matched_gaussian,gaussian,1.0,1.2,0.05,55,0.0030528033516363127,0.003154788649835486,0.00011060777422682834,4.5545074625561096e-11,0.006582437942436564,-1.2481007294755025e-07,0.0011137405910703682,-0.0011138654011433042,-4.035706156529781e-05,4.035706156529781e-05,0.0001143028588878248,0.9998561828816751,-1.6488097369968118e-06,3.235002605885742e-07,6.535635113596754e-06,8.55705560685192e-08
matched_gaussian,gaussian,1.0,1.2,0.05,56,0.0030541493881233485,1.7065307689104691e-15,4.10970918792271e-17,1.3320753639762654e-35,1.925192458264491e-27,-1.3921994464997167e-19,6.063701450899764e-16,-5.967365583070947e-16,-8.029776559001104e-30,8.029776559001104e-30,2.2963333777112907e-29,1.0,-8.720171930459341e-19,1.652406133405503e-19,3.5400478319249906e-18,-3.311407828940962e-20
matched_gaussian,gaussian,1.0,1.2,0.05,57,0.0030555041927337267,-0.0032387508103716885,-0.00011725368087869964,4.8364330203977867e-11,0.006989893085311256,1.3114294241674445e-07,-0.0011473083985555558,0.001147439541498004,-4.403250702334516e-05,4.403250702334516e-05,0.00012428569231488722,0.9998455103194738,1.7006069862542012e-06,-3.3368350891205615e-07,-6.734470486177273e-06,-8.847976587135656e-08
matched_gaussian,gaussian,1.0,1.2,0.05,58,0.0030568922789994896,-1.7904326997212683e-16,1.105415409666485e-19,1.5363495901113144e-37,2.2204213996654512e-29,4.87175226839353e-19,-6.194195140299186e-17,5.552809855916275e-17,2.0079744464161438e-33,2.0079744464161438e-33,-6.474457441105622e-33,1.0,9.086387570877936e-20,-1.1050755708639387e-20,-3.545575732640214e-19,-1.3980530441191068e-19
matched_gaussian,gaussian,1.0,1.2,0.05,59,0.003058287863724688,0.0033188698190318375,0.00012425415656339614,5.1193022749767687e-11,0.007398712113361427,-1.376075360506075e-07,0.0011799731605277182,-0.0011801107680637821,-4.794632639929511e-05,4.794632639929511e-05,0.0001348412538266658,0.9998344815479657,-1.7512629146025615e-06,3.4364472820973586e-07,6.928179010989796e-06,9.135012949927477e-08
matched_gaussian,gaussian,1.0,1.2,0.05,60,0.0030597171119737298,-5.096972670194346e-17,3.55510740765123e-18,2.99252187233891e-38,4.3249659108034176e-30,-2.3784315551658485e-18,-1.1359498567897602e-17,-8.086108033029322e-18,-9.395307316089381e-33,9.395307316089381e-33,-5.92220935245708e-32,1.0,4.896074421860928e-20,2.4220303174863414e-21,-8.665633631847455e-20,-1.4146687737399742e-19
matched_gaussian,gaussian,1.0,1.2,0.05,61,0.0030611525567739804,-0.0033950004674619914,-0.00013164095933527163,5.402254462552719e-11,0.007807651000981576,1.441973490076439e-07,-0.0012117091034237304,0.0012118533007727656,-5.2114204741061246e-05,5.2114204741061246e-05,0.00014599766270759912,0.9998230955031726,1.8007398345345678e-06,-3.5337653145342396e-07,-7.116609858902606e-06,-9.417970607188498e-08
matched_gaussian,gaussian,1.0,1.2,0.05,62,0.003062622052633981,-7.342954204839139e-16,-2.940511694062763e-17,1.8821194441383216e-36,2.7201480166948077e-28,3.9097376359060924e-19,-2.1818650714683377e-16,2.712347710155033e-16,-2.6042032033354586e-30,2.6042032033354586e-30,7.05018194776165e-30,1.0,3.684051810084271e-19,-6.153712379216808e-20,-1.3197226922552583e-18,-3.069633017788436e-20
matched_gaussian,gaussian,1.0,1.2,0.05,63,0.0030640964117289804,0.0034669922202343745,0.00013944929193564313,5.6844282378966676e-11,0.008215464882165154,-1.5090389722067163e-07,0.001242491278058604,-0.0012426421819557924,-5.655356396090613e-05,5.655356396090613e-05,0.00015778537790371255,0.999811349697076,-1.8490006395116408e-06,3.628716409503058e-07,7.299616474938642e-06,9.696651509984525e-08
matched_gaussian,gaussian,1.0,1.2,0.05,64,0.0030656052149419665,-2.6310705412095473e-16,-9.889665739056992e-18,2.582146891352862e-37,3.7318682229245133e-29,-2.2420142561089934e-19,-7.232685907261845e-17,8.605655504505512e-17,-2.7761910108391595e-31,2.7761910108391595e-31,8.487853576715284e-31,1.0,1.6928317888673061e-19,-1.4254198906596635e-20,-4.782613902957802e-19,-2.4914952281069676e-20
matched_gaussian,gaussian,1.0,1.2,0.05,65,0.003067117517399115,-0.0035346878258810006,-0.00014771831491385028,5.964964484415432e-11,0.008620912111859115,1.577164476343733e-07,-0.0012722955949041332,0.001272453311351731,-6.128381383926193e-05,6.128381383926193e-05,0.00017023740578039876,0.999799239904603,1.896008847211268e-06,-3.721228970991121e-07,-7.477056777397363e-06,-9.97085376567392e-08
matched_gaussian,gaussian,1.0,1.2,0.05,66,0.003068664662543194,-6.601313638929115e-16,-1.7276231618693143e-17,1.8600666703958534e-36,2.688276070976901e-28,-2.7137892813046054e-18,-2.341742079170872e-16,2.274571197912074e-16,-1.2805576095685296e-30,1.2805576095685296e-30,3.7164641938836216e-30,1.0,2.9439428201281463e-19,-6.326399476250575e-20,-1.3182088169651735e-18,-1.7810631363312193e-19
matched_gaussian,gaussian,1.0,1.2,0.05,67,0.003070213912875728,0.0035979216642517305,0.00015649175291324412,6.243009137245868e-11,0.00902275834606322,-1.6462170355697807e-07,0.0013010988587496553,-0.001301263480453202,-6.632664981554107e-05,6.632664981554107e-05,0.0001833895240074368,0.9997867597834269,-1.9417286433119743e-06,3.8112326732825106e-07,7.648793354634765e-06,1.024037176894166e-07
matched_gaussian,gaussian,1.0,1.2,0.05,68,0.0030717984101183864,7.258724094937908e-17,4.7490978760864006e-18,5.60227631937229e-38,8.096734171987476e-30,9.960775962706973e-19,3.788195396412198e-17,-2.9038564442293927e-17,-4.489454264421644e-32,4.489454264421644e-32,1.1222217925764939e-31,1.0,-5.428676918270506e-20,2.6991111095539998e-20,2.168965969933205e-19,7.28220846994368e-20
matched_gaussian,gaussian,1.0,1.2,0.05,69,0.0030733835888913513,0.003656517774654547,0.00016581861462628802,6.517716007275959e-11,0.00941978062326885,-1.7160343558648195e-07,0.0013288788025377217,-0.001329050405973288,-7.170640784429174e-05,7.170640784429174e-05,0.00019728051973113102,0.9997739004093074,-1.9861249255271514e-06,3.898658551711027e-07,7.814693658302403e-06,1.0504996344250586e-07
matched_gaussian,gaussian,1.0,1.2,0.05,70,0.0030750044247756284,-1.1056590909756739e-15,-3.839161909199837e-17,5.082681922728623e-36,7.345786259559378e-28,-9.018921787580448e-19,-3.6311473932889535e-16,3.8307187549804653e-16,-4.782675891613237e-30,4.782675891613237e-30,1.3804221653905594e-29,1.0,5.887140042055876e-19,-9.316994335699148e-20,-2.1727944081509408e-18,-7.988470156233961e-20
matched_gaussian,gaussian,1.0,1.2,0.05,71,0.0030766244892173797,0.0037102874946515,0.00017575405223005836,6.78824959275346e-11,0.00981077142795865,-1.7864204608563498e-07,0.0013556141200833976,-0.0013557927621295055,-7.745048925000871e-05,7.745048925000871e-05,0.00021195243826762567,0.9997606497046173,-2.02916334745789e-06,3.9834390940996807e-07,7.974630191338643e-06,1.0764514895841181e-07
matched_gaussian,gaussian,1.0,1.2,0.05,72,0.0030782806274825547,-1.6672517891743408e-15,-5.507305943075956e-17,1.3421348861986393e-35,1.9397310623405013e-27,-1.2637528195976585e-18,-6.013997143538055e-16,5.81646130708218e-16,-1.0406144143642268e-29,1.0406144143642268e-29,2.9828553008284506e-29,1.0,9.098189523529122e-19,-1.8921671045253727e-19,-3.540466675755834e-18,-1.512319089140834e-19
matched_gaussian,gaussian,1.0,1.2,0.05,73,0.0030799345120987934,0.0037590266207297926,0.00018636039303494568,7.053787864792937e-11,0.010194542716382609,-1.8571405210387442e-07,0.0013812844974021325,-0.0013814702114542036,-8.358987197985487e-05,8.358987197985487e-05,0.00022745083563177956,0.9997469917308723,-2.070810361838485e-06,4.065508332242123e-07,8.128480689082658e-06,1.1018711561134815e-07
matched_gaussian,gaussian,1.0,1.2,0.05,74,0.0030816248945377996,1.2949872217750436e-16,1.0253215095430732e-17,8.495200390594868e-38,1.227775557277719e-29,-1.494278364708995e-18,3.4495757207978126e-17,-6.221763790690822e-17,-2.0701118598823996e-31,2.0701118598823996e-31,4.308695245235311e-31,1.0,-5.289696903649474e-20,1.2793046204195315e-20,2.1548716311820018e-19,-1.8856175400326629e-19
matched_gaussian,gaussian,1.0,1.2,0.05,75,0.003083311511724597,-0.0038025119772551793,-0.00019770838514757675,7.313525011687896e-11,0.010569929882796881,1.9279146730601947e-07,-0.001405870642273211,0.001406063433740491,-9.015972918818056e-05,9.015972918818056e-05,0.0002438250237346082,0.9997329058068843,2.1110332625796187e-06,-4.1448019325050025e-07,-8.276128291286894e-06,-1.1267367361155626e-07
matched_gaussian,gaussian,1.0,1.2,0.05,76,0.003085035059080761,1.399575646525865e-16,5.945004626216765e-18,1.6305036475937003e-37,2.3564982961249823e-29,-6.076559397453552e-19,7.473710423022625e-17,-4.476177175472064e-17,-8.625799547275318e-32,8.625799547275318e-32,2.697046721996028e-31,1.0,-6.374068016279703e-20,3.305795211981163e-20,3.9504374897315784e-19,4.2838051433636943e-20
matched_gaussian,gaussian,1.0,1.2,0.05,77,0.003086753299732076,0.0038404972475659105,0.00020987871095700853,7.566674126281888e-11,0.010935795643408134,-1.9984105801162716e-07,0.0014293543116463891,-0.0014295541527043984,-9.720018209387835e-05,9.720018209387835e-05,0.00026112829030523266,0.9997183654016016,-2.1498002249481692e-06,4.2212572845731716e-07,8.41746170265676e-06,1.1510260341460419e-07
matched_gaussian,gaussian,1.0,1.2,0.05,78,0.003088508912638801,1.1329582610410784e-15,5.2330643338058443e-17,6.458328093818765e-36,9.333949771507905e-28,-2.096090947861249e-18,4.164670295129429e-16,-4.103981351471515e-16,-6.953646255998855e-30,6.953646255998855e-30,1.9196458987969036e-29,1.0,-6.313744870883149e-19,1.1227523488373796e-19,2.4590770924471926e-18,-5.3362820386223234e-21
matched_gaussian,gaussian,1.0,1.2,0.05,79,0.00309025764674304,-0.003872707877373708,-0.00022296383827813366,7.812469819141592e-11,0.011291033813082616,2.0682344097561523e-07,-0.001451718336389723,0.0014519251598306916,-0.00010475722206193189,0.00010475722206193189,0.00027941806527985105,0.9997033367334189,2.1870803430217033e-06,-4.2948135870420917e-07,-8.552375338870956e-06,-1.1747165692823788e-07
matched_gaussian,gaussian,1.0,1.2,0.05,80,0.0030920442067107453,-6.840391044027906e-16,-1.7536305505714676e-17,2.0774427988938723e-36,3.0024406404213177e-28,1.0357128739541864e-19,-2.3217935773280703e-16,2.2063864387628415e-16,-1.2513361409852107e-30,1.2513361409852107e-30,3.879478400285676e-30,1.0,3.733612165472312e-19,-7.514826030075424e-20,-1.3901048896084041e-18,2.3099205225775697e-21
matched_gaussian,gaussian,1.0,1.2,0.05,81,0.003093822283929369,0.003898834801863711,0.0002370703005954489,8.050170738907058e-11,0.011634572947902289,-2.1369198052704358e-07,0.001472946642785045,-0.0014731603347655769,-0.00011288384766063717,0.00011288384766063717,0.0002987559897189392,0.9996877769836766,-2.222843663360441e-06,4.36541192832384e-07,8.68076945444562e-06,1.1977855840380063e-07
matched_gaussian,gaussian,1.0,1.2,0.05,82,0.0030956386543856355,1.2236269922154483e-15,6.674503994803475e-17,7.02572363165645e-36,1.0153982661416901e-27,-3.1939678800387495e-18,4.384638238147113e-16,-4.506274653009532e-16,-9.715975128616205e-30,9.715975128616205e-30,2.638261166599958e-29,1.0,-6.434977349640331e-19,1.4768216985160395e-19,2.5659441417562024e-18,7.586128688307608e-20
matched_gaussian,gaussian,1.0,1.2,0.05,83,0.0030974449046050254,0.003918526667732505,0.00025232152727962156,8.279061979101511e-11,0.011965379823625739,-2.2039142908809913e-07,0.001493024270017623,-0.001493244661446708,-0.00012164147714724893,0.00012164147714724893,0.00031920781932819265,0.9996716319981773,-2.2570612135268238e-06,4.432995360867131e-07,8.802550247802725e-06,1.2202100483697392e-07
matched_gaussian,gaussian,1.0,1.2,0.05,84,0.0030992899319954885,-8.412136888245928e-16,-5.555150006700716e-17,3.957845616053651e-36,5.7201076883945965e-28,1.6563027913268002e-18,-3.3209082516066463e-16,3.2479669451083246e-16,-5.821637856663899e-30,5.821637856663899e-30,1.507786729104721e-29,1.0,4.709190185224042e-19,-8.229955280451964e-20,-1.9311236137530405e-18,-8.322623451758991e-21
matched_gaussian,gaussian,1.0,1.2,0.05,85,0.0031011231658408214,0.003931380111072549,0.00026886138518376337,8.498457348196514e-11,0.012282462716517813,-2.2685623632541294e-07,0.0015119373827154764,-0.0015121642389518144,-0.00013110171707730384,0.00013110171707730384,0.00034084305776364566,0.9996548333022194,-2.289705023698408e-06,4.4975089661895443e-07,8.917629937693228e-06,1.241966656691675e-07
matched_gaussian,gaussian,1.0,1.2,0.05,86,0.003102995680800752,-2.4313664430229015e-16,-1.1866499151734939e-17,3.0793836641574506e-37,4.4505036026208114e-29,2.0882891436020943e-19,-8.691454351506212e-17,7.748368213481583e-17,-2.9631367327228055e-31,2.9631367327228055e-31,9.298049627398329e-31,1.0,1.399783731534545e-19,-2.4027069154753296e-20,-5.2653037657885315e-19,1.0262983948453335e-19
matched_gaussian,gaussian,1.0,1.2,0.05,87,0.0031048546900972838,0.003936927498133255,0.00028685864951717943,8.707701475917629e-11,0.012584874447504528,-2.3300842589099986e-07,0.0015296732772896587,-0.0015299062857155458,-0.0001413485959288016,0.0001413485959288016,0.00036373415766074643,0.9996372941848184,-2.3207481390276737e-06,4.5588999073675064e-07,9.025926803219044e-06,1.2630318148795362e-07
matched_gaussian,gaussian,1.0,1.2,0.05,88,0.0031067535087070924,-1.3453603111041455e-16,-2.1303077328013756e-17,2.267503239711015e-37,3.277126996141734e-29,2.305059381733468e-19,-7.035210598349757e-17,5.694423021811185e-17,-3.904678424988706e-31,3.904678424988706e-31,9.225165324885895e-31,1.0,1.0752378201016112e-19,-3.350231376393857e-20,-4.2703196637531207e-19,1.7807373455799082e-19
matched_gaussian,gaussian,1.0,1.2,0.05,89,0.00310863706686967,0.003934621318831294,0.0003065127016486688,8.906171723795265e-11,0.012871715143411818,-2.3875490193103223e-07,0.0015462203804320449,-0.0015464591353339763,-0.0001524814114237525,0.0001524814114237525,0.0003879550376763202,0.9996189045054095,-2.3501646196213686e-06,4.617117464562674e-07,9.127365177210898e-06,1.283381613347563e-07
matched_gaussian,gaussian,1.0,1.2,0.05,90,0.003110560992012033,-1.5183015558470145e-16,-1.1477133492903308e-18,1.5263362150156377e-37,2.2059494900893848e-29,3.5082499788255883e-19,-5.199134137013637e-17,4.946929978336579e-17,-1.8252841171485556e-32,1.8252841171485556e-32,5.602124402539786e-32,1.0,9.369613732886599e-20,-4.573164452028288e-20,-3.314543009395163e-19,1.7860940185046562e-19
matched_gaussian,gaussian,1.0,1.2,0.05,91,0.003112467854337578,-0.0039238141119153445,-0.0003280608656539925,9.093279860406749e-11,0.013142134658122376,2.439839944242124e-07,-0.0015615682375235633,0.0015618122215179994,-0.00016461839715585652,0.00016461839715585652,0.00041357852175930775,0.999599523723919,2.3779295238387106e-06,-4.6721130475219557e-07,-9.221875378936242e-06,-1.302991780671757e-07
matched_gaussian,gaussian,1.0,1.2,0.05,92,0.0031144156771798596,1.1478551348322422e-15,6.320710201694099e-17,6.744998958948735e-36,9.748263107282659e-28,-1.0543316094076134e-18,4.2760217305711195e-16,-4.1409136978456903e-16,-8.403989116189048e-30,8.403989116189048e-30,2.329573317384156e-29,1.0,-6.4252541067794725e-19,9.540563580647093e-20,2.5108279055762855e-18,1.3711691659907376e-19
matched_gaussian,gaussian,1.0,1.2,0.05,93,0.003116344581008585,0.003903732348844854,0.00035178796131471424,9.26847345081713e-11,0.013395334580675973,-2.485609756629544e-07,0.0015757074878383689,-0.0015759560488140326,-0.00017790149680894788,0.00017790149680894788,0.00044067207871922073,0.9995789714243442,-2.4040188689211234e-06,4.7238401766247983e-07,9.309393566673722e-06,1.32183761005159e-07
matched_gaussian,gaussian,1.0,1.2,0.05,94,0.0031183150826431683,1.3004058394844046e-16,1.37002682561359e-17,1.3099391910081056e-37,1.893199979155855e-29,2.103190672973269e-18,6.24666352539448e-17,-4.9960454047934214e-17,-2.195004688477063e-31,2.195004688477063e-31,5.713312596904319e-31,1.0,-7.741448711452093e-20,4.04504134820199e-21,3.5349527288996955e-19,-5.064185081878501e-21
matched_gaussian,gaussian,1.0,1.2,0.05,95,0.003120264747342087,-0.0038734420358477913,-0.0003780388963291844,9.431236892994355e-11,0.013630569733156689,2.523221664479622e-07,-0.0015886298221077456,0.0015888821442742063,-0.00019250265629870808,0.00019250265629870808,0.00046929086817851034,0.9995570142461749,2.4284095604148364e-06,-4.772254420466751e-07,-9.38986148242148e-06,-1.3398938476685923e-07
matched_gaussian,gaussian,1.0,1.2,0.05,96,0.003122256700629283,1.6811864823210456e-16,3.094643115626033e-17,2.9587987652718062e-37,4.2762273235203106e-29,5.131121921148809e-19,7.544312694575136e-17,-7.985796292060988e-17,-7.915169022789688e-31,7.915169022789688e-31,1.6663178823668747e-30,1.0,-1.6389043556037614e-19,5.828289847443805e-20,4.787640459988873e-19,1.9080852618057864e-19
matched_gaussian,gaussian,1.0,1.2,0.05,97,0.003124225827333393,0.0038318027897356367,0.00040723548901641003,9.581092008878167e-11,0.013847149024939918,-2.550670797778642e-07,0.0016003279160397392,-0.0016005829831195312,-0.00020863222758719935,0.00020863222758719935,0.0004994664819810151,0.99953334757827,-2.4510792780433606e-06,4.817313272614524e-07,9.463226048690715e-06,1.357134527029118e-07
matched_gaussian,gaussian,1.0,1.2,0.05,98,0.003126237999009781,7.418788007338721e-16,8.376156925443506e-17,3.563594525903209e-36,5.150313181307152e-28,2.0757652551088198e-19,3.0699783842112764e-16,-3.0657573140811595e-16,-8.214110495171435e-30,8.214110495171435e-30,1.9877223860035693e-29,1.0,-4.805317767483854e-19,9.281869243150959e-20,1.821739445092547e-18,7.303301970651495e-20
matched_gaussian,gaussian,1.0,1.2,0.05,99,0.003128225270029869,-0.003777405603040594,-0.00043989927796977556,9.717598057496943e-11,0.014044435471649576,2.5654778755881826e-07,-0.0016107953302379437,0.0016110518780255083,-0.0002265503589862968,0.0002265503589862968,0.0005311887264949675,0.9995075694697867,2.4720062996538077e-06,-4.858975941607709e-07,-9.529438757657271e-06,-1.3735327258400995e-07
matched_gaussian,gaussian,1.0,1.2,0.05,100,0.00313025642317109,-1.422523754244616e-15,-1.0636881391852165e-16,1.1312757738087534e-35,1.6349852619845795e-27,-8.95100400391595e-20,-5.515617270509317e-16,5.409410751986952e-16,-1.8381644437424458e-29,1.8381644437424458e-29,4.833858446543379e-29,1.0,8.317052670814572e-19,-1.654767472476023e-19,-3.2546318642873807e-18,3.182704639296294e-20
matched_gaussian,gaussian,1.0,1.2,0.05,101,0.0031322605009373077,-0.0037084871004865174,-0.0004766829609124045,9.84035097444297e-11,0.014221845096003735,2.5645428516278806e-07,-0.0016200263620546032,0.001620282816339773,-0.0002465826869052586,0.0002465826869052586,0.0005643759869386268,0.9994791427300344,2.4911692354456654e-06,-4.897203014877164e-07,-9.588454762287901e-06,-1.389060209925994e-07
matched_gaussian,gaussian,1.0,1.2,0.05,102,0.0031343093979043155,9.70842143501787e-16,6.868695512239201e-17,5.128849354313698e-36,7.412510105303147e-28,1.7036431366036404e-19,3.70594860422091e-16,-3.6777750882778823e-16,-8.059675685103061e-30,8.059675685103061e-30,2.1275560985211279e-29,1.0,-5.688265990855529e-19,8.902550719126016e-20,2.188172270580249e-18,9.624046872016573e-20
matched_gaussian,gaussian,1.0,1.2,0.05,103,0.003136328923253188,0.003622809213491008,0.0005184145269973566,9.94898153742233e-11,0.014378844276561071,-2.5439396890972036e-07,0.0016280158267821913,-0.0016282702207511181,-0.0002691423498524516,0.0002691423498524516,0.0005988265168519095,0.9994473386799942,-2.5085466292018025e-06,4.931955935092012e-07,9.64023152836538e-06,1.4036869094203115e-07
matched_gaussian,gaussian,1.0,1.2,0.05,104,0.0031383943293121397,5.37546639713302e-16,1.0026803280760825e-16,2.6397005682084653e-36,3.8150481297257723e-28,-2.837641043286866e-19,2.622072586245147e-16,-2.5940190941684206e-16,-8.287587993910518e-30,8.287587993910518e-30,1.7173987221104314e-29,1.0,-4.1968352884785154e-19,1.093801956636713e-19,1.5631552228777354e-18,9.026641573095736e-20
matched_gaussian,gaussian,1.0,1.2,0.05,105,0.0031404279188281146,-0.0035174868086772938,-0.0005661604915637086,1.004315198241432e-10,0.014514944857198507,2.498622537097068e-07,-0.0016347587319943627,0.0016350085942480736,-0.0002947615080991269,0.0002947615080991269,0.0006341371660626216,0.9994111516429506,2.5241163573954196e-06,-4.963196190206374e-07,-9.684726821631315e-06,-1.4173801403398388e-07
matched_gaussian,gaussian,1.0,1.2,0.05,106,0.0031425086067306046,2.3501572020917397e-16,3.291990803066453e-17,3.585016474001908e-37,5.181273421272737e-29,-1.6341286009268989e-19,9.354153382205652e-17,-1.0750499161051484e-16,-1.126187667099968e-30,1.126187667099968e-30,2.461948991476424e-30,1.0,-1.6683486293185213e-19,3.4734055522976776e-20,5.738225482395549e-19,1.3747888182966782e-20
matched_gaussian,gaussian,1.0,1.2,0.05,107,0.0031445548486965045,0.0033887349454027986,0.0006213186266608914,1.0122550290370283e-10,0.01462969588991748,-2.4219950940032567e-07,0.001640249785212781,-0.0016404919847221914,-0.00032413752535380446,0.00032413752535380446,0.0006695650874934532,0.9993691653710459,-2.537854712290641e-06,4.990884053635193e-07,9.721895657146669e-06,1.4301034295270103e-07
matched_gaussian,gaussian,1.0,1.2,0.05,108,0.003146649604663659,-4.760700444496164e-16,-1.414741630941972e-16,2.9662089064127598e-36,4.286936888628291e-28,-9.567173523071716e-20,-2.779315584460548e-16,2.790851934737984e-16,-1.2547740975089615e-29,1.2547740975089615e-29,2.1404229760092992e-29,1.0,4.371600487917587e-19,-9.340032720186444e-20,-1.6607248443792457e-18,9.148425161338985e-20
matched_gaussian,gaussian,1.0,1.2,0.05,109,0.0031487070529116422,0.0032314883406708086,0.000685757585048941,1.0186880816553393e-10,0.014722670091823159,-2.305262437050199e-07,0.0016444826325488866,-0.001644713158792596,-0.0003582024319565927,0.0003582024319565927,0.0007037865394823086,0.9993193378212895,-2.5497349749212334e-06,5.01497659388031e-07,9.75168557350152e-06,1.4418147033511397e-07
matched_gaussian,gaussian,1.0,1.2,0.05,110,0.00315081468472813,-5.27174811919725e-16,-8.026024926159302e-17,2.3185510348365098e-36,3.350904225902426e-28,2.2224396626499235e-20,-2.5547821636251226e-16,2.3420781679191486e-16,-5.96594202948326e-30,5.96594202948326e-30,1.3428648156996066e-29,1.0,3.586616384246074e-19,-2.997215931881791e-20,-1.47589709394464e-18,-1.0364507566990334e-19
matched_gaussian,gaussian,1.0,1.2,0.05,111,0.00315288184922698,0.0030388107140137165,0.0007620336159726458,1.0235848907972167e-10,0.014793441613348507,-2.1364251818199729e-07,0.0016474486461762418,-0.0016476622886944404,-0.0003982306067268045,0.0003982306067268045,0.0007344632711891962,0.9992586417651451,-2.559725133907356e-06,5.035424452477823e-07,9.77402909881769e-06,1.4524634199722975e-07
matched_gaussian,gaussian,1.0,1.2,0.05,112,0.003155001197606709,8.792439067238762e-17,7.775840292881347e-17,3.3494533719759107e-37,4.840823984453996e-29,-1.0243347662198622e-19,8.830496811016943e-17,-9.60565691389831e-17,-2.367417613893268e-30,2.367417613893268e-30,2.1669913159970166e-30,1.0,-1.4308303500192725e-19,3.757404287882607e-20,5.170838320450713e-19,2.1374069390631487e-19
matched_gaussian,gaussian,1.0,1.2,0.05,113,0.0031570765297956353,-0.0028009449646881693,-0.0008537390332282451,1.026913513662074e-10,0.014841548798640946,1.8986622700810835e-07,-0.001649134921389166,0.0016493247876161882,-0.00044601166185539824,0.00044601166185539824,0.0007574336648827425,0.9991824391865144,2.5677841122219876e-06,-5.052166453377881e-07,-9.78883130069632e-06,-1.4619858757653227e-07
matched_gaussian,gaussian,1.0,1.2,0.05,114,0.0031592064850066376,-3.7370698380662943e-16,-1.2630934126807635e-16,2.0179918778634362e-36,2.9165187264666714e-28,-7.830900557762256e-19,-2.2781514279009685e-16,2.2407606054514973e-16,-8.958863479081517e-30,8.958863479081517e-30,1.4941309843441862e-29,1.0,3.730148328079145e-19,-8.66946164876477e-20,-1.3633618940411185e-18,-1.121614983735229e-19
matched_gaussian,gaussian,1.0,1.2,0.05,115,0.0031612883543149666,0.0025037207763853007,0.0009660863440230497,1.0286350584072238e-10,0.01486642956026718,-1.5676199970224456e-07,0.0016495208168622619,-0.0016496775788619827,-0.000504139705827285,0.000504139705827285,0.0007651343946562475,0.9990833375202088,-2.5738552551348595e-06,5.065120195591293e-07,9.795948284965938e-06,1.4702972030201963e-07
matched_gaussian,gaussian,1.0,1.2,0.05,116,0.0031634278816215673,-1.7369934683611375e-16,6.2552943282803e-18,1.2717138333798654e-37,1.837954478630509e-29,6.636665618501227e-19,-5.867620856091167e-17,5.571012470807435e-17,1.1016000369054528e-31,1.1016000369054528e-31,-3.434693565806774e-31,1.0,8.583878694448078e-20,2.2653047702570835e-20,-3.4437997386855637e-19,2.631271597467757e-20
matched_gaussian,gaussian,1.0,1.2,0.05,117,0.0031655145364459063,-0.00212574847677763,-0.0011069373948373955,1.0286955304679384e-10,0.014867303537508796,1.1066350990958633e-07,-0.0016485716433135497,0.0016486823068234747,-0.0005765217870958498,0.0005765217870958498,0.0007433453405036992,0.9989489718817955,2.57785448431556e-06,-5.074164742117709e-07,-9.795148000525042e-06,-1.4772770219821602e-07
matched_gaussian,gaussian,1.0,1.2,0.05,118,0.003167662717094082,-2.348399510205536e-16,-4.7511100352334973e-17,5.8834205968871664e-37,8.503060163288899e-29,2.4895946271762417e-19,-1.2518461743720076e-16,1.2181094841972122e-16,-1.8270165454015365e-30,1.8270165454015365e-30,3.522314550556225e-30,1.0,1.8243030445067216e-19,-4.755853850226232e-20,-7.381546716890861e-19,8.903431802320922e-20
matched_gaussian,gaussian,1.0,1.2,0.05,119,0.003169752216648814,-0.0016331641702018213,-0.001288730041495737,1.0270099702255862e-10,0.014842942844756095,4.5778994023009975e-08,-0.0016462263475746875,0.0016462721265687215,-0.0006693268750922186,0.0006693268750922186,0.0006639975572155994,0.9987573841608777,2.579647288988039e-06,-5.079106570741585e-07,-9.786033844794408e-06,-1.4827420525549356e-07
matched_gaussian,gaussian,1.0,1.2,0.05,120,0.003171908317976346,4.2803717135235654e-16,7.835447151093464e-17,1.4622245414855301e-36,2.1132915867118715e-28,-1.3874706058069374e-19,1.8911932136508436e-16,-2.0246854071693378e-16,-5.001505061024845e-30,5.001505061024845e-30,1.0573643052125374e-29,1.0,-3.376687451225378e-19,3.0907229499570996e-20,1.160668403955234e-18,9.89743792964838e-21
matched_gaussian,gaussian,1.0,1.2,0.05,121,0.0031739984052421566,0.0009690136776466306,0.0015323690197412017,1.0234289063681304e-10,0.014791187236046704,4.761570639452055e-08,0.0016423713487853332,-0.001642323733078957,-0.0007928945410934786,0.0007928945410934786,0.00046782838229494835,0.9984664870896424,-2.5790001588649987e-06,5.079606674189014e-07,9.767882638515578e-06,1.4863895158622093e-07
matched_gaussian,gaussian,1.0,1.2,0.05,122,0.0031761620096863,1.1926835258077873e-16,3.412336588072972e-16,4.322141258512117e-36,6.246608847718006e-28,4.179353696699378e-19,3.39406486093746e-16,-3.2788260410000904e-16,-3.522634560677246e-29,3.522634560677246e-29,1.2813696595746867e-29,1.0,-5.238015194114961e-19,8.388850728412948e-20,1.9995897768324332e-18,2.0585594357993496e-19
matched_gaussian,gaussian,1.0,1.2,0.05,123,0.003178249852950305,2.9605470521915523e-05,0.0018758884176003942,1.0176592144014422e-10,0.014707800306439204,1.8720186602916035e-07,0.0016367784712939882,-0.001636591269427979,-0.0009659601191567726,0.0009659601191567726,1.747394378013351e-05,0.9979870702512701,-2.5754663208752255e-06,5.075006184281371e-07,9.73926107302871e-06,1.4876674313956897e-07
matched_gaussian,gaussian,1.0,1.2,0.05,124,0.0031804211184567393,-6.528542486827779e-17,1.7013488290477974e-16,5.774171398878747e-37,8.345166895561593e-29,9.301973523775631e-20,1.199594973796666e-16,-1.2384151990560084e-16,-6.624834166021761e-30,6.624834166021761e-30,-3.492407986758349e-30,1.0,-2.0649286338169677e-19,3.9997120746210177e-20,7.30190260028544e-19,5.017487050006295e-22
matched_gaussian,gaussian,1.0,1.2,0.05,125,0.003182502718273821,0.001395535907696192,-0.0023964325587570888,1.0090475293964325e-10,0.014583339247606129,-4.088370232901292e-07,-0.001628933911779799,0.0016285250747565309,-0.0012262834810760688,0.0012262834810760688,-0.0010508420517333363,0.9971018213426494,2.568074154461861e-06,-5.06384131676282e-07,-9.696971593678216e-06,-1.4854325771455513e-07
matched_gaussian,gaussian,1.0,1.2,0.05,126,0.003184682973274772,2.23635341608507e-16,-2.9643437721902004e-16,1.2632790943368975e-36,1.825764105298719e-28,-7.593709548238738e-20,-1.7842968766901708e-16,1.8525498718757222e-16,-1.724377189645225e-29,1.724377189645225e-29,-2.0816264529373877e-29,1.0,2.9320167871793077e-19,-7.738460633826113e-20,-1.0791051552308196e-18,8.279828856942639e-20
matched_gaussian,gaussian,1.0,1.2,0.05,127,0.0031867515403255315,0.0038074053832904413,-0.003277442636323654,9.958457026413515e-11,0.014392538801989232,-7.978210500820151e-07,-0.001617452718905842,0.0016166548978557873,-0.0016626629416841105,0.0016626629416841105,-0.003915759537277762,0.9951602878901649,2.554274720794025e-06,-5.042163888423686e-07,-9.632455866631377e-06,-1.4768454715805663e-07
matched_gaussian,gaussian,1.0,1.2,0.05,128,0.003188944907808814,-7.048004686807956e-16,4.041922761995022e-16,6.178563347013552e-37,8.929617557878537e-29,2.0805618219120103e-19,1.2459928769650347e-16,-1.2472371480894768e-16,-1.5808476985990152e-29,1.5808476985990152e-29,-8.933202483523299e-29,1.0,-2.1107156252637007e-19,5.207104729648952e-20,7.5535800777078e-19,5.2930448738804046e-21
matched_gaussian,gaussian,1.0,1.2,0.05,129,0.0031909849740348623,-0.008749876970543715,0.0050832533410996444,9.716979170306264e-11,0.014043541020041031,1.6169008865908827e-06,0.001597235243644645,-0.0015956183427580882,-0.002541827159307807,0.002541827159307807,-0.013938593163754972,0.9894232546762705,-2.5249221493391274e-06,4.995264706406287e-07,9.514406849402855e-06,1.4524273477415896e-07
matched_gaussian,gaussian,1.0,1.2,0.05,130,0.0031932042623207405,6.4797978172007e-16,-3.7555328328604365e-16,5.546398156427606e-37,8.015975814921505e-29,1.50149132716126e-20,-1.1744685081316526e-16,1.215612215441086e-16,-1.4296835442018632e-29,1.4296835442018632e-29,-7.620900967703357e-29,1.0,2.0214039871907664e-19,-6.119895965866634e-20,-7.133478600795201e-19,-3.418468524236708e-20
matched_gaussian,gaussian,1.0,1.2,0.05,131,0.0031951545089261325,0.024058791152282717,-0.010665905560702876,8.929012696283629e-11,0.012904726239602926,-4.198937124270082e-06,-0.001531893700223548,0.0015276947630993552,-0.005099674530066607,0.005099674530066607,-0.08031185772645645,0.9566961457764331,2.4169406175113516e-06,-4.815659818079178e-07,-9.121308970659383e-06,-1.3543220146687763e-07
matched_gaussian,gaussian,1.0,1.2,0.05,132,0.0031974583855603,-1.2799441120186289e-15,4.801088065657615e-16,4.3792538677016116e-39,6.329151297985393e-31,4.275468126928074e-19,6.8570448139502225e-18,-5.638712626304746e-18,-8.466710940815176e-31,8.466710940815176e-31,-1.9218778354310137e-28,1.0,-3.7757006966174555e-21,1.5546554090051634e-20,3.799561283500518e-20,-5.176520079328064e-20
matched_gaussian,gaussian,1.0,1.2,0.05,133,0.0031984553901353197,-0.10938251878861316,0.04101122594115105,9.933172258474582e-12,0.0014355995791089536,1.8659811629735668e-05,0.0005221939015624267,-0.0005035340899329536,-0.006456413428495107,0.006456413428495107,-1.4025242327554317,0.3842602136875475,-7.591867257631813e-07,1.7317022947763705e-07,3.053943404388102e-06,1.5796465320937135e-08
matched_gaussian,gaussian,1.0,1.2,0.05,134,0.0032000701687879326,-0.07925999598109455,0.02766722177132508,7.408950286624872e-11,0.01070784401633967,1.3431442959826922e-05,-0.0013827096325103193,0.0013961410754699702,0.012070780552201005,0.012070780552201005,-0.6852674381305419,0.7232619036662667,2.2536228582210837e-06,-4.271880616682651e-07,-8.294851822198253e-06,-1.5372210932262842e-07
matched_gaussian,gaussian,1.0,1.2,0.05,135,0.003201704636639436,4.130710688705838e-15,-1.3457211052227182e-15,8.805593777794428e-37,1.2726354071249543e-28,-6.665352673151752e-19,1.5393771718178e-16,-1.528668469742262e-16,6.425206744804262e-29,6.425206744804262e-29,-1.736195303510292e-27,1.0,-2.343661157034199e-19,3.0851401501108316e-20,9.075350171014408e-19,3.256202311956488e-20
matched_gaussian,gaussian,1.0,1.2,0.05,136,0.0032039351702829125,0.027175466341110815,-0.00816527490539722,9.904953390670683e-11,0.014315212249147386,-4.56993697339659e-06,0.0016051589671320092,-0.0016097289041053543,0.004102417285810247,0.004102417285810247,-0.0692570671890172,0.9761818507540744,-2.57925712730695e-06,5.026062108664142e-07,9.597856481166483e-06,1.5970141412080702e-07
matched_gaussian,gaussian,1.0,1.2,0.05,137,0.00320594038688373,-1.937661019747051e-15,6.04408621581005e-16,3.925203112638095e-37,5.672930852087893e-29,1.2192268663984199e-19,-9.66065136241272e-17,9.898620252375603e-17,1.866164276406783e-29,1.866164276406783e-29,-3.6530280813329222e-28,1.0,1.6499633855478897e-19,-4.9855180622570295e-20,-5.934389696797866e-19,1.0315604566775109e-19
matched_gaussian,gaussian,1.0,1.2,0.05,138,0.003208109246222125,-0.017437179188534935,0.004572246258507343,9.814027740444436e-11,0.01418380123381576,2.9348267273517367e-06,-0.0015977962505747132,0.0016007310773020471,0.002281386361044128,0.002281386361044128,-0.02485173389827286,0.9924134730517775,2.5671006793711944e-06,-5.023338612753488e-07,-9.55370530520607e-06,-1.5699407476051686e-07
matched_gaussian,gaussian,1.0,1.2,0.05,139,0.0032101630216585225,1.5917598500401734e-15,-3.1982675877444537e-16,1.9811565229800637e-36,2.8632821384051054e-28,-2.736678221251949e-19,2.260334042254885e-16,-2.3142382207452863e-16,2.305662684976369e-29,2.305662684976369e-29,-1.5858614972227398e-28,1.0,-3.7014279835960487e-19,4.605402569352057e-20,1.3504147561617052e-18,1.3568288344786633e-19
matched_gaussian,gaussian,1.0,1.2,0.05,140,0.003212303283974941,0.013650248617558636,-0.003184643875114597,9.655405233802077e-11,0.013954550801177086,-2.314083697220635e-06,0.0015841630490789878,-0.001586477132776197,0.0015728168349201537,0.0015728168349201537,-0.013532713698162356,0.996156460885957,-2.548811448790539e-06,4.995717799122354e-07,9.475434703790178e-06,1.5549195303651018e-07
matched_gaussian,gaussian,1.0,1.2,0.05,141,0.0032143699421672274,-9.199905011237944e-16,1.5146394223508355e-16,9.471177085619383e-37,1.3688293612527754e-28,-4.1680141708343736e-20,-1.580593828465729e-16,1.5606853919538217e-16,7.354087000161923e-30,7.354087000161923e-30,-4.335076255257943e-29,1.0,2.452620353192374e-19,-3.3341451061737145e-20,-9.40342284236309e-19,4.011207687644633e-20
matched_gaussian,gaussian,1.0,1.2,0.05,142,0.0032164903448612023,-0.01163827904839095,0.0024537091849136,9.48798310322813e-11,0.013712582642434622,1.9959696918848207e-06,-0.001569502066509183,0.0015714980362010525,0.0011988219307608715,0.0011988219307608715,-0.008878295637743217,0.9975611545842077,2.5299717983403737e-06,-4.963183444730367e-07,-9.391959153065945e-06,-1.544185868476625e-07
matched_gaussian,gaussian,1.0,1.2,0.05,143,0.0032185585672193607,-1.1539534422687037e-15,2.469168682007718e-16,9.123982713413058e-37,1.3186508199329915e-28,6.71551799024083e-19,-1.5425498336626503e-16,1.5353203879978963e-16,1.1778455913472806e-29,1.1778455913472806e-29,-8.85273839402746e-29,1.0,2.445879211095349e-19,-6.836881395445347e-20,-9.208151943373138e-19,3.2147257778378923e-22
matched_gaussian,gaussian,1.0,1.2,0.05,144,0.0032206620879207835,0.010383065779575647,-0.002002964048915652,9.314576415803052e-11,0.0134619652555573,-1.8069746126684863e-06,0.001554146986578245,-0.0015559539611909134,0.0009676643376285659,0.0009676643376285659,-0.006457339176319052,0.9982317799062081,-2.510428778312167e-06,4.927622808256911e-07,9.304683566789424e-06,1.5349450663429368e-07
matched_gaussian,gaussian,1.0,1.2,0.05,145,0.0032227263349659018,5.861858465002806e-16,-9.17553964092208e-17,4.088988532345594e-37,5.909643025679431e-29,-8.194071590228789e-19,1.0477326892525243e-16,-1.0210823302423707e-16,2.9071600948962026e-30,2.9071600948962026e-30,-1.668950730676205e-29,1.0,-1.550743648150912e-19,2.2752638830396548e-20,6.078607097754538e-19,1.218132568700567e-19
matched_gaussian,gaussian,1.0,1.2,0.05,146,0.0032248139050393494,-0.009518296648740102,0.0016971384018838482,9.13462188402642e-11,0.013201884544828787,1.6846480744236694e-06,-0.0015380775036686646,0.001539762151743073,0.0008103380704873847,0.0008103380704873847,-0.005009239986796092,0.9986015898305223,2.489894828988282e-06,-4.889256040786153e-07,-9.213267941968874e-06,-1.5260460021438471e-07
matched_gaussian,gaussian,1.0,1.2,0.05,147,0.0032268707045997485,-8.134353878948883e-16,1.2665674928626744e-16,9.147218237601607e-37,1.322008952448714e-28,-5.827417113117396e-20,-1.5885095164037337e-16,1.4977416265768181e-16,5.878732154422535e-30,5.878732154422535e-30,-3.1927861825489454e-29,1.0,2.2876929192933866e-19,-5.437580485967378e-20,-9.270335606072891e-19,-6.203562197965572e-21
matched_gaussian,gaussian,1.0,1.2,0.05,148,0.003228942351925849,0.008880374631785093,-0.0014758595778389802,8.947692444545828e-11,0.012931723293560382,-1.6010687219010145e-06,0.001521258071817035,-0.0015228591405389395,0.0006960564802042786,0.0006960564802042786,-0.0040589718014944955,0.9988262004140996,-2.468191697165839e-06,4.848082900617545e-07,9.117395686734528e-06,1.5169378662920913e-07
matched_gaussian,gaussian,1.0,1.2,0.05,149,0.0032309891580190307,1.6717318450820703e-16,-2.9569653900513594e-17,2.4867754325156726e-38,3.5940318675256976e-30,3.4085740772860296e-21,2.1115385901340056e-17,-2.932302635813132e-17,2.6836108025110046e-31,2.6836108025110046e-31,-1.5299504162945466e-30,1.0,-5.1038385187546e-20,-8.773956749284312e-21,1.4356973507934623e-19,-3.966845616875503e-20
matched_gaussian,gaussian,1.0,1.2,0.05,150,0.0032330444541126056,-0.00838535278858662,0.0013081577102487306,8.753699165033806e-11,0.012651352971602236,1.541879810135772e-06,-0.0015036696746919792,0.0015052115545021183,0.0006090402184457072,0.0006090402184457072,-0.0033928899089499566,0.9989725171994163,2.4452201718011508e-06,-4.80408774056324e-07,-9.016893978430374e-06,-1.5073272143287166e-07
matched_gaussian,gaussian,1.0,1.2,0.05,151,0.0032350792014511865,-1.6471616305191167e-15,2.3986676562485897e-16,3.5647394171605406e-36,5.151967844454415e-28,3.3759429690835913e-19,-2.9838826094606557e-16,3.077746653519893e-16,2.2820125543182607e-29,2.2820125543182607e-29,-1.2212972486013835e-28,1.0,5.114818889684212e-19,-1.0267664563510112e-19,-1.8145475963972393e-18,4.703912854605542e-22
matched_gaussian,gaussian,1.0,1.2,0.05,152,0.0032371174659918266,0.007985757736184436,-0.00117651929291991,8.552800001954558e-11,0.012361001866783884,-1.4989347289217365e-06,0.0014853080299655032,-0.0014868069646944303,0.0005403749160133521,0.0005403749160133521,-0.0029023963893527534,0.9990731277090791,-2.4209288988965204e-06,4.7572708872469154e-07,8.91169880375637e-06,1.497045564239093e-07
matched_gaussian,gaussian,1.0,1.2,0.05,153,0.003239138367035751,8.838696011999513e-16,-1.3142861156408537e-16,1.0567376078783109e-36,1.5272583879781384e-28,-8.0754164246859e-20,1.6689759354619835e-16,-1.5874956664930324e-16,6.441291716170726e-30,6.441291716170726e-30,-3.5863165239130793e-29,1.0,-2.5333769505978967e-19,6.650532546691909e-20,9.90839279123328e-19,-7.982596551878803e-20
matched_gaussian,gaussian,1.0,1.2,0.05,154,0.0032411587724431538,-0.007652737265283715,0.0010702979739847704,8.345315421942091e-11,0.01206113313604344,1.46725636440837e-06,-0.0014661791795797879,0.0014676464359441993,0.0004846473490507155,0.0004846473490507155,-0.002527092859538268,0.9991454346358914,2.3952956739300837e-06,-4.707650158093617e-07,-8.801818644679506e-06,-1.4859912494687467e-07
matched_gaussian,gaussian,1.0,1.2,0.05,155,0.003243164214364095,4.800763358482893e-16,-4.7308144047743365e-17,5.6716682678862866e-37,8.197023434559413e-29,-1.5961382893849751e-19,1.2188161825731313e-16,-1.0699265234284397e-16,1.5607053712134802e-30,1.5607053712134802e-30,-7.002889446557632e-30,1.0,-1.8206839106437817e-19,8.144608606536713e-21,7.052521476026762e-19,1.9123546066646947e-19
matched_gaussian,gaussian,1.0,1.2,0.05,156,0.0032451658439629806,0.007367753995479008,-0.0009826501809303333,8.131672359774821e-11,0.011752363810247031,-1.4436224754493878e-06,0.0014462961683164165,-0.0014477397907918744,0.0004383818380216832,0.0004383818380216832,-0.002230987611981726,0.9991994145411709,-2.368316736162136e-06,4.6552576230589837e-07,8.687310024168586e-06,1.4741012031766664e-07
matched_gaussian,gaussian,1.0,1.2,0.05,157,0.0032471543319742007,-2.1105174465595124e-15,2.8393252979947013e-16,6.473329537715959e-36,9.355630726981586e-28,3.896534732329707e-19,-4.05604214850882e-16,4.092895983466032e-16,3.578845327271725e-29,3.578845327271725e-29,-1.845445262292884e-28,1.0,6.741037156321895e-19,-1.273629301785264e-19,-2.4497449692637055e-18,3.797351538034282e-20
matched_gaussian,gaussian,1.0,1.2,0.05,158,0.00324913621457382,-0.007118359348870975,0.0009089766235190521,7.912368382419205e-11,0.011435413001989338,1.4258460599678212e-06,-0.0014256768390264608,0.0014271026850864303,0.0003992454900124853,0.0003992454900124853,-0.001991428434704983,0.9992411187400156,2.3400005186245996e-06,-4.600136374478171e-07,-8.568262006796982e-06,-1.4613361444257792e-07
matched_gaussian,gaussian,1.0,1.2,0.05,159,0.003251106338798979,1.900060961051407e-15,-2.3151619648940347e-16,6.513357590963672e-36,9.41348158761268e-28,-8.587372998951707e-20,4.1003682295524727e-16,-3.9335135492230945e-16,2.8011144541402003e-29,2.8011144541402003e-29,-1.3530621301151532e-28,1.0,-6.72142086978592e-19,8.272305447370269e-20,2.4555269962865614e-18,1.5851395093862565e-19
matched_gaussian,gaussian,1.0,1.2,0.05,160,0.003253067470404638,0.006895887105773706,-0.0008460719585057378,7.687948305851681e-11,0.011111068110870523,-1.4123826742618728e-06,0.001404342389014341,-0.001405754771688618,0.0003656148246791308,0.0003656148246791308,-0.0017935123578886913,0.9992743904877952,-2.3103638682788358e-06,4.5423380377009884e-07,8.444786317938132e-06,1.447672288397482e-07
matched_gaussian,gaussian,1.0,1.2,0.05,161,0.0032550178855666155,1.4116704004845275e-16,-2.0055102837401686e-17,4.153078218306078e-38,6.002269151347995e-30,1.7170424803547405e-19,3.2673234077551416e-17,-3.605871958066432e-17,2.2216815845525493e-31,2.2216815845525493e-31,-8.697707984884073e-31,1.0,-5.085377003454487e-20,3.120486015230908e-20,1.9481362861805552e-19,-4.310807798496559e-21
matched_gaussian,gaussian,1.0,1.2,0.05,162,0.0032569572436544235,0.006694121161225853,-0.0007916337381150593,7.458988341667013e-11,0.010780161911256516,-1.4021036860258876e-06,0.0013823164077960595,-0.0013837185114820923,0.0003363256486948837,0.0003363256486948837,-0.0016270683837133664,0.9993017657771849,-2.279429669860886e-06,4.481920953246431e-07,8.317010880600735e-06,1.4330964547271788e-07
matched_gaussian,gaussian,1.0,1.2,0.05,163,0.0032588866561515427,-3.118839437129505e-16,2.3758951104389177e-17,2.0505341193875217e-37,2.9635506584815234e-29,4.929020653257176e-19,-7.492360484273986e-17,8.002004228018463e-17,5.83387049781965e-31,5.83387049781965e-31,-2.2737935223775636e-30,1.0,1.0748968960314506e-19,-4.348831718051726e-20,-4.340914682348023e-19,-5.63270986500464e-20
matched_gaussian,gaussian,1.0,1.2,0.05,164,0.0032608032094346667,-0.006508489107483695,0.0007439652315018447,7.226084862759085e-11,0.0104435563157903,1.3941590959356005e-06,-0.0013596242164230568,0.0013610183755189682,0.0003105217597589344,0.0003105217597589344,-0.0014849376961990374,0.9993249727323196,2.247225292571159e-06,-4.4189488496955396e-07,-8.185075444897087e-06,-1.417603047394558e-07
matched_gaussian,gaussian,1.0,1.2,0.05,165,0.0032627103688750094,-5.3841404367881365e-18,-2.6940711667782532e-18,4.895837435899266e-39,7.075747786782257e-31,-1.8473189807188622e-18,-2.7523874735903783e-18,1.5149757109339887e-17,-1.2509392252932152e-32,1.2509392252932152e-32,4.4457692742237606e-33,1.0,3.971210908415446e-20,2.7339750409377416e-20,-4.8090862338408043e-20,1.6080821965581135e-20
matched_gaussian,gaussian,1.0,1.2,0.05,166,0.00326460308422315,0.0063355545150153465,-0.000701788351968317,6.989846078344381e-11,0.01010213034365374,-1.3878912458586138e-06,0.0013362923977538865,-0.0013376802889997347,0.00028755974961072994,0.00028755974961072994,-0.0013619476080829833,0.9993452215920176,-2.2137815342402016e-06,4.3534898543882e-07,8.049128522366003e-06,1.401192114322261e-07
matched_gaussian,gaussian,1.0,1.2,0.05,167,0.003266486777754061,-8.122865271508705e-17,4.892075089777154e-18,1.9752374013115627e-38,2.8547274809856238e-30,1.3311390101171292e-18,-2.4701787435320162e-17,1.2262907464197105e-17,1.836562282829415e-32,1.836562282829415e-32,-1.2165261810637456e-31,1.0,2.76107755172116e-20,2.0235024096087086e-20,-1.3619344533625626e-19,-5.64874638523692e-21
matched_gaussian,gaussian,1.0,1.2,0.05,168,0.003268354625251053,-0.006172686370949976,0.0006641218743990569,6.75088560125629e-11,0.009756770823648779,1.382778714772649e-06,-0.0013123484497740247,0.00131373122848879,0.0002669470562281879,0.0002669470562281879,-0.001254275166801375,0.9993633798538795,2.179131874967127e-06,-4.285615732661675e-07,-7.909325151620106e-06,-1.3838680549230747e-07
matched_gaussian,gaussian,1.0,1.2,0.05,169,0.0032702136736982783,-3.8016616676779264e-16,5.3568447432868735e-17,2.241404290500923e-37,3.239407283318645e-29,-4.392733700393932e-19,-7.211343679023402e-17,6.48070465863073e-17,1.0615859435301172e-30,1.0615859435301172e-30,-6.2273947063602946e-30,1.0,1.2861563369340877e-19,-5.566706397021881e-20,-4.475073407014242e-19,6.509075070246342e-20
matched_gaussian,gaussian,1.0,1.2,0.05,170,0.003272055630443346,0.006017837541986419,-0.0006301998252429082,6.509817291347246e-11,0.00940836494158359,-1.3783987994779519e-06,0.0012878205198008634,-0.001289198918600324,0.00024830046459056916,0.00024830046459056916,-0.0011590390248915781,0.9993800816986972,-2.1433119282839677e-06,4.215401281481717e-07,7.765825205379873e-06,1.3656387295180705e-07
matched_gaussian,gaussian,1.0,1.2,0.05,171,0.0032738888856534447,3.2782638242154907e-16,-4.0071020484647764e-17,1.905353022161392e-37,2.7537265291409785e-29,3.6375641122190004e-19,7.468243189274495e-17,-6.165175189967951e-17,7.545914658595371e-31,7.545914658595371e-31,-4.0124567889236555e-30,1.0,-9.394766094305165e-20,2.000016208600574e-20,4.251902944927741e-19,-2.2854894555654262e-20
matched_gaussian,gaussian,1.0,1.2,0.05,172,0.0032757039386907467,-0.005869392513206957,0.0005994153939004345,6.267250994605329e-11,0.009057794082197134,1.3744018113036688e-06,-0.0012627371929675988,0.0012641115947789054,0.00023131759270691519,0.00023131759270691519,-0.0010740299767952738,0.9993957983928122,2.1063590213218693e-06,-4.1429238278557303e-07,-7.6187920577455915e-06,-1.346514825310582e-07
matched_gaussian,gaussian,1.0,1.2,0.05,173,0.0032775102816917645,1.015629695927376e-15,-1.1068981615272382e-16,1.7142331933684668e-36,2.477509084567403e-28,1.7120107275464756e-19,2.0762324085076688e-16,-2.0279276118376227e-16,6.848824724646562e-30,6.848824724646562e-30,-3.4300384944458473e-29,1.0,-3.5266714472306504e-19,6.784217400718531e-20,1.2513411687529978e-18,1.3929033423467622e-19
matched_gaussian,gaussian,1.0,1.2,0.05,174,0.0032792974303194416,0.005726060395692945,-0.0005712815179005555,6.023788938696939e-11,0.008705928619788693,-1.3704931005908008e-06,0.0012371273178826212,-0.0012384978109832214,0.00021575685780538925,0.00021575685780538925,-0.0009975284474647574,0.9994108847625647,-2.0683118609322e-06,4.0682627987879636e-07,7.468391496117334e-06,1.326509390047579e-07
matched_gaussian,gaussian,1.0,1.2,0.05,175,0.003281075770048268,1.785220044086766e-16,-1.4219828515259769e-18,1.1708517207754022e-37,1.692182712436208e-29,-1.769235956494543e-18,5.417517243316901e-17,-5.106881629479427e-17,2.213267419236086e-32,2.213267419236086e-32,-7.736951130678963e-32,1.0,-8.802977728603759e-20,1.5436656235851054e-20,3.2759726954634836e-19,-4.2162412389996825e-20
matched_gaussian,gaussian,1.0,1.2,0.05,176,0.003282834027675195,-0.005586798255811926,0.0005454026339085092,5.780022632292793e-11,0.008353623436944237,1.3664202636779464e-06,-0.0012110198583166747,0.0012123862785803348,0.00020142311919452098,0.00020142311919452098,-0.0009281780492549367,0.9994256105746026,2.029210258167179e-06,-3.9914993405269455e-07,-7.314790802818028e-06,-1.305637477691889e-07
matched_gaussian,gaussian,1.0,1.2,0.05,177,0.0032845833001033317,6.920559210222892e-16,-8.084031284297162e-17,1.1303882199742959e-36,1.633702517783605e-28,-3.2345758767187312e-18,1.7333242881816365e-16,-1.3699201939297628e-16,3.371653781583265e-30,3.371653781583265e-30,-1.703291165077551e-29,1.0,-2.625446512550937e-19,6.359136276581999e-20,1.0268014920398775e-18,-5.56179880785378e-20
matched_gaussian,gaussian,1.0,1.2,0.05,178,0.0032863116957687084,0.005450755206052437,-0.0005214540721264619,5.536530169138445e-11,0.008001714028223014,-1.36196390427911e-06,0.0011844437635162765,-0.0011858057274205611,0.00018815720557197326,0.00018815720557197326,-0.0008648962002052889,0.9994401821524369,-1.98909489304013e-06,3.9127159720194515e-07,7.158157956868094e-06,1.283915870108081e-07
matched_gaussian,gaussian,1.0,1.2,0.05,179,0.0032880308633112644,-3.773812155336498e-16,4.6309179472749635e-17,1.954216948902326e-37,2.8243475058415965e-29,-1.5559158753538843e-19,-5.4049502728038704e-17,6.892787908534083e-17,9.70791837405226e-31,9.70791837405226e-31,-5.315100486067974e-30,1.0,1.2499211586436913e-19,6.0127480191821634e-21,-3.418843691798614e-19,-2.507540445012339e-19
matched_gaussian,gaussian,1.0,1.2,0.05,180,0.0032897284429477223,-0.0053172309945445015,0.00049916678676542,5.293873872045811e-11,0.007651013095117663,1.3569308825501518e-06,-0.001157427852195792,0.0011587847830783846,0.0001758281532209415,0.0001758281532209415,-0.0008068097887307761,0.9994547575345226,1.9480071075760674e-06,-3.83199626241847e-07,-6.998660922870458e-06,-1.2613628512593224e-07
matched_gaussian,gaussian,1.0,1.2,0.05,181,0.003291416494075385,-4.3517565666116635e-15,4.186085143820791e-16,3.532988866280358e-35,5.1060801096059834e-27,3.140921784041358e-18,-9.498378427006518e-16,9.363628647935164e-16,1.190883829072724e-28,1.190883829072724e-28,-5.534645507734527e-28,1.0,1.5756140441550888e-18,-3.209365222087892e-19,-5.7202179371048545e-18,-1.530867316302675e-19
matched_gaussian,gaussian,1.0,1.2,0.05,182,0.003293082321572752,0.005185644901138802,-0.000478315878338285,5.052598233642478e-11,0.00730230756990586,-1.3511493374799788e-06,0.0011300007068512725,-0.0011313518561888013,0.00016432736991043377,0.00016432736991043377,-0.0007532081051815448,0.9994694572742886,-1.9059887190759398e-06,3.7494245257338804e-07,6.836467004638464e-06,1.2379980180874502e-07
matched_gaussian,gaussian,1.0,1.2,0.05,183,0.003294738270569789,-1.5923498448403574e-15,1.4325959542121628e-16,4.752621220093397e-36,6.868763417859155e-28,-6.386085279423653e-19,-3.481217723796613e-16,3.5370781499007424e-16,1.5379685520221088e-29,1.5379685520221088e-29,-6.923748589638817e-29,1.0,5.775189945535227e-19,-1.1873814402665793e-19,-2.098712804973305e-18,-1.9971139613741722e-20
matched_gaussian,gaussian,1.0,1.2,0.05,184,0.003296371428681233,-0.0050555120790626434,0.0004587118539869312,4.813228124949585e-11,0.0069563560265833305,1.3444649948412366e-06,-0.0011021905761350497,0.0011035350411298939,0.00015356418886895685,0.00015356418886895685,-0.0007035078930919848,0.9994843722468376,1.863081848153651e-06,-3.6650855280818675e-07,-6.671742248501305e-06,-1.2138421173044248e-07
matched_gaussian,gaussian,1.0,1.2,0.05,185,0.0032979943155086403,-7.297608916303531e-17,1.2246552915029554e-17,2.1048254786738555e-38,3.0420156750065492e-30,1.1498649276626644e-18,-1.1275076892105556e-17,1.3702917982988306e-17,5.08835049775078e-32,5.08835049775078e-32,-2.709845596956989e-31,1.0,9.395333827383166e-21,5.457079941038801e-21,-5.1513552745007904e-20,-1.3519081570548712e-19
matched_gaussian,gaussian,1.0,1.2,0.05,186,0.0032995939066296975,0.0049264253547627,-0.0004401938939585479,4.5762672517276327e-11,0.006613886449885417,-1.3367384213108566e-06,0.0010740252837421126,-0.0010753620221634196,0.00014346244093860804,0.00014346244093860804,-0.0006572270471987165,0.9994995693672176,-1.8193287578307976e-06,3.579064204495211e-07,6.504650885976667e-06,1.1889169008026408e-07
matched_gaussian,gaussian,1.0,1.2,0.05,187,0.0033011827968635575,-1.9808513143888982e-15,1.875050650521656e-16,6.340497126848411e-36,9.16365363429522e-28,-8.77695101091197e-19,-3.8990871246990604e-16,4.045859178442714e-16,2.2980220579319746e-29,2.2980220579319746e-29,-1.1251108388061475e-28,1.0,7.052413096982038e-19,-1.4513093910712356e-19,-2.4104502040443337e-18,1.086215737323281e-19
matched_gaussian,gaussian,1.0,1.2,0.05,188,0.0033027479437070448,0.004798041083151516,-0.00042262460770762253,4.3421968445962384e-11,0.006275594342172292,-1.327842984762365e-06,0.0010455321427968833,-0.0010468599857816042,0.00013395778253643247,0.00013395778253643247,-0.0006139645728629148,0.9995150958315451,-1.774771701234745e-06,3.491445383493938e-07,6.335354809055793e-06,1.1632449945366066e-07
matched_gaussian,gaussian,1.0,1.2,0.05,189,0.003304301928530232,1.6325502936792954e-15,-1.354365444093021e-16,5.862582105622749e-36,8.472943168928975e-28,6.858593541091971e-19,3.8693289097600916e-16,-3.7256608184782376e-16,1.527071792498904e-29,1.527071792498904e-29,-6.691488100443184e-29,1.0,-6.356230462405608e-19,9.382036593071723e-20,2.3328274636177756e-18,-8.763111683586759e-20
matched_gaussian,gaussian,1.0,1.2,0.05,190,0.0033058317747144787,-0.004670068053173111,0.00040588590967442534,4.111474572273959e-11,0.005942141152780215,1.317663348160419e-06,-0.001016737875053838,0.0010180555384020008,0.00012499559156759326,0.00012499559156759326,-0.0005733851415253441,0.9995309823011762,1.7294527762411775e-06,-3.402313518343657e-07,-6.164013073522599e-06,-1.1368497773551107e-07
matched_gaussian,gaussian,1.0,1.2,0.05,191,0.003307349970945242,1.8918898502100927e-15,-1.70605121363403e-16,5.958088309259587e-36,8.610974265315491e-28,7.53204191867975e-19,3.7679427066745785e-16,-4.0536247120914568e-16,2.0910068243258874e-29,2.0910068243258874e-29,-9.759054842600661e-29,1.0,-6.963005168563616e-19,9.21763569092184e-20,2.337387309647264e-18,-3.7121198957187204e-20
matched_gaussian,gaussian,1.0,1.2,0.05,192,0.003308843681509132,0.004542258713916392,-0.00038987574618951114,3.88453366981484e-11,0.005614153018098506,-1.30609437105044e-06,0.0009876685345237455,-0.0009889746288948334,0.000116529294979269,0.000116529294979269,-0.0005352070620230281,0.9995472453234421,-1.6834137860769088e-06,3.311752424660563e-07,5.9907814276802165e-06,1.1097552673424188e-07
matched_gaussian,gaussian,1.0,1.2,0.05,193,0.0033103252316544476,-5.325621910698963e-16,4.714281966983454e-17,4.20966336520923e-37,6.084049282573122e-29,2.763883256686904e-18,-9.973360085463657e-17,1.213754748057569e-16,1.7285256646062502e-30,1.7285256646062502e-30,-7.584295070618264e-30,1.0,1.8185945312688024e-19,-4.8121874879974083e-20,-6.1921180826883905e-19,4.641656479949506e-20
matched_gaussian,gaussian,1.0,1.2,0.05,194,0.0033117819935098965,-0.00441440218436925,0.00037450547608462183,3.661782274518116e-11,0.005292219801787791,1.293040325147311e-06,-0.0009583494352787398,0.000959642475603883,0.00010851902779269802,0.00010851902779269802,-0.0004991928197345156,0.9995638891971963,1.6366961052667562e-06,-3.219845024343584e-07,-5.815811864824318e-06,-1.0819860140765832e-07
matched_gaussian,gaussian,1.0,1.2,0.05,195,0.0033132260658343283,-4.46305415877106e-16,3.6074218075486484e-17,2.051452787355176e-37,2.9648783706296544e-29,2.0432924846929622e-19,-5.623036216950288e-17,9.670872414912185e-17,1.052959120638505e-30,1.052959120638505e-30,-4.859348134026924e-30,1.0,1.7349975608273528e-19,-4.5342946814991017e-20,-4.1350970563871684e-19,4.468617114347117e-20
matched_gaussian,gaussian,1.0,1.2,0.05,196,0.003314645088164654,0.004286318647392921,-0.00035969775822229216,3.443602963016611e-11,0.004976894425753346,-1.2784143537112694e-06,0.0009288050833663514,-0.000930083497720054,0.00010093054918126823,0.00010093054918126823,-0.0004651415664376113,0.9995809074330306,-1.5893405507001696e-06,3.1266730962996766e-07,5.639252198954495e-06,1.0535669955841591e-07
matched_gaussian,gaussian,1.0,1.2,0.05,197,0.0033160508767678216,9.374957617075682e-17,5.619257253060922e-18,7.857178959512337e-38,1.1355650051911863e-29,-3.9992789675586005e-19,4.315882199865807e-17,-5.661575914814972e-17,-9.593897290890858e-32,9.593897290890858e-32,1.5886456675308653e-31,1.0,-6.626248462493458e-20,5.37754794115641e-21,2.4882091937805383e-19,1.1063591091709006e-19
matched_gaussian,gaussian,1.0,1.2,0.05,198,0.0033174313913789683,-0.004157854827206972,0.00034538483559468753,3.230352482813907e-11,0.0046686924821470665,1.2621381207399294e-06,-0.0008990591128336312,0.0009003212509543631,9.373435967699678e-05,9.373435967699678e-05,-0.0004328831063856684,0.9995982839175449,1.5413872577807152e-06,-3.032317034586338e-07,-5.4612456637005755e-06,-1.0245235194737116e-07
matched_gaussian,gaussian,1.0,1.2,0.05,199,0.003318798116276434,-4.604538608815098e-16,4.5190967242488954e-17,3.198404983314468e-37,4.6225201057485306e-29,2.337250942233256e-18,-7.870246181068601e-17,1.0974381666451385e-16,1.4943449556721006e-30,1.4943449556721006e-30,-6.269846677844948e-30,1.0,1.9351896800516576e-19,-3.478068003486418e-20,-5.301950597952838e-19,-8.626135788999892e-21
matched_gaussian,gaussian,1.0,1.2,0.05,200,0.003320139377906646,0.004028880321784629,-0.00033150713221832037,3.022361671411306e-11,0.004368092116485072,-1.2441416081334535e-06,0.0008691342259583361,-0.0008703783675664658,8.690497709127655e-05,8.690497709127655e-05,-0.00040227304022632507,0.9996159938625336,-1.4928755618435395e-06,2.9368556148808036e-07,5.281930535074605e-06,9.948811277396825e-08
matched_gaussian,gaussian,1.0,1.2,0.05,201,0.003321466285110335,-4.009361126208942e-16,2.9968941393096536e-17,4.515789670503777e-37,6.526480747163991e-29,-4.559815524396038e-19,-1.1656811185501811e-16,6.370082041974775e-17,5.747600577520754e-31,5.747600577520754e-31,-3.617568215392072e-30,1.0,1.3661561737405634e-19,-7.514135841619243e-20,-6.53657653572993e-19,7.670206656381729e-22
matched_gaussian,gaussian,1.0,1.2,0.05,202,0.0033227675717031864,-0.0038992846144660642,0.0003180120986070195,2.8199355555067468e-11,0.004075534171015724,1.2243630275257524e-06,-0.0008390521378228994,0.000840276500850445,8.0420338672272e-05,8.0420338672272e-05,-0.000373188812203559,0.9996340045996215,1.4438438851281056e-06,-2.84036577028984e-07,-5.10143977892386e-06,-9.646655051666659e-08
matched_gaussian,gaussian,1.0,1.2,0.05,203,0.00332405393329836,1.6492602455657169e-15,-1.4523974260826094e-16,5.09281861474744e-36,7.360436393894213e-28,-4.20401010949786e-19,3.589796330288787e-16,-3.5244194182593306e-16,1.5399442350311475e-29,1.5399442350311475e-29,-7.206204783877119e-29,1.0,-6.045692574554669e-19,1.0996967049151303e-19,2.1712170281638722e-18,3.221670173089148e-20
matched_gaussian,gaussian,1.0,1.2,0.05,204,0.003325314546243235,-0.0037689746286057244,0.00030485325617358994,2.623353622252923e-11,0.0037914225767575636,1.2027488199469347e-06,-0.0008088335254302987,0.0008100362742502923,7.426130442393998e-05,7.426130442393998e-05,-0.0003455264673425146,0.9996522762661426,1.3943296297355936e-06,-2.7429223776992655e-07,-4.91990072437485e-06,-9.339023913461953e-08
matched_gaussian,gaussian,1.0,1.2,0.05,205,0.0033265596604600397,2.320899301031839e-15,-2.055070516621036e-16,8.577556551715472e-36,1.2396781466182894e-27,-1.4133806647995029e-19,4.558425446167251e-16,-4.660747955761908e-16,2.879300745191947e-29,2.879300745191947e-29,-1.4337971395159944e-28,1.0,-8.220275102695188e-19,1.5961040943748462e-19,2.8063270041892418e-18,2.9674683368186856e-20
matched_gaussian,gaussian,1.0,1.2,0.05,206,0.003327778924803561,-0.0036378727185224224,0.00029198940183319073,2.432870253653117e-11,0.003516124981313335,1.1792537212410957e-06,-0.0007784979815670571,0.0007796772352883213,6.841124206237091e-05,6.841124206237091e-05,-0.0003191979704869813,0.9996707624172532,1.344369077037521e-06,-2.644598055891993e-07,-4.737434764618476e-06,-9.026174964213395e-08
matched_gaussian,gaussian,1.0,1.2,0.05,207,0.003328982116081552,1.3209915209367935e-15,-1.0450610349346701e-16,3.148120061949036e-36,4.54984542532491e-28,-6.962571056833595e-19,2.7712007799284104e-16,-2.9175378771494223e-16,9.158971262194017e-30,9.158971262194017e-30,-4.146963599897904e-29,1.0,-4.743374750577666e-19,1.0367627125853101e-19,1.6960279941395031e-18,-1.8937870941032182e-19
matched_gaussian,gaussian,1.0,1.2,0.05,208,0.003330159380713224,-0.003505915012478253,0.0002793839423730817,2.2487153145151682e-11,0.0032499735986151017,1.1538408747025462e-06,-0.0007480639736558442,0.0007492178145305405,6.285567829935412e-05,6.285567829935412e-05,-0.0002941289727704763,0.9996894105911726,1.2939972940833279e-06,-2.545462976763044e-07,-4.554157086627228e-06,-8.70836420861693e-08
matched_gaussian,gaussian,1.0,1.2,0.05,209,0.0033313199997578855,1.2943534078229052e-16,-2.5842535864866927e-17,1.1642417231240485e-38,1.682629561036766e-30,-2.0779213257692383e-19,-1.829818654756915e-17,-4.102129964695596e-18,3.182205274266532e-32,3.182205274266532e-32,-1.0040876999479845e-30,1.0,-1.0115241409214359e-20,-1.4546683726801707e-20,-7.893795286836271e-20,7.139532696177215e-20
matched_gaussian,gaussian,1.0,1.2,0.05,210,0.003332454637572731,-0.0033730500404749557,0.00026700433448118173,2.0710948835722438e-11,0.002993266265582329,1.126481974996851e-06,-0.0007175488078493868,0.0007186752898244228,5.7582004359227353e-05,5.7582004359227353e-05,-0.00027025693645592276,0.9997081628483004,1.2432480475842216e-06,-2.4455846910004885e-07,-4.37017643146379e-06,-8.385845795334195e-08
matched_gaussian,gaussian,1.0,1.2,0.05,211,0.0033335720614033485,8.276034944395676e-16,-6.994685772357328e-17,1.4090412426813033e-36,2.0364280033648347e-28,-1.2513053492987647e-18,1.976569231245296e-16,-1.8184113737873995e-16,3.8154915898740175e-30,3.8154915898740175e-30,-1.7365235492382616e-29,1.0,-2.732327819319998e-19,7.530170206405637e-20,1.149280995855408e-18,-8.870138550699986e-20
matched_gaussian,gaussian,1.0,1.2,0.05,212,0.0033346634694440946,0.003239237592773069,-0.0002548216111978679,1.900192116580008e-11,0.002746267689519895,-1.0971574295852971e-06,0.0006869685986161731,-0.0006880657560457151,5.2579226111496435e-05,5.2579226111496435e-05,-0.00024752954833572445,0.9997269563001788,-1.192153726062654e-06,2.3450279695896594e-07,4.185594886845071e-06,8.058871304240326e-08
matched_gaussian,gaussian,1.0,1.2,0.05,213,0.0033357371014326115,1.2337136980648084e-15,-8.837537024954351e-17,2.8529600742391833e-36,4.123263117981395e-28,4.071271507073911e-18,2.5428199147812496e-16,-2.5839867810892707e-16,6.845886877614411e-30,6.845886877614411e-30,-3.268540101724009e-29,1.0,-5.087747812864208e-19,8.86762221360833e-20,1.6042630657408698e-18,1.1218217190585882e-19
matched_gaussian,gaussian,1.0,1.2,0.05,214,0.0033367847010137876,-0.003104447765284221,0.00024280997934241698,1.7361682295358357e-11,0.0025092108691234377,1.0658565254026837e-06,-0.0006563382440772131,0.0006574041006026233,4.783775112564076e-05,4.783775112564076e-05,-0.00022590336665390974,0.9997457236404633,1.1407452707765912e-06,-2.2438546625184926e-07,-4.000507713682814e-06,-7.72768908435446e-08
matched_gaussian,gaussian,1.0,1.2,0.05,215,0.0033378139709145374,-1.918636293450603e-15,1.5866209441905617e-16,7.117500994294141e-36,1.028662462084934e-27,1.6301374983403394e-18,-4.2558903380995693e-16,4.0809787801902596e-16,1.9398823487077146e-29,1.9398823487077146e-29,-9.120186307563449e-29,1.0,7.123830659422292e-19,-1.2411781973492563e-19,-2.565091219914438e-18,-1.2211945788857353e-19
matched_gaussian,gaussian,1.0,1.2,0.05,216,0.003338817207730666,0.002968660155898313,-0.00023094647541516524,1.5791635894399518e-11,0.00228229867091052,-1.0325775898689855e-06,0.0006256714073362637,-0.0006267039849261467,4.3349206453175744e-05,4.3349206453175744e-05,-0.0002053426579097277,0.9997643936869676,-1.089052115999559e-06,2.1421235759887954e-07,3.815003208220475e-06,7.392543646009096e-08
matched_gaussian,gaussian,1.0,1.2,0.05,217,0.003339801571701088,3.0737513993626095e-15,-2.4137872455006034e-16,1.759452230491588e-35,2.5428622557119793e-27,-1.6357979444961804e-18,6.646071030269866e-16,-6.550917257728498e-16,4.7345688609221533e-29,4.7345688609221533e-29,-2.2215038122286185e-28,1.0,-1.1289214029809414e-18,2.3261301534090284e-19,4.0330929833033646e-18,-1.0532992480939467e-20
matched_gaussian,gaussian,1.0,1.2,0.05,218,0.003340759915920902,-0.0028318631821667717,0.00021921066980983751,1.4292988994868356e-11,0.002065705542127886,9.97328136237317e-07,-0.0005949805040425131,0.0005959778321787331,3.9106282124946405e-05,3.9106282124946405e-05,-0.0001858183888085461,0.9997828919412438,1.037102139240209e-06,-2.039890369440232e-07,-3.629162601372444e-06,-7.05367511158882e-08
matched_gaussian,gaussian,1.0,1.2,0.05,219,0.00334169885653337,-2.327695166805102e-15,1.967604027505956e-16,8.471418260629854e-36,1.2243384261297155e-27,6.598785004490587e-19,-4.49204682800183e-16,4.664263801025165e-16,2.7463349135439093e-29,2.7463349135439093e-29,-1.3705550923768977e-28,1.0,8.243335316555683e-19,-1.6118017840680807e-19,-2.7852887390302804e-18,8.98892626400599e-20
matched_gaussian,gaussian,1.0,1.2,0.05,220,0.0033426118028820114,0.0026940534957004686,-0.0002075844110076172,1.2866764649975815e-11,0.0018595793403502173,-9.601249844630949e-07,0.0005642766963956032,-0.0005652368213800806,3.5102596282594254e-05,3.5102596282594254e-05,-0.00016730734560495845,0.9998011411699339,-9.849216219247316e-07,1.9372074735429517e-07,3.4430599966858534e-06,6.711318728144688e-08
matched_gaussian,gaussian,1.0,1.2,0.05,221,0.0033435048291271903,-1.1321916325419501e-15,8.197841700384795e-17,2.9234956080444702e-36,4.2252051562428415e-28,3.213933973487879e-19,-2.8367685790333554e-16,2.516430958367392e-16,6.169963466757931e-30,6.169963466757931e-30,-2.7759875497180144e-29,1.0,4.043998996947128e-19,-2.295280569011618e-20,-1.6574612969615627e-18,1.1068670632385183e-19
matched_gaussian,gaussian,1.0,1.2,0.05,222,0.0033443718969579945,-0.0025552354727173543,0.00019605160289991753,1.151381526033421e-11,0.00166404325945037,9.209943492987621e-07,-0.0005335698937868378,0.0005344908881361508,3.133257860760245e-05,3.133257860760245e-05,-0.0001497913586310876,0.9998190620101642,9.32535221038419e-07,-1.8341240302694063e-07,-3.2567623482476484e-06,-6.365704445999956e-08
matched_gaussian,gaussian,1.0,1.2,0.05,223,0.003345218544240075,-6.998069022329998e-17,9.647537336713022e-18,1.0895549627215853e-38,1.5746879296940583e-30,1.5593517254648955e-19,-3.8164831106294815e-18,-1.5526014119713326e-18,-4.477668616544597e-33,4.477668616544597e-33,-2.0182278462515357e-31,1.0,1.8014583671059332e-20,-8.344517434265046e-21,-2.765777135580801e-20,-9.867340632000777e-20
matched_gaussian,gaussian,1.0,1.2,0.05,224,0.0033460392775976977,0.0024154207634601334,-0.0001845980095692309,1.0234836423050545e-11,0.0014791978311505436,-8.799718883512461e-07,0.0005028687602417027,-0.0005037487321300242,2.779136930544025e-05,2.779136930544025e-05,-0.00013325661422810775,0.9998365735994968,-8.799659521657437e-07,1.730685856014806e-07,3.0703294796789816e-06,6.017056565861346e-08
matched_gaussian,gaussian,1.0,1.2,0.05,225,0.0033468391077219875,-2.857926214037724e-15,2.2119345913591462e-16,1.3413251540082393e-35,1.9385607904862733e-27,1.0751563020132182e-18,-5.719651458619119e-16,5.929907235711101e-16,3.91909097391539e-29,3.91909097391539e-29,-1.8888107999565176e-28,1.0,1.0237092264839256e-18,-1.9945067940610608e-19,-3.50098829622868e-18,-2.618612912370301e-19
matched_gaussian,gaussian,1.0,1.2,0.05,226,0.0033476130753982225,-0.0022746278858238114,0.0001732110828073299,9.030381157008156e-12,0.001305122980942363,8.371027034863047e-07,-0.00047218072877725024,0.0004730178314807577,2.4474731378031417e-05,2.4474731378031417e-05,-0.00011769303985061711,0.9998535942293778,8.272351842692154e-07,-1.6269354285494066e-07,-2.8838141450352546e-06,-5.665593457991767e-08
matched_gaussian,gaussian,1.0,1.2,0.05,227,0.0033483656765516357,2.183849596882344e-15,-1.6596993054876885e-16,8.114089618993382e-36,1.1726952215029923e-27,-7.283152220750318e-19,4.4085470968529316e-16,-4.498585604330337e-16,2.2298339322583348e-29,2.2298339322583348e-29,-1.0824784415326986e-28,1.0,-8.014814958544109e-19,1.6719117432936874e-19,2.7269483609561556e-18,-8.669935813638037e-20
matched_gaussian,gaussian,1.0,1.2,0.05,228,0.0033490924721353756,0.0021328818509252986,-0.00016187980843944942,7.9008743576836e-12,0.0011418801171807268,-7.924412898493747e-07,0.00044151202277480615,-0.000442304464064625,2.137897430734204e-05,2.137897430734204e-05,-0.00010309375101596457,0.9998700420195585,-7.743626465157575e-07,1.5229118984852338e-07,2.6972621323437004e-06,5.311527354677319e-08
matched_gaussian,gaussian,1.0,1.2,0.05,229,0.003349797458860341,1.5243958860018605e-15,-1.1119884512119388e-16,4.1212890352511454e-36,5.956325583043375e-28,-3.7498015412572935e-19,3.2542186524969497e-16,-3.1903546706463785e-16,1.0590603141229348e-29,1.0590603141229348e-29,-5.060337650640424e-29,1.0,-5.323380764631457e-19,1.2760105238563896e-19,1.9545829606816054e-18,3.5051802262807614e-20
matched_gaussian,gaussian,1.0,1.2,0.05,230,0.0033504767007829775,-0.00199021381016002,0.00015059456815515215,6.846627333760722e-12,0.0009895142319994532,7.460514275580109e-07,-0.0004108676843996268,0.0004116137358271833,1.8500887583888517e-05,1.8500887583888517e-05,-8.945455111131717e-05,0.9998858356096664,7.21366447327857e-07,-1.4186511256973838e-07,-2.5107124100790073e-06,-4.9550642187026294e-08
matched_gaussian,gaussian,1.0,1.2,0.05,231,0.00335113371394533,4.680318590878286e-17,6.8192857836036226e-18,3.7474845233766357e-39,5.416081654968696e-31,-5.038603076587531e-20,6.848163012838221e-18,-2.095135366382551e-17,-4.2634308381198716e-32,4.2634308381198716e-32,9.524069390814143e-32,1.0,-2.353594532900389e-20,1.380726149028194e-20,5.314474565381618e-20,-1.336186141138051e-20
matched_gaussian,gaussian,1.0,1.2,0.05,232,0.0033517650455226404,0.0018466607149813727,-0.0001393470140777288,5.867852279365042e-12,0.0008480559929224067,-6.980060120302476e-07,0.000380251610057768,-0.00038094961606981723,1.5837682770842544e-05,1.5837682770842544e-05,-7.677347700461299e-05,0.9999008948629177,-6.682631057505418e-07,1.3141857409278223e-07,2.3241973166138466e-06,4.596403687772869e-08
matched_gaussian,gaussian,1.0,1.2,0.05,233,0.0033523737522741202,-1.2071094792882898e-15,1.0564520580613737e-16,2.1913794790485948e-36,3.1671085288047516e-28,4.105701898955627e-19,-2.38784139494252e-16,2.231192995412412e-16,7.031281730852848e-30,7.031281730852848e-30,-3.8040307791887e-29,1.0,3.8566606612567964e-19,-5.1237472895868395e-20,-1.4234116662090517e-18,-1.1796234296992325e-19
matched_gaussian,gaussian,1.0,1.2,0.05,234,0.0033529568417457883,-0.0017022649821546963,0.00012812995375035213,4.9646765383382274e-12,0.0007175238044190507,6.483868198658418e-07,-0.00034966659283703234,0.0003503149796568927,1.3386943005840314e-05,1.3386943005840314e-05,-6.505038499713017e-05,0.9999151415759144,6.150675951384223e-07,-1.2095452326399045e-07,-2.13774279240555e-06,-4.235739096033803e-08
matched_gaussian,gaussian,1.0,1.2,0.05,235,0.003353516935481658,-1.1238713877193112e-15,8.818930702252102e-17,2.3943419020560843e-36,3.4604415763575086e-28,3.7043723566590204e-19,-2.6940315676737494e-16,2.2532972763408624e-16,5.925621642572486e-30,5.925621642572486e-30,-2.955507330729184e-29,1.0,3.2069904065988315e-19,-8.22982174131329e-20,-1.5040365687607684e-18,-1.5031643495263606e-19
matched_gaussian,gaussian,1.0,1.2,0.05,236,0.003354051476049322,0.0015570741584530375,-0.00011693724358179933,4.137156519758665e-12,0.0005979258190560655,-5.972842081429636e-07,0.0003191143718052596,-0.00031971165601343344,1.1146579014112164e-05,1.1146579014112164e-05,-5.428657295278509e-05,0.9999285001875812,-5.617933990209417e-07,1.1047560588669297e-07,1.951368654216248e-06,3.873257571345669e-08
matched_gaussian,gaussian,1.0,1.2,0.05,237,0.0033545626763617567,1.674242882727495e-16,-4.031951747294442e-19,1.179924370058739e-37,1.705295030589605e-29,-2.491697032061358e-19,5.538608874118508e-17,-5.256448453063113e-17,6.317886583021604e-33,6.317886583021604e-33,-2.0123238608645492e-32,1.0,-8.398218611000205e-20,1.2759917414156967e-20,3.296775774973937e-19,-4.5708957821118194e-20
matched_gaussian,gaussian,1.0,1.2,0.05,238,0.0033550483862263944,-0.0014111405799932288,0.00010576368911179018,3.3852911289122115e-12,0.0004892618786190237,5.447967460722147e-07,-0.00028859568799223366,0.00028914048473830225,9.114790851612647e-06,9.114790851612647e-06,-4.44844355175759e-05,0.9999408984795652,5.084525789085387e-07,-9.998417836138568e-08,-1.7650889103643225e-06,-3.5091402077364206e-08
matched_gaussian,gaussian,1.0,1.2,0.05,239,0.0033555104388541734,-3.2520007519464794e-15,2.53414870414052e-16,1.689749500799901e-35,2.442123834184295e-27,1.0355949284126447e-18,-6.490250898375163e-16,6.568904238164326e-16,4.96096807508419e-29,4.96096807508419e-29,-2.455976114985144e-28,1.0,1.1218054427698765e-18,-2.151097062345977e-19,-3.9459775819727444e-18,-1.4844626442954667e-19
matched_gaussian,gaussian,1.0,1.2,0.05,240,0.0033559470612535627,-0.0012645210224752693,9.460495072388761e-05,2.7090345833747728e-12,0.0003915253663668632,4.910307789810508e-07,-0.00025811034681538406,0.0002586013775943369,7.290034716847763e-06,7.290034716847763e-06,-3.564715021932047e-05,0.9999522682598682,4.550558536730247e-07,-8.94823237078223e-08,-1.5789121155899e-06,-3.14356231044072e-08
matched_gaussian,gaussian,1.0,1.2,0.05,241,0.0033563597380286457,-2.2771513614007165e-15,1.6350807526317694e-16,1.1146009598151387e-35,1.6108858551404766e-27,8.620398022397442e-19,-5.521638782806505e-16,4.718717997795463e-16,2.2987657991107245e-29,2.2987657991107245e-29,-1.1093347115534265e-28,1.0,8.116365648431874e-19,-1.7123031191064212e-19,-3.2327514141963832e-18,-8.517135114112967e-20
matched_gaussian,gaussian,1.0,1.2,0.05,242,0.003356747041275495,0.0011172763395959143,-8.345745366423637e-05,2.10830849070496e-12,0.00030470495256997346,-4.360999257222374e-07,0.00022765728665478493,-0.00022809338658056895,5.670994271416193e-06,5.670994271416193e-06,-2.7778392948710975e-05,0.9999625460211155,-4.016126900209663e-07,7.897186987407217e-08,1.3928417637661909e-06,2.7766937108049203e-08
matched_gaussian,gaussian,1.0,1.2,0.05,243,0.0033571101400670347,7.737720286228401e-16,-6.53191233918095e-17,8.583738074051183e-37,1.2405715360242597e-28,-3.5152948591262077e-19,1.423115757429523e-16,-1.5157461760612297e-16,2.9491797222604645e-30,2.9491797222604645e-30,-1.505524349991592e-29,1.0,-2.614945158362625e-19,5.521244844705233e-20,8.848528109449173e-19,-6.30992400274103e-20
matched_gaussian,gaussian,1.0,1.2,0.05,244,0.0033574479175883048,-0.0009694710877932375,7.231830141909049e-05,1.58301307174305e-12,0.0002287862165663569,3.801245116782361e-07,-0.0001972346532141452,0.00019761477772590184,4.256555994683561e-06,4.256555994683561e-06,-2.0882081886317423e-05,0.9999716735647198,3.481314034455825e-07,-6.84544102066879e-08,-1.2068767162569168e-06,-2.408699147330417e-08
matched_gaussian,gaussian,1.0,1.2,0.05,245,0.003357761262244643,1.5850928954393925e-15,-1.2348710655032782e-16,5.818488176148471e-36,8.409216068514978e-28,-5.103271086561429e-19,4.090721413299856e-16,-3.2529487422805904e-16,1.1963245643980835e-29,1.1963245643980835e-29,-5.829435745543203e-29,1.0,-5.4206739776916495e-19,1.0271446698806468e-19,2.3479213621531484e-18,-3.6961166654990333e-20
matched_gaussian,gaussian,1.0,1.2,0.05,246,0.0033580493326224284,0.0008211731363169383,-6.118519167441502e-05,1.1330374222086961e-12,0.00016375312982715653,-3.2323094061519933e-07,0.0001668398792429252,-0.00016716311018357256,3.0457881717556196e-06,3.0457881717556196e-06,-1.4962149380990552e-05,0.999979598582245,-2.94619268923123e-07,5.7931325933787066e-08,1.021011663333805e-06,2.0397387082435964e-08
matched_gaussian,gaussian,1.0,1.2,0.05,247,0.003358312772911575,-1.581664717649341e-16,2.747601531414466e-17,2.2958884356740722e-38,3.318150925171782e-30,-1.3987122425461089e-19,-2.414808927073025e-17,2.5295841883350483e-17,2.0695777492116873e-31,2.0695777492116873e-31,-1.2940380167836093e-30,1.0,2.1594347202728674e-20,-2.5605087584721253e-20,-1.3345296374427205e-19,6.346065303223321e-20
matched_gaussian,gaussian,1.0,1.2,0.05,248,0.0033585509799258914,-0.0006724532624625759,5.00563342324207e-05,7.582687150833803e-13,0.0001095893859382599,2.65551009717511e-07,-0.00013646976915360657,0.0001367353201633686,2.037923178294486e-06,2.037923178294486e-06,-1.0022341617768495e-05,0.999986275185545,2.410826405288342e-07,-4.740381049066947e-08,-8.352376158001284e-07,-1.669968330558683e-08
matched_gaussian,gaussian,1.0,1.2,0.05,249,0.0033587643914750197,3.5576318096987954e-15,-2.625567427708732e-16,2.117814178525586e-35,3.0607876962250558e-27,-1.5503963419216785e-18,7.256325214827294e-16,-7.3353099000992025e-16,5.734058272956744e-29,5.734058272956744e-29,-2.781023349846687e-28,1.0,-1.2587648803093792e-18,2.631789448716682e-19,4.413661016521051e-18,2.0972848059853458e-19
matched_gaussian,gaussian,1.0,1.2,0.05,250,0.0033589526041486713,0.0005233847324071297,-3.893037037740582e-05,4.586002562225654e-13,6.627956484401864e-05,-2.0722117308970946e-07,0.00010612058799331825,-0.0001063278091663377,1.2323427806486663e-06,1.2323427806486663e-06,-6.0660461410866485e-06,0.9999916643777427,-1.8752707900707381e-07,3.6872895491132346e-08,6.495424235012069e-07,1.2995403491965672e-08
matched_gaussian,gaussian,1.0,1.2,0.05,251,0.003359115888383091,-3.811807064799428e-17,1.5970469334799765e-17,1.142804144087601e-37,1.651646730334739e-29,-1.9730314084181954e-19,6.970466503865064e-17,2.1228065704431987e-18,1.0092601256842431e-32,1.0092601256842431e-32,-1.8122729272033294e-31,1.0,-2.3105281355139615e-20,-6.271577744072883e-21,3.3656807321333756e-19,2.0716172144520883e-20
matched_gaussian,gaussian,1.0,1.2,0.05,252,0.0033592540010287664,-0.0003740428687777214,2.7806293294804084e-05,2.339383169880056e-13,3.381012033883849e-05,1.483817599586925e-07,-7.57881541926997e-05,7.593653595271675e-05,6.285662203114231e-07,6.285662203114231e-07,-3.096147451451431e-06,0.9999957344578005,1.3395748625686298e-07,-2.6339478128970284e-08,-4.6391131717173015e-07,-9.286040901905117e-09
matched_gaussian,gaussian,1.0,1.2,0.05,253,0.003359367085110826,2.438244820268147e-15,-1.8158841237087254e-16,9.347436918952041e-36,1.3509457157703414e-27,-1.0770165332296792e-18,4.785975018882564e-16,-4.949394863948104e-16,2.6753633430662635e-29,2.6753633430662635e-29,-1.3179774483305379e-28,1.0,-8.4668863114981725e-19,1.6191448260466205e-19,2.9333103185238036e-18,5.436579654182851e-21
matched_gaussian,gaussian,1.0,1.2,0.05,254,0.0033594550173804546,0.00022450460660682764,-1.6683369234254943e-05,8.42076793337948e-14,1.2170181475127479e-05,-8.917615461966639e-08,4.54679354721125e-05,-4.55571116266863e-05,2.2624089639004148e-07,2.2624089639004148e-07,-1.1149109684264852e-06,0.9999984613523124,-8.037824560267983e-08,1.5804349777786623e-08,2.7832746979445916e-07,5.573065004634672e-09
matched_gaussian,gaussian,1.0,1.2,0.05,255,0.003359517854148831,-4.795398816293345e-16,3.0919883363789516e-17,1.0827864558654433e-36,1.5649056916123785e-28,3.8600889254635377e-19,-1.8276748555440348e-16,9.468312629741234e-17,8.714319580172844e-31,8.714319580172844e-31,-4.413525348571517e-30,1.0,2.093058920889182e-19,-2.684103184967928e-20,-1.0189215302885166e-18,7.481545699751783e-21
matched_gaussian,gaussian,1.0,1.2,0.05,256,0.003359555551085151,-7.484803974707951e-05,5.561059176422202e-06,9.355840955581593e-15,1.352160315812932e-06,2.974994585477699e-08,-1.515514723393122e-05,1.518489717978631e-05,2.5135500967502222e-08,2.5135500967502222e-08,-1.2389566772850794e-07,0.9999998288692012,2.679336663387379e-08,-5.268225536631043e-09,-9.277257333398543e-08,-1.857928063703741e-09
matched_gaussian,gaussian,1.0,1.2,0.05,257,0.0035565211813053123,0.09383148897594032,-0.00714130835446183,1.836885483594758e-10,0.02654773277358773,-0.0001450419963803928,-0.002358871235845601,0.0022138292394651795,-0.004445253222797376,0.004445253222797376,-0.1884087179510466,0.03562118108224077,2.794527241710872e-06,-7.295712690003639e-07,-1.324151125737254e-05,9.628727401428945e-08
matched_gaussian,gaussian,1.0,1.2,0.05,258,0.0035596633287844326,6.097284136039296e-16,-4.693768848895386e-17,2.7191597671946354e-38,3.9298871656878835e-30,1.8864971408627564e-18,-1.5499151578983132e-17,1.3104289417798748e-17,-1.7279304185538631e-31,1.7279304185538631e-31,-8.039873352398827e-30,1.0,5.904372096120321e-20,7.518481074054032e-20,-1.173855772254969e-19,-6.537053755590482e-20
matched_gaussian,gaussian,1.0,1.2,0.05,259,0.003869434996417033,-1.5983148468057956e-05,-2.2635336379295962e-07,8.552116875092061e-16,1.2360014572281423e-07,-4.757718150807602e-06,-2.0637437187231563e-06,-2.6939744319486736e-06,1.5759152827440057e-10,1.5759152827440057e-10,9.34978730253178e-10,0.9999999928486677,-2.524234660128053e-08,-7.619457114216622e-10,1.2489199343610124e-08,7.840597174861238e-09
matched_gaussian,gaussian,1.0,1.2,0.05,260,0.0038694500731790765,7.789416939620897e-15,-1.320637385807881e-16,1.1635094537199568e-34,1.681571242887283e-26,1.8111983151524586e-15,7.039668565843707e-16,1.0387693001940805e-15,-3.5453037178968256e-29,3.5453037178968256e-29,-2.658516075814603e-28,1.0,9.203916097915311e-18,4.2161035763800167e-19,-4.765787742037694e-18,-2.9577670190038064e-18
matched_gaussian,gaussian,1.0,1.2,0.05,261,0.003869475199525421,-4.793781593728785e-05,-6.793079514468524e-07,7.69476311388826e-15,1.1120917266099533e-06,-1.4270317965799886e-05,-6.189904059377564e-06,-8.080413906475477e-06,1.4185617259735205e-09,1.4185617259735205e-09,8.415750938315672e-09,0.9999999356720701,-7.571547285236577e-08,-2.284765532413609e-09,3.746351464145437e-08,2.35201020789101e-08
matched_gaussian,gaussian,1.0,1.2,0.05,262,0.003869510374673205,-1.4132367110298578e-15,1.0022591349589035e-16,3.1879110198814774e-36,4.607353622075872e-28,-2.949233197628113e-16,-1.097363433688693e-16,-1.551531940599033e-16,-4.018692056814099e-30,4.018692056814099e-30,-3.660487416598732e-29,1.0,-1.5090033657313257e-18,-8.292592418519331e-20,8.057574574928444e-19,5.046762059833085e-19
matched_gaussian,gaussian,1.0,1.2,0.05,263,0.0038695555942045256,-7.985760372136025e-05,-1.1330049974975914e-06,2.1362442339933195e-14,3.08742387969591e-06,-2.3774407997952785e-05,-1.0312083070938953e-05,-1.346232492699422e-05,3.9417656753827886e-09,3.9417656753827886e-09,2.3382288198674512e-08,0.9999998215003877,-1.2615389406095637e-07,-3.804371219963258e-09,6.24255764838976e-08,3.919453422945544e-08
matched_gaussian,gaussian,1.0,1.2,0.05,264,0.0038696108579270518,-3.3990326109356765e-15,-2.6400181555635837e-17,3.7734219468192514e-35,5.453567921398458e-27,-1.025369247799824e-15,-4.217102968859354e-16,-5.870383957422795e-16,4.005033269941672e-30,4.005033269941672e-30,2.3189690471950917e-29,1.0,-5.280503290768278e-18,-2.527025705912747e-19,2.655369890265266e-18,1.6539820498019593e-18
matched_gaussian,gaussian,1.0,1.2,0.05,265,0.0038696761573639303,0.00011171928758320349,1.5879357452347129e-06,4.1835405747492454e-14,6.046295112995009e-06,3.3264313963174305e-05,1.4427626402768518e-05,1.8836687560392024e-05,7.729703541740452e-09,7.729703541740452e-09,4.5844417716436124e-08,0.999999650695954,1.765344594787029e-07,5.318622247324759e-09,-8.736720487326092e-08,-5.48604970272652e-08
matched_gaussian,gaussian,1.0,1.2,0.05,266,0.0038697514940596585,2.1626517995764853e-15,2.1043447137311548e-17,1.706263554934343e-35,2.4659909015701056e-27,7.225206173303108e-16,2.5442896276782564e-16,4.536280765220929e-16,2.466798827507815e-30,2.466798827507815e-30,1.1760354351089463e-29,1.0,3.502102681191303e-18,1.4120130213627476e-19,-1.875102619019775e-18,-1.1233720310548586e-18
matched_gaussian,gaussian,1.0,1.2,0.05,267,0.0038698368543303436,-0.0001434996866879791,-2.044585852634291e-06,6.907939714177837e-14,9.98375452285438e-06,-4.273435998771859e-05,-1.853387953351031e-05,-2.4200480454249267e-05,1.2786058385986662e-08,1.2786058385986662e-08,7.581648537234431e-08,0.9999994238005443,-2.2683399748781942e-07,-6.825381451551667e-09,1.1228020333506967e-07,7.051457177456674e-08
matched_gaussian,gaussian,1.0,1.2,0.05,268,0.0038699322425850566,3.1593894400706996e-15,6.029585375213542e-17,3.0654681502537323e-35,4.430392096061344e-27,8.772105794962384e-16,3.954257583784059e-16,4.832842961106803e-16,7.529857737128797e-30,7.529857737128797e-30,4.9225172866927e-29,1.0,4.7840636121166766e-18,2.3812177803281017e-19,-2.345381780531922e-18,-1.486572964954583e-18
matched_gaussian,gaussian,1.0,1.2,0.05,269,0.003870037638802533,0.00017517568099328223,2.503433179636312e-06,1.030487591711747e-13,1.4893203444410686e-05,5.217886805934538e-05,2.2628187747155663e-05,2.955068031221009e-05,1.911561604276867e-08,1.911561604276867e-08,1.1331688551733623e-07,0.9999991415333134,2.7702930757151914e-07,8.322516411900028e-09,-1.3715635240306983e-07,-8.615330889570012e-08
matched_gaussian,gaussian,1.0,1.2,0.05,270,0.0038701530513597492,-1.4765159102736161e-15,-1.2281192568303183e-17,7.353933980936797e-36,1.0628331265292244e-27,-4.1592414702687555e-16,-1.976128285526798e-16,-1.8263526295897225e-16,5.795581736421959e-31,5.795581736421959e-31,4.6854416307548145e-30,1.0,-2.3482741437016512e-18,-5.57699547901219e-20,1.1360110628140919e-18,7.388579730000754e-19
matched_gaussian,gaussian,1.0,1.2,0.05,271,0.003870278452791417,0.00020672422871502796,2.9649455947737546e-06,1.4368644913574097e-13,2.0766397736326703e-05,6.159215757178837e-05,2.6707896157483325e-05,3.4884261414304496e-05,2.6724159119011166e-08,2.6724159119011166e-08,1.583674401565486e-07,0.9999988047880612,3.2709715264543223e-07,9.807900863525645e-09,-1.6198740319874256e-07,-1.0177321923065536e-07
matched_gaussian,gaussian,1.0,1.2,0.05,272,0.003870413856515505,-4.1785888087006334e-16,-2.0482059017594747e-17,9.136156117815782e-37,1.320410190835068e-28,-1.3912892927886847e-16,-9.474526793134262e-17,-8.035254385854987e-17,4.252221097116403e-31,4.252221097116403e-31,2.211290724013675e-30,1.0,-8.664139759249138e-19,1.7566905933853932e-20,3.2233096520724995e-19,2.4235632194773635e-19
matched_gaussian,gaussian,1.0,1.2,0.05,273,0.003870559226545501,-0.00023812238386117582,-3.4295788080367616e-06,1.9092405967130222e-13,2.7593450770175782e-05,-7.096854498664587e-05,-3.077034979043607e-05,-4.019819519614771e-05,3.56183358261325e-08,3.56183358261325e-08,2.1099263274634278e-07,0.9999984146298379,-3.770142518211798e-07,-1.1279416156149839e-08,1.8676507112378175e-07,1.1737076541593896e-07
matched_gaussian,gaussian,1.0,1.2,0.05,274,0.003870714582377561,-7.500577406314973e-15,-8.23008514096775e-17,1.9228545880466098e-34,2.7790208056971217e-26,-2.247220957139664e-15,-8.8115458113173e-16,-1.323920760689909e-15,2.814979081635091e-29,2.814979081635091e-29,1.5948060583292556e-28,1.0,-1.1813698386056877e-17,-4.2929419136464156e-19,6.226841791419669e-18,3.710004993234937e-18
matched_gaussian,gaussian,1.0,1.2,0.05,275,0.0038708798784618578,0.0002693473138434925,3.897774235613657e-06,2.446818449072762e-13,3.536283721092249e-05,8.030234363388687e-05,3.481289373855754e-05,4.5489449895303775e-05,4.5805504526430514e-08,4.5805504526430514e-08,2.712187030583041e-07,0.999997972290904,4.2675727369412116e-07,1.2734952763972676e-08,-2.114810296816512e-07,-1.3294235336913932e-07
matched_gaussian,gaussian,1.0,1.2,0.05,276,0.003871055141368526,-3.2230886636547298e-15,-4.600692849170573e-17,3.6173478006001086e-35,5.228000526822338e-27,-9.893334459179284e-16,-3.9354907607377555e-16,-5.840723796608657e-16,6.941615457210478e-30,6.941615457210478e-30,3.830594095303119e-29,1.0,-5.138377768491365e-18,-3.1576354953657335e-19,2.65872199164026e-18,1.6130848292099507e-18
matched_gaussian,gaussian,1.0,1.2,0.05,277,0.0038712403149829154,0.0003003763171992857,4.36995690202566e-06,3.0486875284726475e-13,4.406139769675321e-05,8.95878636829433e-05,3.883287339987371e-05,5.075499028304325e-05,5.729355505035574e-08,5.729355505035574e-08,3.390726107779389e-07,0.9999974791660649,4.7630283027347215e-07,1.4172411859651048e-08,-2.3612690447452014e-07,-1.4848432390695643e-07
matched_gaussian,gaussian,1.0,1.2,0.05,278,0.0038714354338982362,6.672353793382843e-15,9.13858569095136e-17,1.581878110560687e-34,2.2862218540357148e-26,1.9894092882465924e-15,9.11242589934509e-16,1.1175713985052225e-15,2.6380452845916645e-29,2.6380452845916645e-29,1.5750198587136316e-28,1.0,1.0906929300523791e-17,3.332006545007668e-19,-5.31265504177108e-18,-3.3002087843693896e-18
matched_gaussian,gaussian,1.0,1.2,0.05,279,0.0038716404304793206,-0.0003311868413851081,-4.846533385556399e-06,3.713824647007516e-13,5.3674344523520886e-05,-9.881941229213971e-05,-4.282763480953077e-05,-5.599177748263394e-05,7.009070799806544e-08,7.009070799806544e-08,4.1458087662112285e-07,0.9999969368073978,-5.256274715672644e-07,-1.5589706957103762e-08,2.606942673489953e-07,1.6399294449127513e-07
matched_gaussian,gaussian,1.0,1.2,0.05,280,0.003871855348239812,1.1235249035979935e-15,5.411279103386207e-18,4.245984999388225e-36,6.136543411722475e-28,3.111272704669819e-16,1.4529902466979953e-16,1.5796036623356092e-16,2.2076434992631817e-31,2.2076434992631817e-31,1.5702308805874492e-30,1.0,1.7797632462425e-18,3.891902009956299e-20,-8.82234282243373e-19,-5.464208705948129e-19
matched_gaussian,gaussian,1.0,1.2,0.05,281,0.003872080107119217,0.0003617565007052112,5.327889812400694e-06,4.4410944215993586e-13,6.418526847746678e-05,0.0001079912939753243,4.679452507931952e-05,6.119676889602296e-05,8.420529341670504e-08,8.420529341670504e-08,4.977683109224158e-07,0.9999963469184001,5.747076809865789e-07,1.6984765633240055e-08,-2.8517463076454853e-07,-1.794644011486731e-07
matched_gaussian,gaussian,1.0,1.2,0.05,282,0.003872314760392368,6.381297085678262e-16,1.1387208726269568e-17,1.276663638578428e-36,1.845108223753237e-28,1.7483718512505004e-16,8.589288852234344e-17,9.700461669138319e-17,2.8525878861268675e-31,2.8525878861268675e-31,1.876530353425897e-30,1.0,9.800381074546269e-19,-4.572373279440428e-21,-4.580833120329928e-19,-3.2607931420845835e-19
matched_gaussian,gaussian,1.0,1.2,0.05,283,0.0038725592147243215,-0.0003920630943717168,-5.814389905580732e-06,5.229249836352126e-13,7.557614696269777e-05,-0.00011709781120527058,-5.0730892957203274e-05,-6.636691824812323e-05,9.964551040541273e-08,9.964551040541273e-08,5.886566407036686e-07,0.99999571134758,-6.235198716434985e-07,-1.835553133782665e-08,3.0955944239432254e-07,1.9489479057868606e-07
matched_gaussian,gaussian,1.0,1.2,0.05,284,0.003872813533930696,1.6749034377816173e-15,2.3590862127095488e-17,1.0790324221145664e-35,1.559480144634552e-27,4.811814841063461e-16,2.71804407553689e-16,2.5051508899286367e-16,1.5259879861010269e-30,1.5259879861010269e-30,1.0202509294786891e-29,1.0,2.9057158467849307e-18,7.331993291455207e-20,-1.286423310402564e-18,-8.287815712109626e-19
matched_gaussian,gaussian,1.0,1.2,0.05,285,0.0038730776106131767,0.0004220846246519791,6.306373093358051e-06,6.076932903865468e-13,8.782735355887556e-05,0.00012613326525872672,5.4634089508107576e-05,7.1499175750594e-05,1.1641916932292997e-07,1.1641916932292997e-07,6.872630470226905e-07,0.9999950320815228,6.720403835268215e-07,1.9699965294614106e-08,-3.3384007993876577e-07,-2.1028011244418472e-07
matched_gaussian,gaussian,1.0,1.2,0.05,286,0.003873351519842357,-3.692322953215171e-15,-5.76153746298834e-17,4.928557239818784e-35,7.123036342253861e-27,-1.114709173006945e-15,-5.12140164526455e-16,-6.417878004449179e-16,9.546472703574224e-30,9.546472703574224e-30,5.492260878317279e-29,1.0,-6.0899436597644876e-18,-2.534411200318658e-19,2.948978527406739e-18,1.8540366400514133e-18
matched_gaussian,gaussian,1.0,1.2,0.05,287,0.0038736351394320426,-0.00045179931517788305,-6.8041526833759365e-06,6.982675438733984e-13,0.0001009176692002757,-0.00013509195734368038,-5.850146893750429e-05,-7.659048840617385e-05,1.3453341846913093e-07,1.3453341846913093e-07,7.935986255963523e-07,0.9999943112374621,-7.202454817535612e-07,-2.101604850421223e-08,3.580078462260869e-07,2.2561626189795368e-07
matched_gaussian,gaussian,1.0,1.2,0.05,288,0.00387392855635264,1.3360541073684572e-15,2.0116364517104204e-17,5.993120314695092e-36,8.661604548320647e-28,3.983374601886671e-16,1.723064115281936e-16,2.2864449062204195e-16,1.1872949775075619e-30,1.1872949775075619e-30,6.937802555580124e-30,1.0,2.1099740434178376e-18,8.279806290016209e-20,-1.0437560400850333e-18,-6.669690100477414e-19
matched_gaussian,gaussian,1.0,1.2,0.05,289,0.0038742316329739065,0.00048118562936422596,7.308014107432811e-06,7.944899953924055e-13,0.00011482429513074474,0.00014396819001309067,6.233038955603509e-05,8.163780045708128e-05,1.5399445721374425e-07,1.5399445721374425e-07,9.076667842362287e-07,0.9999935510553898,7.681113558673784e-07,2.2301783853486383e-08,-3.820539645822217e-07,-2.408990223391163e-07
matched_gaussian,gaussian,1.0,1.2,0.05,290,0.0038745444687379137,-9.623478934078396e-16,-4.036525598484706e-18,2.1900617528173483e-36,3.1652040745440855e-28,-2.598408287623406e-16,-8.074175655229135e-17,-1.476375966411264e-16,1.5380980730743492e-31,1.5380980730743492e-31,1.0025802872392682e-30,1.0,-1.220845307491385e-18,4.7425884756842804e-20,6.870568338670141e-19,4.746600683492121e-19
matched_gaussian,gaussian,1.0,1.2,0.05,291,0.003874866909986105,-0.000510222288949598,-7.818213242044396e-06,8.961920692806884e-13,0.00012952286781923932,-0.0001527562688838237,-6.61182148988479e-05,-8.663805398503684e-05,1.748072376847651e-07,1.748072376847651e-07,1.0294615914605061e-06,0.999992753889742,-8.156141202780766e-07,-2.35551983343084e-08,4.0596957448993716e-07,2.561240584240346e-07
matched_gaussian,gaussian,1.0,1.2,0.05,292,0.003875199069127847,3.2819284522162364e-15,5.112302378571842e-17,4.112423091600092e-35,5.9435120078403505e-27,9.857284333412756e-16,5.081578766308913e-16,5.560489374794399e-16,7.335598133074135e-30,7.335598133074135e-30,4.329638383285372e-29,1.0,5.6311604635588614e-18,4.529182368290385e-20,-2.5762531157097287e-18,-1.6658725293838865e-18
matched_gaussian,gaussian,1.0,1.2,0.05,293,0.00387554077596713,0.0005388882926652058,8.334974810546552e-06,1.0031944810004979e-12,0.0001449874760261035,0.00016145050468126433,6.986231500518821e-05,9.15881896760904e-05,1.9697515728066946e-07,1.9697515728066946e-07,1.1589660913687738e-06,0.9999919222006952,8.627298159092127e-07,2.4774345381716647e-08,-4.2974572756954014e-07,-2.712869093568426e-07
matched_gaussian,gaussian,1.0,1.2,0.05,294,0.003875892156297117,-3.5103381804798307e-15,-5.74604986500569e-17,4.3009013088717724e-35,6.215911642464207e-27,-1.0867551489350857e-15,-4.568576165677104e-16,-6.454294659560533e-16,9.568558014964483e-30,9.568558014964483e-30,5.204112347475806e-29,1.0,-5.647565397392546e-18,-2.005697364938987e-19,2.8145204632278066e-18,1.7754617747974186e-18
matched_gaussian,gaussian,1.0,1.2,0.05,295,0.003876253022953185,-0.000567162935007394,-8.858490871109861e-06,1.1153073713481906e-12,0.00016119068019972694,-0.00017004521561805522,-7.356006786373775e-05,-9.648514775429322e-05,2.2049974434535653e-07,2.2049974434535653e-07,1.296150600191497e-06,0.9999910585451157,-9.094344130774945e-07,-2.59573073280101e-08,4.5337338387676257e-07,2.863829824675282e-07
matched_gaussian,gaussian,1.0,1.2,0.05,296,0.0038766235154471624,-3.288692965356378e-15,-5.578015964310933e-17,3.9956070320362695e-35,5.774682673586216e-27,-9.911164444549516e-16,-4.502206468890487e-16,-5.704716842906451e-16,8.208432285159667e-30,8.208432285159667e-30,4.7320514332583936e-29,1.0,-5.465931028423945e-18,-1.1707638648472645e-19,2.691263125544301e-18,1.6801976733968693e-18
matched_gaussian,gaussian,1.0,1.2,0.05,297,0.003877003429295088,0.0005950258250967538,9.388919395480685e-06,1.2323304580516223e-12,0.00017810353438627824,0.00017853473011553313,7.720886102703341e-05,0.00010132586908844277,2.453803394549457e-07,2.453803394549457e-07,1.4409710003992872e-06,0.9999901655672009,9.55703815632877e-07,2.710219798407717e-08,-4.76843408527051e-07,-3.0140754709382816e-07
matched_gaussian,gaussian,1.0,1.2,0.05,298,0.003877392917978609,3.93818724727269e-15,6.207412835704007e-17,5.72680637809399e-35,8.276712224552469e-27,1.1530998619362837e-15,5.813257794794788e-16,6.215853927253336e-16,9.951112066560593e-30,9.951112066560593e-30,6.304739959361836e-29,1.0,6.608789479136328e-18,2.3615649837362582e-19,-3.085140287267746e-18,-2.0045211192577342e-18
matched_gaussian,gaussian,1.0,1.2,0.05,299,0.003877791759426207,-0.0006224569056569387,-9.926382944406599e-06,1.354053206251205e-12,0.00019569561086861452,-0.0001869133898945207,-8.08060934066336e-05,-0.00010610729648790037,2.7161377492081694e-07,2.7161377492081694e-07,1.5933670488936741e-06,0.9999892459888536,-1.0015138664777327e-06,-2.8207165342688582e-08,5.001465686957475e-07,3.1635572880734646e-07
matched_gaussian,gaussian,1.0,1.2,0.05,300,0.0038782001212550495,-1.4393884949090366e-15,-2.334433114706855e-17,6.66541247254753e-36,9.633240108176956e-28,-4.427142231530656e-16,-1.445914001796214e-16,-2.691173576685223e-16,1.619917621168295e-30,1.619917621168295e-30,8.664215518502725e-30,1.0,-2.155208559341651e-18,-1.2801943765316537e-20,1.2065784743697111e-18,7.513275142782309e-19
matched_gaussian,gaussian,1.0,1.2,0.05,301,0.0038786177636220146,0.0006494364720018991,1.0470967441934126e-05,1.4802550187326088e-12,0.00021393502765981322,0.00019517555341312887,8.434917723788224e-05,0.00011082637617530462,2.991940550376569e-07,2.991940550376569e-07,1.7532607151229342e-06,0.9999883025998367,1.0468403543288285e-06,2.9270394408178378e-08,-5.23273530925921e-07,-3.312225039528722e-07
matched_gaussian,gaussian,1.0,1.2,0.05,302,0.003879044868358805,-2.726645006499535e-15,-4.419319149017625e-17,2.7492274966328604e-35,3.973342789533982e-27,-8.253059287283264e-16,-3.96452873497977e-16,-4.783474699397581e-16,5.449718179422118e-30,5.449718179422118e-30,3.10641276363862e-29,1.0,-4.574573134361299e-18,-1.460712914321278e-19,2.1643592930682957e-18,1.3637329771757769e-18
matched_gaussian,gaussian,1.0,1.2,0.05,303,0.003879481177752033,-0.0006759451911161514,-1.1022721055589657e-05,1.610705447593675e-12,0.00023278847909450007,-0.0002033155996913197,-8.783554023187813e-05,-0.00011548005945938994,3.2811203987883456e-07,3.2811203987883456e-07,1.9205545662314365e-06,0.9999873382477464,-1.0916590219257091e-06,-3.029011015428147e-08,5.462148588398129e-07,3.4600269457234575e-07
matched_gaussian,gaussian,1.0,1.2,0.05,304,0.003879926887839401,-2.103912226496722e-15,-2.7569045540611848e-17,1.653934630064811e-35,2.3903621089114137e-27,-6.258205851633442e-16,-3.0020163386599877e-16,-3.6481989831730595e-16,2.592248947358903e-30,2.592248947358903e-30,1.4949470354076182e-29,1.0,-3.536646236528781e-18,-7.403995489330295e-21,1.7038082357008131e-18,1.0622910971592457e-18
matched_gaussian,gaussian,1.0,1.2,0.05,305,0.003880381723024834,0.0007019641207369268,1.1581653184584203e-05,1.7451644282339425e-12,0.00025222126964637056,0.00021132793250477883,9.126262790571226e-05,0.00012006530459906592,3.583551352993899e-07,3.583551352993899e-07,2.095130215194204e-06,0.9999863558278532,1.135945575578484e-06,3.126458060753062e-08,-5.689610112010089e-07,-3.60690963693534e-07
matched_gaussian,gaussian,1.0,1.2,0.05,306,0.0038808458934555127,-3.632271984417448e-16,-9.481938609132866e-18,3.490730482134841e-37,5.0450058455999697e-29,-1.159075234030054e-16,-2.9624337520484465e-17,-6.299619172066863e-17,1.5391644989352664e-31,1.5391644989352664e-31,8.874606442373609e-31,1.0,-4.858635398206792e-19,5.964177310734919e-21,2.8523395173151895e-19,1.7780801515969724e-19
matched_gaussian,gaussian,1.0,1.2,0.05,307,0.0038813191057268407,-0.0007274747284015705,-1.2147733560481135e-05,1.883382536708201e-12,0.0002721973511224159,-0.00021920698494819527,-9.46279060882271e-05,-0.00012457907885999846,3.8990699192150776e-07,3.8990699192150776e-07,2.2768468481672937e-06,0.999985358272855,-1.1796756960435096e-06,-3.219212005228641e-08,5.915023403289903e-07,3.7528181099585543e-07
matched_gaussian,gaussian,1.0,1.2,0.05,308,0.003881801583911029,9.20855327725657e-16,2.8285118677382004e-18,2.618135201438964e-36,3.7838806127915796e-28,2.360334805560892e-16,1.2180734133925802e-16,1.0014056676945224e-16,7.296838218712968e-32,7.296838218712968e-32,6.709900458945429e-31,1.0,1.407297416348656e-18,9.194947087143028e-20,-6.647216827163704e-19,-4.3282740522122925e-19
matched_gaussian,gaussian,1.0,1.2,0.05,309,0.0038822930169556784,0.0007524589104897193,1.272089146448635e-05,2.025101271774233e-12,0.0002926793634260958,0.00022694722438484292,9.792886361020634e-05,0.00012901836077466275,4.22747215929468e-07,4.22747215929468e-07,2.4655398472038226e-06,0.999984348542585,1.2228250508286345e-06,3.307109235974499e-08,-6.138290909128536e-07,-3.8976956889861603e-07
matched_gaussian,gaussian,1.0,1.2,0.05,310,0.0038827936425860935,-2.3638110437173373e-17,6.351858720628791e-19,3.7227545521411046e-38,5.380340468393767e-30,-4.9458348740223944e-17,-9.210499804167818e-18,-6.950464874868068e-17,-1.1370259403858064e-32,1.1370259403858064e-32,-3.866956416966394e-33,1.0,-1.589781336971924e-19,3.683266260705091e-20,9.785082795943647e-20,3.196981326965462e-20
matched_gaussian,gaussian,1.0,1.2,0.05,311,0.0038833031323488665,-0.0007768990111622562,-1.330101506383588e-05,2.1700533622324313e-12,0.0003136286789758403,-0.00023454315776151623,-0.00010116301516479942,-0.00013338014259675157,4.5685109439882643e-07,4.5685109439882643e-07,2.661019523422574e-06,0.9999833296137239,-1.265369307798916e-06,-3.3899914433393485e-08,6.359313991757395e-07,4.0414839905252413e-07
matched_gaussian,gaussian,1.0,1.2,0.05,312,0.0038838217372638584,-2.4912466124353826e-15,-4.5712496520461604e-17,2.0889564394119727e-35,3.0190808204682258e-27,-7.427547367993016e-16,-2.949834170577515e-16,-4.0978763763271917e-16,4.823191491948029e-30,4.823191491948029e-30,2.932191789595191e-29,1.0,-3.884058997197762e-18,-2.270408203557864e-19,2.016641672033193e-18,1.2981752319768638e-18
matched_gaussian,gaussian,1.0,1.2,0.05,313,0.003884349111808615,-0.0008007778411927985,-1.388795087099758e-05,2.3179631005518217e-12,0.0003350054509226143,-0.0002419893372933147,-0.00010432790434032525,-0.00013766143295295292,4.921893379433026e-07,4.921893379433026e-07,2.8630699756775715e-06,0.9999823044695574,-1.3072841501243032e-06,-3.46770597657444e-08,6.577992924151625e-07,4.184122892670749e-07
matched_gaussian,gaussian,1.0,1.2,0.05,314,0.0038848855198537428,1.6535439255387823e-15,2.9420987987966294e-17,1.0611467884690697e-35,1.533630791109382e-27,5.27043499288109e-16,2.2393582469513426e-16,3.2458722901778734e-16,2.4581617443231917e-30,2.4581617443231917e-30,1.2522607351550134e-29,1.0,2.803704323563166e-18,1.7025336615171865e-19,-1.4102857661131557e-18,-8.560477790033373e-19
matched_gaussian,gaussian,1.0,1.2,0.05,315,0.003885430599223509,0.0008240786966228382,1.4481503327496651e-05,2.468546703298313e-12,0.0003567686652410953,0.00024928036650245745,0.0001074211068151185,0.00014185925968730452,5.287278433459768e-07,5.287278433459768e-07,3.071448088571621e-06,0.9999812760898263,1.3485452924855666e-06,3.540106210294392e-08,-6.794226888923805e-07,-4.325550508704777e-07
matched_gaussian,gaussian,1.0,1.2,0.05,316,0.003885984626111974,4.3022515650584e-16,2.1491522384287124e-17,7.866347262272739e-37,1.1368900614009733e-28,1.609428797823653e-16,3.2857369195169615e-17,1.1464280664238125e-16,6.340345323541282e-31,6.340345323541282e-31,2.3793695732089764e-30,1.0,7.090353358577336e-19,-1.331185393608745e-20,-4.634120103882331e-19,-2.626322941016683e-19
matched_gaussian,gaussian,1.0,1.2,0.05,317,0.0038865472221879284,-0.0008467853772339204,-1.5081434515956324e-05,2.6215126991287596e-12,0.000378876196804823,-0.000256410906612376,-0.0001104402337126143,-0.0001459706728997495,5.664274788737417e-07,5.664274788737417e-07,3.2858826834563633e-06,0.9999802474407117,-1.389128498561349e-06,-3.6070519207806704e-08,7.007913980975693e-07,4.465703165347933e-07
matched_gaussian,gaussian,1.0,1.2,0.05,318,0.0038871186753602657,-1.3616633908561463e-15,-1.5101404218088104e-17,7.52326794642231e-36,1.0873062518565792e-27,-4.3391992568252445e-16,-1.8520993651130588e-16,-2.804253886210808e-16,1.0894488952511578e-30,1.0894488952511578e-30,5.290044115358875e-30,1.0,-2.354458892476104e-18,5.829395218340481e-20,1.2009477169965597e-18,7.30833542088825e-19
matched_gaussian,gaussian,1.0,1.2,0.05,319,0.0038876985917199926,0.0008688822047558942,1.5687464001257027e-05,2.7765623445683554e-12,0.00040128486947675537,0.0002633756832746012,0.00011338293510478017,0.00014999274816981272,6.052438947749117e-07,6.052438947749117e-07,3.5060738343942726e-06,0.9999792214649974,1.4290095996942686e-06,3.668409671241158e-08,-7.218951213550625e-07,-4.604515385598526e-07
matched_gaussian,gaussian,1.0,1.2,0.05,320,0.00388828727020345,-6.689108072328754e-16,-2.240561539132974e-17,2.2245068456907595e-36,3.214986117525621e-28,-1.9070237896064392e-16,-1.2619861353369248e-16,-6.870975663204617e-17,3.959286631229134e-31,3.959286631229134e-31,3.8544884254859904e-30,1.0,-1.3211137576648856e-18,-7.675421357232576e-20,5.716531396127598e-19,3.8273589284138726e-19
matched_gaussian,gaussian,1.0,1.2,0.05,321,0.003888884301978811,-0.0008903540407409621,-1.6299268802382697e-05,2.9333900676529365e-12,0.0004239505202270238,-0.0002701694936077429,-0.00011624690365022515,-0.00015392258995750483,6.451273613873567e-07,6.451273613873567e-07,3.7316923601816136e-06,0.9999782010724539,-1.4681645146399383e-06,-3.7240532053628904e-08,7.427234527459056e-07,4.7419198761532687e-07
matched_gaussian,gaussian,1.0,1.2,0.05,322,0.0038894899962467746,1.2376730203950257e-15,2.221040653130597e-17,6.332399838937283e-36,9.151950964881408e-28,3.6146345145266347e-16,1.9170483709714141e-16,1.807011162199523e-16,1.0318692825482892e-30,1.0318692825482892e-30,7.067564375362586e-30,1.0,2.192368175395907e-18,1.6224700862050099e-19,-1.026665432589963e-18,-6.674995282148646e-19
matched_gaussian,gaussian,1.0,1.2,0.05,323,0.0038901039299819302,-0.0009111863041241196,-1.691648349708922e-05,3.0916839399661985e-12,0.0004468280673544853,-0.0002767872135521634,-0.0001190298783673018,-0.00015775733518483658,6.860226372438993e-07,6.860226372438993e-07,3.9623795029458215e-06,0.99997718913048,-1.5065692704565377e-06,-3.77386384762864e-08,7.632658803948107e-07,4.877847519893845e-07
matched_gaussian,gaussian,1.0,1.2,0.05,324,0.003890726421813855,-4.442382342196922e-15,-7.515376717591874e-17,7.311081938544365e-35,1.0566399012008254e-26,-1.350957000483714e-15,-5.842038274877859e-16,-7.691449081691887e-16,1.485690102213415e-29,1.485690102213415e-29,8.580962320558995e-29,1.0,-7.33530622817518e-18,-3.3823847687918616e-19,3.692742601343266e-18,2.3565544206152066e-18
matched_gaussian,gaussian,1.0,1.2,0.05,325,0.0038913570353237407,0.0009313649883208111,1.7538700459154757e-05,3.2511261763744417e-12,0.0004698715827112818,0.0002832238054936797,0.00012172964851672325,0.0001614941569769636,7.278688692432051e-07,7.278688692432051e-07,4.197746801442981e-06,0.9999761884550425,1.5442000243048157e-06,3.817730909844682e-08,-7.835117880361402e-07,-5.012227373033476e-07
matched_gaussian,gaussian,1.0,1.2,0.05,326,0.003891996097665948,4.58394754606363e-16,5.901295356415759e-18,7.1931465011464105e-37,1.0395951888083582e-28,1.0474516048723558e-16,6.598960311343043e-17,3.1814426633835025e-17,4.8239084379830963e-32,4.8239084379830963e-32,6.950476744789516e-31,1.0,7.306650177465948e-19,1.4598254754782816e-19,-3.2983712971349413e-19,-2.352442254972884e-19
matched_gaussian,gaussian,1.0,1.2,0.05,327,0.0038926431598956764,-0.000950876677870284,-1.8165470228556288e-05,3.411393662556004e-12,0.000493034367944449,-0.00028947432615194,-0.00012434405758907676,-0.00016513026856287708,7.705995269016232e-07,7.705995269016232e-07,4.437376166620953e-06,0.9999752018019522,-1.5810330861801134e-06,-3.855552101973549e-08,8.034504568970479e-07,5.144986667335612e-07
matched_gaussian,gaussian,1.0,1.2,0.05,328,0.003893298556723449,2.0780263795059532e-15,4.63890348511543e-17,1.595043743616086e-35,2.3052495893665993e-27,6.513210447931436e-16,2.477053588084103e-16,3.8114413942872967e-16,4.541369871760512e-30,4.541369871760512e-30,2.4759888494564028e-29,1.0,3.3820195835818227e-18,1.7151130998845242e-19,-1.799050960165558e-18,-1.116414119269066e-18
matched_gaussian,gaussian,1.0,1.2,0.05,329,0.003893961827609012,0.0009697085645222099,1.879630201503859e-05,3.5721585095758616e-12,0.000516269034646249,0.0002955339346974472,0.00012687100737731377,0.00016866292732012258,8.14142372473161e-07,8.14142372473161e-07,4.680820165235358e-06,0.9999742318585066,1.6170449424196507e-06,3.887233946135593e-08,-8.230710678507004e-07,-5.27605081725716e-07
matched_gaussian,gaussian,1.0,1.2,0.05,330,0.003894633313790356,-2.689807334907307e-15,-4.5439428301436836e-17,2.7946546784855964e-35,4.038996783495735e-27,-8.494226508783876e-16,-3.3304256050412113e-16,-5.242562172312094e-16,6.1165970901830436e-30,6.1165970901830436e-30,3.138249424058068e-29,1.0,-4.486567954836204e-18,-2.381745450082761e-19,2.36687180634447e-18,1.4691649022266415e-18
matched_gaussian,gaussian,1.0,1.2,0.05,331,0.003895312544121079,-0.0009878484627366922,-1.9430664333811888e-05,3.733088635040803e-12,0.0005395275883460819,-0.0003013979010786559,-0.00012930846212239587,-0.0001720894389562103,8.584194684964918e-07,8.584194684964918e-07,4.927602515766734e-06,0.9999732812355339,-1.6522122799381042e-06,-3.912692192443845e-08,8.423627038507502e-07,5.405343432239128e-07
matched_gaussian,gaussian,1.0,1.2,0.05,332,0.0038959998652825798,3.3679336148589608e-15,6.329634270936638e-17,4.4543041899696825e-35,6.4376183699906254e-27,1.0400312846525324e-15,4.4752690664809e-16,6.040351749183542e-16,9.813454507748329e-30,9.813454507748329e-30,5.471711696094887e-29,1.0,5.709090426184599e-18,1.2313199201740243e-19,-2.9079056853128496e-18,-1.8650070893192904e-18
matched_gaussian,gaussian,1.0,1.2,0.05,333,0.0038966947965656533,0.0010052848244910366,2.0067985772126602e-05,3.893848369616241e-12,0.0005627615161678074,0.000307061614515808,0.00013165445270908708,0.00017540716180671233,9.033472240547604e-07,9.033472240547604e-07,5.177218799019434e-06,0.9999723524598684,1.6865120110068575e-06,3.931852234692291e-08,-8.613143525899599e-07,-5.532786333926503e-07
matched_gaussian,gaussian,1.0,1.2,0.05,334,0.003897397688960765,-8.563286679098772e-16,-1.3440743277463287e-17,2.8656968762455063e-36,4.141671081845981e-28,-2.4807734379068557e-16,-1.3084429533794756e-16,-1.2700959049680255e-16,4.380110617088348e-31,4.380110617088348e-31,2.9531740676886928e-30,1.0,-1.4767883324504556e-18,-2.0211804937397876e-19,6.834815081214519e-19,4.204692849150726e-19
matched_gaussian,gaussian,1.0,1.2,0.05,335,0.0038981080532883437,-0.0010220067533789484,-2.070765588571685e-05,4.0540990882392714e-12,0.0005859218780563124,-0.00031252059214655753,-0.0001339070809002617,-0.0001786135112463147,9.488364808944177e-07,9.488364808944177e-07,5.429137384736444e-06,0.9999714479672815,-1.7199212985549336e-06,-3.944649524582679e-08,8.799149094146958e-07,5.658299578662577e-07
matched_gaussian,gaussian,1.0,1.2,0.05,336,0.0038988262436685473,-2.052154650614021e-15,-3.805869465365684e-17,1.5764325535826628e-35,2.278351619731668e-27,-6.607245987886962e-16,-2.349847473155271e-16,-4.2314284319377594e-16,4.130541670110189e-30,4.130541670110189e-30,2.0032266725564958e-29,1.0,-3.3382093385414208e-18,1.3218340810818778e-20,1.82062514712309e-18,1.1427306318773096e-18
matched_gaussian,gaussian,1.0,1.2,0.05,337,0.0038995517635877115,-0.001038004017887069,-2.1349026222234387e-05,4.213499864376596e-12,0.0006089594013346539,-0.000317770487772168,-0.0001360645235849933,-0.00018170596418713714,9.94792640115782e-07,9.94792640115782e-07,5.68280057302469e-06,0.9999705700958961,-1.752417581786704e-06,-3.951029982210187e-08,8.981531804285772e-07,5.781801484965015e-07
matched_gaussian,gaussian,1.0,1.2,0.05,338,0.003900284969076859,-4.395938983310699e-16,-5.62947531342208e-18,4.495436232852202e-37,6.497064780375444e-29,-9.678514031547742e-17,-4.9488431505759907e-17,-2.9959873692877185e-17,4.324257603854385e-32,4.324257603854385e-32,6.34487740820501e-31,1.0,-5.806285317610734e-19,-4.2379036286024865e-20,2.7735519314007196e-19,1.8355447559757727e-19
matched_gaussian,gaussian,1.0,1.2,0.05,339,0.0039010253574628994,0.0010532670638197066,2.1991411469416116e-05,4.371708146169649e-12,0.0006318245784244687,0.000322807100680681,0.00013812503702429133,0.0001846820636563661,1.0411158300005162e-06,1.0411158300005162e-06,5.9376259483499705e-06,0.9999697210801013,1.7839786020535078e-06,3.950950401556966e-08,-9.160178858019684e-07,-5.903208666210232e-07
matched_gaussian,gaussian,1.0,1.2,0.05,340,0.00390177328543515,-2.235469849877725e-15,-4.672941019518547e-17,1.964595076804629e-35,2.8393465772971166e-27,-6.914247580232462e-16,-2.970421657930217e-16,-4.1952141963196474e-16,5.024379191079078e-30,5.024379191079078e-30,2.677300292763053e-29,1.0,-3.786384485888245e-18,-2.3658097851496927e-19,1.9235821924069645e-18,1.246236046152899e-18
matched_gaussian,gaussian,1.0,1.2,0.05,341,0.003902528245368493,-0.0010677870257833032,-2.263409072470997e-05,4.528380452666144e-12,0.000654467767469389,-0.00032762638450202833,-0.00014008696107016165,-0.00018753942343184966,1.0877011151563042e-06,1.0877011151563042e-06,6.193007941692791e-06,0.9999689030449896,-1.8145824288097037e-06,-3.944378848294169e-08,9.334976632492334e-07,6.022436068399181e-07
matched_gaussian,gaussian,1.0,1.2,0.05,342,0.0039032905933301786,1.0297113769474503e-15,2.4428684868453623e-17,3.905336849026893e-36,5.644218977435386e-28,3.0173448062332407e-16,1.2861850336571458e-16,1.600257638301728e-16,1.0015188113641416e-30,1.0015188113641416e-30,6.444433006318808e-30,1.0,1.6743392459700934e-18,9.927661681123511e-20,-8.606992026530533e-19,-5.92676956138929e-19
matched_gaussian,gaussian,1.0,1.2,0.05,343,0.0039040598179773483,0.0010815557376833394,2.32763088827909e-05,4.683173088524524e-12,0.0006768392956282677,0.00033222445606040867,0.0001419487233404252,0.000190275732719977,1.134438746889929e-06,1.134438746889929e-06,6.448319594988911e-06,0.9999681180013287,1.844207485558509e-06,3.9312950486020113e-08,-9.505810716697245e-07,-6.139397013077164e-07
matched_gaussian,gaussian,1.0,1.2,0.05,344,0.0039048362734531127,-1.2060400151641108e-15,-3.087880089444406e-17,5.854389264858843e-36,8.461102400998734e-28,-3.970141879334469e-16,-1.4864588139224692e-16,-2.5676712223833026e-16,2.0304720322691867e-30,2.0304720322691867e-30,9.537165425389774e-30,1.0,-2.0462067788864814e-18,-1.0171127651824532e-19,1.093895855802494e-18,6.785821658318258e-19
matched_gaussian,gaussian,1.0,1.2,0.05,345,0.003905619445952098,-0.001094565742158448,-2.3917278136614036e-05,4.835742875161731e-12,0.0006988895647448885,-0.00033659760418018624,-0.0001437088433240318,-0.000192888760856225,1.1812144543694865e-06,1.1812144543694865e-06,6.702914520037457e-06,0.9999673678410804,-1.8728325756291106e-06,-3.911690766204467e-08,9.672565949280893e-07,6.254003245340058e-07
matched_gaussian,gaussian,1.0,1.2,0.05,346,0.003906409686375672,3.674550218611835e-15,8.219850683945354e-17,5.362756914472667e-35,7.75056685714104e-27,1.1148859519092442e-15,4.703315041732256e-16,6.297277422723644e-16,1.3250704428340052e-29,1.3250704428340052e-29,7.731972975848124e-29,1.0,6.2127421550308536e-18,2.2870352448591515e-19,-3.2324610758816854e-18,-2.1279788886703716e-18
matched_gaussian,gaussian,1.0,1.2,0.05,347,0.003907206479726002,0.0011068102988895726,2.4556179587420252e-05,4.985747896278545e-12,0.0007205691590956058,0.0003407422984025078,0.00014536593639479073,0.0001953763620077297,1.2279097758189342e-06,1.2279097758189342e-06,6.95612904251853e-06,0.9999666543334762,1.900436907651137e-06,3.885570166007289e-08,-9.835126457563998e-07,-6.366164986879286e-07
matched_gaussian,gaussian,1.0,1.2,0.05,348,0.003908010172335911,-3.4493457133923574e-15,-7.512343402150216e-17,4.881388377645472e-35,7.054865171029802e-27,-1.0313288168858406e-15,-4.718964711518268e-16,-5.500251614281299e-16,1.0573099122721671e-29,1.0573099122721671e-29,6.630655594289199e-29,1.0,-5.974925897287085e-18,-2.109939569036127e-19,3.0236565302958167e-18,1.9816980181986523e-18
matched_gaussian,gaussian,1.0,1.2,0.05,349,0.003908820249293841,0.0011182833917425354,2.5192164958898373e-05,5.132848255782009e-12,0.0007418289549286823,0.00034465519757590147,0.00014691871771368677,0.0001977364798621984,1.274402428707311e-06,1.274402428707311e-06,7.2072845203520965e-06,0.999965979121653,1.9270001206298346e-06,3.852950161712314e-08,-9.993375697827808e-07,-6.47579099415967e-07
matched_gaussian,gaussian,1.0,1.2,0.05,350,0.003909637051034401,2.1588407125555647e-17,7.09842391401458e-19,1.5400281897223902e-38,2.2257379248559463e-30,-1.0265302389993291e-17,1.9124771647392453e-17,-1.9691989689061083e-17,-3.575321409601859e-33,3.575321409601859e-33,3.919639173794462e-33,1.0,8.791923899424171e-20,-8.578359136242116e-20,8.237396470405387e-21,-1.5614418473058948e-20
matched_gaussian,gaussian,1.0,1.2,0.05,351,0.003910460064013515,-0.0011289797346702504,-2.5824358409718383e-05,5.276706845652512e-12,0.0007626202314408866,-0.00034833315827085333,-0.0001483660059930318,-0.00019996715227780552,1.3205667174855813e-06,1.3205667174855813e-06,7.4556898237466685e-06,0.9999653437198508,-1.952502308451284e-06,-3.813860745473431e-08,1.0147196496584479e-06,6.582788621574966e-07
matched_gaussian,gaussian,1.0,1.2,0.05,352,0.003911289621441427,-7.151879621165494e-16,-1.6780833351399132e-17,2.2117292009543566e-36,3.1965191253822667e-28,-2.2089075482628293e-16,-9.874202285706578e-17,-1.3625302701723107e-16,5.845742865641376e-31,5.845742865641376e-31,3.068412510649538e-30,1.0,-1.2606305938425599e-18,9.93474686665695e-20,6.43170966054119e-19,4.460951644179382e-19
matched_gaussian,gaussian,1.0,1.2,0.05,353,0.003912125212418966,0.0011388947763280501,2.6451858438388768e-05,5.416990121500193e-12,0.0007828947828653963,0.00035177324297623656,0.00014970672710179963,0.0002020665158744317,1.3662739771419366e-06,1.3662739771419366e-06,7.700643963034717e-06,0.9999647495111732,1.976924043707688e-06,3.768345297067328e-08,-1.0296471092803041e-06,-6.687063889582305e-07
matched_gaussian,gaussian,1.0,1.2,0.05,354,0.003912967161615797,4.505065397415669e-16,1.0500781162523737e-17,7.511386948671295e-37,1.0855891412571733e-28,1.2076340768910307e-16,5.988951250966057e-17,5.661083804943888e-17,1.5192001292920584e-31,1.5192001292920584e-31,1.2089727285517374e-30,1.0,7.404245047197926e-19,2.5965949001260127e-20,-3.6746088451288194e-19,-2.5924605208769056e-19
matched_gaussian,gaussian,1.0,1.2,0.05,355,0.003913814962045132,-0.0011480247033795517,-2.7073739874872594e-05,5.5533688836910025e-12,0.00080260503136466,-0.00035497272804291236,-0.00015093991749160927,-0.00020403281055130575,1.411393050610325e-06,1.411393050610325e-06,7.941438849470917e-06,0.999964197745902,-2.000246400764386e-06,-3.7164608704786386e-08,1.0441081181327662e-06,6.788521557962346e-07
matched_gaussian,gaussian,1.0,1.2,0.05,356,0.003914668928536031,3.390999963021478e-16,3.6621887100110084e-18,4.054802532334911e-37,5.860235438707521e-29,1.1961226883292323e-16,2.8234650182757877e-17,8.892997378140701e-17,8.319435229625861e-32,8.319435229625861e-32,3.172294262153388e-31,1.0,5.169184129935092e-19,6.214474438344475e-20,-3.1724436255446187e-19,-1.837652108389737e-19
matched_gaussian,gaussian,1.0,1.2,0.05,357,0.003915528559265437,0.0011563664423851934,2.7689055950913186e-05,5.685519061001293e-12,0.0008217041402886967,0.0003579291113082623,0.0001520647274132449,0.00020586438389503858,1.4557907975109663e-06,1.4557907975109663e-06,8.177362171754619e-06,0.9999636895403617,2.022450977837537e-06,3.658278455229507e-08,-1.0580907956844499e-06,-6.88706520375357e-07
matched_gaussian,gaussian,1.0,1.2,0.05,358,0.003916394157944362,-3.199780678649115e-15,-7.59772436006292e-17,4.3463564904137755e-35,6.2816061031983874e-27,-1.0022162432363545e-15,-4.1298828947530883e-16,-5.956924951546513e-16,1.1556312258209262e-29,1.1556312258209262e-29,6.207508904515228e-29,1.0,-5.584054852610475e-18,-1.2237303660164427e-19,2.953355065600903e-18,1.8827147961328462e-18
matched_gaussian,gaussian,1.0,1.2,0.05,359,0.0039172652291426,-0.001163917660327302,-2.829684044393377e-05,5.813122495295166e-12,0.0008401461275812108,-0.00036064011938867664,-0.00015308042391311193,-0.00020755969547555986,1.4993326317985688e-06,1.4993326317985688e-06,8.407700371967696e-06,0.9999632258763206,-2.0435199181358705e-06,-3.5938832107495225e-08,1.0715832159324128e-06,6.982597304412085e-07
matched_gaussian,gaussian,1.0,1.2,0.05,360,0.003918142064204361,2.9349769725995096e-15,6.924964296959288e-17,3.659620406349475e-35,5.2890953447138264e-27,8.938744483908871e-16,3.8755937290200223e-16,5.068294848419711e-16,8.957756073323067e-30,8.957756073323067e-30,5.187308273819951e-29,1.0,5.127815274245235e-18,1.5869840730703332e-19,-2.6705322927625733e-18,-1.773354636146559e-18
matched_gaussian,gaussian,1.0,1.2,0.05,361,0.003919024175293267,0.0011706767636625818,2.8896109885745078e-05,5.935867724119436e-12,0.0008578859788847473,0.00036310371457182894,0.00015398639357924515,0.00020911732099256322,1.5418830852099934e-06,1.5418830852099934e-06,8.631741701606365e-06,0.9999628076009137,2.0634359298353695e-06,3.52337467069593e-08,-1.0845734120310347e-06,-7.075019325713732e-07
matched_gaussian,gaussian,1.0,1.2,0.05,362,0.003919911840172711,1.0784388183869629e-15,2.0766806380390152e-17,4.77090706966495e-36,6.895191186617695e-28,3.422316410669449e-16,1.2410388556725067e-16,2.1132442668273107e-16,1.1195490182692149e-30,1.1195490182692149e-30,5.713324954153062e-30,1.0,1.8235892905260106e-18,2.080526964912003e-19,-1.0096101224961037e-18,-6.187330968842173e-19
matched_gaussian,gaussian,1.0,1.2,0.05,363,0.00392080457976714,-0.0011766428959131478,-2.9485865829405235e-05,6.053450759227284e-12,0.0008748797600574402,-0.0003653181012797916,-0.000154782145019841,-0.00021053595625995298,1.5833063934329498e-06,1.5833063934329498e-06,8.848779339081072e-06,0.9999624354270737,-2.082182304858071e-06,-3.446866915638559e-08,1.0970493810567139e-06,7.164231814597315e-07
matched_gaussian,gaussian,1.0,1.2,0.05,364,0.003921702657085779,9.123375995317667e-16,1.6909776777043743e-17,3.274330575980526e-36,4.732252169221e-28,2.72287071155995e-16,1.102121382639223e-16,1.6321567050424352e-16,7.0376078863490255e-31,7.0376078863490255e-31,3.9338589644249664e-30,1.0,1.5340434170597563e-18,1.4556828140683464e-20,-8.284955038977979e-19,-4.841742138236701e-19
matched_gaussian,gaussian,1.0,1.2,0.05,365,0.00392260560294126,0.0011818159337724995,3.0065097166408726e-05,6.165575858762454e-12,0.0008910847287735429,0.0003672817320603091,0.0001554673110556586,0.00021181442100464358,1.6234671015551947e-06,1.6234671015551947e-06,9.058114548920746e-06,0.9999621099344468,2.0997429363757755e-06,3.364488711338051e-08,-1.1089990889236845e-06,-7.250134496959734e-07
matched_gaussian,gaussian,1.0,1.2,0.05,366,0.00392351366446164,8.10849551314476e-16,1.6356202823041624e-17,2.7036912022061986e-36,3.9075310997615387e-28,2.123577611322786e-16,1.1245480999120233e-16,9.604606494424676e-17,4.003933853505984e-31,4.003933853505984e-31,3.380240481994511e-30,1.0,1.4055444709078074e-18,-2.871839133203442e-20,-7.056549321634161e-19,-4.789178564424539e-19
matched_gaussian,gaussian,1.0,1.2,0.05,367,0.003924426383430049,-0.0011861964817074053,-3.0632782486559543e-05,6.271956290868355e-12,0.0009064594448846388,-0.0003689933130653805,-0.00015604165060634443,-0.00021295166245902575,1.6622306851777534e-06,1.6622306851777534e-06,9.25905986257949e-06,0.9999618315707723,-2.1161023349605774e-06,-3.276383610610029e-08,1.1204104754734284e-06,7.332626380334441e-07
matched_gaussian,gaussian,1.0,1.2,0.05,368,0.0039253439900182275,-1.9725808222091853e-15,-4.934431223742424e-17,1.7425282731895252e-35,2.518402772530289e-27,-6.293488744685295e-16,-2.4996281682568136e-16,-3.7383114446197526e-16,4.699318266962814e-30,4.699318266962814e-30,2.4796716988921293e-29,1.0,-3.5079050281741036e-18,-4.543033022581113e-22,1.897122354548214e-18,1.2332119082655852e-18
matched_gaussian,gaussian,1.0,1.2,0.05,369,0.003926266038011867,-0.001189785865066557,-3.11878924726082e-05,6.3723150868518915e-12,0.0009209638792712394,-0.0003704518089857659,-0.0001565050502553152,-0.00021394675873047581,1.6994641834122602e-06,1.6994641834122602e-06,9.45094226063057e-06,0.9999616006537031,-2.1312456433593945e-06,-3.182710016796732e-08,1.1312714597868781e-06,7.411605861620386e-07
matched_gaussian,gaussian,1.0,1.2,0.05,370,0.003927192739608311,-7.879108587995648e-16,-1.8442502307769096e-17,2.6204696476617063e-36,3.7872544896635546e-28,-2.6890778195853975e-16,-8.068979312261737e-17,-1.72548412389561e-16,8.103051478990462e-31,8.103051478990462e-31,3.700110688526226e-30,1.0,-1.325206571182372e-18,-1.5788505235940934e-19,7.744171662858675e-19,4.895381028684085e-19
matched_gaussian,gaussian,1.0,1.2,0.05,371,0.003928123661572695,0.0011925861216661345,3.1729392321594354e-05,6.466385781664621e-12,0.0009345595208614095,0.00037165644739484295,0.00015685752547398284,0.00021479892192086917,1.7350368397399405e-06,1.7350368397399405e-06,9.633106335680762e-06,0.9999614173730372,2.145158649802494e-06,3.0836412062347956e-08,-1.1415699457288112e-06,-7.486970839678771e-07
matched_gaussian,gaussian,1.0,1.2,0.05,372,0.0039290589971719605,-1.8352851374739806e-16,-8.065218696635556e-18,1.3586527361992393e-37,1.963603615731907e-29,-6.586851548050306e-17,-1.495514379285755e-17,-4.228427963133743e-17,8.679736366949314e-32,8.679736366949314e-32,3.767308155735661e-31,1.0,-2.941593197160782e-19,-6.7454838258056675e-21,1.8515513344220922e-19,1.2250568661107737e-19
matched_gaussian,gaussian,1.0,1.2,0.05,373,0.003929998327067752,-0.001194599991907604,-3.2256244185716824e-05,6.5539131404266895e-12,0.0009472094816322138,-0.00037260672248447333,-0.00015709922149638957,-0.00021550750098807002,1.7688207467791515e-06,1.7688207467791515e-06,9.804917416333219e-06,0.9999612817933357,-2.1578277999057015e-06,-2.9793653080869055e-08,1.1512938278162594e-06,7.558618833153918e-07
matched_gaussian,gaussian,1.0,1.2,0.05,374,0.003930941824707358,-2.286047146748308e-15,-6.488906646572913e-17,2.504503199026056e-35,3.619653062324907e-27,-7.228031520597254e-16,-3.1165077586180224e-16,-4.1918255658714266e-16,6.919554139594093e-30,6.919554139594093e-30,3.773636748241234e-29,1.0,-4.2245712971931195e-18,2.3953609764360414e-20,2.2371313593120874e-18,1.4807764351698448e-18
matched_gaussian,gaussian,1.0,1.2,0.05,375,0.003931889085501828,-0.0011958309074019124,-3.276740962415703e-05,6.634653868958318e-12,0.0009588785992998416,-0.00037330239814846575,-0.0001572304138260472,-0.0002160719843224085,1.8006914906891778e-06,1.8006914906891778e-06,9.965764631701141e-06,0.9999611938568923,-2.1692402070876317e-06,-2.870085239380176e-08,1.1604309974257461e-06,7.626447103324613e-07
matched_gaussian,gaussian,1.0,1.2,0.05,376,0.003932840262260685,-4.3942363278737127e-16,-1.187852708691257e-17,8.632412088552645e-37,1.2476061864776662e-28,-1.4278202618239332e-16,-5.527493870593617e-17,-9.116010957805142e-17,2.7533481114393303e-31,2.7533481114393303e-31,1.3272101526172607e-30,1.0,-7.816113678063582e-19,-3.8946940379971663e-20,4.2429128903210753e-19,2.660543486914841e-19
matched_gaussian,gaussian,1.0,1.2,0.05,377,0.003933794965929142,0.001196282978158757,3.326185205881687e-05,6.708377307253465e-12,0.0009695335375444373,0.00037374351039587596,0.0001572515083685047,0.00021649200202736226,1.8305287910831378e-06,1.8305287910831378e-06,1.0115063897489913e-05,0.9999611533870284,2.179383661573807e-06,2.7560185936748565e-08,-1.1689693494310998e-06,-7.690352782287523e-07
matched_gaussian,gaussian,1.0,1.2,0.05,378,0.003934753327936011,3.2629332118658743e-16,1.3605975726495705e-17,5.5696311082786445e-37,8.049553422387593e-29,9.72050104836076e-17,4.8609096700525876e-17,4.4649155786002875e-17,1.5439222721276515e-31,1.5439222721276515e-31,1.1282890279963628e-30,1.0,6.332713700880571e-19,-4.108408508508953e-21,-3.267621266855747e-19,-2.216757005134012e-19
matched_gaussian,gaussian,1.0,1.2,0.05,379,0.0039357149754736505,-0.0011959609783550266,-3.373853922636512e-05,6.77486610448759e-12,0.000979142883566131,-0.0003739303690641313,-0.00015716304117794987,-0.0002167673278861667,1.8582171322001386e-06,1.8582171322001386e-06,1.0252260804678084e-05,0.9999611600916759,-2.1882466379885067e-06,-2.6373974809602806e-08,1.1768967893263874e-06,7.75023300646871e-07
matched_gaussian,gaussian,1.0,1.2,0.05,380,0.003936680017926074,2.5168160290701007e-15,6.712459605835093e-17,2.893924065680651e-35,4.182466650691524e-27,7.719434523804744e-16,3.2018255910961377e-16,4.430697329134333e-16,7.554811849595986e-30,7.554811849595986e-30,4.291439957914451e-29,1.0,4.51776109636701e-18,-5.672374562798701e-20,-2.452668934506867e-18,-1.5843840592943836e-18
matched_gaussian,gaussian,1.0,1.2,0.05,381,0.003937648099370762,0.0011948703307297897,3.419644561927738e-05,6.8339168745883006e-12,0.0009876772428319047,0.00037386355881167586,0.00015696567781163466,0.00021689788100003954,1.883646381132842e-06,1.883646381132842e-06,1.0376833392861778e-05,0.9999612135672187,2.1958183015953117e-06,2.514468317748317e-08,-1.1842012409154316e-06,-7.805985055645681e-07
matched_gaussian,gaussian,1.0,1.2,0.05,382,0.00393861930656502,4.1780962428794777e-16,9.390797045105129e-18,1.046502456963072e-36,1.5124659551443098e-28,1.3824281212580643e-16,6.544152992032588e-17,8.427180148585241e-17,2.0092812297444732e-31,2.0092812297444732e-31,9.961778683813937e-31,1.0,8.576090025068745e-19,1.8831586053683246e-19,-4.409680190701145e-19,-2.847693779357031e-19
matched_gaussian,gaussian,1.0,1.2,0.05,383,0.003939593301031543,0.0011930170896660248,3.4634554909197986e-05,6.885340831652224e-12,0.000995109330909719,0.00037354393937540325,0.00015666021228803777,0.00021688372708735968,1.9067123890051832e-06,1.9067123890051832e-06,1.04882947914523e-05,0.9999613133025559,2.2020885132753825e-06,2.387491565705538e-08,-1.1908706546644685e-06,-7.857506497701598e-07
matched_gaussian,gaussian,1.0,1.2,0.05,384,0.003940570146404133,-6.122701880461666e-16,-1.6894550623747322e-17,1.8375255304499678e-36,2.655698310139882e-28,-1.8140492722271894e-16,-9.093359097820934e-17,-9.113819978528758e-17,3.9074013983351826e-31,3.9074013983351826e-31,2.625008387884285e-30,1.0,-1.157056725611127e-18,1.0248803605843989e-19,5.914097748361493e-19,3.721235612819539e-19
matched_gaussian,gaussian,1.0,1.2,0.05,385,0.00394154952213048,-0.0011904079229864304,-3.505186234550829e-05,6.928964404236404e-12,0.0010014140622494627,-0.0003729726450685599,-0.00015624756564253678,-0.00021672507942601426,1.9273175709724156e-06,1.9273175709724156e-06,1.0586195712433701e-05,0.999961458683355,-2.207047833281814e-06,-2.256741416643433e-08,1.19689301678078e-06,7.904695339111419e-07
matched_gaussian,gaussian,1.0,1.2,0.05,386,0.003942531468311761,7.9094186035994525e-16,2.5227656138588825e-17,3.022159104401747e-36,4.367799354911934e-28,2.490797608497798e-16,9.216858316102053e-17,1.4289634943688173e-16,9.143718943090546e-31,9.143718943090546e-31,5.061116046670596e-30,1.0,1.4282563395540429e-18,2.4620692419797357e-20,-8.117007575717322e-19,-5.681361056891904e-19
matched_gaussian,gaussian,1.0,1.2,0.05,387,0.003943515682718132,0.001187050092569605,3.544737712360413e-05,6.9646298285074694e-12,0.0010065686359083058,0.0003721510835209679,0.0001557287840843808,0.0002164222994365853,1.945371461233404e-06,1.945371461233404e-06,1.0670126780609419e-05,0.9999616489964597,2.210687523950894e-06,2.122505424148226e-08,-1.2022563591574908e-06,-7.947450181618978e-07
matched_gaussian,gaussian,1.0,1.2,0.05,388,0.0039445021815987785,7.13289293727811e-16,2.0174457825241116e-17,2.58839778329766e-36,3.7409023739605547e-28,2.308631861814186e-16,8.53508120118863e-17,1.4299478231624233e-16,7.3135774104180766e-31,7.3135774104180766e-31,3.648172598468465e-30,1.0,1.3207876309356473e-18,1.1825959248465263e-19,-7.483540262034005e-19,-5.195177932617749e-19
matched_gaussian,gaussian,1.0,1.2,0.05,389,0.003945490681359917,-0.001182951433811399,-3.5820124716093565e-05,6.992195719417948e-12,0.001010552618100408,-0.00037108093363892944,-0.00015510503675082287,-0.0002159758968880946,1.9607912391609553e-06,1.9607912391609553e-06,1.0739720687314078e-05,0.9999618834344194,-2.2129995514145366e-06,-1.9850840787709855e-08,1.2069487702437292e-06,7.985670385034544e-07
matched_gaussian,gaussian,1.0,1.2,0.05,390,0.003946481174170875,3.092264588976704e-15,9.44668622458238e-17,4.7739833433750944e-35,6.899637195534675e-27,9.69253541838787e-16,4.037186887166879e-16,5.677097216239693e-16,1.358925931770945e-29,1.358925931770945e-29,7.401949231795656e-29,1.0,5.779078018517472e-18,1.920258037662594e-19,-3.1547800003746435e-18,-2.0862837605568425e-18
matched_gaussian,gaussian,1.0,1.2,0.05,391,0.003947473395302528,0.0011781203340464406,3.6169149162334786e-05,7.011537620131856e-12,0.001013348021603087,0.0003697641427921104,0.00015437761306607886,0.000215386529726032,1.9735022230900857e-06,1.9735022230900857e-06,1.0794654156254222e-05,0.999962161100108,2.213976586520898e-06,1.8447903273985138e-08,-1.2109584069858231e-06,-8.019256236611224e-07
matched_gaussian,gaussian,1.0,1.2,0.05,392,0.003948467312709271,3.5232760525939993e-16,8.948513240389494e-18,6.5644145306322425e-37,9.487272033596597e-29,1.142976017557925e-16,4.7982094659215316e-17,6.775961304757908e-17,1.535653575168842e-31,1.535653575168842e-31,7.984891328516888e-31,1.0,6.831886221572542e-19,-1.3048981776120664e-20,-3.7398318836275534e-19,-2.228476127642633e-19
matched_gaussian,gaussian,1.0,1.2,0.05,393,0.0039494626806695745,-0.001172565709993568,-3.6493515310721467e-05,7.022548529421378e-12,0.0010149393819792406,-0.0003682029232205989,-0.00015354791970828696,-0.00021465500351230244,1.98343832834271e-06,1.98343832834271e-06,1.0834649710684861e-05,0.9999624810113983,-2.2136120050887463e-06,-1.701949035160415e-08,1.2142735079359817e-06,8.048109127126544e-07
matched_gaussian,gaussian,1.0,1.2,0.05,394,0.00395045944288146,2.3729824724516934e-15,7.825860926821877e-17,2.942066831624355e-35,4.252045364044609e-27,7.442084945795773e-16,3.1078979978809145e-16,4.257462085738872e-16,8.434033222198348e-30,8.434033222198348e-30,4.700878740738947e-29,1.0,4.520654567217442e-18,-1.081880643644747e-20,-2.4921943585614784e-18,-1.6652930170757537e-18
matched_gaussian,gaussian,1.0,1.2,0.05,395,0.003951457372688078,0.001166296984309985,3.679231100928073e-05,7.025139406985664e-12,0.0010153138306089459,0.00036639974766363624,0.00015261747719162169,0.00021378227047201616,1.9905424863854364e-06,1.9905424863854364e-06,1.085947723301088e-05,0.9999628421058642,2.2118998876603618e-06,1.5568963893283646e-08,-1.2168824076407651e-06,-8.072131733881993e-07
matched_gaussian,gaussian,1.0,1.2,0.05,396,0.003952456389583699,1.4523818151198122e-15,4.7933255266394065e-17,1.0713571780471551e-35,1.5483874374247948e-27,4.509004313491557e-16,1.882604075917487e-16,2.6119365675054875e-16,3.1676155253684274e-30,3.1676155253684274e-30,1.7613701816388496e-29,1.0,2.7280639524949904e-18,3.8609302129064077e-20,-1.4993972404683908e-18,-1.010720578910829e-18
matched_gaussian,gaussian,1.0,1.2,0.05,397,0.003953456285947673,-0.0011593240613615814,-3.7064649240752586e-05,7.019239656879677e-12,0.0010144611645573956,-0.0003643573442201695,-0.00015158791607436197,-0.00021276942814580545,1.99476702231688e-06,1.99476702231688e-06,1.0868955309678233e-05,0.9999632432454786,-2.2088350189599807e-06,-1.40997924486896e-08,1.2187735524417229e-06,8.091228210953055e-07
matched_gaussian,gaussian,1.0,1.2,0.05,398,0.003954456957217199,-1.6291243119849022e-15,-5.658832947577896e-17,1.4038041191940448e-35,2.0288590092123012e-27,-5.099844582333581e-16,-2.1196271047900399e-16,-2.931679249410865e-16,4.1952367436997335e-30,4.1952367436997335e-30,2.3312789675292915e-29,1.0,-3.1121342381664424e-18,-2.1360679873434048e-19,1.718963761820854e-18,1.162840228343425e-18
matched_gaussian,gaussian,1.0,1.2,0.05,399,0.003955458214694496,-0.0011516573022945123,-3.730967019814494e-05,7.0047975890172585e-12,0.0010123739132739938,-0.00036207869044818105,-0.0001504609728039958,-0.00021161771764418685,1.996073988105213e-06,1.996073988105213e-06,1.0862952355372622e-05,0.999963683221282,-2.2044128872413915e-06,-1.2615544113691772e-08,1.2199355177993847e-06,8.105304386878962e-07
matched_gaussian,gaussian,1.0,1.2,0.05,400,0.003956459929999995,1.2881462910953897e-15,4.758513796197759e-17,9.509670259860987e-36,1.3743926177132348e-27,4.1599302543455584e-16,1.8117555313342888e-16,2.3888301162834e-16,2.8730939441379026e-30,2.8730939441379026e-30,1.5492794078918913e-29,1.0,2.5747274057807352e-18,6.067966465133279e-20,-1.3983064504296902e-18,-9.599510897785965e-19
matched_gaussian,gaussian,1.0,1.2,0.05,401,0.00395746193316182,0.001143307499516197,3.7526543298084004e-05,6.981780858784926e-12,0.0010090474021278884,0.00035956700671702725,0.0001492384852127074,0.00021032852150431756,1.9944354493759387e-06,1.9944354493759387e-06,1.084138751256167e-05,0.9999641607579944,2.198629683733293e-06,1.1119878812610698e-08,-1.220357027263257e-06,-8.114267970039834e-07
matched_gaussian,gaussian,1.0,1.2,0.05,402,0.003958464072316657,1.2375118048208524e-15,4.178256210461857e-17,8.123075603102746e-36,1.1739939279654999e-27,3.8327541001520946e-16,1.600880761615475e-16,2.2159756249219468e-16,2.3390167872973817e-30,2.3390167872973817e-30,1.3062241540028718e-29,1.0,2.3673707785182976e-18,-5.69435046285378e-20,-1.3177460893987e-18,-8.825723093749708e-19
matched_gaussian,gaussian,1.0,1.2,0.05,403,0.003959466195939626,-0.0011342858506792717,-3.771446912885978e-05,6.950176884636219e-12,0.0010044798127611233,-0.0003568257488272962,-0.00014792238767838528,-0.00020890336114891077,1.9898337238098186e-06,1.9898337238098186e-06,1.0804231323559492e-05,0.9999646745185482,-2.191482302386181e-06,-9.61653999344658e-09,1.2200269731983566e-06,8.118028761906391e-07
matched_gaussian,gaussian,1.0,1.2,0.05,404,0.003960468129108135,2.9353784549985227e-16,8.926600994912705e-18,5.114411474335925e-37,7.391643645042547e-29,9.640916486919264e-17,3.22301695364583e-17,5.624684385143867e-17,1.26776208245367e-31,1.26776208245367e-31,6.616125009125076e-31,1.0,5.759322798282435e-19,-7.943700976297792e-20,-3.52146465184822e-19,-2.2231910629360184e-19
matched_gaussian,gaussian,1.0,1.2,0.05,405,0.0039614697383855415,0.0011246039322826851,3.78726813311781e-05,6.909993243532169e-12,0.0009986722402399863,0.0003538585999200679,0.00014651470596879475,0.00020734389395126953,1.982261569611862e-06,1.982261569611862e-06,1.0751506174193266e-05,0.9999652231085208,2.182968340148149e-06,8.109345743389778e-09,-1.2189344393879633e-06,-8.116498878386977e-07
matched_gaussian,gaussian,1.0,1.2,0.05,406,0.003962470826304158,1.1250989029935874e-15,4.0063078026506616e-17,7.169197965886456e-36,1.0361340078034545e-27,3.560325783060986e-16,1.4930303504803108e-16,2.0567043418122501e-16,2.0794577458209978e-30,2.0794577458209978e-30,1.1375459180405118e-29,1.0,2.2224176394031806e-18,2.552149602611362e-20,-1.2395849337006422e-18,-8.32367495364285e-19
matched_gaussian,gaussian,1.0,1.2,0.05,407,0.0039634712770795465,-0.0011142736729897094,-3.8000448409758816e-05,6.8612580438013e-12,0.000991628746942894,-0.0003506694616971121,-0.00014501755178765886,-0.0002056519099094467,1.9717223228221852e-06,1.9717223228221852e-06,1.0683286509394854e-05,0.9999658050804487,-2.1730860979819436e-06,-6.602179326947411e-09,1.2170687256144958e-06,8.109592979417358e-07
matched_gaussian,gaussian,1.0,1.2,0.05,408,0.003964470871300701,-2.050370991594437e-15,-6.871774561481617e-17,2.3312578123874204e-35,3.369268796685294e-27,-6.425682118436269e-16,-2.6964002658399427e-16,-3.7273039466141047e-16,6.460683726716201e-30,6.460683726716201e-30,3.5539893415879265e-29,1.0,-4.0145394305286066e-18,6.128744739562837e-20,2.2438455989158175e-18,1.4688267636529157e-18
matched_gaussian,gaussian,1.0,1.2,0.05,409,0.003965469510325099,0.0011033073267735787,3.809707547446344e-05,6.8040202748263955e-12,0.0009833564130991511,0.0003472624449787827,0.0001434331170431103,0.00020382932793566462,1.9582299826175076e-06,1.9582299826175076e-06,1.0599698822593032e-05,0.9999664189380065,2.161834582844328e-06,5.098979162039013e-09,-1.214419374320165e-06,-8.097228506915249e-07
matched_gaussian,gaussian,1.0,1.2,0.05,410,0.003966466953485206,5.89480788764808e-16,2.2123682887691786e-17,2.0037453086820567e-36,2.8959287596480794e-28,1.8806688579648804e-16,6.78109717319363e-17,1.089095103268953e-16,6.074623835725882e-31,6.074623835725882e-31,3.2879351301691576e-30,1.0,1.1575292190344579e-18,5.468433125049379e-20,-6.902982020604233e-19,-4.2938261715091355e-19
matched_gaussian,gaussian,1.0,1.2,0.05,411,0.003967463118699323,-0.0010917174459895915,-3.816190590964124e-05,6.738350132593525e-12,0.0009738653838391782,-0.0003436418596268021,-0.000141763667859932,-0.00020187819176686512,1.9418092440746578e-06,1.9418092440746578e-06,1.0500921421905224e-05,0.9999670631400382,-2.1492135108306973e-06,-3.6037282375473817e-09,1.210976199429466e-06,8.079325931131074e-07
matched_gaussian,gaussian,1.0,1.2,0.05,412,0.0039684577448122794,1.261103964631465e-15,4.3795067546071984e-17,9.17658032846946e-36,1.3262525318606875e-27,3.897626323914697e-16,1.687096360479157e-16,2.2588502299488274e-16,2.4928197490924443e-30,2.4928197490924443e-30,1.3917278919210653e-29,1.0,2.5161006033833226e-18,-5.871654789225879e-20,-1.407638393030839e-18,-9.278602284787902e-19
matched_gaussian,gaussian,1.0,1.2,0.05,413,0.003969450765655119,0.001079516854489133,3.8194322971373245e-05,6.664339319992286e-12,0.0009631689125956434,0.00033981220386654397,0.00014001153836018892,0.00019980066550634207,1.9224954782844067e-06,1.9224954782844067e-06,1.0387183977729483e-05,0.9999677361044301,2.135223311709368e-06,2.12044299589989e-09,-1.2067293174193437e-06,-8.055809005477419e-07
matched_gaussian,gaussian,1.0,1.2,0.05,414,0.00397044190043272,2.316042170620413e-15,7.594353796601086e-17,3.0243538784422633e-35,4.370971369457556e-27,7.274669700462898e-16,2.854358569103923e-16,4.394801969053923e-16,8.406036873466689e-30,8.406036873466689e-30,4.429946109933615e-29,1.0,4.519396459113215e-18,-1.649203388917916e-20,-2.6018702836584067e-18,-1.7460221847419617e-18
matched_gaussian,gaussian,1.0,1.2,0.05,415,0.003971431098178046,-0.0010667186208607946,-3.8193751311547e-05,6.58210132005938e-12,0.0009512834005942063,-0.00033577815303824696,-0.00013817912423451582,-0.00019759902880373613,1.9003346599656312e-06,1.9003346599656312e-06,1.0258766856925853e-05,0.999968436211818,-2.119865135008045e-06,-6.531616936250997e-10,1.2016691806805282e-06,8.026605029644172e-07
matched_gaussian,gaussian,1.0,1.2,0.05,416,0.003972418059378786,1.2215051306127663e-15,4.1995736902656645e-17,8.164688714226997e-36,1.1800080957722064e-27,3.8117276597135503e-16,1.4656879364797152e-16,2.309003017316453e-16,2.4410392303428957e-30,2.4410392303428957e-30,1.2913547195604345e-29,1.0,2.343593166549911e-18,1.4755616012542082e-19,-1.3523598168290247e-18,-9.064269906411466e-19
matched_gaussian,gaussian,1.0,1.2,0.05,417,0.003973402747500879,-0.001053336031920927,-3.815965842928924e-05,6.491771640409332e-12,0.0009382284321800604,-0.00033154454782085516,-0.00013626887613259116,-0.0001952756716882683,1.8753832432066332e-06,1.8753832432066332e-06,1.0116000250577817e-05,0.9999691618091239,-2.1031408578755476e-06,7.940677369976812e-10,1.1957866132371805e-06,7.991645121018701e-07
matched_gaussian,gaussian,1.0,1.2,0.05,418,0.003974384845308654,-1.350358845182721e-15,-4.7054845405540534e-17,1.0459108690044408e-35,1.5116109579668548e-27,-4.189203297909387e-16,-1.7025519305335236e-16,-2.4796428161396446e-16,2.9357803513199725e-30,2.9357803513199725e-30,1.598761297036461e-29,1.0,-2.665597696385626e-18,2.6880255270877467e-20,1.527523970528709e-18,1.009775015736095e-18
matched_gaussian,gaussian,1.0,1.2,0.05,419,0.003975364329878885,0.0010393825665287963,3.8091556048979076e-05,6.393508026122372e-12,0.0009240268055857233,0.00032711638196140474,0.0001342832928969554,0.00019283308906442893,1.8477079861556373e-06,1.8477079861556373e-06,9.959263102426033e-06,0.9999699112129204,2.085053094841668e-06,-2.2172002994078585e-09,-1.1890728488255104e-06,-7.950864494018064e-07
matched_gaussian,gaussian,1.0,1.2,0.05,420,0.003976340867313038,3.9674759159054596e-16,1.359013403996995e-17,8.841930380542367e-37,1.2778869833841583e-28,1.1940349241799874e-16,5.1344455158336973e-17,6.94830189506815e-17,2.3747550135952537e-31,2.3747550135952537e-31,1.3559835863353058e-30,1.0,7.670302222984827e-19,-1.4597914761626943e-19,-4.314463308754664e-19,-2.9732444933153727e-19
matched_gaussian,gaussian,1.0,1.2,0.05,421,0.003977314447428726,-0.001024871869830437,-3.7989001425217574e-05,6.287490638268877e-12,0.0009087045587324224,-0.0003224987895554122,-0.00013222491466875747,-0.00019027387488664482,1.8173857259195127e-06,1.8173857259195127e-06,9.788981846487904e-06,0.9999706827126238,-2.0656052096383693e-06,3.6122069888144532e-09,1.1815195713467198e-06,7.904202747077267e-07
matched_gaussian,gaussian,1.0,1.2,0.05,422,0.003978284720786989,6.316654741575947e-16,2.4610991524551243e-17,2.3096580198210737e-36,3.338051525595857e-28,2.043088229341701e-16,5.80395415471727e-17,1.3427704079393266e-16,8.306824033116365e-31,8.306824033116365e-31,3.907692566501097e-30,1.0,1.2040956866383772e-18,-9.503018210182344e-20,-7.751416241441159e-19,-4.999363201937273e-19
matched_gaussian,gaussian,1.0,1.2,0.05,423,0.003979251689033978,0.001009817728022805,3.785159857513801e-05,6.173922194651399e-12,0.0008922909895709481,0.0003176970319234521,0.000130096315894352,0.00018760071602910684,1.7845031052222987e-06,1.7845031052222987e-06,9.605628962981317e-06,0.9999714745735186,2.044801329207512e-06,-4.975088261191776e-09,-1.1731189576753193e-06,-7.851604156872377e-07
matched_gaussian,gaussian,1.0,1.2,0.05,424,0.0039802149883697395,1.2399427135421358e-15,4.9945709128742116e-17,9.785161080917232e-36,1.4142081465760615e-27,3.9317191247444104e-16,1.7350593981792395e-16,2.2259093547336473e-16,2.7931813106409343e-30,2.7931813106409343e-30,1.5559415330035884e-29,1.0,2.5910126273347025e-18,-1.0870717974261554e-19,-1.4502887927571408e-18,-9.780898796045256e-19
matched_gaussian,gaussian,1.0,1.2,0.05,425,0.003981174631320209,-0.0009942340437018669,-3.7678999437190316e-05,6.053028068564222e-12,0.0008748186703549568,-0.000312716484124356,-0.0001279000982590432,-0.00018481638586529311,1.7491562525838448e-06,1.7491562525838448e-06,9.409721361721652e-06,0.9999722850396225,-2.022646359948039e-06,6.301887874833987e-09,1.1638637227532966e-06,7.793017979070881e-07
matched_gaussian,gaussian,1.0,1.2,0.05,426,0.003982130240955526,-6.946870338243835e-16,-2.7045970611671555e-17,3.225256086865747e-36,4.661326875583756e-28,-2.1473611419946533e-16,-9.96125041307005e-17,-1.1712086097948324e-16,7.954655353775384e-31,7.954655353775384e-31,4.718199547540463e-30,1.0,-1.4861879015084356e-18,-1.061037577042652e-19,8.274806246454375e-19,5.661443426487014e-19
matched_gaussian,gaussian,1.0,1.2,0.05,427,0.003983081839702344,0.0009781348119008281,3.747090495786597e-05,5.925056341426347e-12,0.0008563234552477953,0.0003075626211623551,0.00012563888358119396,0.0001819237375811613,1.711450418250223e-06,1.711450418250223e-06,9.201818603720936e-06,0.9999731123363966,1.9991460063197963e-06,-7.588707067046605e-09,-1.1537471669248484e-06,-7.728398755110222e-07
matched_gaussian,gaussian,1.0,1.2,0.05,428,0.0039840290387781075,-5.108133107711475e-16,-2.0888557564169884e-17,1.4329481792407182e-36,2.070979692562814e-28,-1.4088257894773956e-16,-7.846270121270495e-17,-5.601541857692984e-17,2.936929635894751e-31,2.936929635894751e-31,2.6782317956848595e-30,1.0,-1.0155837627996365e-18,6.648590634531626e-20,5.23287559412495e-19,3.51123275218272e-19
matched_gaussian,gaussian,1.0,1.2,0.05,429,0.0039849718695071,-0.0009615340968656943,-3.722706610508053e-05,5.79027780398373e-12,0.0008368444804962535,-0.0003022410039306674,-0.00012331530669258561,-0.00017892569723807278,1.6714995681520938e-06,1.6714995681520938e-06,8.982520970903514e-06,0.9999739546733152,-1.97430679177786e-06,8.831719018986643e-09,1.1427632253756038e-06,7.657706623995597e-07
matched_gaussian,gaussian,1.0,1.2,0.05,430,0.003985909932571617,8.083615458061852e-16,3.011236050221723e-17,4.0823580957022534e-36,5.900060334665121e-28,2.6821780919725647e-16,1.0885637953960546e-16,1.718538986578719e-16,1.2983049385560504e-30,1.2983049385560504e-30,6.106930335914727e-30,1.0,1.6712011505529849e-18,-2.995995291867732e-20,-9.489428199099666e-19,-6.229403951061967e-19
matched_gaussian,gaussian,1.0,1.2,0.05,431,0.003986843267172953,0.0009444460096425834,3.6947284808423655e-05,5.6489859007515184e-12,0.0008164241564010368,0.00029675726494767126,0.00012093200833679818,0.0001758252566108653,1.629425938562736e-06,1.629425938562736e-06,8.752467394883922e-06,0.9999748102463064,1.9481360820520077e-06,-1.0027183556541405e-08,-1.130906519548899e-06,-7.580907638207256e-07
matched_gaussian,gaussian,1.0,1.2,0.05,432,0.003987771464810119,-7.41769365879925e-18,-1.701821930114729e-18,1.676002347356553e-39,2.422255651912132e-31,6.2896983411056024e-18,-5.538665381557536e-18,-1.460204661539037e-17,6.231571536613155e-33,6.231571536613155e-33,3.1655760243067505e-33,1.0,-1.0251866716396073e-20,-3.365859178536103e-20,-1.6076774877945522e-20,-1.3399182241319437e-20
matched_gaussian,gaussian,1.0,1.2,0.05,433,0.003988694571529927,-0.0009268846865476653,-3.663141482647186e-05,5.5014966118734515e-12,0.0007951081502424013,-0.0002911170939420853,-0.0001184916281165547,-0.00017262546582557398,1.585359554327585e-06,1.585359554327585e-06,8.51233325599273e-06,0.99997567724008,-1.9206421107389773e-06,1.1171462035176285e-08,1.118172410374648e-06,7.497974082660749e-07
matched_gaussian,gaussian,1.0,1.2,0.05,434,0.003989612171028097,1.802210652812766e-15,7.062990515975256e-17,2.1963557805442007e-35,3.1743005679104017e-27,5.523854058919117e-16,2.6726794160093777e-16,3.1920987854614714e-16,5.651116570050118e-30,5.651116570050118e-30,3.190534869790605e-29,1.0,3.901354794852007e-18,-1.18669648791337e-19,-2.157275128111728e-18,-1.4405103631052178e-18
matched_gaussian,gaussian,1.0,1.2,0.05,435,0.003990524315161284,0.0009088642685461668,3.627936253918981e-05,5.348148265832995e-12,0.0007729453592120823,0.00028532622333690856,0.00011599679751664608,0.00016932942582026226,1.5394377136223155e-06,1.5394377136223155e-06,8.26282806302592e-06,0.9999765538303576,1.8918340070734603e-06,-1.2261032348163053e-08,-1.104557053078141e-06,-7.408884795260755e-07
matched_gaussian,gaussian,1.0,1.2,0.05,436,0.0039914305812236775,-2.339949606306961e-15,-9.339597584393822e-17,3.681066671516369e-35,5.3200907291146e-27,-7.408096953122537e-16,-3.143355402317903e-16,-4.363448734872675e-16,1.0210087444724958e-29,1.0210087444724958e-29,5.47527690785187e-29,1.0,-4.989413234896162e-18,4.2553580750709725e-20,2.877865151012319e-18,1.90591281331567e-18
matched_gaussian,gaussian,1.0,1.2,0.05,437,0.00399233102584878,0.000890398881623301,3.589108766614401e-05,5.1893012767847674e-12,0.0007499878724509115,0.0002793904136992278,0.00011345013303762319,0.00016594028066160388,1.4918044425697271e-06,1.4918044425697271e-06,8.00469302551991e-06,0.9999774381860237,1.8617218258176536e-06,-1.3292503995869255e-08,-1.0900574533608084e-06,-7.313625487875486e-07
matched_gaussian,gaussian,1.0,1.2,0.05,438,0.003993225221346247,3.4686127042373984e-16,1.2787906670079613e-17,6.4994614824436635e-37,9.393398126837542e-29,1.0900521859749798e-16,3.6652199340373536e-17,8.631229095049381e-17,2.7640652855126474e-31,2.7640652855126474e-31,1.110788725347336e-30,1.0,6.41257733105133e-19,3.5934788454502743e-20,-3.826607218740249e-19,-3.0168548339423417e-19
matched_gaussian,gaussian,1.0,1.2,0.05,439,0.003994113228102903,-0.0008715026181527839,-3.5466603907739844e-05,5.025337799271927e-12,0.0007262909211465734,-0.0002733154392072271,-0.00011085422946413254,-0.00016246120974305021,1.4426099229705055e-06,1.4426099229705055e-06,7.738698528900766e-06,0.9999783284712176,-1.8303165790295136e-06,1.4262633141310752e-08,1.0746715246408676e-06,7.212189065904852e-07
matched_gaussian,gaussian,1.0,1.2,0.05,440,0.003994994614869508,4.322516494403154e-16,2.1120897707635953e-17,1.1802723843684331e-36,1.7057980010239438e-28,1.3482329468772218e-16,5.602533877328613e-17,9.003830766559463e-17,4.760181350171344e-31,4.760181350171344e-31,2.285245351221587e-30,1.0,8.924662086389598e-19,-4.213337913071962e-20,-5.165254711656549e-19,-3.394151835233053e-19
matched_gaussian,gaussian,1.0,1.2,0.05,441,0.003995869444778977,0.0008521895193235578,3.5005979509216203e-05,4.856661293618032e-12,0.0007019128157215208,0.00026710707320118593,0.00010821165330200399,0.00015889541989921158,1.3920098967116708e-06,1.3920098967116708e-06,7.465641523996126e-06,0.9999792228473836,1.7976302695484593e-06,-1.5168337589418724e-08,-1.058398146063549e-06,-7.104575944876515e-07
matched_gaussian,gaussian,1.0,1.2,0.05,442,0.003996737284450745,1.8743099987324168e-15,8.172657306996233e-17,2.216764999628522e-35,3.2037971532559313e-27,5.997282252390589e-16,2.0609149562394607e-16,3.646384199790966e-16,7.456244019459645e-30,7.456244019459645e-30,3.8326495379897577e-29,1.0,3.783041156875357e-18,-4.494505395622543e-20,-2.321744217502099e-18,-1.5696284057995446e-18
matched_gaussian,gaussian,1.0,1.2,0.05,443,0.003997598198779638,0.0008324735586353188,3.4509337744519693e-05,4.683695994809e-12,0.0006769148690727195,0.000260771073878556,0.00010552493640976914,0.00015524613746880473,1.3401650503741475e-06,1.3401650503741475e-06,7.1863428413336725e-06,0.9999801194753027,1.7636759259098692e-06,-1.6006711604542684e-08,-1.0412372209178976e-06,-6.990794362114707e-07
matched_gaussian,gaussian,1.0,1.2,0.05,444,0.003998451753676518,-7.029394565539294e-16,-3.028543232187341e-17,3.099598556571756e-36,4.47971933580912e-28,-2.1298212514111728e-16,-9.01217717107771e-17,-1.1981463415466461e-16,9.07510761015095e-31,9.07510761015095e-31,5.324267153721122e-30,1.0,-1.444330730660011e-18,4.6780865670080585e-20,8.375093921883554e-19,5.566838111947614e-19
matched_gaussian,gaussian,1.0,1.2,0.05,445,0.0039992980148436455,0.0008123686265046649,3.397685731892225e-05,4.506886278119726e-12,0.0006513613048883333,0.00025431317020061835,0.00010279656985575365,0.00015151660034488543,1.287240383752098e-06,1.287240383752098e-06,6.9016444412675115e-06,0.9999810165171226,1.728467638424536e-06,-1.6775040486208e-08,-1.0231897350941968e-06,-6.870860681555017e-07
matched_gaussian,gaussian,1.0,1.2,0.05,446,0.004000136548894467,-5.718844416344308e-16,-2.681657723004838e-17,2.1437332535238388e-36,3.0982474444204417e-28,-1.685446381652654e-16,-7.538119883906938e-17,-7.719472634853034e-17,5.175069189700376e-31,5.175069189700376e-31,3.83386494643321e-30,1.0,-1.1891771800536207e-18,7.741490584369915e-20,6.820556276350346e-19,5.083285759507795e-19
matched_gaussian,gaussian,1.0,1.2,0.05,447,0.004000967421420411,-0.0007918885159770225,-3.340877268672316e-05,4.3266959146135674e-12,0.0006253191500481981,-0.00024773904807157447,-0.00010002899802572092,-0.0001477100500458557,1.233404565882357e-06,1.233404565882357e-06,6.612406609926995e-06,0.9999819121384079,-1.6920205960477371e-06,1.7470814821389314e-08,1.0042578151472017e-06,6.744799689457603e-07
matched_gaussian,gaussian,1.0,1.2,0.05,448,0.00400179020113031,7.091991224628442e-16,2.8003015837182887e-17,3.6567919807741685e-36,5.285007540274528e-28,2.1686772357015857e-16,8.68000315557373e-17,1.2695200143372505e-16,8.883621399509005e-31,8.883621399509005e-31,4.9627075033653266e-30,1.0,1.5414453106945384e-18,-4.962835227794088e-20,-9.339813188729424e-19,-6.371453975024245e-19
matched_gaussian,gaussian,1.0,1.2,0.05,449,0.00400260495262902,0.0007710469095764255,3.280537428223401e-05,4.143607210390846e-12,0.0005988581102230309,0.00024105433686090848,9.722461300964472e-05,0.00014382972385127752,1.178829282353322e-06,1.178829282353322e-06,6.319505111589986e-06,0.9999828045102309,1.6543511236923663e-06,-1.809174432312673e-08,-9.844447855396157e-07,-6.612644878865477e-07
matched_gaussian,gaussian,1.0,1.2,0.05,450,0.004003411248088495,-1.2859722865923018e-15,-5.09684325464647e-17,1.2633588875005528e-35,1.825879426999761e-27,-4.074087056838581e-16,-1.8558925266865322e-16,-2.3921831547206006e-16,3.0455483637455898e-30,3.0455483637455898e-30,1.63720356676067e-29,1.0,-2.923075133627583e-18,-9.728522561780512e-20,1.6761938493721736e-18,1.1270006221724116e-18
matched_gaussian,gaussian,1.0,1.2,0.05,451,0.004004209150299889,-0.0007498573672884805,-3.216700866029605e-05,3.958120023788102e-12,0.000572050427834374,-0.00023426459633392807,-9.438574929359222e-05,-0.00013987884704036896,1.1236885775066954e-06,1.1236885775066954e-06,6.023828307207397e-06,0.9999836918113176,-1.6154767195652411e-06,1.8635771162856085e-08,9.637552245865949e-07,6.474438720430032e-07
matched_gaussian,gaussian,1.0,1.2,0.05,452,0.004004998236234303,-2.745237311423744e-15,-1.214025858929506e-16,5.34969493932895e-35,7.731688934227085e-27,-8.527881383951591e-16,-3.4824788716599356e-16,-5.131251069452359e-16,1.5554242772481477e-29,1.5554242772481477e-29,8.321574413726063e-29,1.0,-5.945695024992579e-18,4.054239876728983e-20,3.543658170283446e-18,2.363578462660713e-18
matched_gaussian,gaussian,1.0,1.2,0.05,453,0.004005778566096478,0.0007283333156848891,3.1494078543321986e-05,3.77075065547874e-12,0.0005449707216455136,0.0002273753040585741,9.15146787804917e-05,0.00013586062527811088,1.0681581951803292e-06,1.0681581951803292e-06,5.726274248916027e-06,0.9999845722302692,1.5754160920771847e-06,-1.9101082707385858e-08,-9.421950186073613e-07,-6.330232917151399e-07
matched_gaussian,gaussian,1.0,1.2,0.05,454,0.0040065497229544635,-1.3187637799050585e-15,-5.898202524803074e-17,1.189409705596014e-35,1.7190037868164e-27,-4.0146891581235446e-16,-1.6798823542930147e-16,-2.4560398007023664e-16,3.6156346870037776e-30,3.6156346870037776e-30,1.941405047762405e-29,1.0,-2.8156345791756814e-18,-1.0141428956703682e-20,1.6650866467775174e-18,1.0925578166176116e-18
matched_gaussian,gaussian,1.0,1.2,0.05,455,0.0040073117637137645,-0.0007064880381899841,-3.078704277133812e-05,3.5820306074039755e-12,0.0005176958073949921,-0.0002203918433576461,-8.861360616541699e-05,-0.00013177823719220686,1.0124149215203917e-06,1.0124149215203917e-06,5.427747760018658e-06,0.9999854439678731,-1.5341891958727782e-06,1.9486123561863463e-08,9.197714137769767e-07,6.180088640613877e-07
matched_gaussian,gaussian,1.0,1.2,0.05,456,0.004008064278792596,-1.6533467115310683e-15,-7.057633655818993e-17,2.0306329270955881e-35,2.934788302876856e-27,-5.382971321865063e-16,-2.0759536348630308e-16,-3.359279010970559e-16,5.915214666730397e-30,5.915214666730397e-30,2.911309446253305e-29,1.0,-3.652352546916812e-18,-1.7305988215128872e-20,2.2047715534624275e-18,1.4509765827886164e-18
matched_gaussian,gaussian,1.0,1.2,0.05,457,0.004008807321149424,0.0006843346664773056,3.004641615105951e-05,3.392505207311591e-12,0.0004903044990069841,0.000213319491871197,8.568466468589632e-05,0.000127634827185287,9.566359332725715e-07,9.566359332725715e-07,5.129157509540284e-06,0.9999863052395177,1.4918172664595084e-06,-1.978960682545168e-08,-8.96493065137404e-07,-6.024076746084057e-07
matched_gaussian,gaussian,1.0,1.2,0.05,458,0.004009540489755065,1.1120512454530903e-15,5.062107952716922e-17,8.149715414685033e-36,1.177844067810044e-27,3.3833729504259236e-16,1.2024588716402706e-16,1.9652465412869976e-16,2.4811546787263036e-30,2.4811546787263036e-30,1.4039821939248533e-29,1.0,2.2940681909128765e-18,4.690936254106613e-20,-1.4299483674636265e-18,-9.16522628319048e-19
matched_gaussian,gaussian,1.0,1.2,0.05,459,0.004010263833042868,-0.0006618861730010167,-2.927276920075203e-05,3.2027320971566527e-12,0.0004628773901262141,-0.00020616341080049842,-8.272991226986063e-05,-0.00012343349853066819,9.009981548740138e-07,9.009981548740138e-07,4.831413090526375e-06,0.9999871542777198,-1.448322852952492e-06,2.001052446407368e-08,8.723700822482206e-07,5.862277964077721e-07
matched_gaussian,gaussian,1.0,1.2,0.05,460,0.004010976959681967,5.0443513264294836e-17,4.563837808338826e-18,6.864027410087911e-39,9.920289917964016e-31,1.0040800277263198e-17,7.269196359476447e-19,-1.502093683726197e-17,-1.7091377024514554e-32,1.7091377024514554e-32,5.739649350648074e-32,1.0,3.9831278134872546e-20,3.897792721029049e-20,-2.78907593132366e-20,-5.459233854260813e-20
matched_gaussian,gaussian,1.0,1.2,0.05,461,0.004011679913076514,0.000639155364637635,2.846672778658143e-05,3.0132795846964115e-12,0.00043549661588090536,0.00019892863489437876,7.975132810039252e-05,0.00011917730679391827,8.456776274153523e-07,8.456776274153523e-07,4.535422110613869e-06,0.9999879893347767,1.403729848381985e-06,-2.014815670397364e-08,-8.474140709135711e-07,-5.694783065727985e-07
matched_gaussian,gaussian,1.0,1.2,0.05,462,0.00401237231267726,6.926612786017727e-17,3.4120590450355704e-18,6.770820320207443e-38,9.785581633922922e-30,5.615160994655656e-17,7.439230070661735e-18,9.308760270362704e-17,7.916025035414914e-32,7.916025035414914e-32,5.890283843629904e-32,1.0,2.0661925983230059e-19,1.7591950567653365e-20,-1.452844021476357e-19,-5.9997086898082e-20
matched_gaussian,gaussian,1.0,1.2,0.05,463,0.0040130541964328624,-0.0006161548774374428,-2.7628972647186778e-05,2.8247248593724257e-12,0.00040824559503173233,-0.00019162006324610235,-7.67508096151012e-05,-0.000114869253631037,7.908488924459951e-07,7.908488924459951e-07,4.242087303550981e-06,0.9999888086855462,-1.3580635170509533e-06,2.0202080357064145e-08,8.216381704619119e-07,5.521692999586894e-07
matched_gaussian,gaussian,1.0,1.2,0.05,464,0.004013725195591188,-3.7492535316276505e-16,-1.8695186592536783e-17,1.2600691045364793e-36,1.8211248421444e-28,-1.0976595740540135e-16,-6.969956960977475e-17,-7.334454477508468e-17,3.4162526911933046e-31,3.4162526911933046e-31,1.7463326695484523e-30,1.0,-9.47182070913916e-19,-3.2851930575519706e-20,5.015385181292823e-19,3.3210705286977834e-19
matched_gaussian,gaussian,1.0,1.2,0.05,465,0.004014385342300123,-0.0005928971724616129,-2.6760238802481934e-05,2.6376520750417845e-12,0.0003812087528770337,-0.00018424245096079962,-7.37301699559216e-05,-0.00011051228100489255,7.366843932833434e-07,7.366843932833434e-07,3.952303669806221e-06,0.9999896106303592,-1.3113505183969634e-06,2.0172175982602744e-08,7.950570860355478e-07,5.34311899738898e-07
matched_gaussian,gaussian,1.0,1.2,0.05,466,0.004015034280547314,2.3989363598669446e-15,1.0494236195063219e-16,4.3886363686819045e-35,6.342711431755153e-27,7.531757777831904e-16,2.9680900150645796e-16,4.668506318686833e-16,1.2202239025407833e-29,1.2202239025407833e-29,6.270184267003849e-29,1.0,5.3463520841702775e-18,-9.174444070893408e-20,-3.2599636147424253e-18,-2.1603479504611464e-18
matched_gaussian,gaussian,1.0,1.2,0.05,467,0.004015672036418378,0.0005693945326909026,2.5861314843603298e-05,2.4526503039602514e-12,0.0003544712255506078,0.00017680040175157744,7.06911358844609e-05,0.00010610926586717713,6.83353896316242e-07,6.83353896316242e-07,3.6669556543963814e-06,0.9999903934980637,1.2636189268384357e-06,-2.0058633805542623e-08,-7.676871153721957e-07,-5.159182646479032e-07
matched_gaussian,gaussian,1.0,1.2,0.05,468,0.004016298267505867,-1.0843142443543415e-16,-3.416904547040929e-18,7.291331828432134e-38,1.0537855009119061e-29,-3.548188185840998e-17,-1.008954713480217e-17,-2.3494051496373486e-18,1.9987791254414107e-33,1.9987791254414107e-33,9.224908174602315e-32,1.0,-1.9168476959220134e-19,-9.216853138372627e-20,1.147524880387423e-19,1.2044540548394279e-19
matched_gaussian,gaussian,1.0,1.2,0.05,469,0.004016912993657522,0.0005456590609930236,2.4933042100916056e-05,2.2703113682909225e-12,0.0003281185466187856,0.0001692983615238934,6.763534617413906e-05,0.00010166301534975038,6.310239345048442e-07,6.310239345048442e-07,3.3869143698075634e-06,0.9999911556491986,1.2148982471037612e-06,-1.9861958305342728e-08,-7.395461695935019e-07,-4.970015926805334e-07
matched_gaussian,gaussian,1.0,1.2,0.05,470,0.0040175158868541415,4.1294564397585396e-16,1.8943618423628332e-17,1.2311630678870106e-36,1.7793481639917774e-28,1.1871534965507085e-16,2.5803779290595407e-17,4.860254481087495e-17,2.2917347167865452e-31,2.2917347167865452e-31,1.9471446857932638e-30,1.0,8.423544834302549e-19,-6.590200163473027e-20,-6.075674798977002e-19,-3.848644900263633e-19
matched_gaussian,gaussian,1.0,1.2,0.05,471,0.00401810696061741,-0.00052170267910907,-2.3976313686687074e-05,2.09122755711367e-12,0.00030223631712941485,-0.00016174061299168438,-6.456435048884835e-05,-9.717626250281496e-05,5.798572749564956e-07,5.798572749564956e-07,3.1130348714216632e-06,0.9999918954792892,-1.1652194245185854e-06,1.9582971403193796e-08,7.10653787502625e-07,4.775761210293521e-07
matched_gaussian,gaussian,1.0,1.2,0.05,472,0.004018685902014113,-1.988113958812971e-15,-9.191641231453207e-17,2.9999259469539113e-35,4.335666708216771e-27,-6.261473183806013e-16,-2.4951477103366324e-16,-3.81900034732059e-16,8.734915320894561e-30,8.734915320894561e-30,4.54726512153992e-29,1.0,-4.42130202625457e-18,1.7806982157994976e-19,2.678783967348224e-18,1.8010428804159376e-18
matched_gaussian,gaussian,1.0,1.2,0.05,473,0.004019252718240041,0.0004975371276617589,2.299207341109697e-05,1.9159892391922885e-12,0.0002769098605951425,0.0001541312713804039,6.147960875658228e-05,9.265166262382203e-05,5.300124122674988e-07,5.300124122674988e-07,2.8461534931684013e-06,0.9999926114222567,1.1146148498354187e-06,-1.922281417796719e-08,-6.810311429918602e-07,-4.576571221000885e-07
matched_gaussian,gaussian,1.0,1.2,0.05,474,0.004019807112056757,1.5855163938760748e-15,7.236885538598593e-17,1.9237775275114522e-35,2.7803546912603572e-27,4.78206721661755e-16,2.020223347263267e-16,2.810591840728228e-16,5.059927225379297e-30,5.059927225379297e-30,2.854415732445907e-29,1.0,3.554732633033247e-18,1.614860074315911e-20,-2.1459246482787318e-18,-1.4129394216904287e-18
matched_gaussian,gaussian,1.0,1.2,0.05,475,0.004020349084422929,-0.0004731739671412355,-2.198131456889081e-05,1.7451823833432036e-12,0.0002522238646227414,-0.00014647428125077252,-5.838249104250596e-05,-8.809179020823075e-05,4.816430889064942e-07,4.816430889064942e-07,2.5870852503432383e-06,0.999993301953927,-1.0631183581445677e-06,1.8782947053678324e-08,6.507010451405292e-07,4.372608954299526e-07
matched_gaussian,gaussian,1.0,1.2,0.05,476,0.004020878354311902,-4.210433604360646e-16,-2.0421732593359054e-17,1.326871333743773e-36,1.9176712924002197e-28,-1.3480316351556645e-16,-3.4169389503574425e-17,-1.1811605368863106e-16,5.999023722827487e-31,5.999023722827487e-31,2.1384469161604528e-30,1.0,-8.924858606136849e-19,-1.379147009568897e-22,6.118560885742004e-19,3.9493345034656e-19
matched_gaussian,gaussian,1.0,1.2,0.05,477,0.004021394916622225,0.0004486245798545653,2.0945078595866872e-05,1.5793860003662341e-12,0.00022826201120612944,0.00013877341448137768,5.527427792424072e-05,8.349913655717478e-05,4.3489784369301226e-07,4.3489784369301226e-07,2.3366213167107212e-06,0.9999939655956258,1.0107652215000439e-06,-1.8265148405104723e-08,-6.196879306721884e-07,-4.164047553825027e-07
matched_gaussian,gaussian,1.0,1.2,0.05,478,0.004021898506961955,2.0662828033422944e-15,9.71678814586791e-17,3.250198807584395e-35,4.6973755400322895e-27,5.99778912213932e-16,2.693184940927459e-16,2.9771160239629735e-16,7.19262448827142e-30,7.19262448827142e-30,4.992078297046157e-29,1.0,4.617801069418629e-18,-1.5334806304962207e-19,-2.757222938593475e-18,-1.8847035304187784e-18
matched_gaussian,gaussian,1.0,1.2,0.05,479,0.004022389114433708,-0.0004239001728046747,-1.9884453594358215e-05,1.4191695222063005e-12,0.00020510659794764226,-0.0001310322694350852,-5.215616136874329e-05,-7.887610806635528e-05,3.899195890623908e-07,3.899195890623908e-07,2.0955265825796824e-06,0.9999946009178377,-9.575921349145478e-07,1.7671511543025987e-08,5.880178484732307e-07,3.951070145072045e-07
matched_gaussian,gaussian,1.0,1.2,0.05,480,0.004022866491607365,3.244642046674247e-16,1.3044133421246316e-17,5.628676516803546e-37,8.134889266185475e-29,1.3024710263616812e-16,-2.3131085007328165e-17,9.990978890424348e-17,3.2395721291630267e-31,3.2395721291630267e-31,1.0520742820896828e-30,1.0,4.682915603625424e-19,-3.879031717282034e-20,-5.035192004404624e-19,-2.97547294148341e-19
matched_gaussian,gaussian,1.0,1.2,0.05,481,0.004023330622139295,-0.00039901178148247715,-1.88005727281052e-05,1.2650901358486447e-12,0.00018283815273713048,-0.00012325427133245165,-4.9029246109874506e-05,-7.42250252225833e-05,3.468452175577397e-07,3.468452175577397e-07,1.864537300477517e-06,0.9999952065439119,-9.036371954717704e-07,1.7004440050210795e-08,5.557184359570657e-07,3.733869624994552e-07
matched_gaussian,gaussian,1.0,1.2,0.05,482,0.004023781275791351,-2.660534783856526e-15,-1.2461171338496266e-16,5.563605607541381e-35,8.040845019777383e-27,-8.509539611408547e-16,-2.791915285635004e-16,-5.428539458334789e-16,1.6811540109071582e-29,1.6811540109071582e-29,8.239359329277925e-29,1.0,-5.9007377930527605e-18,1.2882178060305646e-19,3.81189048614887e-18,2.5040458149767632e-18
matched_gaussian,gaussian,1.0,1.2,0.05,483,0.004024218431206452,0.0003739702745150855,1.769461248630382e-05,1.1176900907521586e-12,0.00016153504460663157,0.00011544267383571192,4.5894551517606254e-05,6.954812231808946e-05,3.0580523761472653e-07,3.0580523761472653e-07,1.6443588244679995e-06,0.999995781153788,8.489398742795469e-07,-1.6266641448235586e-08,-5.228188870738565e-07,-3.5126484069037475e-07
matched_gaussian,gaussian,1.0,1.2,0.05,484,0.004024641875471063,2.530963686675183e-15,1.1930272046509394e-16,5.239797390590785e-35,7.572858632478302e-27,8.055664849038661e-16,2.949839550667614e-16,4.88710781329579e-16,1.4486885426648347e-29,1.4486885426648347e-29,7.502552091877025e-29,1.0,5.7782680525134055e-18,-2.5762755879158844e-19,-3.6413797752789676e-18,-2.3840246626977613e-18
matched_gaussian,gaussian,1.0,1.2,0.05,485,0.004025051582727608,-0.0003487863591783262,-1.6567790820051255e-05,9.77494000432041e-13,0.00014127309373946826,-0.00010760056185815343,-4.2753013954283233e-05,-6.48475479038859e-05,2.669234385654189e-07,2.669234385654189e-07,1.435663449519781e-06,0.9999963234877166,-7.935409811943964e-07,1.546111919352055e-08,4.893499119234839e-07,3.2876181209325044e-07
matched_gaussian,gaussian,1.0,1.2,0.05,486,0.004025447357422346,-1.2872856316829224e-15,-6.180476281170564e-17,1.473612328991448e-35,2.1297498766972586e-27,-3.9720573003231547e-16,-2.016386828946124e-16,-2.1677870967767842e-16,3.3283149783470914e-30,3.3283149783470914e-30,1.9764358112988803e-29,1.0,-3.159245326043615e-18,4.069231200540256e-20,1.8101674580967463e-18,1.2152901584301872e-18
matched_gaussian,gaussian,1.0,1.2,0.05,487,0.0040258291697866455,-0.0003234705876991352,-1.542136515173811e-05,8.450061594700202e-13,0.00012212518370902854,-9.973085558016909e-05,-3.960548960379257e-05,-6.012536597636426e-05,2.3031658436032028e-07,2.3031658436032028e-07,1.2390883563050081e-06,0.9999968323499488,-7.374826221599672e-07,1.459116300863429e-08,4.553436878973626e-07,3.058999269960093e-07
matched_gaussian,gaussian,1.0,1.2,0.05,488,0.00402619684156501,6.047191997148183e-16,2.994353613011701e-17,3.426755606338921e-36,4.9525456502300415e-28,1.543218927274713e-16,1.1688201404489506e-16,6.308444480404818e-17,4.691701440767444e-31,4.691701440767444e-31,4.4974033604868724e-30,1.0,1.5513431559410259e-18,-1.2053622903376524e-19,-8.100374065171004e-19,-5.91101037376207e-19
matched_gaussian,gaussian,1.0,1.2,0.05,489,0.004026550339739466,-0.0002980333643392702,-1.4256630261863783e-05,7.207078985154261e-13,0.00010416087920820302,-9.183631566411874e-05,-3.645275776175131e-05,-5.5383557902367284e-05,1.9609413542105714e-07,1.9609413542105714e-07,1.055233667179047e-06,0.9999973066123624,-6.808081492011981e-07,1.3660337570906898e-08,4.2083380243583463e-07,2.827020841831754e-07
matched_gaussian,gaussian,1.0,1.2,0.05,490,0.004026889503195778,7.990315815553383e-16,4.226469326402319e-17,5.7438418780254696e-36,8.301332915601772e-28,2.0891738335368553e-16,1.455590065487002e-16,8.935685508819503e-17,9.378554013819239e-31,9.378554013819239e-31,8.386330113081784e-30,1.0,1.9904081258187767e-18,-1.6745142896190224e-19,-1.0572952989811672e-18,-7.976239968750914e-19
matched_gaussian,gaussian,1.0,1.2,0.05,491,0.00402721429639581,0.0002724849532102225,1.3074916056633398e-05,6.050550002448007e-13,8.74460525889033e-05,8.391954963857393e-05,3.3295524567394024e-05,5.0624025071104435e-05,1.6435799774697176e-07,1.6435799774697176e-07,8.846606184100565e-07,0.9999977452179981,6.23562103116045e-07,-1.267246959619416e-08,-3.858551875217444e-07,-2.591919878761466e-07
matched_gaussian,gaussian,1.0,1.2,0.05,492,0.004027524575116145,-2.09521379628501e-16,-7.914299019915641e-18,3.802016424031755e-37,5.494894315809959e-29,-9.38871252093982e-17,-4.094165481743436e-17,-9.173265459595684e-17,1.8025952289617127e-31,1.8025952289617127e-31,4.117206036905185e-31,1.0,-5.25920793173968e-19,6.378316221634594e-20,2.714688309294491e-19,1.6076487104439604e-19
matched_gaussian,gaussian,1.0,1.2,0.05,493,0.00402782030208974,-0.0002468354867808213,-1.1877585221336216e-05,4.984751996543568e-13,7.204252258985199e-05,-7.598301941730218e-05,-3.0134427160311646e-05,-4.5848592256953846e-05,1.352022982573794e-07,1.352022982573794e-07,7.27889853568719e-07,0.9999981471844731,-5.657901490251328e-07,1.1631633361864903e-08,3.5044404612189785e-07,2.3539410052829084e-07
matched_gaussian,gaussian,1.0,1.2,0.05,494,0.004028101349642699,1.1009198874596026e-16,3.716605795648076e-18,2.5485272792093415e-37,3.6832792124984965e-29,6.973621147878945e-17,4.2468111155316986e-17,5.333683083608245e-17,4.9212260914057844e-32,4.9212260914057844e-32,1.0157850756757965e-31,1.0,4.428749671282279e-19,-1.465245474300099e-20,-1.9054513478909796e-19,-1.4897096559502453e-19
matched_gaussian,gaussian,1.0,1.2,0.05,495,0.004028367679626538,0.00022109497503012415,1.0666030764828506e-05,4.013657919839e-13,5.800770861989507e-05,6.802904990548672e-05,2.697003823609073e-05,4.105901166948328e-05,1.0871318520775184e-07,1.0871318520775184e-07,5.853998426079417e-07,0.9999985116072421,5.075390049756189e-07,-1.0542134738270845e-08,-3.1463777086022853e-07,-2.1133359164014865e-07
matched_gaussian,gaussian,1.0,1.2,0.05,496,0.004028619180487938,-9.706563551966162e-16,-4.6195055499020535e-17,7.832374958225794e-36,1.1319801872820034e-27,-2.806686847275501e-16,-1.2026819316172227e-16,-1.8324602158052246e-16,2.1012311557980716e-30,2.1012311557980716e-30,1.1130246416925864e-29,1.0,-2.254942856908064e-18,3.094718731141366e-20,1.3984905577918576e-18,8.893110263960653e-19
matched_gaussian,gaussian,1.0,1.2,0.05,497,0.0040288558140943054,-0.0001952733152123312,-9.441673462250166e-06,3.1409137132977384e-13,4.5394303929248745e-05,-6.0059838641632704e-05,-2.3802870979425027e-05,-3.625696766224738e-05,8.496865243991344e-08,8.496865243991344e-08,4.5762543094145155e-07,0.9999988376626758,-4.4885636393646237e-07,9.40849380148858e-09,2.7847485530758166e-07,1.8703628281518178e-07
matched_gaussian,gaussian,1.0,1.2,0.05,498,0.004029077484500125,-5.900000057213625e-16,-2.881013805249702e-17,3.435484658171019e-36,4.965161381448726e-28,-1.969856657533538e-16,-1.0279639202640957e-16,-1.410460634920665e-16,1.0085575610298418e-30,1.0085575610298418e-30,4.218827183442806e-30,1.0,-1.5381632654470127e-18,-5.780264469648151e-20,8.597592306263473e-19,5.718490592973686e-19
matched_gaussian,gaussian,1.0,1.2,0.05,499,0.004029284154529141,0.00016938030217159006,8.205959202417859e-06,2.369817221767043e-13,3.424997088147117e-05,5.2077466405584086e-05,2.0633384345337248e-05,3.144408206022323e-05,6.403838613705917e-08,6.403838613705917e-08,3.4495652230208686e-07,0.9999991246109282,3.897908095245485e-07,-8.235426118962415e-09,-2.41994798311269e-07,-1.625285892814824e-07
matched_gaussian,gaussian,1.0,1.2,0.05,500,0.004029475743251432,3.32121961347488e-17,3.9224918147546114e-18,3.708647989057597e-38,5.359952846495757e-30,2.2073647160041394e-17,-4.639645410701878e-17,5.0670552412955625e-17,4.932523230144458e-32,4.932523230144458e-32,3.2330401220744617e-32,1.0,-9.939630156632775e-20,1.1040237826810643e-19,-1.190817512057444e-19,-2.8943160297913784e-20
matched_gaussian,gaussian,1.0,1.2,0.05,501,0.0040296522154235,-0.0001434256391592316,-6.9603562478813205e-06,1.7032988512840117e-13,2.4617061401647376e-05,-4.408390872020907e-05,-1.7461988657451666e-05,-2.662192006273432e-05,4.598363276364678e-08,4.598363276364678e-08,2.477368989332031e-07,0.9999993717985626,-3.3039172590419205e-07,7.027822807612194e-09,2.0523800188355026e-07,1.3783745815954041e-07
matched_gaussian,gaussian,1.0,1.2,0.05,502,0.004029813504464354,1.4650121885998627e-15,6.718876064651691e-17,1.57630861515637e-35,2.2781724967405515e-27,4.424058942160643e-16,1.0553592391942901e-16,2.881513499668092e-16,4.8043245826245965e-30,4.8043245826245965e-30,2.4426031918107278e-29,1.0,3.0519253867242134e-18,-5.742680244885637e-20,-2.144564740789062e-18,-1.3588163306189699e-18
matched_gaussian,gaussian,1.0,1.2,0.05,503,0.004029959578068182,0.00011741894911573153,5.706352417045053e-06,1.143904167750716e-13,1.6532365482364977e-05,3.6081048167631595e-05,1.428905149480107e-05,2.1791996672814384e-05,3.085708689558677e-08,3.085708689558677e-08,1.6626318232567354e-07,0.999999578660913,2.7070920241510277e-07,-5.790729484510373e-09,-1.6824566325472894e-07,-1.1299030379136123e-07
matched_gaussian,gaussian,1.0,1.2,0.05,504,0.004030090383267309,4.0334442039623927e-16,1.6799190208350338e-17,1.079061646067281e-36,1.559522380783413e-28,1.5802955473439251e-16,-1.1029912640001112e-17,9.204664101599304e-17,3.836909060123292e-31,3.836909060123292e-31,1.6813170408897537e-30,1.0,7.000528711674137e-19,-1.0861873484226931e-19,-6.495948946644971e-19,-3.939747033816096e-19
matched_gaussian,gaussian,1.0,1.2,0.05,505,0.004030205891719373,-9.136978633377327e-05,-4.445452196117847e-06,6.937786181148944e-14,1.0026890365369398e-05,-2.8070687420923997e-05,-1.1114903829055816e-05,-1.6955783591833092e-05,1.870279768090366e-08,1.870279768090366e-08,1.0078393715587707e-07,0.9999997447241553,-2.107939334285145e-07,4.529324226627293e-09,1.310596616914811e-07,8.801494043961546e-08
matched_gaussian,gaussian,1.0,1.2,0.05,506,0.004030306063271386,-6.335251603822969e-16,-2.923197224207081e-17,3.3576947561906244e-36,4.852734910190559e-28,-1.393753205995019e-16,-1.3499838051309182e-16,-1.4463770821098548e-17,1.0490631245380837e-31,1.0490631245380837e-31,4.594983510487239e-30,1.0,-1.5672863996344143e-18,1.1512009725818386e-19,7.42157204302159e-19,5.807393090030058e-19
matched_gaussian,gaussian,1.0,1.2,0.05,507,0.0040303908745831195,6.52876484708298e-05,3.1791737917833372e-06,3.546545369963171e-14,5.125672753803441e-06,2.005456290133452e-05,7.939846379697727e-06,1.2114716521713923e-05,9.556092810651088e-09,9.556092810651088e-09,5.149892092465956e-08,0.9999998696070678,1.5069711412491614e-07,-3.2488946808638492e-09,-9.37224408233906e-08,-6.293951273653466e-08
matched_gaussian,gaussian,1.0,1.2,0.05,508,0.004030460297461119,-2.0155930040501558e-15,-9.877884806110119e-17,3.305538174229433e-35,4.777355197483607e-27,-6.132313696767452e-16,-2.1315183556023604e-16,-3.6468385961940887e-16,8.937701627373257e-30,8.937701627373257e-30,4.939831691817069e-29,1.0,-4.5323570184380814e-18,-7.142440208789339e-20,2.926360839761344e-18,1.9860595132087716e-18
matched_gaussian,gaussian,1.0,1.2,0.05,509,0.004030514314610867,-3.9181988843044885e-05,-1.9090461344565234e-06,1.2784057789074805e-14,1.8476260658464338e-06,-1.2034358954089258e-05,-4.764156148127594e-06,-7.270202805891062e-06,3.443518985403055e-09,3.443518985403055e-09,1.8558481251382227e-08,0.9999999530224615,-9.047033284084615e-08,1.9548144650204584e-09,5.627688721007472e-08,3.779242425530803e-08
matched_gaussian,gaussian,1.0,1.2,0.05,510,0.004030552908893556,2.162150687105464e-16,8.19509345868778e-18,1.7598133806871194e-37,2.5433842108892465e-29,8.954584853902961e-17,-8.262076469379375e-17,8.992722495017907e-17,1.8284389998231372e-31,1.8284389998231372e-31,4.396177733704382e-31,1.0,-2.4196563665522045e-21,-5.190413228867292e-20,-3.631671213311404e-19,-2.034479942569904e-19
matched_gaussian,gaussian,1.0,1.2,0.05,511,0.004030576070100763,-1.3062228935063064e-05,-6.366058423940869e-07,1.4213683588087309e-15,2.0542438654717905e-07,-4.01172243128027e-06,-1.5880930932631273e-06,-2.4236293380806455e-06,3.827980342227558e-10,3.827980342227558e-10,2.0631024226128436e-09,0.9999999947782674,-3.0165460704493244e-08,6.525190086049688e-10,1.8766205937206513e-08,1.2602264596498878e-08
matched_lorentzian,lorentzian,1.0,1.2,0.05,0,0.002218899518093968,-0.5916632639248347,-0.008610374501880605,2.885311994054268e-12,0.0007044865802449108,4.041505343646171e-06,0.0002529912419294408,-0.00024894973658578373,0.0009660421513766574,0.0009660421513766574,2.2959319427740335,0.0007514510544576192,-4.211711704210094e-07,8.330522527415575e-08,1.6434679829797299e-06,-2.600442765508217e-10
matched_lorentzian,lorentzian,1.0,1.2,0.05,1,0.002272028478380526,-8.653048998411933e-17,-1.5513939190962027e-17,3.322207900763392e-38,8.111604179008608e-30,-1.7046585238300243e-18,-1.6869591706491234e-17,4.284967382453645e-18,-2.9258754473898744e-32,2.9258754473898744e-32,5.908503227629624e-31,1.0,-4.745789921354025e-20,-3.0965122905670075e-20,-4.657237807940574e-20,1.6685922681511206e-19
matched_lorentzian,lorentzian,1.0,1.2,0.05,2,0.0025428562250764558,0.1365310926545616,-0.04412345290242086,5.291507395166049e-13,0.0001291990591257727,4.5538287619420895e-06,-0.0001029329705219314,0.00010748679928388903,-0.001865102981074773,0.001865102981074773,-2.369077408723129,0.00013358067765611992,2.0314832847648016e-07,-3.32212812385816e-08,-6.975937716679393e-07,-1.186475270635191e-08
matched_lorentzian,lorentzian,1.0,1.2,0.05,3,0.0033836799783613218,0.00011007612378473655,-5.653595811939006e-05,1.3232975496329987e-14,3.2310036741554793e-06,-2.3207507600269125e-08,-1.724584733294985e-05,1.7222639825426153e-05,-2.8776316025819423e-07,2.8776316025819423e-07,-1.8391984951403462e-06,0.9999983531689108,2.808150732925525e-08,-5.264330767182465e-09,-1.1142999236124115e-07,-2.1924049444507657e-10
matched_lorentzian,lorentzian,1.0,1.2,0.05,4,0.0033837105105883405,-1.3945592340890089e-15,9.102630868758126e-16,8.085395318452665e-36,1.9741547914273133e-27,4.1115540203332395e-19,4.381986814923974e-16,-4.258617470096798e-16,-1.145624683915279e-28,1.145624683915279e-28,-3.7515496354689964e-28,1.0,-6.43940999730183e-19,1.384174382370709e-19,2.761477339289815e-18,1.6068237208819528e-19
matched_lorentzian,lorentzian,1.0,1.2,0.05,5,0.00338376128180583,-0.0003367764648057152,0.00017197957586522728,1.1917989449077146e-13,2.9099326685214515e-05,7.05828837223888e-08,5.1755488613853244e-05,-5.168490573015643e-05,-2.626883939449432e-06,2.626883939449432e-06,-1.7116654738648637e-05,0.9999847922344968,-8.427424218913609e-08,1.5799635544040943e-08,3.344064692968657e-07,6.568129856949055e-10
matched_lorentzian,lorentzian,1.0,1.2,0.05,6,0.0033838325753187447,1.106795107179247e-15,-5.783885017501544e-16,2.2606281086707547e-36,5.5196185672980865e-28,-2.8123943351771277e-19,-2.457576287912045e-16,1.9659214425520754e-16,-3.360291422246532e-29,3.360291422246532e-29,-1.8918121672302469e-28,1.0,2.796659463370159e-19,-5.0791186994383734e-20,-1.4763806255698477e-18,1.164349156663551e-20
matched_lorentzian,lorentzian,1.0,1.2,0.05,7,0.0033839238332042036,0.0005840302525399015,-0.00029486937240854065,3.315500441402164e-13,8.095227041571614e-05,-1.209741222771474e-07,-8.632330538609889e-05,8.620233126387133e-05,-7.5115246597800654e-06,7.5115246597800654e-06,-5.089140374385313e-05,0.9999554743484812,1.4056279533853192e-07,-2.6356259703062848e-08,-5.577600746792672e-07,-1.0915012952004535e-09
matched_lorentzian,lorentzian,1.0,1.2,0.05,8,0.003384035934461554,1.9325776933059133e-15,-1.0741576888005907e-15,6.234266320367668e-36,1.5221774870177994e-27,-5.172853338378657e-19,-3.7221494615763128e-16,3.8539408908264133e-16,-1.2233145038168393e-28,1.2233145038168393e-28,-6.134370995677266e-28,1.0,6.198557877807675e-19,-1.0977986793535114e-19,-2.4149671444187236e-18,-7.698827635766808e-20
matched_lorentzian,lorentzian,1.0,1.2,0.05,9,0.003384167520229649,-0.0008688481614858926,0.0004313741926027765,6.514687720719869e-13,0.00015906460317605193,1.7688223952691405e-07,0.00012100383550435122,-0.00012082695326487587,-1.5401610321510406e-05,1.5401610321510406e-05,-0.00011075062682770206,0.9999052768518967,-1.9703523808585476e-07,3.6953466626271415e-08,7.818427050757961e-07,1.520805214410615e-09
matched_lorentzian,lorentzian,1.0,1.2,0.05,10,0.0033843204649469895,-3.069130379039267e-15,1.6716893299558402e-15,1.5069392195627695e-35,3.679388778802348e-27,6.978783237748498e-19,5.871130916080618e-16,-5.942207014189023e-16,-2.9351605927673685e-28,2.9351605927673685e-28,-1.516000792485126e-27,1.0,-9.269273252745915e-19,1.7959283177752094e-19,3.764998455647175e-18,5.2258712532031096e-20
matched_lorentzian,lorentzian,1.0,1.2,0.05,11,0.003384492170434954,0.0012143300121153708,-0.0005898801049362445,1.0811309047244808e-12,0.0002639722204863613,-2.4171087854796025e-07,-0.00015588051658542434,0.00015563880570689654,-2.7126147858908257e-05,2.7126147858908257e-05,-0.00021164448871565576,0.9998242578448924,2.5382402258113116e-07,-4.761978805360005e-08,-1.0071905767837846e-06,-1.9411617376391718e-09
matched_lorentzian,lorentzian,1.0,1.2,0.05,12,0.003384685994561447,-8.495441976910681e-16,5.211031235904093e-16,2.086092130595531e-36,5.093466197719706e-28,1.8703032493154054e-19,2.1909949741034997e-16,-2.301069786343769e-16,-3.542705749336786e-29,3.542705749336786e-29,-1.307950385224093e-28,1.0,-3.4300242736008837e-19,5.502004877539618e-20,1.4016064581396654e-18,3.0225753167683814e-20
matched_lorentzian,lorentzian,1.0,1.2,0.05,13,0.0033848975443959164,-0.001655050059190543,0.0007829510576316887,1.6246757709023285e-12,0.0003966857934976643,3.20564487033915e-07,0.00019109098399334925,-0.00019077041950637668,-4.4126565060927035e-05,4.4126565060927035e-05,-0.000382824938504271,0.9996933203474772,-3.1114482966965447e-07,5.840114608922883e-08,1.2346855727588928e-06,2.3470041924891988e-09
matched_lorentzian,lorentzian,1.0,1.2,0.05,14,0.0033851323020316487,-2.3481107864649298e-15,1.002801154215012e-15,4.801250026341006e-37,1.1722878561929775e-28,3.8857807608795915e-19,8.73983064609855e-17,-1.5696491107479105e-16,-4.649880121453095e-29,4.649880121453095e-29,-6.955970983699935e-28,1.0,-2.226056687846894e-19,6.671656025899618e-20,6.439876332757617e-19,-1.0677334702121369e-19
matched_lorentzian,lorentzian,1.0,1.2,0.05,15,0.0033853833211667382,0.0022477387421883065,-0.0010312174234887576,2.290039362508394e-12,0.0005591429982075728,-4.218313317152065e-07,-0.0002268768284425899,0.00022645499711083765,-6.898017639441499e-05,6.898017639441499e-05,-0.0006846809163094839,0.9994738245636915,3.693729546061012e-07,-6.937683842286141e-08,-1.4658725696158035e-06,-2.728892149319923e-09
matched_lorentzian,lorentzian,1.0,1.2,0.05,16,0.00338565911713297,1.7565365217451897e-15,-8.64480227956991e-16,2.8080325577094687e-36,6.856177972689308e-28,-3.2867457706077367e-19,-2.4679260943013155e-16,2.356796577707696e-16,-6.017747127685765e-29,6.017747127685765e-29,-4.485067870680803e-28,1.0,4.2843945995453506e-19,-7.573742828420742e-20,-1.6167387983013439e-18,-6.994059541751143e-20
matched_lorentzian,lorentzian,1.0,1.2,0.05,17,0.0033859490648546096,0.0030951896674097923,-0.001372077843496192,3.0932089974601526e-12,0.0007552473469399462,-5.607259868416721e-07,-0.0002636937918306362,0.0002631330658438641,-0.00010662861213214774,0.00010662861213214774,-0.0012542542970160361,0.9990798720210406,4.292123817283602e-07,-8.069496306807095e-08,-1.7036621235130792e-06,-3.069311579032816e-09
matched_lorentzian,lorentzian,1.0,1.2,0.05,18,0.0033862661208220123,-1.0354810269571385e-16,-8.135243834440695e-17,8.814428377716081e-37,2.1521577276312063e-28,-3.1635171174304926e-21,-1.4974377559914257e-16,1.2715652496116834e-16,-3.0548376849015568e-30,3.0548376849015568e-30,2.4876635030056324e-30,1.0,1.8717474717683895e-19,-3.985990416510062e-20,-9.10480650921829e-19,-1.2587543099352612e-19
matched_lorentzian,lorentzian,1.0,1.2,0.05,19,0.003386594137146802,-0.004408051945896781,0.0018821868136887979,4.06937145273677e-12,0.0009935901505252853,7.684439314880031e-07,0.00030249249259308884,-0.0003017240486616322,-0.00016769090205836614,0.00016769090205836614,-0.0024498882684572836,0.9982913910427571,-4.921261185010924e-07,9.266273399775779e-08,1.9541202248872045e-06,3.3317623956730455e-09
matched_lorentzian,lorentzian,1.0,1.2,0.05,20,0.0033869529453934974,-5.400326664535583e-15,2.218162526424378e-15,3.5745755206842125e-36,8.727792660146646e-28,9.318557136991186e-19,2.886942621394319e-16,-3.0986360751492664e-16,-2.0293398035750615e-28,2.0293398035750615e-28,-3.536748939490059e-27,1.0,-4.403307429312912e-19,7.966566912626624e-20,1.8367372481313406e-18,2.7092803534588506e-20
matched_lorentzian,lorentzian,1.0,1.2,0.05,21,0.0033873174186522612,-0.006699753419965721,0.002748372199598414,5.308484316778416e-12,0.0012961357282392488,1.12103167960329e-06,0.00034558437064261785,-0.0003444633389630155,-0.0002794876734532524,0.0002794876734532524,-0.005435987764891687,0.9964074478786559,-5.61661652905573e-07,1.0602539640117837e-07,2.231987316707004e-06,3.4260488664563495e-09
matched_lorentzian,lorentzian,1.0,1.2,0.05,22,0.0033877191746616883,6.367922175374127e-16,-3.9270862172372535e-16,1.008763217421036e-36,2.4630270514323887e-28,-1.0893360777948827e-19,-1.5644558749334858e-16,1.66280392475119e-16,-1.9275429981620362e-29,1.9275429981620362e-29,-7.381774615320216e-29,1.0,2.1725750109920236e-19,-6.13183560386462e-20,-9.727104730193692e-19,-1.0787395667314152e-19
matched_lorentzian,lorentzian,1.0,1.2,0.05,23,0.003388116085544766,-0.011627703234185278,0.004573533805261955,7.110791986602245e-12,0.0017361926681749727,1.8639158181404724e-06,0.0004002262917068791,-0.00039836237588873613,-0.0005377394832027021,0.0005377394832027021,-0.01569594797710407,0.9901921908302835,-6.489217024272666e-07,1.231233075281908e-07,2.5835100002377916e-06,3.0562290143114716e-09
matched_lorentzian,lorentzian,1.0,1.2,0.05,24,0.0033885643441663583,4.0422761643523376e-14,-1.5539679157979402e-14,4.42534134436424e-35,1.0805048454142816e-26,-6.4319184176377676e-18,-1.002499159459216e-15,1.0222240834522256e-15,-4.687836107274842e-27,4.687836107274842e-27,-1.8537548141921624e-25,1.0,1.5869508872408621e-18,-3.1273159094435525e-19,-6.446442296661771e-18,2.8386791464228765e-19
matched_lorentzian,lorentzian,1.0,1.2,0.05,25,0.003388975421816709,-0.02852314643149777,0.010747997368999198,1.119512074937215e-11,0.002733434841156277,4.3772514035274944e-06,0.0005032052030131088,-0.000498827951609556,-0.0015820125094352885,0.0015820125094352885,-0.09045999591138298,0.94658221423279,-8.09728345235728e-07,1.5588287217689066e-07,3.2427089052638024e-06,4.921165246877923e-10
matched_lorentzian,lorentzian,1.0,1.2,0.05,26,0.0033894879414035316,-4.295529034549044e-14,1.5788734672291654e-14,4.805118756165391e-36,1.1732324570713189e-27,6.5812797323521216e-18,3.159134248443782e-16,-3.2114524812426337e-16,-1.4959419244317069e-27,1.4959419244317069e-27,-2.0009207696291855e-25,1.0,-5.842856050847273e-19,1.2121230688288476e-19,2.1085934798966107e-18,-5.357425737979296e-20
matched_lorentzian,lorentzian,1.0,1.2,0.05,27,0.003389631557949178,-0.10732382396310808,0.0391971037353992,1.72083185099934e-11,0.00420163555409337,1.5957502152615635e-05,0.0006294051485254314,-0.0006134476463728302,-0.0070938007922195625,0.0070938007922195625,-1.2410738421691152,0.2963331937029038,-9.795173206482413e-07,2.0023692608619586e-07,4.025976396152862e-06,-1.6839227864167404e-08
matched_lorentzian,lorentzian,1.0,1.2,0.05,28,0.0033900664030975256,-0.055753179536808584,0.01995821770560236,3.449546322728239e-13,8.422517555477631e-05,8.123744486836701e-06,-8.349474159055507e-05,9.161848607737856e-05,0.0005393822638162101,0.0005393822638162101,-0.3282337165898721,0.8186365642881183,1.628257645750237e-07,-2.1498347908689147e-08,-5.637014359716659e-07,-1.4863202348807066e-08
matched_lorentzian,lorentzian,1.0,1.2,0.05,29,0.003390489406081173,-2.0734257024777926e-15,6.358561833540217e-16,9.89702696553336e-37,2.4164883020997573e-28,2.0587572137797027e-19,-1.6257821458402398e-16,1.1107214898574793e-16,2.083059531297532e-29,2.083059531297532e-29,-3.88852580185321e-28,1.0,1.8328236725487153e-19,-3.2774981520695755e-20,-9.763338047305716e-19,4.252496600152129e-20
matched_lorentzian,lorentzian,1.0,1.2,0.05,30,0.0033910475990386523,0.019873210306422744,-0.006811831678834556,5.107624830104022e-12,0.00124709326310252,-2.772159221036519e-06,0.00033673158670991844,-0.0003395037459310034,0.0006819846386914274,0.0006819846386914274,-0.03992069104656906,0.9791214196419706,-5.607280373089687e-07,1.0160745344119284e-07,2.1869582693846746e-06,9.917240283417953e-09
matched_lorentzian,lorentzian,1.0,1.2,0.05,31,0.003391568130399929,1.4856443493298345e-14,-4.84597823844069e-15,1.2224209445872876e-35,2.984700277289508e-27,-2.0358556713585774e-18,5.284418991288271e-16,-5.086537702780807e-16,7.267803584938534e-28,7.267803584938534e-28,-2.1227349444593976e-26,1.0,-8.363797519244034e-19,1.3740866426601688e-19,3.392009763700173e-18,-8.184032690268273e-21
matched_lorentzian,lorentzian,1.0,1.2,0.05,32,0.0033921539591309476,0.012480009738141451,-0.0040846263155816165,7.448994099075424e-12,0.0018187691278919156,-1.6625271220351911e-06,0.0004074883620755101,-0.000409150889197566,0.0004926747161818553,0.0004926747161818553,-0.01502767174169985,0.9925742095745033,-6.735043350209664e-07,1.238721560485565e-07,2.641960755790638e-06,9.222993084324494e-09
matched_lorentzian,lorentzian,1.0,1.2,0.05,33,0.003392723459359186,-1.8314403295282923e-15,5.770047653722209e-16,5.3969824934210035e-37,1.3177437130773951e-28,2.7566086013582165e-19,-1.2911036616749481e-16,8.265882599247521e-17,1.4057890974332428e-29,1.4057890974332428e-29,-3.1147537083151866e-28,1.0,9.147258164481089e-20,-2.7158507781916236e-20,-7.201757272498025e-19,-1.0927192450310106e-19
matched_lorentzian,lorentzian,1.0,1.2,0.05,34,0.0033933429330618874,-0.009487848120785295,0.0029636592786919467,9.217759942125004e-12,0.0022506363930583076,1.206953685475596e-06,-0.0004535578266812343,0.0004547647803666923,0.0003971799748927623,0.0003971799748927623,-0.008286444863565006,0.9961251258276141,7.480403321322232e-07,-1.3828686198279067e-07,-2.93921534405203e-06,-9.247092547168267e-09
matched_lorentzian,lorentzian,1.0,1.2,0.05,35,0.0033939546910886063,-1.08708836189051e-14,3.2708640894588766e-15,1.8374736819295837e-35,4.486431807513743e-27,1.3106339087043738e-18,-6.405777271468185e-16,6.489968589687524e-16,6.254592984833337e-28,6.254592984833337e-28,-1.0476622726615873e-26,1.0,1.0577128086673894e-18,-1.8686902302545902e-19,-4.147741569163667e-18,-1.3153051867156634e-19
matched_lorentzian,lorentzian,1.0,1.2,0.05,36,0.0033946094230256174,0.007897297211732202,-0.002354223992477646,1.083189687804659e-11,0.002644748992450569,-9.597862346737596e-07,0.0004917635438535836,-0.0004927233300882385,0.00034171268054553446,0.00034171268054553446,-0.005476920686508818,0.9975698452540482,-8.104608770890501e-07,1.502141107529875e-07,3.1862823733196052e-06,9.508057536155363e-09
matched_lorentzian,lorentzian,1.0,1.2,0.05,37,0.0033952610772053464,6.18614139315206e-15,-1.959297076314827e-15,3.4615430198724256e-36,8.451809057272784e-28,-1.005310965031113e-18,2.754247245045018e-16,-2.7952302866582973e-16,1.6130384096365695e-28,1.6130384096365695e-28,-3.569825256339164e-27,1.0,-4.553108677793108e-19,9.453898762578938e-20,1.7927823962662465e-18,-1.767164197549928e-19
matched_lorentzian,lorentzian,1.0,1.2,0.05,38,0.003395951540107391,0.006925295724531488,-0.001970713100145239,1.2406285616453867e-11,0.0030291565506564842,-8.047628456610058e-07,0.0005263051535515054,-0.0005271099163971366,0.0003058884690172726,0.0003058884690172726,-0.004018835618096727,0.9983019523161167,-8.672746229882094e-07,1.6099567782622194e-07,3.4100004643844547e-06,9.877722085808193e-09
matched_lorentzian,lorentzian,1.0,1.2,0.05,39,0.0033966418231971716,8.402490315856482e-16,-3.182819792194692e-16,3.600106980419703e-38,8.790131051262687e-30,-3.429122018057778e-19,-2.942865937710817e-17,1.3535840378110167e-17,-1.2683745564577961e-30,1.2683745564577961e-30,-7.873545069835818e-29,1.0,4.197911149475501e-20,-1.1610722600792918e-20,-1.84339955039819e-19,-1.1081340122607407e-20
matched_lorentzian,lorentzian,1.0,1.2,0.05,40,0.0033973680535842416,0.0062798203804545726,-0.0017066601570550777,1.3982331765726825e-11,0.003413968787356521,-6.985507913792485e-07,0.0005587028721935629,-0.0005594014229849116,0.0002810140395006779,0.0002810140395006779,-0.0031546535635069736,0.9987252483353292,-9.208360979226805e-07,1.7111838537746986e-07,3.6200835476004752e-06,1.0307912859658597e-08
matched_lorentzian,lorentzian,1.0,1.2,0.05,41,0.003398096088831714,5.9163998623835366e-15,-1.6008485569054186e-15,1.4188729685026107e-35,3.464363533102025e-27,-3.9583124261216143e-19,5.579385552621097e-16,-5.316410526679995e-16,2.5045695875181977e-28,2.5045695875181977e-28,-2.7872255328213447e-27,1.0,-9.481635885452276e-19,1.7198600972930264e-19,3.64141647331408e-18,1.491223381601125e-20
matched_lorentzian,lorentzian,1.0,1.2,0.05,42,0.0033988579127362754,-0.0058274523160045215,0.0015134423978717863,1.5576735506915287e-11,0.0038032632697120486,6.213657032085697e-07,-0.0005896301732971051,0.0005902515390003558,0.00026282702233146413,0.00026282702233146413,-0.0025948461609909324,0.998992215530444,9.721884390347623e-07,-1.8079858243468653e-07,-3.820835103035163e-06,-1.077654519425226e-08
matched_lorentzian,lorentzian,1.0,1.2,0.05,43,0.0033996229885920404,6.028551572972451e-16,-1.5038237432579964e-16,2.8730321672112266e-37,7.014883002542266e-29,-4.0787297370295305e-19,8.98889847371062e-17,-6.769802912937515e-17,2.9946233425927296e-30,2.9946233425927296e-30,-2.666730700231546e-29,1.0,-8.982306131334311e-20,1.932487932815486e-20,5.27975689041845e-19,1.0161456448919175e-20
matched_lorentzian,lorentzian,1.0,1.2,0.05,44,0.0034004201121551193,-0.005498605307850082,0.0013657122657960308,1.7195972466344843e-11,0.004198621106405407,5.628985781475123e-07,-0.00061942454551441,0.0006199874440925611,0.0002490058372522989,0.0002490058372522989,-0.0022084073338051857,0.9991710783111925,1.021854642531939e-06,-1.9014518875919773e-07,-4.014411949871329e-06,-1.1272080675927945e-08
matched_lorentzian,lorentzian,1.0,1.2,0.05,45,0.0034012215921387762,-6.216645461479255e-15,1.4965014785951997e-15,2.472737585128158e-35,6.0375115369836515e-27,1.4219819455457642e-18,-7.547630676375921e-16,7.364101027979763e-16,3.2401264599658857e-28,3.2401264599658857e-28,-2.7352581632753125e-27,1.0,1.1776265959671522e-18,-2.185275246722472e-19,-4.824473784249444e-18,-1.3141490708007814e-19
matched_lorentzian,lorentzian,1.0,1.2,0.05,46,0.0034020536438185145,0.005253418873948715,-0.0012489593066093078,1.8841632550458953e-11,0.004600430493845016,-5.172521698560164e-07,0.0006482687150418722,-0.0006487859672117364,0.00023818180328194906,0.00023818180328194906,-0.0019286310802467924,0.999296211414944,-1.0701180742053274e-06,1.9921757784823598e-07,4.201982063258489e-06,1.1787894139825984e-08
matched_lorentzian,lorentzian,1.0,1.2,0.05,47,0.0034028909247990225,-5.258134702088374e-16,1.762586581362504e-16,5.752860473654874e-38,1.4046359666000865e-29,-4.642633766375685e-18,-2.9458077132994164e-17,1.7076866041656296e-17,8.845259986852534e-31,8.845259986852534e-31,-2.723542386080114e-29,1.0,6.60541094445535e-20,8.917355475129845e-21,-2.025543560782938e-19,-1.09807435846001e-19
matched_lorentzian,lorentzian,1.0,1.2,0.05,48,0.0034037574772778525,0.005067401355757308,-0.0011542752212918709,2.0512708890997514e-11,0.005008445592004292,-4.808098150571013e-07,0.0006762661858608642,-0.000676746995675944,0.00022949704654550885,0.00022949704654550885,-0.0017184467049542432,0.9993865301257119,-1.1171393241555792e-06,2.0804971349112996e-07,4.3842071299647945e-06,1.2319890618464023e-08
matched_lorentzian,lorentzian,1.0,1.2,0.05,49,0.0034046299680822404,-3.3890999087497002e-15,6.697098042409732e-16,1.343725002710378e-35,3.280879966879634e-27,-2.4614485866038053e-19,-5.554048167891752e-16,5.480779117268426e-16,1.0780999827071922e-28,1.0780999827071922e-28,-6.666549544943194e-28,1.0,8.730543314542108e-19,-1.4960087626310684e-19,-3.555356441490526e-18,-1.0993776969702887e-19
matched_lorentzian,lorentzian,1.0,1.2,0.05,50,0.003405530550627285,-0.004924659944048011,0.0010758855878451599,2.2206696624799298e-11,0.005422054805850856,4.5123058001055603e-07,-0.000703476609646812,0.0007039278402268341,0.00022238702807805412,0.00022238702807805412,-0.0015558135744410423,0.999453177025693,1.1630108930213064e-06,-2.1666145342277155e-07,-4.561468467958984e-06,-1.286537717028277e-08
matched_lorentzian,lorentzian,1.0,1.2,0.05,51,0.003406437660223317,6.883508079990499e-16,-1.5217325643107676e-16,5.758098961010712e-37,1.405915011656765e-28,2.1215135324561042e-19,1.255659466127568e-16,-8.821196729719517e-17,3.940627617100096e-30,3.940627617100096e-30,-3.075018376038951e-29,1.0,-1.1984389798476181e-19,1.2358396256181122e-20,7.372854180576735e-19,-1.3305945505068792e-19
matched_lorentzian,lorentzian,1.0,1.2,0.05,52,0.0034073717661527057,0.004814420064237546,-0.001009880952632743,2.3920170055728584e-11,0.005840421706963589,-4.269326729214546e-07,0.0007299338770907086,-0.0007303608097635944,0.00021646521746069574,0.00021646521746069574,-0.0014269036238262088,0.9995030827960197,-1.2077851501302792e-06,2.2506433133164645e-07,4.733982569742198e-06,1.34224808681719e-08
matched_lorentzian,lorentzian,1.0,1.2,0.05,53,0.003408312896753034,-2.0301859699649477e-15,2.7863011723883964e-16,8.384447225157086e-36,2.0471722174471197e-27,3.2936167523990614e-19,-4.4065106424643784e-16,4.170362460521128e-16,3.40927789350103e-29,3.40927789350103e-29,-1.659680234660595e-28,1.0,6.788719620529497e-19,-1.548823181885953e-19,-2.8098935626464517e-18,-6.395090621736706e-20
matched_lorentzian,lorentzian,1.0,1.2,0.05,54,0.0034092799882181413,-0.004729109571909345,0.0009535184352151992,2.5649109758426057e-11,0.006262564900182536,4.068091129251078e-07,-0.0007556560401372629,0.0007560628492501585,0.0002114580989043803,0.0002114580989043803,-0.0013226526347356407,0.9995407543704765,1.2514896599707384e-06,-2.332647277021383e-07,-4.901864465787614e-06,-1.3989827416400872e-08
matched_lorentzian,lorentzian,1.0,1.2,0.05,55,0.0034102545310961086,7.651798844827025e-16,-1.6483617859110796e-16,5.444875996025861e-37,1.3294375368079224e-28,4.7408462959052686e-20,1.108883801155758e-16,-1.2570993141342596e-16,6.0762457805397854e-30,6.0762457805397854e-30,-3.698531207650773e-29,1.0,-1.7437887170773882e-19,3.6395933598427185e-20,7.06669372848513e-19,1.1564316754529908e-19
matched_lorentzian,lorentzian,1.0,1.2,0.05,56,0.003411254042310018,0.0046632442860019205,-0.0009048154728253182,2.738910092445627e-11,0.006687406452409461,-3.9006232859155734e-07,0.0007806510715667698,-0.0007810411338953243,0.00020716665897534906,0.00020716665897534906,-0.0012368986687023556,0.9995692333898855,-1.294136074360931e-06,2.412657099093132e-07,5.065164501184419e-06,1.4566353596593508e-08
matched_lorentzian,lorentzian,1.0,1.2,0.05,57,0.003412261375196961,-5.268025048857135e-16,1.0691346970356504e-16,4.93280810142595e-37,1.2044094772208532e-28,4.7787662989143024e-20,-1.0903377257541368e-16,7.452355877304973e-17,2.3349829825461127e-30,2.3349829825461127e-30,-1.6505852703798196e-29,1.0,1.4383319177818623e-19,-3.594524101549625e-20,-6.775109541770944e-19,1.1081367110548905e-19
matched_lorentzian,lorentzian,1.0,1.2,0.05,58,0.0034132927147233084,0.004612749287905487,-0.000862302421419389,2.913546141771617e-11,0.007113803159007127,-3.7610342603055685e-07,0.0008049203701050234,-0.0008052964735310413,0.0002034425867113488,0.0002034425867113488,-0.001165321937730119,0.9995906383431727,-1.3357255411198757e-06,2.4906815155087313e-07,5.223890714186078e-06,1.5151192682041553e-08
matched_lorentzian,lorentzian,1.0,1.2,0.05,59,0.0034143322001733744,1.4186365845588725e-15,-1.8991962775159644e-16,4.296506681406248e-36,1.0490481810011039e-27,-5.347107121807601e-19,3.0250540240808917e-16,-3.3189508847938203e-16,1.8461411474075857e-29,1.8461411474075857e-29,-7.891057936323131e-29,1.0,-5.317312551710979e-19,1.0337167343179984e-19,1.9961656464946538e-18,-1.3566710200673796e-19
matched_lorentzian,lorentzian,1.0,1.2,0.05,60,0.003415394752626243,0.004574529330559678,-0.000824865965015985,3.088332953293344e-11,0.007540567971182018,-3.644884238728324e-07,0.0008284609810644558,-0.0008288254694883197,0.00020017303130000027,0.00020017303130000027,-0.00110481330096456,0.9996064854147232,-1.3762521288779105e-06,2.5667144115737493e-07,5.3780230123152835e-06,1.574360168136426e-08
matched_lorentzian,lorentzian,1.0,1.2,0.05,61,0.0034164657369981956,2.5059035214855254e-16,-3.779796280388618e-17,1.5656241766625323e-37,3.822675760675455e-29,-2.501696449806926e-18,6.369821772203993e-17,-4.860740093289018e-17,5.377664738617386e-31,5.377664738617386e-31,-2.772398595118336e-30,1.0,-7.711982482784214e-20,6.216901653290155e-21,3.848192303160715e-19,4.990451279749972e-20
matched_lorentzian,lorentzian,1.0,1.2,0.05,62,0.0034175588643620388,-0.0045461878017002445,0.0007916466760541153,3.2627727661368945e-11,0.007966485540796516,3.548765318494742e-07,-0.0008512670531153946,0.0008516219296472738,0.0001972705362562663,0.0001972705362562663,-0.0010530833863502715,0.9996178858353709,1.4157050727200841e-06,-2.640739467648431e-07,-5.527522471076742e-06,-1.6342913610380182e-08
matched_lorentzian,lorentzian,1.0,1.2,0.05,63,0.0034186606772091755,-1.2304949700448222e-15,2.039275838985676e-16,2.453821117423774e-36,5.991324512249979e-28,-3.473593747932536e-19,-2.288820390276833e-16,2.1825557667875374e-16,1.3019230811997755e-29,1.3019230811997755e-29,-7.340063549256056e-29,1.0,4.0703088240502964e-19,-8.649323852370309e-20,-1.5089970656551155e-18,-5.994792512080749e-20
matched_lorentzian,lorentzian,1.0,1.2,0.05,64,0.0034197837199078486,-0.004525837545769667,0.0007619700595428704,3.4363611008119846e-11,0.008390324115334264,3.4700205917610125e-07,-0.0008733308237746094,0.0008736778258337571,0.00019466621268954758,0.00019466621268954758,-0.0010084125157261109,0.9996256713832069,1.4540702928467678e-06,-2.7127332993249854e-07,-5.672337623962068e-06,-1.6948505304375568e-08
matched_lorentzian,lorentzian,1.0,1.2,0.05,65,0.00342091567364702,2.6936950929762015e-15,-3.889163829709787e-16,1.5751654162126925e-35,3.845971942287153e-27,-1.0610377459012847e-19,6.039680581328904e-16,-5.663154900330575e-16,6.438316316908431e-29,6.438316316908431e-29,-3.0624027375398995e-28,1.0,-9.302781402343303e-19,1.7745148850121727e-19,3.854125853203414e-18,-2.1485363083752862e-20
matched_lorentzian,lorentzian,1.0,1.2,0.05,66,0.0034220679514442506,-0.004511970301287568,0.0007352989633147154,3.608590671264376e-11,0.008810845089686728,3.406550195514859e-07,-0.0008946433046702961,0.0008949839596898541,0.00019230500009957785,0.00019230500009957785,-0.000969486033625765,0.9996304765466113,1.4913314505873123e-06,-2.782667639287652e-07,-5.812408836233059e-06,-1.755977520831069e-08
matched_lorentzian,lorentzian,1.0,1.2,0.05,67,0.0034232293412217105,7.497424952579179e-16,-9.792549154778864e-17,1.963356751373977e-36,4.793791750862544e-28,-2.82287926270387e-18,2.2231013307506415e-16,-1.9812814529282553e-16,5.6676880463776785e-30,5.6676880463776785e-30,-2.1447263698725732e-29,1.0,-2.8563917627109795e-19,5.0674744745339436e-20,1.368422269071329e-18,-8.136077745336326e-20
matched_lorentzian,lorentzian,1.0,1.2,0.05,68,0.003424410154006915,0.004503364585915812,-0.0007112000031441388,3.7789546602174215e-11,0.009226811003327038,-3.3566744003593555e-07,0.0009151947700941415,-0.0009155304375342479,0.0001901423079507657,0.0001901423079507657,-0.00093528308923945,0.9996327937093136,-1.5274707017054619e-06,2.850510892052109e-07,5.947671423551258e-06,1.8176127758917884e-08
matched_lorentzian,lorentzian,1.0,1.2,0.05,69,0.0034256002577071837,7.974641211429362e-16,-1.5639281301468254e-16,1.1524643561828786e-36,2.8138921364985614e-28,9.118136766539893e-19,1.6295162446895922e-16,-1.4476179359182104e-16,6.608974315067602e-30,6.608974315067602e-30,-3.640753380468892e-29,1.0,-2.537369179934901e-19,4.9190248222892694e-20,1.0419201042098085e-18,8.046648571636605e-21
matched_lorentzian,lorentzian,1.0,1.2,0.05,70,0.003426808886202763,-0.004499019422175579,0.0006893194075254837,3.946949557797093e-11,0.009636992471183478,3.3190350302135323e-07,-0.0009349751134051647,0.0009353070169081738,0.00018814159183063987,0.00018814159183063987,-0.0009049998133908813,0.9996330110673185,1.5624692467611952e-06,-2.9162292682108636e-07,-6.078057927797237e-06,-1.8796962251732128e-08
matched_lorentzian,lorentzian,1.0,1.2,0.05,71,0.0034280269645642347,-6.429549636881125e-16,1.0771081424814055e-16,6.109764081075369e-37,1.4917786403860977e-28,-8.34110189871977e-19,-1.099024704797297e-16,1.247126152958835e-16,3.918550664680167e-30,3.918550664680167e-30,-2.0202058904321833e-29,1.0,2.1876284201298094e-19,-2.801191909176413e-20,-7.431317426519757e-19,-1.0044785967741979e-19
matched_lorentzian,lorentzian,1.0,1.2,0.05,72,0.003429262670979264,0.004498105811101941,-0.0006693653324550558,4.112077689422397e-11,0.01004017435581385,-3.29252320365298e-07,0.0009539741126018885,-0.0009543033649222674,0.00018627257530603856,0.00018627257530603856,-0.0008779951787147528,0.999631439215712,-1.5963077423649469e-06,2.9797876304603453e-07,6.203499813943623e-06,1.9421664827772148e-08
matched_lorentzian,lorentzian,1.0,1.2,0.05,73,0.003430507967791749,1.6418887399038353e-15,-1.8604314155459634e-16,6.738803681056779e-36,1.6453668684677486e-27,1.2381149048435481e-18,3.821915466100406e-16,-3.797696925602515e-16,2.059565152871887e-29,2.059565152871887e-29,-8.904283042707986e-29,1.0,-6.608099524862223e-19,1.456212228087828e-19,2.49917742058526e-18,1.8719125956202388e-19
matched_lorentzian,lorentzian,1.0,1.2,0.05,74,0.003431769996439262,0.004499930634869045,-0.0006510947075348317,4.273849514038739e-11,0.010435161378842192,-3.276225504736851e-07,0.0009721816322071419,-0.0009725092547575898,0.00018450992620668098,0.00018450992620668098,-0.0008537521522937371,0.9996283301347978,-1.6289666152694144e-06,3.041150138301971e-07,6.323928761341313e-06,2.004960269624484e-08
matched_lorentzian,lorentzian,1.0,1.2,0.05,75,0.003433041738806056,3.9062305898498556e-16,-4.822912229889061e-17,4.223055844413748e-37,1.031114200524953e-28,-1.5143591080467206e-18,9.011432595573105e-17,-1.0937845262602774e-16,1.536604320575119e-30,1.536604320575119e-30,-5.487672075640305e-30,1.0,-1.8643544231211807e-19,5.177421359009154e-20,6.202063123042153e-19,-1.4524850305368673e-20
matched_lorentzian,lorentzian,1.0,1.2,0.05,76,0.0034343293166962992,0.004503909417011337,-0.0006343033117585204,4.431785744549963e-11,0.010820783298270333,-3.2693832830542093e-07,0.0009895877795860215,-0.0009899147179143431,0.0001828322580711603,0.0001828322580711603,-0.0008318493643524143,0.9996238909746418,-1.6604263073021467e-06,3.100280749492129e-07,6.439277665149965e-06,2.068011998738368e-08
matched_lorentzian,lorentzian,1.0,1.2,0.05,77,0.0034356267153483316,1.2063455713988127e-16,-2.9693154230955417e-17,1.1619199407100109e-37,2.836979180192495e-29,-6.74801053637179e-19,4.9259882690817306e-17,-5.930918857380031e-18,5.125926154221674e-32,5.125926154221674e-32,-1.0426105067629048e-30,1.0,-7.212874812524366e-20,-7.771477712781717e-21,3.053345822123102e-19,1.3304072611151808e-19
matched_lorentzian,lorentzian,1.0,1.2,0.05,78,0.0034369390527668455,-0.004509545496198811,0.0006188181881707979,4.585419324348271e-11,0.011195899734433658,3.2713614563761543e-07,-0.0010061830281183734,0.0010065101642640541,0.0001812213678109778,0.0001812213678109778,-0.0008119401393472535,0.9996182942148909,1.6906674703364664e-06,-3.1571436180290566e-07,-6.549481427245923e-06,-2.1312534830448976e-08
matched_lorentzian,lorentzian,1.0,1.2,0.05,79,0.0034382613024199274,-6.128085664157337e-16,1.0374165348609409e-16,7.089927425116389e-37,1.7310983131798215e-28,2.041793367674544e-18,-1.2745052801997445e-16,1.0938729587206094e-16,3.3005109111844405e-30,3.3005109111844405e-30,-1.8490093788295393e-29,1.0,1.8774356940145513e-19,-4.007600648840558e-20,-7.985182814932225e-19,-1.8576211262012447e-19
matched_lorentzian,lorentzian,1.0,1.2,0.05,80,0.0034395975934968298,-0.004516413911277377,0.0006044917769834898,4.734297281276511e-11,0.011559404696692003,3.2816242895602307e-07,-0.0010219583158087857,0.0010222864782377735,0.00017966164733471018,0.00017966164733471018,-0.0007937367661795148,0.999611685256837,1.7196711245676439e-06,-3.211703416198483e-07,-6.654477591427568e-06,-2.194613737091286e-08
matched_lorentzian,lorentzian,1.0,1.2,0.05,81,0.0034409438732452766,-4.430480705672826e-16,4.2960862279176236e-17,5.311312769158657e-37,1.2968263318026927e-28,-9.055626019484555e-20,-9.894564149350627e-17,9.671629089459711e-17,1.2075219493065403e-30,1.2075219493065403e-30,-5.53154246155849e-30,1.0,2.186544241984388e-19,-4.5741400165021984e-20,-6.905837385129894e-19,-6.575214146080234e-20
matched_lorentzian,lorentzian,1.0,1.2,0.05,82,0.0034423032965206013,-0.004524148793201635,0.0005911973281685513,4.87798247254544e-11,0.011910230843872882,3.2997163618946146e-07,-0.0010369051254150573,0.0010372350970512352,0.00017813962490729885,0.00017813962490729885,-0.000776998552533494,0.9996041881688968,1.7474187894947435e-06,-3.263925600190542e-07,-6.7542068617585e-06,-2.2580188522810816e-08
matched_lorentzian,lorentzian,1.0,1.2,0.05,83,0.0034436727702622386,-8.448736836862908e-16,1.2053115561089435e-16,1.5261153616162846e-36,3.726209832350145e-28,-3.06897885542168e-18,-1.835933257084546e-16,1.772900555296885e-16,6.2052862443389825e-30,6.2052862443389825e-30,-2.957121893790946e-29,1.0,3.0951302002961834e-19,-3.8425230571040577e-20,-1.1953160312383653e-18,-7.754944780945802e-21
matched_lorentzian,lorentzian,1.0,1.2,0.05,84,0.0034450544892507635,-0.004532433399054285,0.0005788252783331988,5.016055228367823e-11,0.012247353497418652,3.3252474395400947e-07,-0.0010510155504157863,0.0010513480751597217,0.0001766436043691566,0.0001766436043691566,-0.0007615226499087518,0.9995959100856826,1.7738925942862418e-06,-3.3137766331431824e-07,-6.848613531644278e-06,-2.3213919313566064e-08
matched_lorentzian,lorentzian,1.0,1.2,0.05,85,0.003446446306139511,3.9687259450339195e-16,-4.3961079113608875e-17,4.531426551252608e-37,1.1064069332194712e-28,-1.7244522590860662e-18,9.670266735854452e-17,-1.0919228236467091e-16,1.3928000430697864e-30,1.3928000430697864e-30,-5.062300693298711e-30,1.0,-1.7779029968966168e-19,3.8472199081947605e-20,6.458742395396273e-19,-5.3848129572235575e-20
matched_lorentzian,lorentzian,1.0,1.2,0.05,86,0.003447849469897712,-0.00454099215898739,0.0005672803625397059,5.148114898496109e-11,0.012569794417460096,3.3578803194450587e-07,-0.0010642823499598336,0.0010646181379917869,0.0001751633789581436,0.0001751633789581436,-0.0007471369329580249,0.9995869446127561,1.7990753723861965e-06,-3.3612241757181214e-07,-6.9376458437147855e-06,-2.3846530716210235e-08
matched_lorentzian,lorentzian,1.0,1.2,0.05,87,0.003449262764820714,-1.4933165173401628e-15,1.7411063619650356e-16,6.505027250462877e-36,1.5882873018661682e-27,-2.3711900749973004e-19,-3.8296504847141667e-16,3.778283682141742e-16,1.9071883485883393e-29,1.9071883485883393e-29,-7.53790901431533e-29,1.0,6.1872430818264015e-19,-1.4261027281236213e-19,-2.4650177532367704e-18,-1.5986640435913863e-19
matched_lorentzian,lorentzian,1.0,1.2,0.05,88,0.0034506865085177857,-0.004549584272559359,0.0005564792921080599,5.273781303164722e-11,0.012876625345481391,3.39732095562924e-07,-0.001076698995086112,0.001077038727181675,0.00017369000255328037,0.00017369000255328037,-0.0007336944196844144,0.9995773744883716,1.8229507438936664e-06,-3.4062372515421146e-07,-7.021256295124554e-06,-2.4477193888145213e-08
matched_lorentzian,lorentzian,1.0,1.2,0.05,89,0.0034521204025947322,3.4632352558942566e-16,-6.809609381068204e-17,1.914052826754032e-37,4.673409784129886e-29,-3.561775706084666e-19,6.197548255418896e-17,-5.896814881820327e-17,1.163198302917952e-30,1.163198302917952e-30,-6.831534401192284e-30,1.0,-1.194785187580775e-19,4.4710991628817274e-20,4.1712528205616236e-19,3.3728215605243183e-20
matched_lorentzian,lorentzian,1.0,1.2,0.05,90,0.0034535638480891005,-0.00455799850912722,0.0005463488725035339,5.392696088229502e-11,0.013166971313069913,3.4433103561604607e-07,-0.001088259707907938,0.0010886040389435372,0.00017221560551390454,0.00017221560551390454,-0.0007210688598423728,0.9995672736838515,1.845503188327749e-06,-3.448786392960037e-07,-7.0994018990863495e-06,-2.5105050758968627e-08
matched_lorentzian,lorentzian,1.0,1.2,0.05,91,0.003455017449191849,1.1623320738356533e-15,-1.473945883509995e-16,3.498143932909926e-36,8.541174963326497e-28,-4.370869602230491e-19,2.7611371969084377e-16,-2.732065221631687e-16,1.1655270475831516e-29,1.1655270475831516e-29,-4.9586278526680924e-29,1.0,-4.753428027258508e-19,8.528750018309161e-20,1.806335350075659e-18,4.551700985592725e-20
matched_lorentzian,lorentzian,1.0,1.2,0.05,92,0.0034564797056142217,-0.0045660489522213275,0.0005368244664883698,5.504523983067358e-11,0.013440013713242415,3.495617863942531e-07,-0.001098959495019241,0.0010993090568056415,0.0001707332454366757,0.0001707332454366757,-0.0007091512178574815,0.9995567090754448,1.8667181097107974e-06,-3.4888437711359393e-07,-7.172044410658427e-06,-2.5729214924198804e-08
matched_lorentzian,lorentzian,1.0,1.2,0.05,93,0.00345795210890505,-5.423183816118698e-16,5.92520275409416e-17,1.0255506009436418e-36,2.5040156392643844e-28,1.0734836302966604e-18,-1.4948754394836624e-16,1.417430332698937e-16,2.428767619255352e-30,2.428767619255352e-30,-9.292628316185776e-30,1.0,2.556406075568047e-19,-4.932696582782138e-20,-9.783073767143054e-19,2.6076959566343082e-20
matched_lorentzian,lorentzian,1.0,1.2,0.05,94,0.003459432273248778,-0.004573571490143162,0.0005278487304200308,5.6089539590519214e-11,0.013694993129014529,3.5540355281902685e-07,-0.0011087941760673848,0.0011091495796202088,0.00016923678546209127,0.00016923678546209127,-0.0006978468470753345,0.9995457417858855,1.8865818954153245e-06,-3.5263833135070885e-07,-7.239150522806115e-06,-2.6348772807586256e-08
matched_lorentzian,lorentzian,1.0,1.2,0.05,95,0.003460922561735997,2.213050032124094e-16,-1.9277645543129677e-17,8.986650999496976e-38,2.1942081284576182e-29,1.9696264577346478e-18,4.297543448888575e-17,-5.0456151715330597e-17,2.8104523891763243e-31,2.8104523891763243e-31,-1.232688490640501e-30,1.0,-8.070455977002231e-20,2.384457495459704e-20,2.8750743339482336e-19,1.1144326594840581e-20
matched_lorentzian,lorentzian,1.0,1.2,0.05,96,0.0034624197194551226,-0.004580420900987451,0.0005193705683310142,5.705700285891192e-11,0.013931211912586994,3.618373340744438e-07,-0.0011177604081988163,0.0011181222455328701,0.0001677207944672126,0.0001677207944672126,-0.0006870732029320465,0.999534428268998,1.9050819698477128e-06,-3.5613808108620645e-07,-7.30069203723147e-06,-2.6962785062554762e-08
matched_lorentzian,lorentzian,1.0,1.2,0.05,97,0.0034639269645648334,9.057460941092258e-16,-7.796687787656297e-17,2.4298646445156222e-36,5.93283165702818e-28,-5.407468923865305e-19,2.2440138868766634e-16,-2.477859629928957e-16,5.5772243796776105e-30,5.5772243796776105e-30,-2.0386744821410965e-29,1.0,-4.203334134664923e-19,5.30061805582503e-20,1.5001088444728478e-18,6.947344542503262e-21
matched_lorentzian,lorentzian,1.0,1.2,0.05,98,0.0034654401901802944,0.004586468414642884,-0.000511344260930377,5.794503482992255e-11,0.014148036508226774,-3.688455163887965e-07,0.0011258557069235419,-0.0011262245524399357,0.0001661804647619909,0.0001661804647619909,-0.0006767579796678204,0.9995228211926244,-1.9222068437899878e-06,3.593814015746215e-07,7.356646013437131e-06,2.7570288197775308e-08
matched_lorentzian,lorentzian,1.0,1.2,0.05,99,0.0034669634523432583,-9.153415108137977e-16,1.2302507168031445e-16,2.2310416223207964e-36,5.447379299471604e-28,-3.1630801523950154e-19,-2.22853975516983e-16,2.1209616346615772e-16,7.52622462631034e-30,7.52622462631034e-30,-3.248086013243772e-29,1.0,3.581900376006647e-19,-8.775158503530635e-20,-1.4411597057098508e-18,1.3453579912617545e-19
matched_lorentzian,lorentzian,1.0,1.2,0.05,100,0.0034684918100572545,0.004591599660044181,-0.0005037287360604504,5.875131162707295e-11,0.014344899511162263,-3.7641152127507636e-07,0.0011330784637910054,-0.0011334548753122887,0.00016461154386095836,0.00016461154386095836,-0.0006668375824163959,0.9995109701619102,-1.937946159975156e-06,3.6236627334368353e-07,7.406994898503329e-06,2.8170296398047895e-08
matched_lorentzian,lorentzian,1.0,1.2,0.05,101,0.003470030139309902,1.329696129560071e-15,-1.3572294096374232e-16,4.9707757982646375e-36,1.2136797859295063e-27,2.6026176453702e-21,3.3107618225913936e-16,-3.2915822581647777e-16,1.287433268781479e-29,1.287433268781479e-29,-5.200827141169702e-29,1.0,-5.573684975985017e-19,8.530753845793846e-20,2.156843595346814e-18,-2.9402129907591145e-20
matched_lorentzian,lorentzian,1.0,1.2,0.05,102,0.003471572683628501,-0.0045957129256651505,0.000496486954296857,5.947378762657728e-11,0.014521301455648221,3.845194986396063e-07,-0.0011394279611992553,0.001139812480697883,0.00016301027764158867,0.00016301027764158867,-0.0006572558667852331,0.9994989223151318,1.952290735363761e-06,-3.6509089064574684e-07,-7.451726639606099e-06,-2.8761803531422287e-08
matched_lorentzian,lorentzian,1.0,1.2,0.05,103,0.0034731251202272237,-1.3603786250228039e-15,1.478506044366192e-16,5.2845134191662227e-36,1.2902829207373169e-27,1.7257651610939794e-19,-3.382858058063589e-16,3.476034550735953e-16,1.4797445861531744e-29,1.4797445861531744e-29,-5.791118805392179e-29,1.0,5.79756937169054e-19,-1.161216325837001e-19,-2.217716873129131e-18,1.2900755813139627e-19
matched_lorentzian,lorentzian,1.0,1.2,0.05,104,0.003474680896591094,0.004598717676183417,-0.0004895853888441217,6.011070164289529e-11,0.014676812325249344,-3.931540563443984e-07,0.0011449043845639484,-0.0011452975386202773,0.00016137336275619742,0.00016137336275619742,-0.0006479630932116499,0.9994867228169144,-1.9652326004302016e-06,3.6755366933129364e-07,7.490834780685355e-06,2.9343785327007047e-08
matched_lorentzian,lorentzian,1.0,1.2,0.05,105,0.003476246471638961,-5.564412204451554e-16,4.8874621077156705e-17,9.41588191397962e-37,2.299010458223827e-28,-6.92082479874556e-20,-1.3707230995797393e-16,1.5218133687163018e-16,2.13960811907256e-30,2.13960811907256e-30,-7.823338771530041e-30,1.0,2.7134805438678273e-19,-3.212912208804753e-20,-9.308008008548696e-19,2.3151963637116906e-20
matched_lorentzian,lorentzian,1.0,1.2,0.05,106,0.003477814517062032,0.004600533279848089,-0.0004829935831007331,6.066058195109375e-11,0.014811072779115347,-4.0230001950204766e-07,0.0011495088320204086,-0.0011499111320398988,0.00015969790659812365,0.00015969790659812365,-0.0006389150548733427,0.9994744152681342,-1.976765035681957e-06,3.697532541924176e-07,7.524318544328118e-06,2.991520170694122e-08
matched_lorentzian,lorentzian,1.0,1.2,0.05,107,0.003479392253147101,-1.2436802171204377e-16,-2.8685264396028608e-18,7.931954159906523e-38,1.9366901299710327e-29,3.9152568255624306e-20,-3.791099223997998e-17,3.7107763095888145e-17,-3.0592871343780113e-32,3.0592871343780113e-32,1.025331243407288e-31,1.0,8.403498655691375e-20,-3.1425782001563544e-20,-2.6663292888188267e-19,1.3302785231057857e-20
matched_lorentzian,lorentzian,1.0,1.2,0.05,108,0.003480971596862864,0.004601087910139709,-0.0004766837725550283,6.112225012480103e-11,0.014923795089067675,-4.1194221421760886e-07,0.0011532433217975265,-0.0011536552640117356,0.0001579813934628741,0.0001579813934628741,-0.0006300723467089907,0.9994620420475637,-1.986882605578004e-06,3.71688525812967e-07,7.552182899708621e-06,3.0474999265744474e-08
matched_lorentzian,lorentzian,1.0,1.2,0.05,109,0.003482560508707322,9.131448796760324e-16,-1.049306675389007e-16,2.353151247680468e-36,5.745525886606348e-28,-1.0634316146248041e-19,2.2409448739826163e-16,-2.229236857594005e-16,6.716762307067175e-30,6.716762307067175e-30,-2.751334873997671e-29,1.0,-3.995317354113387e-19,7.356838856962266e-20,1.4780021643342551e-18,6.019081745747013e-20
matched_lorentzian,lorentzian,1.0,1.2,0.05,110,0.003484150172822425,-0.0046003175922984234,0.00047063056023620686,6.14948236705902e-11,0.01501476378281851,4.220652715402448e-07,-0.0011561107973513463,0.0011565328626228738,0.00015622165580390677,0.00015622165580390677,-0.0006213997498202068,0.9994496445970904,1.995581189922704e-06,-3.733586069441571e-07,-7.574438617091565e-06,-3.102211388072044e-08
matched_lorentzian,lorentzian,1.0,1.2,0.05,111,0.0034857492679417636,4.364993190050133e-16,-3.351387988482006e-17,7.013881406453567e-37,1.7125306852285251e-28,-3.3214404172049463e-20,1.2511901548955567e-16,-1.2348176112283877e-16,1.1872204774729657e-30,1.1872204774729657e-30,-4.196740678246675e-30,1.0,-2.074992271670021e-19,2.2789913295978936e-20,8.100783725159983e-19,3.982287790010559e-20
matched_lorentzian,lorentzian,1.0,1.2,0.05,112,0.0034873482680964733,0.004598165370944726,-0.0004648106369792647,6.177771744610268e-11,0.01508383599022417,-4.3265344818041655e-07,0.0011581151303394438,-0.0011585477837876212,0.00015441684969628118,0.00015441684969628118,-0.0006128657107629291,0.9994372636598104,-2.002858012802015e-06,3.74762868420192e-07,7.591102309362358e-06,3.155547344569688e-08
matched_lorentzian,lorentzian,1.0,1.2,0.05,113,0.003488956547467884,-4.335280037083815e-16,2.6390677029449284e-17,7.770105631051513e-37,1.8971726993272425e-28,-2.2011422067314585e-19,-1.3031887491628144e-16,1.2313640756935919e-16,9.314111879920182e-31,9.314111879920182e-31,-3.279231877333979e-30,1.0,2.2124760502557376e-19,-5.750517898972295e-20,-8.483595221291206e-19,-7.098828056664667e-20
matched_lorentzian,lorentzian,1.0,1.2,0.05,114,0.003490563893502963,-0.004594580579339419,0.0004592025393609056,6.19706438515348e-11,0.015130941490039058,4.436904613190083e-07,-0.0011592611214740294,0.0011597048119353398,0.000152565433780196,0.000152565433780196,-0.0006044418992753703,0.9994249394783683,2.008711669048685e-06,-3.7590093461577514e-07,-7.6021964607602494e-06,-3.2074000713449724e-08
matched_lorentzian,lorentzian,1.0,1.2,0.05,115,0.0034921803522421566,9.582240046170491e-17,-1.9333592734307652e-17,6.260265977699951e-38,1.5285256426832193e-29,6.569021896234117e-19,2.044340238958409e-17,-1.1846618583763036e-17,6.55858735446184e-32,6.55858735446184e-32,-5.304970186207247e-31,1.0,-1.6957985002457918e-20,2.438413477812602e-20,1.2534662980127915e-19,-2.1449644027405022e-19
matched_lorentzian,lorentzian,1.0,1.2,0.05,116,0.0034937950488715696,0.004589518194447407,-0.00045378643945371026,6.207361179172456e-11,0.015156082456495591,-4.5515933531667e-07,0.0011595544992989604,-0.0011600096586342782,0.0001506661510936594,0.0001506661510936594,-0.0005961028312004078,0.9994127119593522,-2.013142148235662e-06,3.7677268844457754e-07,7.6077494430375675e-06,3.2576616237620467e-08
matched_lorentzian,lorentzian,1.0,1.2,0.05,117,0.003495418676917282,-7.236854985047379e-16,6.480518304103349e-17,1.604256398641594e-36,3.9170013726209737e-28,-4.919687482429926e-19,-1.8809974107817235e-16,1.864225216574194e-16,3.456279992654508e-30,3.456279992654508e-30,-1.341715414649624e-29,1.0,3.1792284029704626e-19,-3.680628449333487e-20,-1.222504462745328e-18,-8.549621189623186e-20
matched_lorentzian,lorentzian,1.0,1.2,0.05,118,0.003497039724406207,-0.004582938264738672,0.0004485439615702084,6.208692440987816e-11,0.015159332905963954,4.6704225862408336e-07,-0.0011590019169090112,0.0011594689591676302,0.00014871801330510845,0.00014871801330510845,-0.0005878255458612576,0.9994006208083577,2.016150856143711e-06,-3.7737827589167725e-07,-7.6077955190861735e-06,-3.3062241401649454e-08
matched_lorentzian,lorentzian,1.0,1.2,0.05,119,0.0034986695072114753,-4.654147875501956e-16,5.356364954271828e-17,4.974939702762569e-37,1.214696457556789e-28,-2.8924003005677684e-19,-1.036142023099416e-16,1.0583116668662948e-16,1.6202454994435063e-30,1.6202454994435063e-30,-7.125369950191903e-30,1.0,1.802076977559075e-19,-4.873034987274305e-20,-6.797276116100498e-19,-2.479683370815067e-20
matched_lorentzian,lorentzian,1.0,1.2,0.05,120,0.0035002959020589463,0.004574805399943813,-0.0004434580219985436,6.201117559948142e-11,0.015140837845289757,-4.793204495374002e-07,0.0011576109466188314,-0.0011580902670683757,0.00014672028694140337,0.00014672028694140337,-0.0005795893291461434,0.9993887056393672,-2.017740633628835e-06,3.777181100653221e-07,7.602374833999106e-06,3.352980152443042e-08
matched_lorentzian,lorentzian,1.0,1.2,0.05,121,0.0035019308212883974,-1.0976344969730325e-15,1.0638110407468365e-16,3.582617182638806e-36,8.74742742734531e-28,5.782763191556548e-20,-2.7622089893777184e-16,2.7465405905801966e-16,8.34339783743526e-30,8.34339783743526e-30,-3.334376822883417e-29,1.0,4.958578419979037e-19,-6.042227953470398e-20,-1.8236399924593674e-18,-8.618879977477394e-20
matched_lorentzian,lorentzian,1.0,1.2,0.05,122,0.00350356155691396,-0.004565088313901062,0.00043851268841100643,6.184724530863893e-11,0.01510081212528715,4.919740297815321e-07,-0.001155390072599836,0.0011558820466296105,0.00014467248127931622,0.00014467248127931622,-0.0005713754751681061,0.9993770060613021,2.0179157728271673e-06,-3.777928747568855e-07,-7.591533393600367e-06,-3.3978229025070586e-08
matched_lorentzian,lorentzian,1.0,1.2,0.05,123,0.0035052005911462604,-2.3700107384185616e-16,2.655252228253161e-17,1.8191953478747514e-37,4.441802869369799e-29,2.1716419441022744e-19,-6.126049710452165e-17,6.147437121732476e-17,4.656793724375259e-31,4.656793724375259e-31,-1.795325582811195e-30,1.0,1.0346899873838268e-19,-3.5106050095053197e-20,-4.029357070871359e-19,8.731599102378171e-20
matched_lorentzian,lorentzian,1.0,1.2,0.05,124,0.0035068346585798603,0.004553759413058332,-0.0004336930561679021,6.159629365460888e-11,0.015039539003725687,-5.049819051343277e-07,0.0011523486814752025,-0.0011528536633803343,0.0001425743376188299,0.0001425743376188299,-0.0005631670806237543,0.9993655617439987,-2.016682030582959e-06,3.7760352748777613e-07,7.575323030288198e-06,3.440646664065708e-08
matched_lorentzian,lorentzian,1.0,1.2,0.05,125,0.003508476784014449,-1.0243481947911651e-15,9.404055710468476e-17,3.29058708196035e-36,8.034397822992329e-28,1.1237330911967566e-20,-2.6716759557435597e-16,2.6640660452826808e-16,7.140712921446138e-30,7.140712921446138e-30,-2.745643788958377e-29,1.0,4.609973409088872e-19,-9.436265192325361e-20,-1.751700254312604e-18,2.66541291070527e-20
matched_lorentzian,lorentzian,1.0,1.2,0.05,126,0.0035101131725888773,-0.004540794424503878,0.0004289851391955405,6.125975387420924e-11,0.014957368424079992,5.183216525676694e-07,-0.0011484970508770335,0.0011490153725295992,0.0001404258197062292,0.0001404258197062292,-0.0005549488670239757,0.9993544124653428,2.014046639003661e-06,-3.771513020235906e-07,-7.55380135612318e-06,-3.481347068048111e-08
matched_lorentzian,lorentzian,1.0,1.2,0.05,127,0.003511757363756133,5.338546078507439e-16,-4.3408576684795057e-17,9.281366207090165e-37,2.2661666927901204e-28,7.668392223354024e-21,1.4284168211904754e-16,-1.4143325472174703e-16,1.748246147849595e-30,1.748246147849595e-30,-6.598937877255198e-30,1.0,-2.391694713044122e-19,7.935467756245902e-20,9.278893481361004e-19,6.048782910226939e-20
matched_lorentzian,lorentzian,1.0,1.2,0.05,128,0.003513395061801268,0.004526172058407098,-0.0004243757734856384,6.08393241415025e-11,0.014854715017710697,-5.319694135379259e-07,0.00114384633596395,-0.0011443783053774821,0.0001382271051111938,0.0001382271051111938,-0.0005467070268012589,0.9993435981408797,-2.0100183130317367e-06,3.7643771033483896e-07,7.527031703050495e-06,3.519821430391645e-08
matched_lorentzian,lorentzian,1.0,1.2,0.05,129,0.003515040292275172,-2.307463154262971e-16,1.5461121032072082e-17,2.136726707473783e-37,5.217097125607627e-29,-1.7936283863339383e-20,-6.888270692605686e-17,6.507837320209905e-17,2.8625122928441285e-31,2.8625122928441285e-31,-1.0149518679347685e-30,1.0,1.065488724416354e-19,6.764751554467885e-21,-4.349519797711246e-19,-1.1441600394341704e-19
matched_lorentzian,lorentzian,1.0,1.2,0.05,130,0.0035166782878131224,-0.004509873700554654,0.0004198525315668239,6.033695828886143e-11,0.01473205583829155,5.458997932559185e-07,-0.0011384085538830118,0.0011389544536762643,0.00013597857739004523,0.00013597857739004523,-0.0005384290899700098,0.9993331588368978,2.0046072548928427e-06,-3.754645439765557e-07,-7.4950830500468e-06,-3.555969080366454e-08
matched_lorentzian,lorentzian,1.0,1.2,0.05,131,0.0035183235309256215,-2.269182316375494e-16,1.4103815057696166e-17,2.169217122436319e-37,5.296426714140382e-29,5.830987760178711e-20,-6.627851076786655e-17,6.616996054675608e-17,2.6525385676540525e-31,2.6525385676540525e-31,-9.096414085015859e-31,1.0,1.219075174351781e-19,-2.1309279834295482e-20,-4.375541903507336e-19,-1.0075968705728179e-19
matched_lorentzian,lorentzian,1.0,1.2,0.05,132,0.003519960812366066,-0.004491883131482664,0.0004154036465608327,5.975485547679915e-11,0.014589927839563593,5.600857659044475e-07,-0.0011321965661900116,0.0011327566519559113,0.00013368081889872745,0.00013368081889872745,-0.0005301038085957356,0.9993231347676711,1.9978251553275214e-06,-3.742338748678023e-07,-7.45802993717503e-06,-3.58969168894023e-08
matched_lorentzian,lorentzian,1.0,1.2,0.05,133,0.0035216050419221282,-2.3515218270611953e-16,2.1456007622684223e-17,1.7156311494121041e-37,4.1889373624121366e-29,-1.8392945734344162e-20,-5.945946614049778e-17,6.120705195870083e-17,3.729148947012877e-31,3.729148947012877e-31,-1.4327066677186172e-30,1.0,1.1182020391402503e-19,-2.2795306152921128e-20,-3.981690144423232e-19,-1.0802283369061416e-21
matched_lorentzian,lorentzian,1.0,1.2,0.05,134,0.0035232405987568978,0.004472186269152863,-0.00041101794463754176,5.909544885968123e-11,0.014428925107920862,-5.744985859116294e-07,0.0011252240592027022,-0.0011257985577886088,0.00013133460413161825,0.00013133460413161825,-0.0005217210567543978,0.9993135662773607,-1.9896851914413435e-06,3.7274805543803333e-07,7.415952366268601e-06,3.620893594891297e-08
matched_lorentzian,lorentzian,1.0,1.2,0.05,135,0.0035248827897493987,1.0347899133524908e-16,-1.2035237925230453e-17,3.6716804008992893e-38,8.964886898581798e-30,-7.374528178042454e-20,2.791325160205754e-17,-2.6608144993449685e-17,9.084993029455131e-32,9.084993029455131e-32,-3.5331509025045465e-31,1.0,-4.864030574649984e-20,3.1161827857309153e-21,1.8397422938631093e-19,-2.2241784830333874e-20
matched_lorentzian,lorentzian,1.0,1.2,0.05,136,0.003526515613245531,-0.004450770932759809,0.00040668478487164547,5.836139330430056e-11,0.014249695863740143,5.891077055119894e-07,-0.0011175055223009113,0.0011180946300064186,0.00012894089348772816,0.00012894089348772816,-0.0005132717440705038,0.9993044938068445,1.9802020210719454e-06,-3.7100971811999965e-07,-7.368935688220106e-06,-3.649482127283381e-08
matched_lorentzian,lorentzian,1.0,1.2,0.05,137,0.0035281547425690223,7.690273993161614e-17,-1.4511078153737396e-17,1.1350528487640757e-38,2.771379668718099e-30,3.121195843717187e-19,7.007976536285323e-18,-1.2174707513135914e-17,5.007380489591802e-32,5.007380489591802e-32,-3.1629612384054665e-31,1.0,-3.2548896036339745e-20,-1.4885387606528548e-20,6.706346092522782e-20,-7.464593290320747e-20
matched_lorentzian,lorentzian,1.0,1.2,0.05,138,0.003529783826459347,0.004427626625576965,-0.0004023940056454167,5.7555552221068475e-11,0.01405293924604442,-6.038806989401331e-07,0.001109056224162126,-0.0011096601048610644,0.00012650082737442094,0.00012650082737442094,-0.0005047477412109259,0.9992959578456225,-1.9693917735241447e-06,3.690217741588125e-07,7.317070476680106e-06,3.675367922993862e-08
matched_lorentzian,lorentzian,1.0,1.2,0.05,139,0.003531418873621797,-1.0376034743261395e-15,8.636693650505108e-17,3.501360166334808e-36,8.549027816991657e-28,8.876573116255931e-20,-2.792158613749885e-16,2.697313784472473e-16,6.59674586036327e-30,6.59674586036327e-30,-2.537638172971477e-29,1.0,4.638277570574155e-19,-6.227989717290507e-20,-1.8075862921324536e-18,-1.223805091543417e-19
matched_lorentzian,lorentzian,1.0,1.2,0.05,140,0.003533043214792171,-0.004402744335173784,0.0003981358768727609,5.6680983574880086e-11,0.01383940189687306,6.187831937094257e-07,-0.0010998921869413518,0.0011005109701350529,0.00012401572057436217,0.00012401572057436217,-0.0004961418159823181,0.999287998868798,1.95727203655661e-06,-3.6678741171259383e-07,-7.2604523881016675e-06,-3.698465237904481e-08
matched_lorentzian,lorentzian,1.0,1.2,0.05,141,0.003534673162623762,1.6961616935943492e-16,-1.3478835019401938e-17,8.089913978908979e-38,1.9752580813518403e-29,1.5848369880699694e-20,3.973299495835004e-17,-4.238081084334948e-17,1.6161153551236919e-31,1.6161153551236919e-31,-6.468004984431744e-31,1.0,-8.110991804837193e-20,1.5764711219552616e-20,2.71169135839173e-19,2.3218411480469928e-20
matched_lorentzian,lorentzian,1.0,1.2,0.05,142,0.003536291761796083,0.004376116349584471,-0.00039390105742371053,5.574092514613641e-11,0.01360987436256802,-6.337788095197234e-07,0.001090030158390538,-0.0010906639372000508,0.00012148705680857245,0.00012148705680857245,-0.00048744757888274893,0.9992806572590589,-1.943861839476117e-06,3.643100932159131e-07,7.1991820079743345e-06,3.7186922494085464e-08
matched_lorentzian,lorentzian,1.0,1.2,0.05,143,0.003537915597154088,3.832053141763245e-16,-2.84555927261786e-17,5.5918632792967545e-37,1.365326400384682e-28,-6.884622511249963e-19,1.0909089413320326e-16,-1.024171384598236e-16,8.237450273086473e-31,8.237450273086473e-31,-3.082135243554225e-30,1.0,-1.8918337137510147e-19,3.9262975642431217e-20,7.111207497991413e-19,1.2712858794793106e-19
matched_lorentzian,lorentzian,1.0,1.2,0.05,144,0.003539527459564133,0.004347736088336191,-0.0003896805572230589,5.473877911912371e-11,0.01336518733082551,-6.488291054442617e-07,0.0010794875819341615,-0.0010801364110395988,0.00011891648344004022,0.00011891648344004022,-0.00047865943714709347,0.9992739732134843,-1.9291816322321475e-06,3.6159355198222445e-07,7.133364683230081e-06,3.7359713495897626e-08
matched_lorentzian,lorentzian,1.0,1.2,0.05,145,0.0035411441740330167,4.3022219132919924e-16,-4.205304351530202e-17,5.4803620907172184e-37,1.338101929964322e-28,-5.132432103472185e-19,1.073245084787129e-16,-1.0522302665992164e-16,1.2495815763134788e-30,1.2495815763134788e-30,-5.109126215725415e-30,1.0,-1.9340175955663522e-19,1.9682324553260553e-20,7.123141840878444e-19,-5.3414208966976946e-20
matched_lorentzian,lorentzian,1.0,1.2,0.05,146,0.0035427483101022946,-0.004317597947423023,0.0003854657035721853,5.367809607790507e-11,0.013106207723084053,6.638935361147471e-07,-0.0010682825647069041,0.0010689464582430174,0.00011630580626703986,0.00011630580626703986,-0.00046977255646399096,0.9992679866349675,1.913253260382943e-06,-3.5864178801964234e-07,-7.063110340731616e-06,-3.750229426701046e-08
matched_lorentzian,lorentzian,1.0,1.2,0.05,147,0.0035443569006880604,1.4851288810548292e-15,-1.3337997905930996e-16,6.374604329394809e-36,1.5564428435066791e-27,-9.07251933236589e-20,3.667141270827422e-16,-3.7152198435572567e-16,1.3980983259281876e-29,1.3980983259281876e-29,-5.588784216877689e-29,1.0,-6.669372310156587e-19,1.122427123074685e-19,2.431077997187332e-18,8.402621260932853e-20
matched_lorentzian,lorentzian,1.0,1.2,0.05,148,0.0035459523266886625,0.004285697157521197,-0.00038124811130984474,5.2562558494408257e-11,0.012833834662925639,-6.789294177143218e-07,0.001056433843567697,-0.001057112772985409,0.00011365698436181642,0.00011365698436181642,-0.00046078282966560187,0.9992627370080098,-1.8960999358192247e-06,3.5545906303357646e-07,6.98853329180806e-06,3.761398134049643e-08
matched_lorentzian,lorentzian,1.0,1.2,0.05,149,0.0035475517965066396,5.428768312379551e-16,-3.836630050059277e-17,9.714877281289385e-37,2.3720140794125195e-28,-4.185712667140131e-20,1.4398345370658314e-16,-1.3639378587296974e-16,1.4750806402231677e-30,1.4750806402231677e-30,-5.871140673011452e-30,1.0,-2.5611809788056854e-19,2.85906991998003e-20,9.464587977788609e-19,9.638238476629386e-20
matched_lorentzian,lorentzian,1.0,1.2,0.05,150,0.0035491375352182846,-0.004252029654936691,0.00037701965648764563,5.1395963797543074e-11,0.012548995342179743,6.938919046645531e-07,-0.0010439607491142852,0.0010446546410189483,0.0001109721249168117,0.0001109721249168117,-0.00045168685179762053,0.9992582632586198,1.8777462031479178e-06,-3.5204989459725624e-07,-6.909752022867515e-06,-3.76941414413031e-08
matched_lorentzian,lorentzian,1.0,1.2,0.05,151,0.0035507268941733392,-4.3326187318087287e-16,3.076991316341009e-17,6.470686159577513e-37,1.5799024763327201e-28,-5.645662257500764e-20,-1.1736465330254954e-16,1.1451134749281468e-16,9.923332105211963e-31,9.923332105211963e-31,-3.7545636744601284e-30,1.0,2.1024005959671796e-19,-1.719694216476696e-20,-7.729108924149056e-19,-7.197743302657877e-20
matched_lorentzian,lorentzian,1.0,1.2,0.05,152,0.003552301975531728,-0.004216591964886996,0.00037277245328209285,5.018220711429497e-11,0.0122526408069361,7.087339779570237e-07,-0.0010308831677170525,0.0010315919016950098,0.00010825347806283472,0.00010825347806283472,-0.0004424819010509955,0.9992546035980768,1.8582179016304446e-06,-3.4841904946485415e-07,-6.826888972081428e-06,-3.7742193870011065e-08
matched_lorentzian,lorentzian,1.0,1.2,0.05,153,0.003553880240990166,9.042092789976874e-16,-7.599312524668635e-17,2.5930765810879993e-36,6.331334901349635e-28,-7.901355628778486e-19,2.3959218722841054e-16,-2.3106058134386384e-16,4.940801182637542e-30,4.940801182637542e-30,-1.9334835258529288e-29,1.0,-4.0065091995958214e-19,7.846076346318142e-20,1.5576509644100785e-18,1.1081655682567583e-20
matched_lorentzian,lorentzian,1.0,1.2,0.05,154,0.0035554437027257337,0.004179381096890157,-0.00036849883391125925,4.8925263777384984e-11,0.011945741686561567,-7.234064461395524e-07,0.0010172215016062067,-0.0010179449080523464,0.00010550343162953738,0.00010550343162953738,-0.00043316592511198745,0.9992517953503356,-1.837542122598376e-06,3.4457153601120924e-07,6.740070292238431e-06,3.77576127087701e-08
matched_lorentzian,lorentzian,1.0,1.2,0.05,155,0.003557009900177954,-3.6641585671776405e-16,3.1666651653344276e-17,3.500076070702037e-37,8.545892529913857e-29,2.5523129918292265e-19,-8.017761019509857e-17,8.792490840735337e-17,7.8276066818047515e-31,7.8276066818047515e-31,-3.262055383754385e-30,1.0,1.7837389302430418e-19,-4.1621388678787127e-20,-5.6249567122192145e-19,-7.526036048754926e-21
matched_lorentzian,lorentzian,1.0,1.2,0.05,156,0.0035585607884442354,-0.004140394452117819,0.00036419133135801935,4.7629171695434136e-11,0.011629283889145678,7.378579600308326e-07,-0.0010029966270449196,0.0010037344850049499,0.00010272450582015315,0.00010272450582015315,-0.00042373753253302764,0.9992498747629063,1.8157471622689163e-06,-3.405125957786889e-07,-6.649425599857004e-06,-3.773992884063337e-08
matched_lorentzian,lorentzian,1.0,1.2,0.05,157,0.0035601139521573726,-8.051003665060786e-16,7.474576944526402e-17,1.8694170696319043e-36,4.564425757596848e-28,-1.2977229910092774e-19,-2.020944199141193e-16,1.8551015102335977e-16,3.894846952790801e-30,3.894846952790801e-30,-1.6903348371389654e-29,1.0,3.4133804491342447e-19,-5.514669271701475e-20,-1.3201182766999192e-18,8.456941841940249e-20
matched_lorentzian,lorentzian,1.0,1.2,0.05,158,0.003561651322148156,0.004099629742689348,-0.00035984266473676225,4.629801368339218e-11,0.01130426428724421,-7.52035042268754e-07,0.000988229850630141,-0.0009889818856723969,9.991934777660966e-05,9.991934777660966e-05,-0.0004141959887734503,0.9992488768011252,-1.792862469902464e-06,3.362476941181671e-07,6.555087710710328e-06,3.7688731765125084e-08
matched_lorentzian,lorentzian,1.0,1.2,0.05,159,0.003563190495807918,1.3651840605100923e-15,-1.1867168506336866e-16,5.497939168651475e-36,1.3423936029446167e-27,1.8180646573199627e-19,3.438374560022676e-16,-3.3661170508975423e-16,1.1210817468796997e-29,1.1210817468796997e-29,-4.546731168961839e-29,1.0,-6.060017813068457e-19,9.302380811923339e-20,2.259146183068972e-18,1.353000530387774e-19
matched_lorentzian,lorentzian,1.0,1.2,0.05,160,0.0035647134123623584,-0.0040570849229650315,0.00035544572716636073,4.493589985191259e-11,0.010971686418015244,7.658821328770524e-07,-0.0009729428637696346,0.0009737087459025227,9.709072601328819e-05,9.709072601328819e-05,-0.0004045412165864164,0.9992488349258204,1.7689185912614654e-06,-3.317825099121809e-07,-6.457192361965918e-06,-3.760367119749348e-08
matched_lorentzian,lorentzian,1.0,1.2,0.05,161,0.0035662376497033036,-7.427431003026021e-16,6.488034986718675e-17,1.5551251199528776e-36,3.7970409434618442e-28,-2.9823725498780745e-19,-1.777349115051876e-16,1.8051093260295264e-16,3.284024681615398e-30,3.284024681615398e-30,-1.3512681134158561e-29,1.0,3.234008760210628e-19,-1.0567072559066141e-19,-1.1875689054883817e-18,1.7044291071193554e-19
matched_lorentzian,lorentzian,1.0,1.2,0.05,162,0.003567745187898319,0.004012758132972036,-0.00035099357603724776,4.35469501545138e-11,0.010632556221880803,-7.793416519815079e-07,0.0009571576953899209,-0.000957937037041908,9.424152470034733e-05,9.424152470034733e-05,-0.0003947738004501642,0.9992497808545151,-1.7439471073441836e-06,3.271229243724556e-07,6.35587792118642e-06,3.7484458441503735e-08
matched_lorentzian,lorentzian,1.0,1.2,0.05,163,0.0035692535533218424,-5.41189945947404e-16,4.996508081122685e-17,8.899208894139985e-37,2.172857997206889e-28,-3.5182685850965756e-19,-1.4097950640440046e-16,1.242345045259352e-16,1.7391275137637597e-30,1.7391275137637597e-30,-7.575981638603208e-30,1.0,2.301557310253607e-19,-4.066855765491934e-20,-9.075049054135476e-19,-1.0830578912873033e-19
matched_lorentzian,lorentzian,1.0,1.2,0.05,164,0.003570744799051032,-0.00396664765415254,0.0003464794255795267,4.213527719089547e-11,0.010287877843732083,7.923540808944055e-07,-0.0009408966629356329,0.0009416890170165297,9.137473777939775e-05,9.137473777939775e-05,-0.0003848949947507876,0.9992517443064606,1.71798056838699e-06,-3.2227500890657433e-07,-6.251285082485401e-06,-3.733086752199487e-08
matched_lorentzian,lorentzian,1.0,1.2,0.05,165,0.003572236368230416,-1.1748076089309253e-15,1.074550687442786e-16,3.905460407024226e-36,9.535691294723276e-28,-1.7051369974461155e-18,-2.9180409715366347e-16,2.70235709476625e-16,8.128856476917381e-30,8.128856476917381e-30,-3.5338935995858906e-29,1.0,5.013058767222958e-19,-9.957807775866984e-20,-1.9064283660989334e-18,-9.88327696220011e-20
matched_lorentzian,lorentzian,1.0,1.2,0.05,166,0.003573710418768852,0.003918751877703802,-0.0003418966416598022,4.070496936435918e-11,0.009938649520593892,-8.048580627793862e-07,0.0009241823217363094,-0.000924987179799062,8.849346289804294e-05,8.849346289804294e-05,-0.00037490673543340405,0.9992547527319671,-1.6910524231599756e-06,3.1724501205599875e-07,6.143556550237557e-06,3.7142736069747346e-08
matched_lorentzian,lorentzian,1.0,1.2,0.05,167,0.0035751842792407446,3.2543475867279426e-16,-2.70566988135132e-17,3.243056880479563e-37,7.918346632796772e-29,-1.4340987646947921e-18,9.247824876648546e-17,-7.93422998073181e-17,6.004559601369616e-31,6.004559601369616e-31,-2.4628633270697e-30,1.0,-1.0778289366042104e-19,4.2397971158408245e-21,5.547799754933551e-19,6.992666726043431e-20
matched_lorentzian,lorentzian,1.0,1.2,0.05,168,0.0035766402437950083,-0.0038690692857768286,0.0003372387387441255,3.9260074488654083e-11,0.00958585957902207,8.167905240377752e-07,-0.0009070374128147356,0.0009078542033387609,8.560089514976225e-05,8.560089514976225e-05,-0.0003648116548240113,0.9992588310267312,1.6631969435886416e-06,-3.120393455076438e-07,-6.032836710740723e-06,-3.6919965949347256e-08
matched_lorentzian,lorentzian,1.0,1.2,0.05,169,0.0035780954955367404,5.662506788739633e-16,-5.570993709712282e-17,8.162772599069367e-37,1.9930474643592671e-28,2.080026016486445e-19,1.2932588307248888e-16,-1.1612211712901103e-16,1.807988593068982e-30,1.807988593068982e-30,-8.816363269404437e-30,1.0,-2.263429399295013e-19,3.0395634698776304e-20,8.563775990122169e-19,-1.7532725615926345e-19
matched_lorentzian,lorentzian,1.0,1.2,0.05,170,0.0035795324957796568,-0.003817598445869916,0.00033249937898088226,3.780458393812206e-11,0.00923048256515457,8.280868175432898e-07,-0.0008894848092308261,0.0008903128960483608,8.27003206099608e-05,8.27003206099608e-05,-0.0003546130993214106,0.9992640012320864,1.6344491447775573e-06,-3.0666456919090526e-07,-5.919271292365513e-06,-3.6662523623446324e-08
matched_lorentzian,lorentzian,1.0,1.2,0.05,171,0.003580968251771873,3.7924969004322865e-16,-4.1133499319163945e-17,3.509132412239373e-37,8.568004769742047e-29,-2.8901851869326087e-19,8.559493021888128e-17,-7.845197458383199e-17,9.011541058858565e-31,9.011541058858565e-31,-4.356326493391118e-30,1.0,-1.4820972561220814e-19,3.3555177474066703e-20,5.648778047584809e-19,-9.345712500293749e-20
matched_lorentzian,lorentzian,1.0,1.2,0.05,172,0.0035823854223614024,0.003764338018741223,-0.00032767237336358114,3.6342417431347076e-11,0.008873475529440851,-8.386808888821888e-07,0.0008715474610581148,-0.0008723861419469778,7.979510965987458e-05,7.979510965987458e-05,-0.0003443151496330707,0.9992702822223949,-1.6048447005289617e-06,3.011273754737444e-07,5.803007014759493e-06,3.637044024462664e-08
matched_lorentzian,lorentzian,1.0,1.2,0.05,173,0.0035838008091355253,2.0168843339744293e-15,-1.77159397552277e-16,1.0387997889872762e-35,2.536365261056121e-27,-9.829197961429965e-19,4.690664722194519e-16,-4.641070895400315e-16,2.294238345308197e-29,2.294238345308197e-29,-9.970141549963116e-29,1.0,-8.441038610589532e-19,1.6304872327495596e-19,3.1062423866209492e-18,-1.2645592747067016e-20
matched_lorentzian,lorentzian,1.0,1.2,0.05,174,0.003585197298217391,-0.003709286780196549,0.00032275168494290277,3.487740853546204e-11,0.008515774487329214,8.485054665183785e-07,-0.0008532483391087599,0.0008540968445752723,7.68887100936253e-05,7.68887100936253e-05,-0.00033392264320854096,0.9992776893810985,1.5744198544934184e-06,-2.954345724826208e-07,-5.684191227806742e-06,-3.6043811477898184e-08
matched_lorentzian,lorentzian,1.0,1.2,0.05,175,0.0035865914563875025,-2.750370131476027e-15,2.394363401599115e-16,1.936358001547824e-35,4.727870779490611e-27,1.875393892050868e-18,-6.383133876970265e-16,6.410107546971871e-16,4.2793072747244856e-29,4.2793072747244856e-29,-1.8361125496826163e-28,1.0,1.1648586185898009e-18,-2.0479152737984749e-19,-4.237432732868383e-18,-9.438579821304205e-20
matched_lorentzian,lorentzian,1.0,1.2,0.05,176,0.0035879664260811414,0.0036524436570554153,-0.00031773143405798365,3.3413290973073466e-11,0.008158291075923743,-8.574922768369253e-07,0.0008346103775251057,-0.0008354678698019293,7.398464000441362e-05,7.398464000441362e-05,-0.00032344119848404587,0.9992862342673063,-1.543211327106133e-06,2.895930665711827e-07,5.562971541069915e-06,3.568279704434341e-08
matched_lorentzian,lorentzian,1.0,1.2,0.05,177,0.003589338510859887,3.4158559870737893e-16,-3.876581263867102e-17,1.9840517034426082e-37,4.8443211772857716e-29,-3.242834716510068e-18,5.8955701107384e-17,-6.695908943088436e-17,7.231760134855128e-31,7.231760134855128e-31,-3.6892155140826235e-30,1.0,-1.3695706841252533e-19,1.3675715847465056e-20,4.2055128351094743e-19,-5.096591497718654e-20
matched_lorentzian,lorentzian,1.0,1.2,0.05,178,0.003590691137727422,-0.0035938077776297324,0.0003126059055635747,3.1953685809838317e-11,0.00780190942566398,8.655722848059157e-07,-0.0008156564153816502,0.000816521987666431,7.10864804508316e-05,7.10864804508316e-05,-0.0003128772405243405,0.9992959242751541,1.5112562185221033e-06,-2.83609843976723e-07,-5.439495444624583e-06,-3.5287619989097934e-08
matched_lorentzian,lorentzian,1.0,1.2,0.05,179,0.0035920403194256607,1.2446569199630777e-15,-1.109915801686311e-16,4.131792382138139e-36,1.0088310351091009e-27,1.0931594834586629e-19,2.9826572285927343e-16,-2.704552357670682e-16,8.356881135305925e-30,8.356881135305925e-30,-3.8459044450985435e-29,1.0,-5.194125313672365e-19,1.2154426060722208e-19,1.9609527596478923e-18,-4.3523229884488623e-20
matched_lorentzian,lorentzian,1.0,1.2,0.05,180,0.003593369794923627,0.0035333785369431586,-0.00030736955802297553,3.050208959398406e-11,0.007447483264433949,-8.726759609015109e-07,0.0007964091374418221,-0.0007972818134027049,6.819786790425625e-05,6.819786790425625e-05,-0.00030223802759247315,0.9993067622885979,-1.4785919077773394e-06,2.774919517052571e-07,5.313909922211435e-06,3.485856567762632e-08
matched_lorentzian,lorentzian,1.0,1.2,0.05,181,0.0035946952594335503,-1.1166391319140102e-15,1.0021846292984595e-16,3.2873078924223e-36,8.026391253760315e-28,2.1610585460715933e-18,-2.6120493748810204e-16,2.3343312641127656e-16,6.508009007009129e-30,6.508009007009129e-30,-3.113138927536627e-29,1.0,4.740928525188408e-19,-1.2881238808624679e-19,-1.7394824030832393e-18,1.419584363541879e-19
matched_lorentzian,lorentzian,1.0,1.2,0.05,182,0.003596000790347203,-0.003471155676927769,0.00030201703483943767,2.906186351404232e-11,0.007095833270281322,8.787335746458643e-07,-0.0007768910142433857,0.0007777697478180421,6.532248648397602e-05,6.532248648397602e-05,-0.00029153167814253603,0.9993187463347166,1.4452559484731378e-06,-2.7124647770008245e-07,-5.1863610578424536e-06,-3.439598052003446e-08
matched_lorentzian,lorentzian,1.0,1.2,0.05,183,0.0035973017396087235,6.127151533235841e-16,-6.284419937737266e-17,8.45075831290938e-37,2.0633629349637e-28,-7.519783013055328e-19,1.2647571749069575e-16,-1.2445229396887075e-16,2.1741586726060414e-30,2.1741586726060414e-30,-1.0704020970226703e-29,1.0,-2.6660577784295155e-19,5.8928613925729e-20,8.695059752664959e-19,1.2034935790582781e-19
matched_lorentzian,lorentzian,1.0,1.2,0.05,184,0.0035985825484688254,0.003407139381693047,-0.00029654317728692236,2.7636223633176365e-11,0.006747744687001018,-8.836755150205009e-07,0.0007571242416892412,-0.0007580079172042595,6.246405998718491e-05,6.246405998718491e-05,-0.0002807671976669147,0.9993318692390775,-1.4112859612967653e-06,2.64880530351511e-07,5.056993637026687e-06,3.390027043152296e-08
matched_lorentzian,lorentzian,1.0,1.2,0.05,185,0.003599858200919112,-9.508365333376114e-16,8.1787951320353e-17,1.8818271788897644e-36,4.594726659022938e-28,-9.272569413470385e-19,-1.979601582709772e-16,2.1091395639976908e-16,4.7919166356061076e-30,4.7919166356061076e-30,-2.160278759934888e-29,1.0,3.660924648033864e-19,-6.776026171921433e-20,-1.3158616064413224e-18,-1.082601761006853e-19
matched_lorentzian,lorentzian,1.0,1.2,0.05,186,0.0036011135264011666,-0.0033413303879126846,0.00029094303939611245,2.6228232252002144e-11,0.006403965215255239,8.874326376056245e-07,-0.000737130680346868,0.0007380181129844838,5.9626343725873734e-05,5.9626343725873734e-05,-0.0002699545047826996,0.9993461182871735,1.3767195237614276e-06,-2.5840121741982606e-07,-4.925950743976925e-06,-3.337189903770738e-08
matched_lorentzian,lorentzian,1.0,1.2,0.05,187,0.0036023631174072306,-1.7727775730881428e-15,1.5077948633435576e-16,7.803955538334704e-36,1.9054375959736656e-27,-8.826579961904501e-19,-4.032831527158291e-16,4.0154589491680474e-16,1.6806990800750166e-29,1.6806990800750166e-29,-7.420087402173986e-29,1.0,7.470419951720767e-19,-1.349755637391594e-19,-2.6879853497461333e-18,-4.8991351558001014e-20
matched_lorentzian,lorentzian,1.0,1.2,0.05,188,0.003603592214713204,0.0032737301102306916,-0.0002852119046383496,2.4840790443610428e-11,0.006065203189901696,-8.899366380840382e-07,0.0007169317946741972,-0.000717821731312302,5.681311618514334e-05,5.681311618514334e-05,-0.0002591044558811491,0.9993614748964382,-1.3415940575825606e-06,2.518156244512192e-07,4.793373356262219e-06,3.281138563510506e-08
matched_lorentzian,lorentzian,1.0,1.2,0.05,189,0.0036048149969875164,-8.745279928659545e-16,7.411765411986548e-17,1.9227168937756358e-36,4.694564234531229e-28,-8.1212983409787055e-19,-1.9083513645222942e-16,1.8322244842665997e-16,3.7671886271086504e-30,3.7671886271086504e-30,-1.798094031109677e-29,1.0,4.0190211943486767e-19,-1.0474703897519244e-19,-1.3211939888393128e-18,6.830872455398546e-20
matched_lorentzian,lorentzian,1.0,1.2,0.05,190,0.003606017138210183,-0.00320434078146015,0.0002793453043357549,2.3476631796383508e-11,0.00573212605222064,8.9112045141071e-07,-0.0006965485924087023,0.0006974397128601325,5.402817052096867e-05,5.402817052096867e-05,-0.0002482288676078618,0.9993779143038197,1.3059467141677378e-06,-2.4513079277523297e-07,-4.65939993852114e-06,-3.2219302918930556e-08
matched_lorentzian,lorentzian,1.0,1.2,0.05,191,0.0036072123822093348,3.148232587327392e-16,-3.459617040855987e-17,1.6907578938187426e-37,4.1282060626128977e-29,1.036752982920256e-18,4.824699291683719e-17,-5.5013362667261985e-17,5.2762395665175765e-31,5.2762395665175765e-31,-3.0194171991129274e-30,1.0,-1.5113342136763219e-19,3.373972112547774e-21,3.800554821059784e-19,-4.220100900409942e-20
matched_lorentzian,lorentzian,1.0,1.2,0.05,192,0.0036083868566794486,0.0031331656071805943,-0.00027333903770894425,2.2138317391529708e-11,0.0054053591236143655,-8.909186755321282e-07,0.0006760015643773502,-0.0006768924830528653,5.127530591893086e-05,5.127530591893086e-05,-0.0002373405363851716,0.9993954052743724,-1.2698142587419858e-06,2.3835369718647936e-07,4.524166036995208e-06,3.159627449342657e-08
matched_lorentzian,lorentzian,1.0,1.2,0.05,193,0.0036095538509859507,5.36964611984079e-16,-5.018840454784731e-17,7.739831398953375e-37,1.8897808504442421e-28,-2.4947564664981856e-18,1.3162274598482148e-16,-1.0859514595165908e-16,1.5099420432432836e-30,1.5099420432432836e-30,-7.466129689898817e-30,1.0,-1.9564987654396e-19,9.401470503254336e-21,8.38896358117356e-19,-1.7851828587986142e-19
matched_lorentzian,lorentzian,1.0,1.2,0.05,194,0.0036106999656025083,-0.003060208934136152,0.0002671891934511195,2.0828232032987008e-11,0.005085484685088978,8.892680181093576e-07,-0.0006553106249994084,0.0006561998930175231,4.855831883799465e-05,4.855831883799465e-05,-0.0002264532541316566,0.999413909836781,1.2332329536796987e-06,-2.3149122341761957e-07,-4.387803876758684e-06,-3.094297218321214e-08
matched_lorentzian,lorentzian,1.0,1.2,0.05,195,0.003611838017289812,1.0160435664775743e-15,-9.99990083431469e-17,2.0123263252702576e-36,4.913357356666462e-28,6.57562730318155e-20,2.068782716859228e-16,-1.9996277044542587e-16,5.536261220566923e-30,5.536261220566923e-30,-2.81306494352233e-29,1.0,-3.6764470710291233e-19,9.970866311746907e-20,1.3664546958312277e-18,-4.841626749908769e-21
matched_lorentzian,lorentzian,1.0,1.2,0.05,196,0.003612955096833779,0.0029854764317043953,-0.0002608921727016315,1.9548581739194604e-11,0.004773041364837681,-8.861077643504047e-07,0.0006344950537922846,-0.000635381161556607,4.58809941694152e-05,4.58809941694152e-05,-0.00021558181929785217,0.9994333830521117,-1.1962384416945197e-06,2.245501455317892e-07,4.250441963784448e-06,3.026011316451827e-08
matched_lorentzian,lorentzian,1.0,1.2,0.05,197,0.0036140635318147357,-5.149647394610099e-16,3.6842409092547473e-17,8.475347192874197e-37,2.0693666309224604e-28,8.70124951951026e-19,-1.3819378364414018e-16,1.0970181014439452e-16,1.118319844671713e-30,1.118319844671713e-30,-5.24964252355933e-30,1.0,2.2531857226178465e-19,-4.282812689017684e-22,-8.892286325316982e-19,-7.77078885460898e-20
matched_lorentzian,lorentzian,1.0,1.2,0.05,198,0.003615150919246646,-0.002908975285349412,0.0002544447132547948,1.830139249483883e-11,0.0044685238334632536,8.813802634034333e-07,-0.0006135734381809883,0.0006144548184443863,4.3247096339670726e-05,4.3247096339670726e-05,-0.00020474204227696784,0.9994537728224833,1.158865629540607e-06,-2.1753710335951813e-07,-4.112204693940092e-06,-2.954845693604482e-08
matched_lorentzian,lorentzian,1.0,1.2,0.05,199,0.0036162290826055477,-8.625583234208605e-16,8.28442759300539e-17,1.2253963243182191e-36,2.991965055226499e-28,-2.0929182089383626e-18,-1.5880496289726873e-16,1.5471994969866883e-16,3.544482916299446e-30,3.544482916299446e-30,-1.9760368637861807e-29,1.0,2.9494346443619775e-19,-7.736027525387187e-20,-1.0626449817053448e-18,5.66189700867578e-20
matched_lorentzian,lorentzian,1.0,1.2,0.05,200,0.003617286139347479,0.002830714400874689,-0.0002478439148254079,1.7088510253342023e-11,0.004172382804585738,-8.750314304761917e-07,0.0005925636179679076,-0.0005934386493983556,4.066036039441516e-05,4.066036039441516e-05,-0.00019395074424275404,0.9994750197465722,-1.1211485729902069e-06,2.104585801300306e-07,3.97321197138939e-06,2.880880215724135e-08
matched_lorentzian,lorentzian,1.0,1.2,0.05,201,0.003618333395655958,7.965767043487928e-16,-7.311611617374789e-17,1.3299539169154337e-36,3.2472560636139506e-28,-7.726632018987862e-19,1.8106898430657003e-16,-1.7055571539264626e-16,3.4464407054686806e-30,3.4464407054686806e-30,-1.6096525247339436e-29,1.0,-2.4882052103798745e-19,2.2418421891912152e-20,1.1254121409574794e-18,3.1419620799697925e-20
matched_lorentzian,lorentzian,1.0,1.2,0.05,202,0.0036193595018584354,-0.0027507046178893643,0.00024108726515074323,1.591160216912419e-11,0.0038850253357152094,8.670112611020283e-07,-0.0005714826318054744,0.0005723496430665946,3.8124483098757514e-05,3.8124483098757514e-05,-0.00018322574842978537,0.9994970570290924,1.0831203638465297e-06,-2.0332088044466375e-07,-3.833578838799165e-06,-2.8041983374947834e-08
matched_lorentzian,lorentzian,1.0,1.2,0.05,203,0.003620375235475452,1.1448764446079429e-16,-9.41759180376281e-18,1.0182024614525945e-37,2.4860741976737418e-29,1.0910027853459263e-20,5.2015765346070053e-17,-2.945123950771339e-17,7.661077478397686e-32,7.661077478397686e-32,-2.9781385408368885e-31,1.0,-5.861619306662092e-20,-1.9083325932405077e-20,3.119759705999264e-19,-2.629084432321548e-20
matched_lorentzian,lorentzian,1.0,1.2,0.05,204,0.0036213697902698996,0.0026689589307452785,-0.0002341726666877671,1.4772159030775853e-11,0.0036068154223426836,-8.572743535479702e-07,0.0005503466660626069,-0.0005512039404161556,3.5643114095353456e-05,3.5643114095353456e-05,-0.0001725858628886868,0.9995198104514037,-1.0448130198442892e-06,1.9613010875924089e-07,3.693415122077219e-06,2.7248867666755675e-08
matched_lorentzian,lorentzian,1.0,1.2,0.05,205,0.0036223534056261213,9.318098782758471e-16,-8.509026167166767e-17,2.141382358022131e-36,5.2284645040415e-28,-1.1057686811542319e-19,2.246347255180037e-16,-2.1225527670060988e-16,4.9859456030975844e-30,4.9859456030975844e-30,-2.188851762712859e-29,1.0,-3.2757072691596515e-19,7.936415578405376e-20,1.4202786760305982e-18,-1.0290573394778673e-19
matched_lorentzian,lorentzian,1.0,1.2,0.05,206,0.003623315827363529,-0.0025854927148175576,0.00022709846362384901,1.3671498855361013e-11,0.003338074875536091,8.457804347955754e-07,-0.0005291710064686269,0.0005300167869034028,3.321984716087941e-05,3.321984716087941e-05,-0.00016205085375429833,0.9995431984103516,1.0062573782960835e-06,-1.8889214854511803e-07,-3.5528250923367194e-06,-2.6430351232943664e-08
matched_lorentzian,lorentzian,1.0,1.2,0.05,207,0.003624266749230383,-1.2584569495968425e-15,1.1036220545508965e-16,4.227578071304733e-36,1.0322183612410513e-27,4.009365129366958e-19,-2.929888630439113e-16,2.603888069212647e-16,7.929075036696081e-30,7.929075036696081e-30,-3.832115405337776e-29,1.0,5.645821077532005e-19,-1.1187291364497122e-19,-1.970499025798054e-18,-1.1594462226076358e-19
matched_lorentzian,lorentzian,1.0,1.2,0.05,208,0.0036251964757068964,0.002500323955766867,-0.00021986346889156912,1.2610771595519888e-11,0.003079084471240848,-8.324948849926506e-07,0.0005079699929478484,-0.0005088024878328384,3.0858211604593014e-05,3.0858211604593014e-05,-0.0001516414081144109,0.9995671320321775,-9.674829943982677e-07,1.8161264230734476e-07,3.411907147980332e-06,2.5587355957808356e-08
matched_lorentzian,lorentzian,1.0,1.2,0.05,209,0.0036261141494506183,-1.0203784501169779e-16,9.411541044601334e-18,2.4229984426198444e-38,5.9160669289752154e-30,-3.587734792242498e-19,-1.4857109905114145e-17,2.0454465132262615e-17,5.308934859836742e-32,5.308934859836742e-32,-2.648381509379015e-31,1.0,3.5972727024539115e-20,-2.5096310841889227e-20,-1.03545165679091e-19,-1.0763141355214706e-19
matched_lorentzian,lorentzian,1.0,1.2,0.05,210,0.0036270106381208066,-0.0024134734791398174,0.00021246699084645504,1.1590964901886104e-11,0.002830085357249219,8.173892546803698e-07,-0.0004867569780687413,0.00048757436732342575,2.856166385349928e-05,2.856166385349928e-05,-0.00014137908563351782,0.9995915153678993,9.285180451440278e-07,-1.7429697264805156e-07,-3.270753519881398e-06,-2.4720825981080792e-08
matched_lorentzian,lorentzian,1.0,1.2,0.05,211,0.003627894529941783,8.421176038894716e-16,-8.212817642460859e-17,1.3268030022427606e-36,3.239562694207213e-28,6.351069805202272e-19,1.6410177810600403e-16,-1.4915306751282427e-16,3.376523033364302e-30,3.376523033364302e-30,-1.9063835117503543e-29,1.0,-3.133693131202354e-19,3.2396543309096693e-20,1.1053273252746077e-18,-7.618821313179533e-20
matched_lorentzian,lorentzian,1.0,1.2,0.05,212,0.003628757258120356,0.0023249651773159657,-0.0002049088592302172,1.0612910873896945e-11,0.002591280701498745,-8.004417686940801e-07,0.0004655442895262037,-0.00046634473129493015,2.6333579267069536e-05,2.6333579267069536e-05,-0.00013128625817218913,0.9996162456759502,-8.893892397834788e-07,1.6695024456147808e-07,3.1294500026062032e-06,2.3831724302023298e-08
matched_lorentzian,lorentzian,1.0,1.2,0.05,213,0.0036296068552780754,-7.848594804879673e-16,6.549166791965396e-17,9.531599140291295e-37,2.327264329281005e-28,-4.105044718684718e-18,-1.2623323402849868e-16,1.6090632794152422e-16,2.9033513038452452e-30,2.9033513038452452e-30,-1.4161797271504226e-29,1.0,3.1693746759672896e-19,-3.9787598982994554e-20,-9.207743415055976e-19,5.746402922353569e-20
matched_lorentzian,lorentzian,1.0,1.2,0.05,214,0.0036304353203308513,-0.0022348262306829125,0.0001971894500245916,9.677293725161756e-12,0.0023628375636719832,7.816378101751673e-07,-0.0004443431971074686,0.0004451248349176404,2.4177244226925812e-05,2.4177244226925812e-05,-0.00012138603678214929,0.9996412137969685,8.501217378332935e-07,-1.5957726915873675e-07,-2.988075714837532e-06,-2.2921029450459784e-08
matched_lorentzian,lorentzian,1.0,1.2,0.05,215,0.003631250131354773,3.19457144010124e-15,-2.877843612784699e-16,1.9610024398318753e-35,4.788043391965675e-27,-2.338633379806335e-18,6.347820234486428e-16,-6.418371364908546e-16,5.086696969038306e-29,5.086696969038306e-29,-2.5317663840055555e-28,1.0,-1.1982574749086264e-18,2.5310169105213798e-19,4.25560123156299e-18,1.0554858912365223e-21
matched_lorentzian,lorentzian,1.0,1.2,0.05,216,0.003632043850879683,0.0021430873195231286,-0.00018930970876246856,8.784658280024033e-12,0.0021448889697430313,-7.609703777624552e-07,0.00042316388455405256,-0.00042392485493183496,2.2095848541277957e-05,2.2095848541277957e-05,-0.00011170218559261072,0.9996663046245998,-8.107390755735373e-07,1.5218254900973446e-07,2.8467028919110024e-06,2.198973225472016e-08
matched_lorentzian,lorentzian,1.0,1.2,0.05,217,0.003632823405766303,1.373384946431038e-16,-1.2215626966588324e-17,9.292875971238949e-38,2.2689769519237294e-29,-7.357243377077278e-19,4.755695420011885e-17,-1.9973025113494064e-17,6.716071686652175e-32,6.716071686652175e-32,-4.618104519063619e-31,1.0,-6.669306821523336e-20,-1.219572135608927e-20,2.970095033257088e-19,-1.0835759283415522e-20
matched_lorentzian,lorentzian,1.0,1.2,0.05,218,0.0036335819177652474,-0.002049782823070386,0.00018127117185705508,7.935419212578452e-12,0.001937536167804115,7.38440508647052e-07,-0.0004020154267636,0.00040275386727222897,2.0092478205445135e-05,2.0092478205445135e-05,-0.00010225902230902644,0.9996913976748081,7.712631020203828e-07,-1.447702652993976e-07,-2.705396713578728e-06,-2.1038832736372162e-08
matched_lorentzian,lorentzian,1.0,1.2,0.05,219,0.003634325768161657,-1.1001835416578368e-15,9.958106964384337e-17,2.6388999475668143e-36,6.44321863112476e-28,1.702443295933811e-19,-2.311861423654301e-16,2.3678695240913615e-16,6.487997912893421e-30,6.487997912893421e-30,-3.0145193598937196e-29,1.0,4.466257886351098e-19,-9.967392274364896e-20,-1.5566554348281116e-18,-7.946268833783945e-20
matched_lorentzian,lorentzian,1.0,1.2,0.05,220,0.003635048631203967,0.001954951001931011,-0.0001730759854857198,7.1298709316501536e-12,0.0017408510416122922,-7.140576602354063e-07,0.0003809057727332809,-0.0003816198303934758,1.8170108553504514e-05,1.8170108553504514e-05,-9.30813052488484e-05,0.9997163677546853,-7.317139252889912e-07,1.3734426698066153e-07,2.5642151698369357e-06,2.0069337159205997e-08
matched_lorentzian,lorentzian,1.0,1.2,0.05,221,0.003635756350578144,1.4670524641499452e-15,-1.319667545876129e-16,3.8314570306237796e-36,9.355002392884029e-28,-1.3496990438222208e-19,2.832847840635747e-16,-2.748524487328319e-16,9.976297131121656e-30,9.976297131121656e-30,-5.324948479367786e-29,1.0,-5.143662843003224e-19,9.602804478912395e-20,1.883510428434111e-18,-1.0025685409381846e-19
matched_lorentzian,lorentzian,1.0,1.2,0.05,222,0.0036364431439564284,-0.001858634160024325,0.00016472692156212226,6.368198010188714e-12,0.0015548786570621076,6.87840042805037e-07,-0.00035984173463897103,0.00036052957468178025,1.6331597832935212e-05,1.6331597832935212e-05,-8.419410709056214e-05,0.9997410857299798,6.92109870238651e-07,-1.2990806210395565e-07,-2.4232089675967804e-06,-1.9082255262187475e-08
matched_lorentzian,lorentzian,1.0,1.2,0.05,223,0.0036371143277545053,8.687846737031977e-16,-7.487862256473333e-17,1.2958810968636587e-36,3.1640628265323466e-28,-1.491501843417299e-19,1.5674837915075204e-16,-1.7720592317358453e-16,3.648204109586512e-30,3.648204109586512e-30,-1.788599252320167e-29,1.0,-3.3334642673651194e-19,8.101427075071365e-20,1.0838574816169296e-18,5.874439652762918e-20
matched_lorentzian,lorentzian,1.0,1.2,0.05,224,0.003637764651633572,0.0017608787822421118,-0.00015622739033769727,5.650486053008772e-12,0.0013796399156863046,-6.598148958419574e-07,0.0003388289834261185,-0.00033948879832194966,1.4579681230038358e-05,1.4579681230038358e-05,-7.562267578997238e-05,0.9997654193885933,-6.524674482497279e-07,1.224648114936928e-07,2.2824214808475424e-06,1.8078597699687066e-08
matched_lorentzian,lorentzian,1.0,1.2,0.05,225,0.00363839891742431,-3.124314791779883e-15,2.78994288275067e-16,1.8351980688329856e-35,4.480875601142694e-27,1.0708100296973335e-18,-6.160115477381758e-16,6.012101774217896e-16,4.610110363386462e-29,4.610110363386462e-29,-2.395740548144625e-28,1.0,1.1519569102552136e-18,-1.9679414661939586e-19,-4.120870246526091e-18,6.838450407406792e-20
matched_lorentzian,lorentzian,1.0,1.2,0.05,226,0.0036390123929838395,-0.001661735643941547,0.0001475814491707722,4.9767328918682915e-12,0.001215134288080291,6.300187008534405e-07,-0.0003178720512226712,0.000318502069923534,1.2916965365062584e-05,1.2916965365062584e-05,-6.739228339657619e-05,0.9997892343952304,6.128013398572888e-07,-1.1501732491879125e-07,-2.1418887465212774e-06,-1.705937371180618e-08
matched_lorentzian,lorentzian,1.0,1.2,0.05,227,0.0036396093805904895,1.8100396339796027e-15,-1.5927638184928028e-16,5.10455419530995e-36,1.2463435275419584e-27,-5.188094583107368e-19,3.0873242485052456e-16,-3.6027120417557514e-16,1.5766168257391173e-29,1.5766168257391173e-29,-7.921085307712158e-29,1.0,-6.714784023555855e-19,1.593294376935555e-19,2.1500184148536056e-18,7.553738514527252e-20
matched_lorentzian,lorentzian,1.0,1.2,0.05,228,0.0036401856501620455,0.0015612598887232085,-0.0001387938070404804,4.3468599953418955e-12,0.0010613425997716293,-5.98497323907879e-07,0.0002969743408793539,-0.00029757283820338156,1.1345923272965399e-05,1.1345923272965399e-05,-5.952806382988863e-05,0.999812395330103,-5.731243909351275e-07,1.0756805989737998e-07,2.001639508213896e-06,1.602558904629637e-08
matched_lorentzian,lorentzian,1.0,1.2,0.05,229,0.0036407450217817734,-1.4722501537697416e-15,1.3473530442572923e-16,4.239582121492435e-36,1.0351493067621073e-27,3.7967904656700224e-19,-3.037246423419022e-16,2.672727900751724e-16,9.891129568274086e-30,9.891129568274086e-30,-5.44844726758464e-29,1.0,5.195784795970274e-19,-1.1468129644620627e-19,-1.9883333807550624e-18,5.476214251321567e-20
matched_lorentzian,lorentzian,1.0,1.2,0.05,230,0.003641283748980699,-0.0014595110710554915,0.00012986982440283163,3.760723978002604e-12,0.0009182298413369645,5.653060816905708e-07,-0.0002761381428601283,0.00027670344894179986,9.868889875936969e-06,9.868889875936969e-06,-5.205484097882373e-05,0.9998347668023401,5.334476229687858e-07,-1.0011912324694923e-07,-1.8616953093656539e-06,-1.497824414745085e-08
matched_lorentzian,lorentzian,1.0,1.2,0.05,231,0.0036418051892917695,3.033832454559594e-15,-2.8640706752650867e-16,1.6297666572705405e-35,3.979287998468383e-27,-7.618203405143818e-19,5.93123825920666e-16,-5.551485150884262e-16,4.3659243145593057e-29,4.3659243145593057e-29,-2.3859350281340624e-28,1.0,-1.0326042717936532e-18,1.9329608153693775e-19,3.897304005525031e-18,-7.108518804868476e-20
matched_lorentzian,lorentzian,1.0,1.2,0.05,232,0.003642306059144397,-0.0013565531606690127,0.00012081550803266764,3.2181280928750796e-12,0.0007857479744344765,5.305097255995541e-07,-0.00025536465965101605,0.0002558951693766525,8.488057947169934e-06,8.488057947169934e-06,-4.4996948806121826e-05,0.9998562146264581,4.937802578327213e-07,-9.267227546545975e-08,-1.722070637118762e-06,-1.3918332628809415e-08
matched_lorentzian,lorentzian,1.0,1.2,0.05,233,0.0036427892754012066,1.8890245012592343e-16,-1.8650462677732095e-17,1.9522804517890698e-37,4.7667475198316556e-29,-2.5627249160132976e-20,7.972171917547544e-17,-1.7451702859773334e-17,8.934975598148629e-32,8.934975598148629e-32,-9.671484759210117e-31,1.0,-4.699048788738452e-20,1.8793693745471086e-20,4.388142475571459e-19,-1.043036160781967e-20
matched_lorentzian,lorentzian,1.0,1.2,0.05,234,0.003643251994467766,-0.001252454506178162,0.0001116375005592276,2.7188335919316796e-12,0.0006638387056172585,4.941823393792122e-07,-0.00023465403780747204,0.00023514822014684207,7.205474558994773e-06,7.205474558994773e-06,-3.8378045451203494e-05,0.9998766070480097,4.541297573802654e-07,-8.52289380079474e-08,-1.5827731177337477e-06,-1.2846840033650493e-08
matched_lorentzian,lorentzian,1.0,1.2,0.05,235,0.0036436967165839242,7.717082001294501e-16,-7.224258596808814e-17,7.1832627711372634e-37,1.7538873560527305e-28,-1.5625150337745081e-19,1.0606377631220531e-16,-1.2650829239577572e-16,2.5082455813298907e-30,2.5082455813298907e-30,-1.5300449056692585e-29,1.0,-2.8229713547125293e-19,5.3572489630440917e-20,7.90933184554342e-19,-1.0094201476082644e-19
matched_lorentzian,lorentzian,1.0,1.2,0.05,236,0.003644121013077407,0.0011472877557760636,-0.00010234306445732525,2.2625708398339626e-12,0.0005524361998983547,-4.5640714681096704e-07,0.00021400540765070144,-0.00021446181479744744,6.023037999200464e-06,6.023037999200464e-06,-3.222092359697265e-05,0.9998958160024989,-4.14501877940684e-07,7.779020348303031e-08,1.4438037637034717e-06,1.1764742894231695e-08
matched_lorentzian,lorentzian,1.0,1.2,0.05,237,0.0036445269936969797,-1.7363715270905192e-15,1.5647457966943158e-16,4.215646166634597e-36,1.0293050309896976e-27,5.039681700351646e-19,-2.7604520681187677e-16,3.1924532982572846e-16,1.3706519085275642e-29,1.3706519085275642e-29,-7.454959321781555e-29,1.0,6.303056435739833e-19,-1.1335077636960417e-19,-1.9505075207224014e-18,-3.2139934896365585e-20
matched_lorentzian,lorentzian,1.0,1.2,0.05,238,0.0036449126175981342,-0.0010411297335917793,9.294006034391938e-05,1.849050069407756e-12,0.0004514697068403704,4.1727622728676836e-07,-0.0001934169305708988,0.00019383420679815774,4.94249513405557e-06,4.94249513405557e-06,-2.654731962535546e-05,0.9999137183897902,3.749007396939689e-07,-7.035684876506858e-08,-1.3051572723295985e-06,-1.0673008089660914e-08
matched_lorentzian,lorentzian,1.0,1.2,0.05,239,0.003645279632155196,-3.9220197755067365e-16,3.66079337976148e-17,1.5050410691596935e-37,3.674754196861092e-29,2.9096904611590694e-19,-5.365599117882736e-17,8.367660850022515e-17,8.40327232337483e-31,8.40327232337483e-31,-3.938711286458968e-30,1.0,1.1154375816574413e-19,-3.2180397002014595e-20,-3.6806255225877587e-19,-3.9452206576818287e-20
matched_lorentzian,lorentzian,1.0,1.2,0.05,240,0.003645626355323747,0.0009340612709156718,-8.343691950889954e-05,1.477971670408452e-12,0.00036086607269179957,-3.7689013843002175e-07,0.00017288585378832228,-0.0001732627439267455,3.965439189289363e-06,3.965439189289363e-06,-2.1377724287065713e-05,0.999930197344742,-3.35328910679976e-07,6.292935097976872e-08,1.1668223747977797e-06,9.572592499823001e-09
matched_lorentzian,lorentzian,1.0,1.2,0.05,241,0.0036459542020903903,-1.192580298781386e-16,1.7807539883759662e-17,4.602993757472318e-38,1.1238810006587297e-29,-1.4016044765093778e-19,-2.977712176841554e-17,6.921663799087652e-18,3.3806734076242514e-32,3.3806734076242514e-32,-5.824791003397535e-31,1.0,5.972528491324246e-20,-3.1028030572773645e-20,-2.026666806413835e-19,-2.0647173979353396e-20
matched_lorentzian,lorentzian,1.0,1.2,0.05,242,0.003646261818372461,0.0008261669923481652,-7.384261071069992e-05,1.149035908138759e-12,0.0002805521133143894,-3.3535744646565224e-07,0.00015240857234796612,-0.00015274392979442364,3.093307915904564e-06,3.093307915904564e-06,-1.6731197768246396e-05,0.9999451434836437,-2.95787505039785e-07,5.5507906285756504e-08,1.0287822342685058e-06,8.46444294513199e-09
matched_lorentzian,lorentzian,1.0,1.2,0.05,243,0.00364655031849549,-1.4894741084904355e-16,7.71294192965049e-18,1.7793788764280924e-37,4.344585757789912e-29,7.134274542283965e-20,-5.71662668235102e-17,4.21541708247673e-17,8.916171265069552e-32,8.916171265069552e-32,-3.15043707095876e-31,1.0,5.837471094141983e-20,-4.5004830288044093e-20,-3.4645042266620693e-19,2.290784814216862e-19
matched_lorentzian,lorentzian,1.0,1.2,0.05,244,0.0036468186438270924,-0.000717535057669038,6.416660136014578e-05,8.619519738645448e-13,0.00021045682396028702,2.9279416657138904e-07,-0.00013198069801760739,0.00013227349218421496,2.327382102717281e-06,2.327382102717281e-06,-1.2625192120620674e-05,0.9999584561053801,2.562762948692303e-07,-4.809245133374603e-08,-8.910148907733913e-07,-7.34949640703134e-09
matched_lorentzian,lorentzian,1.0,1.2,0.05,245,0.0036470676413535357,1.7930741598572633e-15,-1.6128567125539575e-16,5.7608212539734265e-36,1.406579695012908e-27,-7.413364016023777e-19,3.5135502814777827e-16,-3.2409067760191554e-16,1.433238635114582e-29,1.433238635114582e-29,-7.929580636347995e-29,1.0,-6.191349897371079e-19,1.3270213231755931e-19,2.3150929445792412e-18,-1.5097035949110335e-20
matched_lorentzian,lorentzian,1.0,1.2,0.05,246,0.0036472965138599715,0.0006082568610731552,-5.441881331896989e-05,6.164462757545771e-13,0.00015051340361318485,-2.4932311706415617e-07,0.00011159713466774773,-0.00011184645778480233,1.6687843950854833e-06,1.6687843950854833e-06,-9.075384040463417e-06,0.9999700443260828,-2.167938348769385e-07,4.068268724596243e-08,7.534937500812655e-07,6.228680506052267e-09
matched_lorentzian,lorentzian,1.0,1.2,0.05,247,0.003647505875751686,1.6673522109144312e-15,-1.525653223401426e-16,3.964308520458668e-36,9.679376644081426e-28,-8.223968712583306e-19,2.6951758862492815e-16,-3.075654360400357e-16,1.2864631747978855e-29,1.2864631747978855e-29,-6.974084105081432e-29,1.0,-6.043184017959022e-19,9.601855866689302e-20,1.8946937774251137e-18,4.8698960563846726e-21
matched_lorentzian,lorentzian,1.0,1.2,0.05,248,0.0036476951558425644,-0.0004984266903618056,4.460957365158514e-05,4.122698868626524e-13,0.00010066107351036214,2.050731929219787e-07,-9.125215963587216e-05,9.145723282880309e-05,1.1184783786857518e-06,1.1184783786857518e-06,-6.095520925863916e-06,0.9999798281264057,1.7733759888141115e-07,-3.327810592738248e-08,-6.161881131748144e-07,-5.102914223874568e-09
matched_lorentzian,lorentzian,1.0,1.2,0.05,249,0.0036478647719801974,-6.152141632783624e-16,5.667799425358034e-17,6.8622471766991214e-37,1.675507209019397e-28,3.115198191570665e-19,-1.17400449997076e-16,1.147813548978797e-16,1.7833931299456367e-30,1.7833931299456367e-30,-9.55877122388065e-30,1.0,2.309742781598971e-19,-3.362899978947232e-20,-7.941468716534272e-19,-3.27938578801177e-20
matched_lorentzian,lorentzian,1.0,1.2,0.05,250,0.0036480143424397144,0.00038814134937541905,-3.474956075658049e-05,2.49205074792995e-13,6.084667144571272e-05,-1.601785656471875e-07,7.093951046882396e-05,-7.109968903450071e-05,6.772678865692238e-07,6.772678865692238e-07,-3.6972829973146276e-06,0.9999877392915507,-1.379041269613573e-07,2.587801847721915e-08,4.790637422367194e-07,3.973108841149686e-09
matched_lorentzian,lorentzian,1.0,1.2,0.05,251,0.003648144125616334,-8.902431438153734e-16,7.662228773720812e-17,2.121158638379552e-36,5.179085653088149e-28,5.069073645328187e-19,-2.2057821445819478e-16,1.5939816555103563e-16,3.34785350717776e-30,3.34785350717776e-30,-1.8697854024606048e-29,1.0,3.454140138845307e-19,-4.5833949957801397e-20,-1.406722560841019e-18,-1.444945785968472e-19
matched_lorentzian,lorentzian,1.0,1.2,0.05,252,0.003648253891688401,-0.0002774997478141826,2.48497464067531e-05,1.2707084714551398e-13,3.102600576257931e-05,1.1477781798753832e-07,-5.065247636836766e-05,5.076725418624167e-05,3.457964905264412e-07,3.457964905264412e-07,-1.8901640526802868e-06,0.9999937222256858,9.848918193004118e-08,-1.84815854385662e-08,-3.4208345857058945e-07,-2.8401690664468816e-09
matched_lorentzian,lorentzian,1.0,1.2,0.05,253,0.0036483437775931262,-1.7258126420275925e-15,1.4995778601089683e-16,5.3283341221597566e-36,1.3009823172876582e-27,9.395681118836515e-19,-3.3077948931411913e-16,3.4382864625487295e-16,1.4132380527341488e-29,1.4132380527341488e-29,-7.093603526551663e-29,1.0,6.279232407796644e-19,-7.345082808619784e-20,-2.2199550035329426e-18,2.1243445836890805e-20
matched_lorentzian,lorentzian,1.0,1.2,0.05,254,0.0036484136670609205,0.00016660246334087442,-1.4921334315490903e-05,4.572745674498346e-14,1.1164955364256728e-05,-6.901302337504726e-08,3.0383993597472867e-05,-3.0453006620802052e-05,1.2454714135168212e-07,1.2454714135168212e-07,-6.813731336819913e-07,0.9999977346244925,-5.908791367024981e-08,1.1087848599423122e-08,2.0520776742333086e-07,1.7049943252062646e-09
matched_lorentzian,lorentzian,1.0,1.2,0.05,255,0.0036484636142529846,-2.2070410856614025e-16,2.2306158416894528e-17,4.789616646682378e-38,1.1694474147193047e-29,-8.051611980016092e-21,-2.3210654270543367e-17,3.65731819227703e-17,2.236029397668126e-31,2.236029397668126e-31,-1.3493517626716963e-30,1.0,6.092270331267785e-20,-4.746223635926004e-20,-1.6824028977234957e-19,-1.1673530616310045e-19
matched_lorentzian,lorentzian,1.0,1.2,0.05,256,0.0036484935775123743,-5.555128137679083e-05,4.975695912938164e-06,5.0798210233545415e-15,1.2403046008105059e-06,2.3028781063838577e-08,-1.0126744027825926e-05,1.0149772808943345e-05,1.3841927362564754e-08,1.3841927362564754e-08,-7.575901610698082e-08,0.9999997479921597,1.9695029703190313e-08,-3.6957640232242257e-09,-6.839550414258507e-08,-5.684801766664271e-10
matched_lorentzian,lorentzian,1.0,1.2,0.05,257,0.003774795304716292,0.0659830121660939,-0.00743350657814818,1.5618834867048614e-10,0.038135423779374136,-9.428266835492178e-05,-0.0019080238712529728,0.0018137412028981562,-0.003571705503065724,0.003571705503065724,-0.12993688806645223,0.04652680492954997,2.89549885555659e-06,-6.446057418850231e-07,-1.2139819390435314e-05,1.1706260332086097e-07
matched_lorentzian,lorentzian,1.0,1.2,0.05,258,0.0037773645826449775,-5.395684458409914e-16,6.94797573365775e-17,1.386614192365633e-38,3.385599520993606e-30,-1.1884874525780698e-18,1.3381498963686649e-17,-1.6810380508673374e-17,-3.092053025128745e-31,3.092053025128745e-31,-9.924666751986069e-30,1.0,-2.782362196121866e-20,-4.3201784535614414e-20,9.258758696620212e-20,-5.1508567610930773e-20
matched_lorentzian,lorentzian,1.0,1.2,0.05,259,0.004030938644586699,-1.1932442381595854e-05,-4.994360346625287e-07,4.11630839497968e-16,1.0050504175591453e-07,-4.278620855804812e-06,-1.784635502767518e-06,-2.493985353002403e-06,3.09006478399936e-10,3.09006478399936e-10,1.478437711997071e-09,0.9999999953484846,-1.779282020313846e-08,-1.3577958435669681e-09,7.3481679982835726e-09,6.261565797222716e-09
matched_lorentzian,lorentzian,1.0,1.2,0.05,260,0.004030950086773121,-9.014630881629399e-16,6.552758294122109e-17,9.245706402705957e-37,2.257459886145085e-28,-2.0110460114381756e-16,-8.428928628670651e-17,-1.3083336987588021e-16,-2.1268421368333688e-30,2.1268421368333688e-30,-1.4654286460126811e-29,1.0,-8.428044935021163e-19,-1.3585796930881873e-19,3.4810884440224277e-19,2.731557625741328e-19
matched_lorentzian,lorentzian,1.0,1.2,0.05,261,0.004030969155981092,-3.578789045606545e-05,-1.4983480877452104e-06,3.703303346687551e-15,9.042098447910089e-07,-1.2833061309897742e-05,-5.352566514868293e-06,-7.480494795021839e-06,2.7805683044927636e-09,2.7805683044927636e-09,1.3302686067373188e-08,0.9999999581616007,-5.3367680294249845e-08,-4.072079964095886e-09,2.2041275781618697e-08,1.878282123065984e-08
matched_lorentzian,lorentzian,1.0,1.2,0.05,262,0.0040309958507783045,6.146975393226335e-15,-9.938715147257527e-17,8.342977843573254e-35,2.037046926706615e-26,2.0244833751869493e-15,7.397754131593288e-16,1.1770210915037942e-15,-2.902031603061979e-29,2.902031603061979e-29,-1.5155817498219957e-28,1.0,7.88672691376097e-18,5.421351022569321e-19,-3.506496549706877e-18,-2.9393687249621355e-18
matched_lorentzian,lorentzian,1.0,1.2,0.05,263,0.004031030168699665,-5.961503616716893e-05,-2.497379077607588e-06,1.027932158115463e-14,2.5098305219221052e-06,-2.137909821766729e-05,-8.916477953905712e-06,-1.2462620263805477e-05,7.721075208185837e-09,7.721075208185837e-09,3.693382033971075e-08,0.9999998839223178,-8.89102012765207e-08,-6.782442102939837e-09,3.672469869445812e-08,3.1298445249640435e-08
matched_lorentzian,lorentzian,1.0,1.2,0.05,264,0.004031072107332425,-2.430475369881472e-15,-1.0431696959663791e-16,1.1844714816765407e-35,2.892041710717798e-27,-6.129703241186587e-16,-3.581514974542923e-16,-3.4518789181272483e-16,8.932848100101239e-30,8.932848100101239e-30,6.289637558309111e-29,1.0,-3.128675100291742e-18,-1.6154712614521045e-19,1.0811851002610432e-18,9.279268498042326e-19
matched_lorentzian,lorentzian,1.0,1.2,0.05,265,0.004031121662592336,-8.33950370557994e-05,-3.4966049138650604e-06,2.0125043232022475e-14,4.913791961848351e-06,-2.99111300095586e-05,-1.2473691478929766e-05,-1.7437438530744435e-05,1.5125277368237784e-08,1.5125277368237784e-08,7.23370616836568e-08,0.9999997728990139,-1.2439883001987324e-07,-9.486270017238828e-09,5.139197944282079e-08,4.3804673858138435e-08
matched_lorentzian,lorentzian,1.0,1.2,0.05,266,0.004031178831236847,3.25438759017885e-16,2.121550565933645e-17,3.453682796803471e-37,8.43261729679343e-29,1.535858752056065e-16,3.53482643828703e-17,1.0604204074009956e-16,5.58083778872917e-31,5.58083778872917e-31,1.712736676480556e-30,1.0,4.798532121292469e-19,1.0023331642504079e-19,-2.5865030795169333e-19,-1.95352181878071e-19
matched_lorentzian,lorentzian,1.0,1.2,0.05,267,0.0040312436074098745,-0.00010710908931207616,-4.496096449428406e-06,3.321853297549671e-14,8.110738368982194e-06,-3.8423556333262927e-05,-1.6021530823632596e-05,-2.2402025509671422e-05,2.4985259429348456e-08,2.4985259429348456e-08,1.194601078615917e-07,0.9999996254927821,-1.5981202287661645e-07,-1.2180955096468551e-08,6.603665966051605e-08,5.629772849236026e-08
matched_lorentzian,lorentzian,1.0,1.2,0.05,268,0.004031315987179759,-6.894234861273456e-15,-2.817667512549819e-16,1.3238332353276734e-34,3.2323116206926483e-26,-2.4717370672913253e-15,-9.793933000407736e-16,-1.4814796564450368e-15,1.035472563238321e-28,1.035472563238321e-28,4.8186898904167755e-28,1.0,-1.0025317464442907e-17,-8.194251564700032e-19,4.2652952849948385e-18,3.607233263132327e-18
matched_lorentzian,lorentzian,1.0,1.2,0.05,269,0.004031395962775054,0.00013073844332638432,5.495917479649871e-06,4.9530596378642403e-14,1.2093541541499048e-05,4.6910778632403856e-05,1.9557322668945442e-05,2.7353455963548772e-05,3.7290392248003807e-08,3.7290392248003807e-08,1.7823297502264786e-07,0.9999994422356682,1.9512824977982282e-07,1.4863893851508888e-08,-8.065227954702983e-08,-6.877381027647304e-08
matched_lorentzian,lorentzian,1.0,1.2,0.05,270,0.004031483529702634,-6.688935359719617e-17,2.686552342218234e-18,6.313577082338606e-38,1.5415422446567175e-29,-4.1946429290837266e-17,1.5184727610223704e-17,-5.755158134167651e-17,-3.8351970065780926e-32,3.8351970065780926e-32,-4.4574595989795846e-32,1.0,-1.3572190986219283e-19,5.968192611457501e-20,2.0137273948199647e-19,2.4544276227162348e-20
matched_lorentzian,lorentzian,1.0,1.2,0.05,271,0.004031578678144399,-0.00015426441930108808,-6.496122771123061e-06,6.902482533428e-14,1.6853311964860116e-05,-5.536720081074543e-05,-2.307839755597464e-05,-3.22888032548223e-05,5.202726942005394e-08,5.202726942005394e-08,2.48567791180282e-07,0.9999992237883369,-2.3032599862400712e-07,-1.753248944624113e-08,9.523237756274408e-08,8.122909435478321e-08
matched_lorentzian,lorentzian,1.0,1.2,0.05,272,0.004031681403157331,-6.015444489974353e-15,-2.404745294570954e-16,1.0389456480658847e-34,2.536721395032961e-26,-2.1575965455060906e-15,-8.789596034854769e-16,-1.2715027852724482e-15,7.584032650802347e-29,7.584032650802347e-29,3.58798485929224e-28,1.0,-8.914153261096805e-18,-6.485803807576361e-19,3.7568811808436204e-18,3.1460489072779868e-18
matched_lorentzian,lorentzian,1.0,1.2,0.05,273,0.004031791692760604,0.00017766842287276,7.4967561181867905e-06,9.165765513139276e-14,2.23794127462972e-05,6.378722997909395e-05,2.6582090838819594e-05,3.7205139140291784e-05,6.91796292399709e-08,6.91796292399709e-08,3.3035854470645344e-07,0.9999989709371775,2.6538377988985375e-07,2.0184153264356607e-08,-1.0977049014935754e-07,-9.36597242796346e-08
matched_lorentzian,lorentzian,1.0,1.2,0.05,274,0.004031909541653955,7.5359765330937e-16,3.012703761643005e-17,1.623769849383827e-36,3.9646460093552385e-28,2.9223594822432447e-16,1.1300964676695073e-16,1.9840890774904748e-16,1.4825413530330088e-30,1.4825413530330088e-30,5.630995590141982e-30,1.0,1.1177249602164064e-18,1.1721238523831558e-19,-4.563484035698917e-19,-3.9047170704036356e-19
matched_lorentzian,lorentzian,1.0,1.2,0.05,275,0.004032034935595846,-0.00020093196088287815,-8.497848441015032e-06,1.1737843345588082e-13,2.8659476462247363e-05,-7.216527735104904e-05,-3.0065743706423696e-05,-4.2099533644643724e-05,8.872826303939929e-08,8.872826303939929e-08,4.2348079265496997e-07,0.9999986845908623,-3.0028013177257286e-07,-2.281630654096163e-08,1.2426015156719856e-07,1.0606180654152939e-07
matched_lorentzian,lorentzian,1.0,1.2,0.05,276,0.004032167868999721,1.786828180033963e-15,7.349519411957698e-17,9.583008100861672e-36,2.3398164979548963e-27,6.249388522610452e-16,2.9395438187494525e-16,3.4082631389318036e-16,6.212314793047844e-30,6.212314793047844e-30,3.2568902936698557e-29,1.0,2.7557593039658696e-18,3.725033589980882e-20,-1.057515932307666e-18,-9.322398966242633e-19
matched_lorentzian,lorentzian,1.0,1.2,0.05,277,0.004032308325286216,0.00022403665724536961,9.499415929199121e-06,1.4612950153574933e-13,3.5679424971009644e-05,8.04957592865383e-05,3.352670427336281e-05,4.6969055013248e-05,1.1065091093712629e-07,1.1065091093712629e-07,5.27791334113848e-07,0.9999983657763787,3.3499362578268897e-07,2.5426382056865823e-08,-1.386948938216598e-07,-1.1843140522688173e-07
matched_lorentzian,lorentzian,1.0,1.2,0.05,278,0.00403245629862909,-4.357708726004849e-16,-1.3331877488157441e-17,4.4828913506724375e-37,1.0945564305533176e-28,-1.680097214254818e-16,-4.428464361710829e-17,-9.768601406156726e-17,3.229639394276869e-31,3.229639394276869e-31,1.4407208550263095e-30,1.0,-5.304915274853817e-19,-2.3226602855859835e-19,2.5671883570844794e-19,2.1683128395963886e-19
matched_lorentzian,lorentzian,1.0,1.2,0.05,279,0.004032611770057477,0.00024696426889221634,1.0501458236228042e-05,1.778462876579837e-13,4.342349224611067e-05,8.87730984937994e-05,3.696232874554406e-05,5.1810769748269906e-05,1.3492214617290788e-07,1.3492214617290788e-07,6.431278544761171e-07,0.9999980156345527,3.695028728458689e-07,2.8011825905282013e-08,-1.5306824667337668e-07,-1.3076453680728498e-07
matched_lorentzian,lorentzian,1.0,1.2,0.05,280,0.004032774733525319,-1.3013537587758778e-15,-5.679848152870272e-17,6.186013058696383e-36,1.5103958234159024e-27,-4.731873692010159e-16,-2.3554116192306935e-16,-2.8908237445070054e-16,4.071499399411855e-30,4.071499399411855e-30,1.8328551013690158e-29,1.0,-2.2230216661459926e-18,-1.4506359898904549e-19,8.597322332029958e-19,6.957045134121334e-19
matched_lorentzian,lorentzian,1.0,1.2,0.05,281,0.004032945167642475,-0.0002696967018768377,-1.1503956734772516e-05,2.1245741342627122e-13,5.187425032051417e-05,-9.699172543440911e-05,-4.0369982679660916e-05,-5.662174275474977e-05,1.6151324945457466e-07,1.6151324945457466e-07,7.693085477072447e-07,0.9999976354150887,-4.0378653006365516e-07,-3.0570099343128604e-08,1.6737373778612453e-07,1.430571651161766e-07
matched_lorentzian,lorentzian,1.0,1.2,0.05,282,0.004033123066133879,-2.4760631194676464e-15,-1.0781343049016173e-16,1.906014381631722e-35,4.653782871247077e-27,-9.089958690450842e-16,-3.937970470895088e-16,-5.459910697076272e-16,1.45954312023015e-29,1.45954312023015e-29,6.619010990802149e-29,1.0,-3.8479573814717876e-18,-2.914395755754021e-19,1.5513816361969247e-18,1.3272700551709095e-18
matched_lorentzian,lorentzian,1.0,1.2,0.05,283,0.004033308405190496,0.0002922160275945808,1.2506872836676869e-05,2.498848130213831e-13,6.101263840559978e-05,0.00010514607993266295,4.37470423374257e-05,6.139903759528362e-05,1.9039207478166686e-07,1.9039207478166686e-07,9.061317238376832e-07,0.9999972264711506,4.378233081209736e-07,3.309868073264447e-08,-1.8160489299442544e-07,-1.5530519650556408e-07
matched_lorentzian,lorentzian,1.0,1.2,0.05,284,0.004033501178267976,-2.2120267633140034e-15,-9.402518530748196e-17,1.3282084854762693e-35,3.242994364954801e-27,-8.08122894008227e-16,-2.7541636576848464e-16,-4.874500539184118e-16,1.1362977131322344e-29,1.1362977131322344e-29,5.156468713739659e-29,1.0,-3.1037897221463826e-18,-3.2738557218716897e-19,1.4530998509602185e-18,1.1957816379775378e-18
matched_lorentzian,lorentzian,1.0,1.2,0.05,285,0.004033701359168923,-0.00031450449913207265,-1.351014638501782e-05,2.9004386578540504e-13,7.081799526333328e-05,-0.00011323061301079402,-4.7090896143819075e-05,-6.61397168669422e-05,2.215229084088972e-07,2.215229084088972e-07,1.0533754097493345e-06,0.9999967902535122,-4.715919794044863e-07,-3.559506757738866e-08,1.9575523670339792e-07,1.6750447520625045e-07
matched_lorentzian,lorentzian,1.0,1.2,0.05,286,0.004033908941006517,-3.1264429132098244e-15,-1.3330928794379058e-16,2.7055759959184453e-35,6.606016905225725e-27,-1.1080100726521926e-15,-4.522832208686077e-16,-6.244515232236274e-16,2.0636357719960414e-29,2.0636357719960414e-29,1.0332010083820052e-28,1.0,-4.543273428151382e-18,-3.6334361306438164e-19,1.8910228206085194e-18,1.6451263255510693e-18
matched_lorentzian,lorentzian,1.0,1.2,0.05,287,0.004034123895257572,0.00033654456776530117,1.4513694124539817e-05,3.328435424843814e-13,8.126809491820013e-05,0.00012123978897209409,5.0398946259174784e-05,7.084084271292947e-05,2.548663227395616e-07,2.548663227395616e-07,1.2107969518643594e-06,0.9999963283043073,5.050713869081716e-07,3.8056778664866227e-08,-2.0981829244157872e-07,-1.7965077891729543e-07
matched_lorentzian,lorentzian,1.0,1.2,0.05,288,0.004034346214585042,-4.240507425839732e-16,-2.2538009078986878e-17,2.983549090678769e-37,7.28472449501614e-29,-1.6614733223480004e-16,-1.01045635300155e-17,-1.0839703981400751e-16,6.055636619958972e-31,6.055636619958972e-31,2.36897355307711e-30,1.0,-3.83558808759927e-19,6.401203316160197e-20,2.9749187599888398e-19,2.4215406793140034e-19
matched_lorentzian,lorentzian,1.0,1.2,0.05,289,0.004034575868236123,-0.00035831889959590454,-1.5517408256143783e-05,3.7818656554581055e-13,9.233918578128116e-05,-0.0001291680877419457,-5.3668610268744523e-05,-7.549947747317553e-05,2.903790270249617e-07,2.903790270249617e-07,1.3781326296765615e-06,0.9999958422504119,-5.382404539441273e-07,-4.048135631794379e-08,2.2378758356483914e-07,1.9173981463613697e-07
matched_lorentzian,lorentzian,1.0,1.2,0.05,290,0.004034812848279891,6.373085154575738e-15,2.5757987965441005e-16,1.1749591843718444e-34,2.868816195375722e-26,2.2877029182948448e-15,9.390095194754534e-16,1.3559502461518e-15,8.656299916613137e-29,8.656299916613137e-29,4.068536928157048e-28,1.0,9.475133701677938e-18,8.48648913187138e-19,-3.964853924385538e-18,-3.3581971581404006e-18
matched_lorentzian,lorentzian,1.0,1.2,0.05,291,0.0040350571218650665,0.00037981039230605695,1.6521155080803478e-05,4.2596958354961094e-13,0.00010400603325449941,0.00013701000747738136,5.689732299414184e-05,8.01126844832523e-05,3.2801371686047464e-07,3.2801371686047464e-07,1.5550972893510896e-06,0.9999953337964929,5.710781946810735e-07,4.286636875776688e-08,-2.3765663410997705e-07,-2.0376721473891836e-07
matched_lorentzian,lorentzian,1.0,1.2,0.05,292,0.004035308680286168,9.208205393163082e-17,1.3046290551219281e-17,2.2819410843019405e-38,5.5716569789090244e-30,6.025390955491423e-17,4.750241614803019e-18,5.003986504971151e-17,1.617805898645758e-31,1.617805898645758e-31,2.977044199899736e-31,1.0,1.062406131644861e-19,-3.608504993489133e-20,-7.316366164050748e-20,-6.98376026507437e-20
matched_lorentzian,lorentzian,1.0,1.2,0.05,293,0.004035567488760657,-0.0004010021920837735,-1.7524773740198746e-05,4.76083360360115e-13,0.00011624196590966471,-0.00014476006747520418,-6.0082538437664685e-05,-8.467752903754618e-05,3.677189246357607e-07,3.677189246357607e-07,1.7413840073704277e-06,0.9999948047177569,-6.035637256131174e-07,-4.520941259011371e-08,2.514189698363882e-07,2.1572853335568431e-07
matched_lorentzian,lorentzian,1.0,1.2,0.05,294,0.004035833537589943,-2.0874877825075694e-15,-8.538834580375055e-17,1.2165321737175872e-35,2.9703220746535718e-27,-7.390995131728147e-16,-2.9592581346162166e-16,-4.41119242394238e-16,9.333001983213789e-30,9.333001983213789e-30,4.416612503307152e-29,1.0,-3.022050215962819e-18,-4.1398069014694305e-19,1.2767662530747777e-18,1.109514376909919e-18
matched_lorentzian,lorentzian,1.0,1.2,0.05,295,0.0040361067902643264,0.0004218777105999584,1.8528075055692858e-05,5.284129789318843e-13,0.0001290189252503234,0.00015241281135135707,6.322173184951111e-05,8.91910795018303e-05,4.0943887294913597e-07,4.0943887294913597e-07,1.9366637932312958e-06,0.9999942568524419,6.356762778339183e-07,4.750811540351796e-08,-2.650681193916077e-07,-2.2761924300045862e-07
matched_lorentzian,lorentzian,1.0,1.2,0.05,296,0.004036387235835148,-8.075556245227062e-15,-3.5089095261961014e-16,1.9067513198550283e-34,4.6555822020988484e-26,-2.8700440082415617e-15,-1.2060496406396426e-15,-1.6544091528249718e-15,1.438209888544662e-28,1.438209888544662e-28,7.020237301971033e-28,1.0,-1.2074897234216929e-17,-9.725501677629088e-19,5.007015161013186e-18,4.3423420083143635e-18
matched_lorentzian,lorentzian,1.0,1.2,0.05,297,0.004036674836307111,-0.0004424206421861851,-1.9530840476105187e-05,5.828380603435907e-13,0.00014230751919173923,-0.0001599628105568736,-6.631240194205205e-05,-9.365040861485482e-05,4.531133334613827e-07,4.531133334613827e-07,2.1405853422118437e-06,0.9999936920940821,-6.673952103596823e-07,-4.976013850163317e-08,2.785976157019732e-07,2.394347315533401e-07
matched_lorentzian,lorentzian,1.0,1.2,0.05,298,0.004036969579185791,-2.157159114677657e-15,-1.014940147286966e-16,1.2915951057435208e-35,3.1535980198375832e-27,-8.084821637378616e-16,-2.756478235377472e-16,-4.609834044970122e-16,1.15896480089753e-29,1.15896480089753e-29,5.423343789511379e-29,1.0,-3.0607508831635096e-18,-2.0008944269309611e-19,1.4146196891823482e-18,1.2274243107211975e-18
matched_lorentzian,lorentzian,1.0,1.2,0.05,299,0.004037271425269574,0.00046261498099067766,2.053282113161862e-05,6.392329977413377e-13,0.0001560770791812082,0.00016740466816416645,6.935207322213313e-05,9.805259494199876e-05,4.986774931290835e-07,4.986774931290835e-07,2.3527748464061927e-06,0.9999931123835956,6.987000242036376e-07,5.196317974616052e-08,-2.920009974612912e-07,-2.5117029950106193e-07
matched_lorentzian,lorentzian,1.0,1.2,0.05,300,0.004037580360183902,-2.7369963182400395e-15,-1.260840114736063e-16,2.1682751417708818e-35,5.2941267454055695e-27,-1.0346964356481962e-15,-3.5975280891810484e-16,-6.233329716442118e-16,1.946520305173226e-29,1.946520305173226e-29,8.546987165760765e-29,1.0,-3.992495064176924e-18,-2.0595490278822284e-19,1.8491686255422347e-18,1.5102624118210232e-18
matched_lorentzian,lorentzian,1.0,1.2,0.05,301,0.004037896343837853,-0.00048244503834111996,-2.1533737007431008e-05,6.974672059163696e-13,0.00017029572113571388,-0.0001747330230157521,-7.233829848092202e-05,-0.0001023947245347905,5.460618305483337e-07,5.460618305483337e-07,2.572835875797515e-06,0.9999925197012252,-7.29570377583736e-07,-5.41149765386599e-08,3.0527181086875504e-07,2.6282115758025636e-07
matched_lorentzian,lorentzian,1.0,1.2,0.05,302,0.004038219359603925,1.0790290006821295e-15,4.336219994480456e-17,4.3532710814054476e-36,1.0629079501066623e-27,4.1312020262966187e-16,1.9251082373716617e-16,2.226617440141591e-16,2.390930804944644e-30,2.390930804944644e-30,1.1586560091775278e-29,1.0,1.8485577265860923e-18,4.488201737648374e-21,-7.32851475770494e-19,-6.316755364825181e-19
matched_lorentzian,lorentzian,1.0,1.2,0.05,303,0.00403854936685632,0.0005018954600343288,2.2533276231030165e-05,7.574053858777534e-13,0.0001849304100408005,0.00018194255414641665,7.526866139897648e-05,0.00010667389274738815,5.951920042486136e-07,5.951920042486136e-07,2.800349336538355e-06,0.9999919160583818,7.599861018535334e-07,5.6213308908919657e-08,-3.18403611452036e-07,-2.743824246977845e-07
matched_lorentzian,lorentzian,1.0,1.2,0.05,304,0.004038886346303984,-3.806058448808252e-15,-1.6975696569854853e-16,4.5916154341874635e-35,1.1211028345275152e-26,-1.3695502403698017e-15,-6.072207137471886e-16,-7.851145036311701e-16,3.2998862665277476e-29,3.2998862665277476e-29,1.5997106086737717e-28,1.0,-5.9572733572646015e-18,-5.080668944255323e-19,2.4110970703817333e-18,2.0869900423062383e-18
matched_lorentzian,lorentzian,1.0,1.2,0.05,305,0.004039230257177525,-0.0005209512437503068,-2.3531094485841272e-05,8.189078049975407e-13,0.0001999470283516705,-0.00018902798556036743,-7.814077930059885e-05,-0.00011088720625975884,6.459887556874863e-07,6.459887556874863e-07,3.034873517651566e-06,0.9999913034894268,-7.899272184943345e-07,-5.8256002736585684e-08,3.3138996611391634e-07,2.8584912625984545e-07
matched_lorentzian,lorentzian,1.0,1.2,0.05,306,0.00403958107707476,-2.4775099943291877e-15,-1.1246606697178382e-16,1.8067137362996143e-35,4.411327385704138e-27,-8.973413355227886e-16,-3.5935446668437684e-16,-5.33692494490623e-16,1.4858544656612158e-29,1.4858544656612158e-29,6.897641107559171e-29,1.0,-3.693651501773387e-18,-1.8906650669965127e-19,1.5803341653267656e-18,1.3750904437122286e-18
matched_lorentzian,lorentzian,1.0,1.2,0.05,307,0.004039938765509946,-0.0005395977563807802,-2.4526814546767684e-05,8.818305920868146e-13,0.00021531044803985256,-0.00019598409129491438,-8.095230602589986e-05,-0.00011503178526898724,6.983678288301785e-07,6.983678288301785e-07,3.275944233014327e-06,0.9999906840434378,-8.193739568606851e-07,-6.024093307778233e-08,3.4422445527810824e-07,2.9721619282213835e-07
matched_lorentzian,lorentzian,1.0,1.2,0.05,308,0.004040303296486461,1.3177409029182937e-15,6.485814362553961e-17,5.234692378082789e-36,1.2781184633304796e-27,4.522253955893657e-16,2.0518120689340698e-16,2.283198284512735e-16,3.665170443795392e-30,3.665170443795392e-30,2.1153419055704632e-29,1.0,2.006108457733964e-18,4.9951795294601434e-20,-8.104592369059639e-19,-7.422141721576693e-19
matched_lorentzian,lorentzian,1.0,1.2,0.05,309,0.004040674630264223,-0.000557820751389361,-2.5520025946898506e-05,9.46026047650805e-13,0.00023098460634603712,-0.00020280570082290835,-8.370093494014619e-05,-0.00011910476588272397,7.522399088905678e-07,7.522399088905678e-07,3.5230750683442274e-06,0.9999900597759964,-8.483067728861712e-07,-6.216602761230543e-08,3.569006752249078e-07,3.0847845915260594e-07
matched_lorentzian,lorentzian,1.0,1.2,0.05,310,0.004041052736734564,-3.7707907675939874e-15,-1.7443933507369603e-16,4.2203357848749355e-35,1.0304500624884049e-26,-1.3791107827174317e-15,-5.485621935024359e-16,-8.126108183026718e-16,3.507781265258974e-29,3.507781265258974e-29,1.6277298938015142e-28,1.0,-5.648299204482791e-18,-3.294351324958944e-19,2.4210390422183087e-18,2.080893172395088e-18
matched_lorentzian,lorentzian,1.0,1.2,0.05,311,0.004041437577398475,0.0005756063860547014,2.6510284772957374e-05,1.0113429686687282e-12,0.0002469325850793132,0.00020948770474595602,8.638440205696337e-05,0.00012310330268898545,8.075105821323443e-07,8.075105821323443e-07,3.7757577394689607e-06,0.9999894327410426,8.767063685317763e-07,6.402927019113652e-08,-3.694122405338992e-07,-3.196306636527046e-07
matched_lorentzian,lorentzian,1.0,1.2,0.05,312,0.004041829117485031,1.3347726570761167e-15,6.051293781551097e-17,5.3368838201211664e-36,1.3030698376290882e-27,4.784879052925329e-16,1.9823019259539178e-16,2.671522282888473e-16,3.999715403054291e-30,3.999715403054291e-30,1.9983777752026783e-29,1.0,2.010307019030197e-18,1.1516843861536626e-19,-8.465285410351227e-19,-7.521138007768074e-19
matched_lorentzian,lorentzian,1.0,1.2,0.05,313,0.004042227320263316,0.0005929412386162895,2.7497113593706948e-05,1.0776269876730007e-12,0.0002631166934077834,0.00021602506079171886,8.900048927800381e-05,0.00012702457151371523,8.640803189359111e-07,8.640803189359111e-07,4.033462569236046e-06,0.9999888049828327,9.045537120216079e-07,6.582870448237482e-08,-3.8175278666081406e-07,-3.306674481768742e-07
matched_lorentzian,lorentzian,1.0,1.2,0.05,314,0.004042632145719434,-4.806558191614347e-16,-1.523551544301151e-18,7.158156797354151e-37,1.7477574048895182e-28,-1.3146940354738357e-16,-8.767047411258703e-17,-5.854360422524856e-17,2.206339716582343e-32,2.206339716582343e-32,1.811453254128361e-31,1.0,-7.357959602523438e-19,-2.670723942963057e-19,2.305757919730139e-19,2.234437848153367e-19
matched_lorentzian,lorentzian,1.0,1.2,0.05,315,0.004043043559447216,-0.0006098123252545364,-2.8480001521824765e-05,1.144720925542276e-12,0.0002794985539975887,-0.00022241280009540888,-9.154702773819166e-05,-0.0001308657723572307,9.218444820313251e-07,9.218444820313251e-07,4.295639088699617e-06,0.999988178528044,-9.318300587766822e-07,-6.75624377078487e-08,3.939159726203894e-07,3.4158335824221116e-07
matched_lorentzian,lorentzian,1.0,1.2,0.05,316,0.004043461515580812,-4.114644479371074e-15,-1.8727510564977157e-16,5.098191396993021e-35,1.2447899672904784e-26,-1.480801965412178e-15,-6.075207308814466e-16,-8.472167361606521e-16,3.923930106948232e-29,3.923930106948232e-29,1.9057198309324838e-28,1.0,-6.209347784942711e-18,-5.120416708313507e-19,2.6352798094378943e-18,2.2845191417141755e-18
matched_lorentzian,lorentzian,1.0,1.2,0.05,317,0.0040438859826228595,0.0006262071168898278,2.9458404411364207e-05,1.212465157478876e-12,0.00029603919237107464,0.0002286460337632304,9.402190125098743e-05,0.0001346241325122267,9.80693361809879e-07,9.80693361809879e-07,4.56171676795156e-06,0.9999875553780604,9.585169730217758e-07,6.922864446209378e-08,-4.058954837790754e-07,-3.523728436496485e-07
matched_lorentzian,lorentzian,1.0,1.2,0.05,318,0.004044316908220828,-4.0528408297732376e-16,-9.203163452416279e-18,5.613099596290247e-37,1.3705115243388929e-28,-1.3001752685158483e-16,-8.060369166887315e-17,-7.384002830601254e-17,1.6802883286666832e-31,1.6802883286666832e-31,9.22256031104102e-31,1.0,-6.822561661766266e-19,-5.004898576457523e-20,2.227171510057874e-19,2.0911397135246294e-19
matched_lorentzian,lorentzian,1.0,1.2,0.05,319,0.0040447542643950824,-0.0006421135556802758,-3.0431745187966056e-05,1.2806979911781544e-12,0.000312699129241777,-0.0002347199596764376,-9.642304983362577e-05,-0.000138296909842802,1.0405122401789937e-06,1.0405122401789937e-06,4.831105879586341e-06,0.9999869375014814,-9.84596349891675e-07,-7.082557059180886e-08,4.176850346982508e-07,3.630302594793032e-07
matched_lorentzian,lorentzian,1.0,1.2,0.05,320,0.004045197991648773,2.0609530283105565e-15,9.265805006004392e-17,1.3742289010524642e-35,3.3553592158185286e-27,7.483080712088335e-16,3.2817509009214846e-16,4.532036316456408e-16,1.0380941767277918e-29,1.0380941767277918e-29,4.7207550597730847e-29,1.0,3.259655731917391e-18,1.4986818830259042e-19,-1.3433196738495483e-18,-1.1357663931840832e-18
matched_lorentzian,lorentzian,1.0,1.2,0.05,321,0.004045648066151096,0.0006575200712871793,3.1399414317036505e-05,1.3492560567808062e-12,0.00032943847572636725,0.00024062986956181181,9.874847331834697e-05,0.00014188139624346437,1.101181484816228e-06,1.101181484816228e-06,5.103198499358161e-06,0.999986326826884,1.0100504381365632e-06,7.235153714422233e-08,-4.29278372087548e-07,-3.7354986752999376e-07
matched_lorentzian,lorentzian,1.0,1.2,0.05,322,0.004046104420583243,-2.1745802944594487e-15,-9.470852056437691e-17,1.3568249881523557e-35,3.3128652910466375e-27,-7.934726114022014e-16,-2.849143871654053e-16,-4.704341340249256e-16,1.1011609248102911e-29,1.1011609248102911e-29,5.090112887077041e-29,1.0,-3.147681305636087e-18,-2.670552819856532e-19,1.447409108828301e-18,1.2223095466031014e-18
matched_lorentzian,lorentzian,1.0,1.2,0.05,323,0.004046567035913533,0.0006724155967033907,3.2360770402313065e-05,1.4179747070717934e-12,0.00034621703105844375,0.00024637115625345164,0.00010099623501580016,0.00014537492123769763,1.1625766746665118e-06,1.1625766746665118e-06,5.377369643634326e-06,0.9999857252358775,1.034861863115741e-06,7.38049443490475e-08,-4.406692777524437e-07,-3.8392583811874975e-07
matched_lorentzian,lorentzian,1.0,1.2,0.05,324,0.004047035836306868,5.7820291841234256e-15,2.791899961824312e-16,1.0298874340070167e-34,2.5146045831990644e-26,2.1456654946295644e-15,8.262681624873572e-16,1.2743510645309586e-15,8.791275472523338e-29,8.791275472523338e-29,3.9888075399778126e-28,1.0,8.748227308797552e-18,6.407964215783057e-19,-3.8573164348299526e-18,-3.3418186997492224e-18
matched_lorentzian,lorentzian,1.0,1.2,0.05,325,0.004047510808197008,-0.0006867895837177271,-3.331514091974453e-05,1.4866884273247894e-12,0.0003629943826574016,-0.00025193932117158744,-0.0001031644654343511,-0.00014877485573724613,1.2245687582015143e-06,1.2245687582015143e-06,5.652978546081026e-06,0.9999851345564779,-1.0590136501758903e-06,-7.518427563301058e-08,4.518515716039879e-07,3.941522523118093e-07
matched_lorentzian,lorentzian,1.0,1.2,0.05,326,0.004047991866524892,1.81245717885476e-16,7.371809942296037e-18,1.7862186853642282e-37,4.3612860439873024e-29,5.863943354428443e-17,5.634785237588374e-17,2.0092496759642177e-17,3.659050518434887e-32,3.659050518434887e-32,3.300671120798851e-31,1.0,3.9692842995207223e-19,7.618245965933913e-20,-8.255091890135944e-20,-9.19307819013853e-20
matched_lorentzian,lorentzian,1.0,1.2,0.05,327,0.004048479003868732,0.0007006320178716691,3.4261823080159425e-05,1.5552312532811304e-12,0.0003797300081834488,0.000257329981961092,0.00010525136603103473,0.0001520786159300466,1.2870242449798106e-06,1.2870242449798106e-06,5.92937007149477e-06,0.9999845565568349,1.082489248195713e-06,7.648810164952192e-08,-4.628191146514013e-07,-4.042231045365365e-07
matched_lorentzian,lorentzian,1.0,1.2,0.05,328,0.004048972125228098,-1.5727504700139771e-15,-7.305347545776182e-17,7.649770865954391e-36,1.8677913959109952e-27,-5.937475780572928e-16,-2.2328904259764313e-16,-3.9559784739138687e-16,7.137563989508083e-30,7.137563989508083e-30,2.837630991492115e-29,1.0,-2.3911404450644305e-18,6.579814762791715e-20,1.0750292640993526e-18,8.787496361479805e-19
matched_lorentzian,lorentzian,1.0,1.2,0.05,329,0.004049471230013831,-0.0007139334329069186,-3.52000848218262e-05,1.6234371961679428e-12,0.00039638337931132913,-0.0002625388802854422,-0.00010725521298408676,-0.0001552836673013993,1.3498054313710547e-06,1.3498054313710547e-06,6.205876265819344e-06,0.9999839929393368,-1.1052725532653906e-06,-7.771508430375253e-08,4.7356581199765676e-07,4.14132305603907e-07
matched_lorentzian,lorentzian,1.0,1.2,0.05,330,0.004049976212560706,-4.445097934879742e-15,-2.2144166162072933e-16,6.29049212686436e-35,1.535905751490408e-26,-1.650043716710841e-15,-6.549211022708126e-16,-1.0013537449511316e-15,5.475129371486272e-29,5.475129371486272e-29,2.4304584054440006e-28,1.0,-6.853204789580541e-18,-5.390965069045563e-19,2.9836678374237308e-18,2.597230558283272e-18
matched_lorentzian,lorentzian,1.0,1.2,0.05,331,0.004050487079805886,0.0007266849245796611,3.612916592616363e-05,1.691140673102635e-12,0.0004129140668191961,0.0002675618897239585,0.000109174360963614,0.0001583875287603683,1.4127706605331521e-06,1.4127706605331521e-06,6.481818037903355e-06,0.9999834453351183,1.1273479323053365e-06,7.886398075701378e-08,-4.840856157752742e-07,-4.2387368610017337e-07
matched_lorentzian,lorentzian,1.0,1.2,0.05,332,0.0040510037146937895,-1.3534663891967102e-15,-6.245702748614995e-17,6.160338332028862e-36,1.504127003813032e-27,-4.782098172245096e-16,-2.2543983032307522e-16,-2.601851743664419e-16,4.01144845361415e-30,4.01144845361415e-30,2.086729448433222e-29,1.0,-2.187461473775099e-18,-3.68015902643231e-20,8.769113719898757e-19,7.778320650419247e-19
matched_lorentzian,lorentzian,1.0,1.2,0.05,333,0.004051526132383296,0.0007388781638430729,3.7048279256765744e-05,1.7581769416497585e-12,0.00042928184669134193,0.0002723950237653916,0.00011100724689217022,0.00016138777687323396,1.4757746169863563e-06,1.4757746169863563e-06,6.756506969555623e-06,0.9999829152989944,1.148700246602725e-06,7.993364739451805e-08,-4.943725280425074e-07,-4.334410001784166e-07
matched_lorentzian,lorentzian,1.0,1.2,0.05,334,0.004052054203704753,1.3411046462148075e-15,6.30513201866207e-17,5.5695213942865426e-36,1.3598713375701567e-27,4.872327292307273e-16,1.866603334629424e-16,3.0691662660393697e-16,4.775725476946842e-30,4.775725476946842e-30,2.0868037346327594e-29,1.0,2.0248314659163296e-18,1.7480770466061862e-19,-9.146369414111409e-19,-7.761832649052865e-19
matched_lorentzian,lorentzian,1.0,1.2,0.05,335,0.004052587952731962,-0.0007505054092780093,-3.7956612114005764e-05,1.824382536673305e-12,0.00044544680678138774,-0.00027703444384346443,-0.00011275239366800552,-0.00016428205017552055,1.5386686553224052e-06,1.5386686553224052e-06,7.029247246867253e-06,0.9999824043048379,-1.1693148750533174e-06,-8.092304373109137e-08,5.044206035805476e-07,4.42827929707558e-07
matched_lorentzian,lorentzian,1.0,1.2,0.05,336,0.0040531272374633946,1.828913143758689e-15,8.226860668669102e-17,1.1246328340538179e-35,2.745937842861976e-27,6.503702732967895e-16,2.9167391392649086e-16,3.8476323536549373e-16,7.80975612736816e-30,7.80975612736816e-30,3.712248031526596e-29,1.0,2.91751942816429e-18,4.1288404908992936e-19,-1.2031517536281563e-18,-1.0565800237420215e-18
matched_lorentzian,lorentzian,1.0,1.2,0.05,337,0.0040536720915748175,0.0007615595187390745,3.885332770264772e-05,1.889595707964144e-12,0.00046136945366473365,0.00028147646739232467,0.00011440841383804382,0.00016706805355426002,1.6013011626861528e-06,1.6013011626861528e-06,7.2993377062091925e-06,0.9999819137414183,1.1891777370380555e-06,8.183123624402231e-08,-5.142239525905502e-07,-4.5202808878887175e-07
matched_lorentzian,lorentzian,1.0,1.2,0.05,338,0.004054222359525077,-7.4296988812091315e-16,-2.77891331718089e-17,1.6419699720760458e-36,4.0090839842498104e-28,-2.6659715719978597e-16,-9.778598706980792e-17,-1.887444456548288e-16,1.2937239427478526e-30,1.2937239427478526e-30,5.092589239741305e-30,1.0,-1.1002577696346783e-18,-4.630342100869703e-20,5.17104598887166e-19,4.0232031945603215e-19
matched_lorentzian,lorentzian,1.0,1.2,0.05,339,0.00405477808526874,-0.0007720339601687311,-3.973756670747194e-05,1.9536568569748844e-12,0.0004770108192730753,-0.0002857175758914151,-0.00011597401320301831,-0.00016974356268840006,1.6635179542870564e-06,1.6635179542870564e-06,7.56607398666193e-06,0.9999814449087128,-1.2082753148275156e-06,-8.265740210586447e-08,5.237767432794951e-07,4.6103502863664025e-07
matched_lorentzian,lorentzian,1.0,1.2,0.05,340,0.0040553390990314755,3.2551539815925857e-15,1.6401927411382914e-16,3.3747783812022913e-35,8.239961868099251e-27,1.1784295202965902e-15,4.829625758173549e-16,6.705255777810843e-16,2.7119586268057166e-29,2.7119586268057166e-29,1.3165557309796074e-28,1.0,5.0141938235727774e-18,1.8135898403952395e-19,-2.1678445885987513e-18,-1.968045444154882e-18
matched_lorentzian,lorentzian,1.0,1.2,0.05,341,0.004055905455709219,-0.0007819228214569589,-4.060844896838691e-05,2.0164089705920314e-12,0.0004923325668055373,-0.0002897544228407203,-0.00011744799432675016,-0.0001723064285139479,1.7251627005714173e-06,1.7251627005714173e-06,7.828750778116875e-06,0.9999809990147023,-1.2265946752967092e-06,-8.340083279621001e-08,5.330732042746874e-07,4.6984224277836945e-07
matched_lorentzian,lorentzian,1.0,1.2,0.05,342,0.004056476970619324,-2.1117185114852592e-15,-1.1744831697968852e-16,1.5662644954608723e-35,3.8242391825911396e-27,-7.727517824425453e-16,-3.52867107755467e-16,-4.444386158337781e-16,1.2867956063482875e-29,1.2867956063482875e-29,6.11411791328204e-29,1.0,-3.4581278550086813e-18,-3.214776298242431e-19,1.3942073289410402e-18,1.287180931521072e-18
matched_lorentzian,lorentzian,1.0,1.2,0.05,343,0.004057053710243293,-0.0007912208193442266,-4.1465075251483074e-05,2.0776980503898973e-12,0.0005072970955366178,-0.00029358384164967783,-0.0001188292599383951,-0.00017475458171130873,1.7860773849026329e-06,1.7860773849026329e-06,8.086664155274648e-06,0.9999805771726584,-1.244123490910762e-06,-8.406093757505935e-08,5.421076268855372e-07,4.784431725925763e-07
matched_lorentzian,lorentzian,1.0,1.2,0.05,344,0.0040576354743376225,-9.073590498861863e-16,-5.380708128085187e-17,2.9360929177708204e-36,7.168854055242815e-28,-3.249564644258496e-16,-1.5150731351802945e-16,-1.6664707749273907e-16,2.209856676524643e-30,2.209856676524643e-30,1.2032214933282646e-29,1.0,-1.502246240916819e-18,-5.400971772646e-20,6.174759015888152e-19,5.432822569993383e-19
matched_lorentzian,lorentzian,1.0,1.2,0.05,345,0.004058222341591146,0.0007999233072853371,4.2306529107982455e-05,2.1373735354083242e-12,0.0005218676440428869,0.00029720285339247224,0.00012011681620386128,0.00017708603718859966,1.8461027899223815e-06,1.8461027899223815e-06,8.339113985201699e-06,0.9999801803989234,1.2608500598169926e-06,8.463724679364946e-08,-5.508743671799032e-07,-4.868312131603136e-07
matched_lorentzian,lorentzian,1.0,1.2,0.05,346,0.004058814095573697,6.787359074177321e-17,2.513166938092343e-18,4.821082513980327e-38,1.1771302168886547e-29,3.5144835870666996e-17,2.70802314724703e-17,4.4305752392326514e-17,2.7433567898842667e-32,2.7433567898842667e-32,4.202647872142183e-32,1.0,2.0624910206340475e-19,4.1175005370317796e-20,-5.430274740420318e-20,-3.206187135761314e-20
matched_lorentzian,lorentzian,1.0,1.2,0.05,347,0.004059410827776754,-0.000808026282211903,-4.313187881390193e-05,2.1952887165780983e-12,0.0005360083913903611,-0.00030060867438809046,-0.00012130977584668572,-0.00017929889854140994,1.9050790105887485e-06,1.9050790105887485e-06,8.585406395513557e-06,0.9999798096111863,-1.2767633249143036e-06,-8.512941502126682e-08,5.593678478545524e-07,4.949997194106014e-07
matched_lorentzian,lorentzian,1.0,1.2,0.05,348,0.004060012304988492,2.3011759343432615e-15,1.2530483910072362e-16,1.7795566963052297e-35,4.34501992822764e-27,8.470212758934597e-16,3.449738738912667e-16,4.897861040647736e-16,1.5116350482041383e-29,1.5116350482041383e-29,7.102157790040417e-29,1.0,3.633973147314404e-18,1.2524742885620444e-19,-1.5963774622673576e-18,-1.4232702509291357e-18
matched_lorentzian,lorentzian,1.0,1.2,0.05,349,0.0040606186320679225,0.0008155263901412288,4.394017938265382e-05,2.251301140936048e-12,0.0005496845558288945,0.0003037987235655326,0.00012240736109754978,0.0001813913624680158,1.962845991584681e-06,1.962845991584681e-06,8.824856289408443e-06,0.9999794656272507,1.2918528917725523e-06,8.553722396531694e-08,-5.675825598861928e-07,-5.029420125464622e-07
matched_lorentzian,lorentzian,1.0,1.2,0.05,350,0.0040612295584614095,3.2745424531381977e-16,1.745220600149463e-17,4.700876712645945e-37,1.1477804016582173e-28,1.181806334493069e-16,6.679186719134102e-17,5.705498400342269e-17,2.4518075619860954e-31,2.4518075619860954e-31,1.4071597931159013e-30,1.0,6.12007321094626e-19,-9.790018524923167e-20,-2.313741369376513e-19,-1.8004519620277853e-19
matched_lorentzian,lorentzian,1.0,1.2,0.05,351,0.0040618452029260975,0.0008224209306001967,4.473047464353258e-05,2.305273003928831e-12,0.0005628624905782682,0.0003067706295815715,0.00012340890645665364,0.00018336172312492463,2.01924408663466e-06,2.01924408663466e-06,9.056789893426149e-06,0.9999791491642898,1.3061090453184752e-06,8.586058516668758e-08,-5.755130639647126e-07,-5.106513867472355e-07
matched_lorentzian,lorentzian,1.0,1.2,0.05,352,0.004062465297045077,-1.6078187434562761e-15,-9.576073779148259e-17,8.514092995661042e-36,2.078826924353603e-27,-6.08516924852699e-16,-2.27304707909476e-16,-3.6778942128846196e-16,8.669559924635766e-30,8.669559924635766e-30,3.7899624452260045e-29,1.0,-2.489723397716689e-18,-1.5684387383918438e-19,1.13553265251421e-18,1.0006677734574386e-18
matched_lorentzian,lorentzian,1.0,1.2,0.05,353,0.004063089973966187,-0.0008287078597635396,-4.550179937551574e-05,2.3570715277363933e-12,0.0005755097762008011,-0.0003095222376310848,-0.0001243138612414647,-0.0001852083763896341,2.0741146366787964e-06,2.0741146366787964e-06,9.280547321738295e-06,0.9999788608385797,-1.3195227650885934e-06,-8.609954244127644e-08,5.831539916627184e-07,5.181211160998817e-07
matched_lorentzian,lorentzian,1.0,1.2,0.05,354,0.004063718946930274,1.779647094013644e-15,9.823493342352293e-17,1.0644604595980361e-35,2.599019137387754e-27,6.613350069819412e-16,2.6121571179413107e-16,3.9664702551598074e-16,9.588407725301613e-30,9.588407725301613e-30,4.3020572062410405e-29,1.0,2.7976501220962593e-18,1.5990609901694869e-19,-1.2482404328486364e-18,-1.1108934474620764e-18
matched_lorentzian,lorentzian,1.0,1.2,0.05,355,0.00406435236392677,0.0008343857923474481,4.6253181491484174e-05,2.4065693243542825e-12,0.0005875953092526348,0.0003120516159408731,0.00012512179191359078,0.00018692982402729124,2.1273005642040548e-06,2.1273005642040548e-06,9.495485142945566e-06,0.9999786011656984,1.3320857390708363e-06,8.625427405856678e-08,-5.90500046391399e-07,-5.253444617931852e-07
matched_lorentzian,lorentzian,1.0,1.2,0.05,356,0.004064989919421377,6.182269038419565e-16,3.469100605656361e-17,1.3737456609817728e-36,3.3541793221171185e-28,2.29655325952809e-16,9.548437733952279e-17,1.265162681926643e-16,1.079701724512587e-30,1.079701724512587e-30,5.2760065069398004e-30,1.0,1.0022221162355737e-18,-1.2040820985867347e-19,-4.427352978177982e-19,-3.98476862282964e-19
matched_lorentzian,lorentzian,1.0,1.2,0.05,357,0.004065631776650882,-0.0008394540021229285,-4.69836442598421e-05,2.4536447412764732e-12,0.0005990893866867071,-0.00031435706187230445,-0.00012583238415253442,-0.00018852467771978353,2.178646980048015e-06,2.178646980048015e-06,9.700978931430462e-06,0.9999783705611781,-1.3437903758840249e-06,-8.632509462268511e-08,5.975460040741017e-07,5.323146795002019e-07
matched_lorentzian,lorentzian,1.0,1.2,0.05,358,0.004066277610922481,-2.384092073634896e-16,-1.1929387467771769e-17,1.4791838495407662e-37,3.611620420473937e-29,-8.718537443566832e-17,-2.013423419032403e-17,-5.2677157517732626e-17,1.5454090518608687e-31,1.5454090518608687e-31,6.994298182898051e-31,1.0,-2.9768712491214725e-19,-4.13285111480292e-20,1.6810220752677467e-19,1.712727725195358e-19
matched_lorentzian,lorentzian,1.0,1.2,0.05,359,0.004066927601077673,-0.0008439124210948921,-4.7692208558181796e-05,2.4981821886787766e-12,0.0006099637857388522,-0.0003164371076234701,-0.00012644544467090534,-0.00018999166295255457,2.2280017995520643e-06,2.2280017995520643e-06,9.896425788605784e-06,0.9999781693415919,-1.3546298153258129e-06,-8.631245664814201e-08,6.042867135917457e-07,5.390250269820326e-07
matched_lorentzian,lorentzian,1.0,1.2,0.05,360,0.004067581402934528,2.3903059211106766e-15,1.4072624789374543e-16,2.082091965704211e-35,5.083699273066465e-27,9.141530144150607e-16,3.6783611989718735e-16,5.60200538423015e-16,1.9381276496016026e-29,1.9381276496016026e-29,8.269749275415372e-29,1.0,3.9151227529909216e-18,3.0717855878412387e-19,-1.7334510016961991e-18,-1.5471013036632892e-18
matched_lorentzian,lorentzian,1.0,1.2,0.05,361,0.004068239211245156,0.0008477616372748777,4.8377895148085485e-05,2.5400724464348684e-12,0.0006201918388897697,0.00031829052547763725,0.0001269609027478279,0.0001913296227297938,2.2752163642589044e-06,2.2752163642589044e-06,1.0081246816875496e-05,0.9999779977260572,1.364597937135129e-06,8.621695180404209e-08,-6.107170969751948e-07,-5.454687718698744e-07
matched_lorentzian,lorentzian,1.0,1.2,0.05,362,0.004068900662063648,-2.287395264060817e-15,-1.2491343669606363e-16,1.747011943631939e-35,4.2655576670823316e-27,-8.720568585762964e-16,-3.115993040715257e-16,-5.437425876723621e-16,1.6692655079398686e-29,1.6692655079398686e-29,7.02220150469889e-29,1.0,-3.537226917653944e-18,-1.658923404148475e-19,1.6694580677821585e-18,1.4640815075167493e-18
matched_lorentzian,lorentzian,1.0,1.2,0.05,363,0.004069565966304284,-0.0008510028910371677,-4.9039726962488324e-05,2.5792129497461383e-12,0.0006297485036052814,-0.0003199163325658983,-0.00012737881146780158,-0.00019253752109807984,2.320146065419053e-06,2.320146065419053e-06,1.0254889530307839e-05,0.9999778558381325,-1.3736893679170582e-06,-8.603931181184853e-08,6.168321493601686e-07,5.516391996191258e-07
matched_lorentzian,lorentzian,1.0,1.2,0.05,364,0.004070234740040874,1.0610159937328322e-15,6.022906022518978e-17,4.4198532361713565e-36,1.079164852172377e-27,4.0206852292209316e-16,1.7071181756411682e-16,2.424266970234181e-16,3.587294853434094e-30,3.587294853434094e-30,1.5700322037392513e-29,1.0,1.793831441176309e-18,3.444457827143697e-19,-7.783517967873154e-19,-6.910481748958788e-19
matched_lorentzian,lorentzian,1.0,1.2,0.05,365,0.004070907210544529,-0.0008536380700419205,-4.967673139688383e-05,2.615508052232989e-12,0.0006386104265735048,-0.00032131379511048775,-0.00012769934865024292,-0.0001936144464602362,2.3626509654772914e-06,2.3626509654772914e-06,1.0416830186103535e-05,0.9999777437080852,-1.3818994861655294e-06,-8.57804089772568e-08,6.226269387191014e-07,5.57529621621497e-07
matched_lorentzian,lorentzian,1.0,1.2,0.05,366,0.004071582973753545,1.582136235052143e-15,9.743474441930334e-17,9.395966916549797e-36,2.294147951685944e-27,6.003532921420608e-16,2.444234706006725e-16,3.678893047417868e-16,8.80375043642201e-30,8.80375043642201e-30,3.7861205504725516e-29,1.0,2.626932727178818e-18,1.886694569477248e-19,-1.1753740310856948e-18,-1.0383116519095173e-18
matched_lorentzian,lorentzian,1.0,1.2,0.05,367,0.004072262273431247,0.0008556697027135296,5.028794259527699e-05,2.648869265492246e-12,0.0006467560021959216,0.00032248243211477476,0.00012792281745726864,0.00019455961465750495,2.402596413568402e-06,2.402596413568402e-06,1.0566576021224481e-05,0.9999776612755042,1.3892244253332045e-06,8.544125634138087e-08,-6.280966053856908e-07,-5.631333834604838e-07
matched_lorentzian,lorentzian,1.0,1.2,0.05,368,0.004072944685288525,-2.6419031060655042e-15,-1.55219019386194e-16,2.508571661834567e-35,6.12500511205336e-27,-1.0056501322511393e-15,-3.9356598823730706e-16,-6.145343928368134e-16,2.3419769529343142e-29,2.3419769529343142e-29,1.0068234192278952e-28,1.0,-4.277179806096906e-18,-1.333500068965197e-19,1.9387917146416733e-18,1.736304693180319e-18
matched_lorentzian,lorentzian,1.0,1.2,0.05,369,0.0040736304696549755,-0.0008571009502726552,-5.087240372211909e-05,2.6792154743057804e-12,0.0006541654251333714,-0.0003234220184708399,-0.00012804964666783596,-0.0001953723718030141,2.43985365107324e-06,2.43985365107324e-06,1.070366737918068e-05,0.9999776083922298,-1.3956610749110526e-06,-8.502300743966138e-08,6.332363613968813e-07,5.684438733020693e-07
matched_lorentzian,lorentzian,1.0,1.2,0.05,370,0.004074319181987508,9.955284654381335e-16,6.72078649748769e-17,4.110425796657043e-36,1.0036141044034765e-27,4.024668767400097e-16,1.6191782799708936e-16,2.61517603773819e-16,4.31385932665451e-30,4.31385932665451e-30,1.642172340832025e-29,1.0,1.7444664688882365e-18,9.62268178446799e-20,-7.841852519990542e-19,-6.656248385211566e-19
matched_lorentzian,lorentzian,1.0,1.2,0.05,371,0.0040750110991929454,-0.0008579355973300229,-5.142916921262652e-05,2.706473126896153e-12,0.0006608207367594507,-0.0003241325874579579,-0.00012808039060983287,-0.00019605219684812645,2.4743004033059822e-06,2.4743004033059822e-06,1.0827679712911723e-05,0.9999775848255729,-1.4012070795057612e-06,-8.452695564857537e-08,6.380414896838211e-07,5.734545304118909e-07
matched_lorentzian,lorentzian,1.0,1.2,0.05,372,0.0040757057565146415,2.2895960738804264e-16,1.2410860251960972e-17,2.2176439120850263e-37,5.414667041363782e-29,8.952272230874348e-17,4.1308023854138475e-17,5.309838901783855e-17,1.6168897488522268e-31,1.6168897488522268e-31,6.972008924085931e-31,1.0,4.0725750804082915e-19,-4.19543238565359e-20,-1.673103583049847e-19,-1.6171824902117615e-19
matched_lorentzian,lorentzian,1.0,1.2,0.05,373,0.004076403447383016,0.0008581780410361912,5.195730699173199e-05,2.7305763996680637e-12,0.0006667058653842874,0.00032461443259996657,0.00012801572873885828,0.00019659870386110162,2.5058214532826867e-06,2.5058214532826867e-06,1.0938225449766441e-05,0.9999775902617932,1.4058608358765752e-06,8.395453311461527e-08,-6.425073431327737e-07,-5.781588537819448e-07
matched_lorentzian,lorentzian,1.0,1.2,0.05,374,0.004077103686936674,1.215085241084499e-15,6.67683440976224e-17,5.3439287363053464e-36,1.304789945860341e-27,4.501583200982628e-16,1.807703682058986e-16,2.6945347700556924e-16,4.412682102898913e-30,4.412682102898913e-30,1.9898740800881774e-29,1.0,1.9582432784922914e-18,2.715661684385059e-19,-8.780770017412976e-19,-8.151347089394185e-19
matched_lorentzian,lorentzian,1.0,1.2,0.05,375,0.004077806785010301,-0.0008578332788205783,-5.24559006554598e-05,2.7514673362730503e-12,0.0006718066602090025,-0.0003248681088654878,-0.00012785646485934227,-0.0001970116440061429,2.534309193840075e-06,2.534309193840075e-06,1.1034955706624026e-05,0.9999776243098075,-1.4096214879640086e-06,-8.330730924991899e-08,6.466293435677985e-07,5.825504108708541e-07
matched_lorentzian,lorentzian,1.0,1.2,0.05,376,0.004078512236815986,1.4899749988046824e-15,9.16987261412728e-17,8.12869931748747e-36,1.9847280279625042e-27,5.628349960870257e-16,2.1297130898735377e-16,3.5034239471303415e-16,7.876879960901702e-30,7.876879960901702e-30,3.3499668859495013e-29,1.0,2.409416408032511e-18,2.893837040782867e-19,-1.1291557070211424e-18,-9.82179388557252e-19
matched_lorentzian,lorentzian,1.0,1.2,0.05,377,0.004079220368406788,0.000856906894741943,5.292405160675596e-05,2.7690959609202596e-12,0.000676110918992013,0.0003248944331891,0.00012760352598309037,0.00019729090720601583,2.559664154303331e-06,2.559664154303331e-06,1.1117561843617736e-05,0.9999776865050939,1.4124889199293065e-06,8.258698879292479e-08,-6.504029806972203e-07,-5.866228464520367e-07
matched_lorentzian,lorentzian,1.0,1.2,0.05,378,0.004079930655316732,-2.3960871846516126e-16,-9.737998022111635e-18,2.4234359290138408e-37,5.917135109103553e-29,-9.067744504202795e-17,-3.654043375742384e-17,-5.691401704253146e-17,1.3584264837157472e-31,1.3584264837157472e-31,5.718992364377098e-31,1.0,-4.0650012871517703e-19,-1.2179832702513578e-19,1.8537574224002377e-19,1.670396359513721e-19
matched_lorentzian,lorentzian,1.0,1.2,0.05,379,0.004080643439564307,-0.0008554050444728256,-5.336088113869772e-05,2.783420365994532e-12,0.0006796084094421314,-0.00032469448429360624,-0.00012725796082010653,-0.0001974365234735033,2.5817954980727703e-06,2.5817954980727703e-06,1.1185776846121712e-05,0.9999777763137633,-1.414463747223532e-06,-8.179540942034464e-08,6.538238110674356e-07,5.903698915628308e-07
matched_lorentzian,lorentzian,1.0,1.2,0.05,380,0.004081358177324507,-1.460874036050798e-16,-9.513636904531271e-18,7.943137691584241e-38,1.939420735189093e-29,-5.3949298093860416e-17,-1.5302763492445113e-17,-3.2393192071571694e-17,7.55084592329744e-32,7.55084592329744e-32,3.405294154152199e-31,1.0,-2.1539947973553603e-19,-9.594981727370159e-20,1.169819010729619e-19,1.0071399322835855e-19
matched_lorentzian,lorentzian,1.0,1.2,0.05,381,0.004082075226261118,0.0008533344389575013,5.3765532458798296e-05,2.7944067743165018e-12,0.0006822908844201816,0.0003242696017997585,0.000126820937900916,0.000197448663898853,2.600621487694521e-06,2.600621487694521e-06,1.1239376526140767e-05,0.9999778931367662,1.415547305743306e-06,8.093453890734844e-08,-6.568874570806619e-07,-5.937853725558806e-07
matched_lorentzian,lorentzian,1.0,1.2,0.05,382,0.004082794023579868,-3.193525114163827e-16,-2.2338540631027736e-17,4.41007874664588e-37,1.0767782829855326e-28,-1.3237750384811613e-16,-3.8152050634330556e-17,-9.063577347362502e-17,4.959032703271007e-31,4.959032703271007e-31,1.747300748138283e-30,1.0,-5.164841398711372e-19,-2.1317288781003317e-19,2.7411513950897507e-19,2.316683364658748e-19
matched_lorentzian,lorentzian,1.0,1.2,0.05,383,0.004083514942202694,-0.0008507023268044204,-5.413717264950374e-05,2.802029576652839e-12,0.0006841520910976139,-0.0003236213846187754,-0.0001262937433328705,-0.00019732764128590582,2.616069914281255e-06,2.616069914281255e-06,1.1278180535982827e-05,0.9999780363142017,-1.4157416391660708e-06,-8.000647183629774e-08,6.595896061496409e-07,5.968632202673199e-07
matched_lorentzian,lorentzian,1.0,1.2,0.05,384,0.0040842374008262655,2.6331375098535737e-15,1.6749603152608257e-16,2.724414954082679e-35,6.652014680301166e-27,1.0069780953368578e-15,3.914615975483898e-16,6.191946220496838e-16,2.539339214577315e-29,2.539339214577315e-29,1.0798590779118756e-28,1.0,4.407497245872298e-18,3.7066166869059433e-19,-2.058593386237887e-18,-1.855510917767943e-18
matched_lorentzian,lorentzian,1.0,1.2,0.05,385,0.004084961787177047,0.000847516475431429,5.447499455782899e-05,2.8062713449396142e-12,0.0006851877741851619,0.00032275168860739135,0.00012567777818745082,0.00019707391041995232,2.6280784881064756e-06,2.6280784881064756e-06,1.1302053187308434e-05,0.9999782051297004,1.4150494844912405e-06,7.901342584656881e-08,-6.619260100293052e-07,-5.995974792836951e-07
matched_lorentzian,lorentzian,1.0,1.2,0.05,386,0.004085687501972764,-7.236734627039915e-16,-4.7234286145890474e-17,2.0634951868552215e-36,5.038292810396595e-28,-2.8171043332663405e-16,-1.0174066891844183e-16,-1.7258670809348285e-16,1.9952602716504048e-30,1.9952602716504048e-30,8.366327428870403e-30,1.0,-1.1919787044107113e-18,-2.931348716573223e-20,5.77200444999297e-19,5.55573866240468e-19
matched_lorentzian,lorentzian,1.0,1.2,0.05,387,0.00408641494722521,-0.000843785151050277,-5.4778218611533074e-05,2.807122822270103e-12,0.000685395673488235,-0.00032166262349250585,-0.00012497455552701095,-0.00019668806796549511,2.6365951878210425e-06,2.6365951878210425e-06,1.131090407174213e-05,0.9999783988148496,-1.413474255934735e-06,-7.795773743197751e-08,6.638924844186909e-07,6.019823173372419e-07
matched_lorentzian,lorentzian,1.0,1.2,0.05,388,0.004087143506272265,-2.139882044395025e-15,-1.3777120416910982e-16,1.853337672939707e-35,4.5251658120123486e-27,-8.171041912362488e-16,-3.1759328111312046e-16,-5.032256875213816e-16,1.696294951039835e-29,1.696294951039835e-29,7.213207111121193e-29,1.0,-3.59966877935722e-18,-4.945690198629964e-19,1.6840010462062668e-18,1.5796529268437173e-18
matched_lorentzian,lorentzian,1.0,1.2,0.05,389,0.004087873594827491,0.0008395170975440611,5.504609455715117e-05,2.8045828905888776e-12,0.0006847755160190082,0.0003203565490606456,0.00012418569707507452,0.00019617085198557631,2.641578565789933e-06,2.641578565789933e-06,1.1304688479660695e-05,0.9999786165536312,1.4110200272718589e-06,7.684185728339976e-08,-6.654849089005131e-07,-6.040120348316859e-07
matched_lorentzian,lorentzian,1.0,1.2,0.05,390,0.004088604579515805,-2.5825444313344595e-15,-1.67059138528672e-16,2.67410125520273e-35,6.529167217924655e-27,-9.833192024026006e-16,-3.8835985291958633e-16,-6.031808275642503e-16,2.4645785003212144e-29,2.4645785003212144e-29,1.0552197932573054e-28,1.0,-4.378886200360674e-18,-1.4890511271249433e-19,2.0549744872201675e-18,1.8224366437822875e-18
matched_lorentzian,lorentzian,1.0,1.2,0.05,391,0.004089336889106186,0.0008347215142902407,5.527790311617804e-05,2.798658517134435e-12,0.0006833290029196919,0.00031883607060861067,0.00012331292953487015,0.00019552314107373412,2.642998007338797e-06,2.642998007338797e-06,1.1283407615265128e-05,0.9999788574868461,1.4076915127257632e-06,7.566834518324727e-08,-6.666992272847926e-07,-6.056810745015704e-07
matched_lorentzian,lorentzian,1.0,1.2,0.05,392,0.004090069874243706,-3.41892609996459e-15,-2.2407409126063973e-16,4.707078830231068e-35,1.1492947296119442e-26,-1.3003965972922529e-15,-5.093705598155265e-16,-7.954646471723167e-16,4.3579455467875386e-29,4.3579455467875386e-29,1.8730554305713582e-28,1.0,-5.780051653178078e-18,-1.8110425577906606e-19,2.726021296199167e-18,2.489538176070286e-18
matched_lorentzian,lorentzian,1.0,1.2,0.05,393,0.004090803976045547,-0.0008294080330251725,-5.5472957558062776e-05,2.789364681053152e-12,0.0006810597915443702,-0.0003171040336694436,-0.00012235808056879587,-0.00019474595310064698,2.6408339422315046e-06,2.6408339422315046e-06,1.1247108608415375e-05,0.9999791207164969,-1.4034940465786533e-06,-7.443986445729819e-08,6.67531448456287e-07,6.069840312338203e-07
matched_lorentzian,lorentzian,1.0,1.2,0.05,394,0.0040915385299744225,1.0623158977523712e-15,6.65608419331203e-17,4.6128109933433e-36,1.1262780069237221e-27,3.988607783665607e-16,1.6346932221747627e-16,2.4516233558949613e-16,3.988282487768496e-30,3.988282487768496e-30,1.728167534909622e-29,1.0,1.8191840297337487e-18,9.47386454107112e-21,-8.442698371227581e-19,-7.684394233251883e-19
matched_lorentzian,lorentzian,1.0,1.2,0.05,395,0.00409227398872988,0.0008235866938037838,5.563060518689808e-05,2.776724281391797e-12,0.0006779734729941728,0.00031516351801334693,0.00012132307444526785,0.00019384044356807807,2.635078006772419e-06,2.635078006772419e-06,1.1195884324060408e-05,0.9999794053101035,1.398433561611633e-06,7.315917599250474e-08,-6.679776477913693e-07,-6.079156620528925e-07
matched_lorentzian,lorentzian,1.0,1.2,0.05,396,0.004093009673451977,9.398285379191368e-16,5.99984537718241e-17,3.4997016620842746e-36,8.544978362408626e-28,3.531364556221802e-16,1.3613377472637407e-16,2.1133562874492003e-16,3.0979186376800133e-30,3.0979186376800133e-30,1.3776722652655115e-29,1.0,1.567450803472362e-18,1.715667215580847e-19,-7.456339702913246e-19,-6.763094581473245e-19
matched_lorentzian,lorentzian,1.0,1.2,0.05,397,0.004093746047600732,-0.0008172679201518718,-5.5750228741891124e-05,2.760768028031319e-12,0.0006740775454873352,-0.00031301783094139904,-0.00012020992736775789,-0.00019280790357364356,2.6257331555226666e-06,2.6257331555226666e-06,1.1129872972599268e-05,0.9999797103049308,-1.3925165665612838e-06,-7.18291318297951e-08,6.680339692436805e-07,6.084708962972707e-07
matched_lorentzian,lorentzian,1.0,1.2,0.05,398,0.004094482418913023,2.1653002901086583e-15,1.4932734276871175e-16,1.9076902768013436e-35,4.657874788028793e-27,8.285130225236178e-16,3.1038513475128e-16,5.089642830221387e-16,1.8562122430130037e-29,1.8562122430130037e-29,7.89693312944019e-29,1.0,3.654895997094463e-18,1.1165878644243644e-21,-1.7842081834994836e-18,-1.592243049788983e-18
matched_lorentzian,lorentzian,1.0,1.2,0.05,399,0.004095219260734282,-0.0008104624934827424,-5.583124771031808e-05,2.7415343169804008e-12,0.0006693813839104928,-0.0003106704998821552,-0.00011902074249709161,-0.00019164975738506336,2.6128137217906353e-06,2.6128137217906353e-06,1.1049257525088845e-05,0.9999800347121025,-1.3857501227371334e-06,-7.045266834377126e-08,6.676966281762975e-07,6.086448459977841e-07
matched_lorentzian,lorentzian,1.0,1.2,0.05,400,0.004095955868374687,4.277895070341434e-16,2.865776701257149e-17,7.975503930152913e-37,1.947323374755151e-28,1.682498609320498e-16,6.054962572984583e-17,1.0599967349481213e-16,7.416373720912106e-31,7.416373720912106e-31,2.993072293005923e-30,1.0,7.254321247973111e-19,1.59308578769343e-19,-3.537105687233241e-19,-3.4757479142087467e-19
matched_lorentzian,lorentzian,1.0,1.2,0.05,401,0.004096692724140058,0.0008031815268715868,5.5873119553602815e-05,2.719069091611969e-12,0.0006638962059377637,0.00030812526431097005,0.00011775770468288715,0.00019036755962808708,2.596345426531942e-06,2.596345426531942e-06,1.0954264939057994e-05,0.9999803775205864,1.3781418199861475e-06,6.903279902471097e-08,-6.669619150325618e-07,-6.084328164819428e-07
matched_lorentzian,lorentzian,1.0,1.2,0.05,402,0.004097429111944354,2.27458718880429e-15,1.5722700925134037e-16,2.1905937218597593e-35,5.3486204715438034e-27,8.6666229761507375e-16,3.317805321034864e-16,5.406253757416754e-16,2.0744937528134626e-29,2.0744937528134626e-29,8.728071461556239e-29,1.0,3.906163071028388e-18,2.9746152501133244e-19,-1.8975379860894607e-18,-1.7200853216097023e-18
matched_lorentzian,lorentzian,1.0,1.2,0.05,403,0.004098165522082284,-0.000795436438265383,-5.587534084693351e-05,2.693425691312824e-12,0.0006576350350765802,-0.000305386067008473,-0.00011642307491822922,-0.00018896299209024162,2.5763653355645646e-06,2.5763653355645646e-06,1.0845165201518349e-05,0.9999807377010298,-1.3696997521651968e-06,-6.757260687425196e-08,6.658261999238526e-07,6.078303172157528e-07
matched_lorentzian,lorentzian,1.0,1.2,0.05,404,0.004098901228152793,2.550368393242555e-16,1.7178691057843003e-17,2.601034561252981e-37,6.350765348537452e-29,9.629555338453013e-17,3.531354604854083e-17,5.997285902932075e-17,2.513491201115293e-31,2.513491201115293e-31,1.0688715895441466e-30,1.0,4.160801609545501e-19,-3.462066931066619e-20,-2.0312006759712777e-19,-2.1100806425621157e-19
matched_lorentzian,lorentzian,1.0,1.2,0.05,405,0.004099636727425251,0.0007872389232307245,5.5837448334276375e-05,2.664664689153338e-12,0.0006506126610326272,0.0003024570446854625,0.00011501918453638004,0.00018743786014908134,2.5529217654693962e-06,2.5529217654693962e-06,1.0722270197397246e-05,0.9999811142094316,1.3604324923256952e-06,6.607523643770107e-08,-6.642859382283013e-07,-6.068330729118865e-07
matched_lorentzian,lorentzian,1.0,1.2,0.05,406,0.004100371284312008,-2.6071966590198917e-16,-1.5772479403630824e-17,3.0715050596128246e-37,7.499480472512399e-29,-1.0076924982927748e-16,-3.466463009933657e-17,-6.127615947942056e-17,2.35704743865633e-31,2.35704743865633e-31,1.0028837086763009e-30,1.0,-4.482202912007712e-19,-9.517497530537718e-20,2.3248759639132414e-19,2.0770247499002964e-19
matched_lorentzian,lorentzian,1.0,1.2,0.05,407,0.004101105402004181,-0.0007786009273126142,-5.575901989994178e-05,2.6328537199386484e-12,0.0006428455977262972,-0.00029934251799321426,-0.00011354842916488582,-0.00018579408882833092,2.526074138745068e-06,2.526074138745068e-06,1.0585932412008005e-05,0.9999815059906377,-1.3503490677662044e-06,-6.454388548531216e-08,6.62337677267932e-07,6.054370349089746e-07
matched_lorentzian,lorentzian,1.0,1.2,0.05,408,0.004101838336899361,1.5705429026729116e-15,1.071153679818249e-16,1.0902220664770265e-35,2.6619194627917052e-27,6.043326557840411e-16,2.295867981800307e-16,3.8119788491404187e-16,9.954598002837564e-30,9.954598002837564e-30,4.1013142677441375e-29,1.0,2.7510216506893273e-18,2.1039649325617943e-19,-1.3568312670404122e-18,-1.2036788486202813e-18
matched_lorentzian,lorentzian,1.0,1.2,0.05,409,0.004102570597023119,0.0007695346181132486,5.5639675459929865e-05,2.5980673001680074e-12,0.0006343520393334151,0.00029604698095352507,0.00011201326245850062,0.0001840337184950298,2.495892789310567e-06,2.495892789310567e-06,1.0436543477903966e-05,0.9999819119816488,1.3394589351680211e-06,6.298179637028645e-08,-6.599780641550314e-07,-6.036383928534593e-07
matched_lorentzian,lorentzian,1.0,1.2,0.05,410,0.00410330143196959,5.298822114761333e-16,4.1072917173565376e-17,1.30471460208135e-36,3.1856309824032218e-28,2.0329508586334588e-16,8.461964070786467e-17,1.206293957169875e-16,1.2074670265213382e-30,1.2074670265213382e-30,5.303974992950548e-30,1.0,9.663812745538606e-19,-2.5220634582448188e-20,-4.607152915089491e-19,-3.9740052092830556e-19
matched_lorentzian,lorentzian,1.0,1.2,0.05,411,0.004104031353481599,-0.0007600523571590703,-5.54790777747647e-05,2.5603866410732e-12,0.0006251518146361286,-0.00029257508983034027,-0.0001104161896276326,-0.00018215890020270708,2.462458719555905e-06,2.462458719555905e-06,1.0274532576353126e-05,0.9999823311147311,-1.3277719559618508e-06,-6.139224707883752e-08,6.572038548616545e-07,6.014335866810507e-07
matched_lorentzian,lorentzian,1.0,1.2,0.05,412,0.004104759605596406,-7.88761312500026e-16,-5.938821567292664e-17,2.99243808852336e-36,7.306428143378067e-28,-3.115374053298987e-16,-1.2145088720701878e-16,-1.9470003197674295e-16,2.816946326112679e-30,2.816946326112679e-30,1.1411905066826953e-29,1.0,-1.4493371334538913e-18,-2.2771485808057552e-20,7.155271831124463e-19,6.159239171977969e-19
matched_lorentzian,lorentzian,1.0,1.2,0.05,413,0.004105486702631748,0.0007501666716658757,5.527693318779e-05,2.5198994560594852e-12,0.0006152663400071001,0.00028893165148242777,0.00010875976078538507,0.00018017189069702584,2.425863310674722e-06,2.425863310674722e-06,1.0100364705310041e-05,0.9999827623203255,1.3152983721375852e-06,5.977854200275192e-08,-6.54011924592179e-07,-5.988193189259699e-07
matched_lorentzian,lorentzian,1.0,1.2,0.05,414,0.004106211884345496,-3.460724324967464e-16,-2.967977800283706e-17,6.772169885966673e-37,1.6535136628668155e-28,-1.4106259923289277e-16,-5.751855476810743e-17,-8.481707739345568e-17,6.1305945693751365e-31,6.1305945693751365e-31,2.5014181583185486e-30,1.0,-6.856002973491671e-19,3.067872717535442e-20,3.3891901912748567e-19,3.022613687588346e-19
matched_lorentzian,lorentzian,1.0,1.2,0.05,415,0.004106935666467713,-0.0007398902262723377,-5.503299229153843e-05,2.476699763489586e-12,0.0006047185712566447,-0.00028512161122460695,-0.00010704656413188688,-0.00017807504709273092,2.386207988107682e-06,2.386207988107682e-06,9.914538825501296e-06,0.9999832045297493,-1.302048782642429e-06,-5.814400245477579e-08,6.503992795002585e-07,5.957925673529656e-07
matched_lorentzian,lorentzian,1.0,1.2,0.05,416,0.004107657285780739,-1.3233351394574025e-15,-9.957142408271086e-17,8.182373432014001e-36,1.997833263537856e-27,-5.104107613129841e-16,-1.9744343193688661e-16,-3.0591280991036125e-16,7.415461419666308e-30,7.415461419666308e-30,3.207822737076801e-29,1.0,-2.3729851154935113e-18,-8.043724663532771e-21,1.1766986694373912e-18,1.0801067602316252e-18
matched_lorentzian,lorentzian,1.0,1.2,0.05,417,0.0041083772582492335,0.000729235794836058,5.4747050525780563e-05,2.430887685752754e-12,0.0005935329545728195,0.0002811500402364181,0.00010527921899844238,0.00017587082123797883,2.3436038443142516e-06,2.3436038443142516e-06,9.717585897189646e-06,0.9999836566776892,1.288034120545595e-06,5.649195695830614e-08,-6.463630698021851e-07,-5.923505979215401e-07
matched_lorentzian,lorentzian,1.0,1.2,0.05,418,0.004109094819005539,-2.2644133473180814e-16,-1.5233867987120965e-17,2.235499035022321e-37,5.458262654329964e-29,-9.70009266280166e-17,-2.0764890449116702e-17,-6.221147484949045e-17,2.3063994307403105e-31,2.3063994307403105e-31,8.394981260049585e-31,1.0,-3.5836929077612143e-19,4.120206581116527e-20,2.219857906403328e-19,2.1010962247724537e-19
matched_lorentzian,lorentzian,1.0,1.2,0.05,419,0.0041098104830613056,-0.0007182162323797151,-5.441894871137127e-05,2.3825692453633215e-12,0.0005817353767362235,-0.00027702212255726114,-0.00010346036877463633,-0.00017356175378259743,2.2981712213443506e-06,2.2981712213443506e-06,9.510066820510129e-06,0.9999841177044856,-1.2732656311343965e-06,-5.482573133871603e-08,6.419006043236711e-07,5.884909780849059e-07
matched_lorentzian,lorentzian,1.0,1.2,0.05,420,0.004110523485241244,2.377632348686211e-16,1.8254824194106868e-17,2.140081005719174e-37,5.225287082551232e-29,8.659575685951976e-17,2.236316052944953e-17,4.901263169198701e-17,2.176649709070384e-31,2.176649709070384e-31,1.0559059126976588e-30,1.0,3.591449816340387e-19,-4.4401944180306164e-20,-2.1557278370470194e-19,-1.912585292681562e-19
matched_lorentzian,lorentzian,1.0,1.2,0.05,421,0.004111234338411871,0.0007068444472551668,5.404857352235212e-05,2.3318561585218654e-12,0.0005693531147152629,0.0002727431417025835,0.00010159267373848591,0.00017115046796410297,2.250039255781305e-06,2.250039255781305e-06,9.292570291941819e-06,0.999984586558211,1.2577548510616323e-06,5.314863864558737e-08,-6.37009366491243e-07,-5.842115904065431e-07
matched_lorentzian,lorentzian,1.0,1.2,0.05,422,0.004111942278444542,7.645730454799753e-16,6.150362872048955e-17,2.6811983232772653e-36,6.546495635883953e-28,2.878666329231656e-16,1.1055952719919788e-16,1.679294192374229e-16,2.5117737440450774e-30,2.5117737440450774e-30,1.1435962261776333e-29,1.0,1.3472066393384532e-18,-3.236638357605402e-20,-6.757311186105983e-19,-6.391967355635768e-19
matched_lorentzian,lorentzian,1.0,1.2,0.05,423,0.00411264781486948,-0.0006951333736200539,-5.363585790093932e-05,2.2788656265604228e-12,0.0005564147847447767,-0.00026831846694796464,-9.967880381503175e-05,-0.00016863966313292042,2.1993453890110585e-06,2.1993453890110585e-06,9.065710590360635e-06,0.9999850621965447,-1.2415135887027496e-06,-5.146396894107761e-08,6.31687031788159e-07,5.795106464926591e-07
matched_lorentzian,lorentzian,1.0,1.2,0.05,424,0.004113350185965817,1.4605079195861298e-15,1.152895760368285e-16,1.0149337129425324e-35,2.4780931215742432e-27,5.620815159845469e-16,2.0682750686408392e-16,3.460641056159471e-16,9.699534981036097e-30,9.699534981036097e-30,4.0935327952871404e-29,1.0,2.613693000180217e-18,3.5285317016274394e-20,-1.3466508500197723e-18,-1.226063809423615e-18
matched_lorentzian,lorentzian,1.0,1.2,0.05,425,0.0041140498967428595,-0.0006830959442881701,-5.318078141762321e-05,2.223720125301022e-12,0.0005429502908951748,-0.0002637535393187871,-9.772143128523488e-05,-0.00016603210803353469,2.1462348457730666e-06,2.1462348457730666e-06,8.83012530528982e-06,0.9999855435884523,-1.22455390581802e-06,-4.977497898634978e-08,6.2593148665486e-07,5.743867012107775e-07
matched_lorentzian,lorentzian,1.0,1.2,0.05,426,0.004114746189250355,-1.7672317062766442e-15,-1.3549709063437084e-16,1.5038439115114217e-35,3.67183118021893e-27,-6.830318609366729e-16,-2.5198590875087196e-16,-4.2524150080002813e-16,1.4003047460357356e-29,1.4003047460357356e-29,5.819429526488616e-29,1.0,-3.185398097083332e-18,-1.7331133242005578e-19,1.638621109411689e-18,1.4753176336156548e-18
matched_lorentzian,lorentzian,1.0,1.2,0.05,427,0.004115439562804247,0.0006707450640462426,5.268337058100944e-05,2.1665471923431557e-12,0.0005289907731358966,0.00025905385733750706,9.572322347098367e-05,0.0001633306338665251,2.090860084301183e-06,2.090860084301183e-06,8.586473020746421e-06,0.9999860297156737,1.206888100651691e-06,4.8084881861159354e-08,-6.19740848827776e-07,-5.688386671800147e-07
matched_lorentzian,lorentzian,1.0,1.2,0.05,428,0.004116129264584262,-1.7896568867979944e-15,-1.423535988992635e-16,1.6418056163138258e-35,4.008682688205887e-27,-6.852050990032301e-16,-2.8029807974337466e-16,-4.2727890043963185e-16,1.4777157203163085e-29,1.4777157203163085e-29,6.189409570359497e-29,1.0,-3.358796554237335e-18,-9.779294827488953e-20,1.6585188920990051e-18,1.5415231085520763e-18
matched_lorentzian,lorentzian,1.0,1.2,0.05,429,0.00411681578705835,-0.0006580935834843999,-5.2143699098404755e-05,2.1074792118265758e-12,0.0005145685547824398,-0.00025422496256637735,-9.368683541733955e-05,-0.00016053812714905203,2.033380221237226e-06,2.033380221237226e-06,8.335430966737858e-06,0.9999865195740326,-1.1885286925128228e-06,-4.639683655384271e-08,6.131134890540892e-07,5.628658294816388e-07
matched_lorentzian,lorentzian,1.0,1.2,0.05,430,0.0041174983838868666,-1.2863570006894136e-15,-1.0408191443549543e-16,8.390758982296513e-36,2.048713315328962e-27,-5.060130605821963e-16,-1.9252259657486845e-16,-3.325110705357722e-16,8.4051979055519e-30,8.4051979055519e-30,3.251646674670189e-29,1.0,-2.376433513436319e-18,-5.688430251851121e-20,1.200686431732889e-18,1.1394906788968268e-18
matched_lorentzian,lorentzian,1.0,1.2,0.05,431,0.004118177539558618,0.0006451542734234005,5.156188809065775e-05,2.046653196252495e-12,0.0004997170892251584,0.0002492724249992964,9.161490259919652e-05,0.00015765752240008476,1.973960434817681e-06,1.973960434817681e-06,8.077692651160526e-06,0.9999870121745741,1.1694884079321345e-06,4.471393756208065e-08,-6.060480541352808e-07,-5.564678605556574e-07
matched_lorentzian,lorentzian,1.0,1.2,0.05,432,0.004118852515551251,-6.729610186303785e-16,-5.402291207150802e-17,2.4934628166885254e-36,6.0881148947378025e-28,-2.5048668040132713e-16,-1.156574196008588e-16,-1.5269683582890425e-16,2.0027732734873996e-30,2.0027732734873996e-30,8.826563660572283e-30,1.0,-1.3231919341933524e-18,9.544919040973665e-21,6.295173944597304e-19,5.884238834100075e-19
matched_lorentzian,lorentzian,1.0,1.2,0.05,433,0.004119523787272399,-0.0006319398000072703,-5.0938106263790674e-05,1.9842105646757762e-12,0.000484470905771991,-0.00024420182835522126,-8.951003367732521e-05,-0.0001546917946778829,1.912771349878711e-06,1.912771349878711e-06,7.81396548420038e-06,0.9999875065445436,-1.149780168448519e-06,-4.3039204541107065e-08,5.985434912261957e-07,5.496448352358979e-07
matched_lorentzian,lorentzian,1.0,1.2,0.05,434,0.004120190625334413,-6.92984920951638e-16,-5.707176779927335e-17,2.3536749192684748e-36,5.746804499134097e-28,-2.849287566646327e-16,-9.151165168469241e-17,-1.9987982399171572e-16,2.7686813402447716e-30,2.7686813402447716e-30,9.599039970083821e-30,1.0,-1.2316850265013876e-18,-3.0043210769512424e-20,6.617513859647336e-19,6.307213516452122e-19
matched_lorentzian,lorentzian,1.0,1.2,0.05,435,0.004120853494996451,0.0006184627005089254,5.0272570037603135e-05,1.920296916262842e-12,0.0004688655543596693,0.000239018755318568,8.737480332692361e-05,0.00015164395199164635,1.8499884081138717e-06,1.8499884081138717e-06,7.544968406358475e-06,0.9999880017282189,1.129417080022279e-06,4.137557204388639e-08,-5.90599073274019e-07,-5.423972458472685e-07
matched_lorentzian,lorentzian,1.0,1.2,0.05,436,0.004121511677298446,-3.681235338380587e-16,-2.817566201551554e-17,7.2150940739412445e-37,1.7616593840702645e-28,-1.4290034801241032e-16,-6.271800177210129e-17,-1.212493948011437e-16,8.288905224556163e-31,8.288905224556163e-31,2.5165825263843542e-30,1.0,-7.179219327840917e-19,-6.95076316542477e-20,3.406080163205867e-19,2.919800920981617e-19
matched_lorentzian,lorentzian,1.0,1.2,0.05,437,0.004122165626324002,-0.0006047353599223822,-4.9565543633402296e-05,1.855061798253815e-12,0.000452937548898646,-0.00023372877278625797,-8.521174516680948e-05,-0.00014851702761943972,1.7857912272533113e-06,1.7857912272533113e-06,7.271429531477568e-06,0.9999884967876078,-1.1084124241112063e-06,-3.972587939378927e-08,5.822144254923218e-07,5.34726017306779e-07
matched_lorentzian,lorentzian,1.0,1.2,0.05,438,0.004122814634803775,-1.1358448790791712e-15,-9.485234284168674e-17,6.992963358012465e-36,1.7074232706951795e-27,-4.527145124389061e-16,-1.603585928774968e-16,-3.107685490631388e-16,7.14975752518967e-30,7.14975752518967e-30,2.613203780152962e-29,1.0,-2.166740619396856e-18,-1.3397036841291244e-19,1.1706140591973644e-18,9.538936581532408e-19
matched_lorentzian,lorentzian,1.0,1.2,0.05,439,0.004123459144664367,0.0005907699883970011,4.88173391212255e-05,1.788658467091203e-12,0.0004367243089495457,0.00022833741717587122,8.302334481451118e-05,0.00014531407236137604,1.7203629527240066e-06,1.7203629527240066e-06,6.994083815171716e-06,0.9999889908030252,1.0867796503871904e-06,3.809286073393334e-08,-5.733895527263668e-07,-5.266325221450544e-07
matched_lorentzian,lorentzian,1.0,1.2,0.05,440,0.0041240984615553665,-1.4331028232310984e-15,-1.1713001767172318e-16,1.0707024212072218e-35,2.614259701309912e-27,-5.714785576047105e-16,-1.8346695683383421e-16,-3.7823335622437516e-16,1.0742342868770389e-29,1.0742342868770389e-29,4.070207357443844e-29,1.0,-2.6187614297094983e-18,-1.1141010178215937e-19,1.461942493043317e-18,1.3036198535590286e-18
matched_lorentzian,lorentzian,1.0,1.2,0.05,441,0.00412473301431585,-0.0005765785995676988,-4.802831642616769e-05,1.7212436413759312e-12,0.0004202640994041563,-0.00022285017985197437,-8.081203309334526e-05,-0.00014203814675857072,1.6538896053223916e-06,1.6538896053223916e-06,6.713670758442345e-06,0.9999894828735644,-1.0645323710551841e-06,-3.6479135300731006e-08,5.64124867547323e-07,5.181185953562999e-07
matched_lorentzian,lorentzian,1.0,1.2,0.05,442,0.004125362122702515,3.3230480176743203e-16,2.671193617971707e-17,6.0119054363454025e-37,1.4678851750987111e-28,1.3529066763648347e-16,4.898506719542669e-17,8.776779338144317e-17,5.683010668415847e-31,5.683010668415847e-31,2.1516910256620572e-30,1.0,6.151329957829945e-19,-1.9087798629161862e-19,-3.210399243409139e-19,-2.8861895721178055e-19
matched_lorentzian,lorentzian,1.0,1.2,0.05,443,0.004125986201592391,0.0005621729898356957,4.719888329327579e-05,1.6529772452446939e-12,0.0004035959678276599,0.0002172724927301819,7.858017941896041e-05,0.0001386923133112187,1.5865594284159819e-06,1.5865594284159819e-06,6.4309321557222756e-06,0.999989972117475,1.0416843567230709e-06,3.4887197965493833e-08,-5.544212188941811e-07,-5.091865489789996e-07
matched_lorentzian,lorentzian,1.0,1.2,0.05,444,0.004126604585992413,-7.451183081702309e-16,-5.894118572285249e-17,2.3726916135114624e-36,5.793236240042576e-28,-2.7361609483801896e-16,-7.895904246698573e-17,-1.5153471629001113e-16,2.1644031237272817e-30,2.1644031237272817e-30,1.064268593517236e-29,1.0,-1.2043933618857466e-18,-6.836045854837813e-20,6.965787638121913e-19,6.574443831001572e-19
matched_lorentzian,lorentzian,1.0,1.2,0.05,445,0.004127217676004008,-0.0005475647186732845,-4.6329495211337984e-05,1.5840221408051378e-12,0.0003867596791291907,-0.0002116097141281006,-7.633008539442858e-05,-0.00013527962873365556,1.5185622381990858e-06,1.5185622381990858e-06,6.146609896339019e-06,0.9999904576724632,-1.0182495337803031e-06,-3.3319410090448515e-08,5.442799210824883e-07,4.998391863179577e-07
matched_lorentzian,lorentzian,1.0,1.2,0.05,446,0.004127824822977526,-4.202521982393146e-17,-3.4630374637152643e-18,7.15072189403332e-39,1.745942076209037e-30,2.0834245143816866e-18,-5.125061684065369e-18,2.0103022379319018e-17,-1.6865424919672558e-32,1.6865424919672558e-32,3.5257046244071296e-32,1.0,-1.414615312777791e-20,8.00273818427151e-20,-1.0777840761803245e-20,2.0737997724762735e-20
matched_lorentzian,lorentzian,1.0,1.2,0.05,447,0.004128426411490853,0.0005327650899661467,4.542065529078605e-05,1.5145438479243186e-12,0.00036979564714452966,0.0002058671149120151,7.406397863687801e-05,0.00013180313627512335,1.4500887801546177e-06,1.4500887801546177e-06,5.861443826384789e-06,0.9999909386959276,9.9424198312629e-07,3.1777990751891135e-08,-5.337027829230363e-07,-4.900798156600619e-07
matched_lorentzian,lorentzian,1.0,1.2,0.05,448,0.004129021810276209,2.899689461964082e-16,2.3769098129847998e-17,5.37990355513896e-37,1.3135736673945281e-28,1.142459641795622e-16,5.545769035613797e-17,7.08679124943938e-17,4.079577303623023e-31,4.079577303623023e-31,1.6692332115072997e-30,1.0,6.105723623660578e-19,1.628817818596609e-19,-2.7621235419442523e-19,-2.4973587318850007e-19
matched_lorentzian,lorentzian,1.0,1.2,0.05,449,0.004129611387710102,-0.0005177851344943737,-4.4472914097406537e-05,1.4447102501867998e-12,0.00035274486284193684,-0.00020004986502270922,-7.178400687005668e-05,-0.00012826585815268757,1.381330095183051e-06,1.381330095183051e-06,5.576169679261572e-06,0.9999914143651446,-9.696759402272092e-07,-3.026500837149442e-08,5.226921367623548e-07,4.799122634048382e-07
matched_lorentzian,lorentzian,1.0,1.2,0.05,450,0.004130194530885753,1.4598282345695101e-15,1.2383468108168393e-16,1.1033998678181282e-35,2.6940947846323597e-27,5.605140246063132e-16,1.9737024648164984e-16,3.6463218617712224e-16,1.0932683714942956e-29,1.0932683714942956e-29,4.376969716803722e-29,1.0,2.6878583250810355e-18,-7.77512735314995e-21,-1.460717161795587e-18,-1.2944733381203105e-18
matched_lorentzian,lorentzian,1.0,1.2,0.05,451,0.0041307715913746984,-0.0005026355935661697,-4.348686943606451e-05,1.3746912853987773e-12,0.0003356488187546938,-0.00019416302043359169,-6.949223230559972e-05,-0.00012467078812800325,1.312476898295284e-06,1.312476898295284e-06,5.29151708048243e-06,0.9999918838774158,-9.445657963059925e-07,-2.8782372810463705e-08,5.112508671560886e-07,4.693408864515752e-07
matched_lorentzian,lorentzian,1.0,1.2,0.05,452,0.0041313419755465266,-1.978335152377314e-15,-1.7288724181212398e-16,2.2033686919545083e-35,5.379812228322018e-27,-7.985704083247726e-16,-2.6241333956758456e-16,-5.351790940648239e-16,2.2396024825840913e-29,2.2396024825840913e-29,8.27888153290035e-29,1.0,-3.745759223207868e-18,-1.172639852433425e-19,2.090976997700708e-18,1.901851496344985e-18
matched_lorentzian,lorentzian,1.0,1.2,0.05,453,0.004131906017642326,0.00048732690388414435,4.246316608383241e-05,1.304658619508959e-12,0.00031854942936463104,0.00018821151061966496,6.719062634603245e-05,0.00012102088427365849,1.2437189729346522e-06,1.2437189729346522e-06,5.00820763308648e-06,0.9999923464501911,9.189261005833042e-07,2.73318279721051e-08,-4.99382438938436e-07,-4.583705837369197e-07
matched_lorentzian,lorentzian,1.0,1.2,0.05,454,0.004132463144155426,9.154359593362513e-16,8.027142165583064e-17,5.5456113330363526e-36,1.3540333840599978e-27,3.3705213270499437e-16,1.8342080002638452e-16,1.8337851181328325e-16,3.562053267238805e-30,3.562053267238805e-30,1.778197247680675e-29,1.0,2.0043716905053268e-18,5.661028478660091e-20,-9.130844473890341e-19,-8.313708720720338e-19
matched_lorentzian,lorentzian,1.0,1.2,0.05,455,0.004133013671552632,-0.00047186918367277467,-4.140249546703183e-05,1.2347853026524675e-12,0.00030148894712075724,-0.00018220012659804009,-6.48810646336967e-05,-0.00011731906196433094,1.1752445835365255e-06,1.1752445835365255e-06,4.726953088133591e-06,0.9999928013211785,-8.927715633700325e-07,-2.5914944958958607e-08,4.870909243879401e-07,4.4700680676805325e-07
matched_lorentzian,lorentzian,1.0,1.2,0.05,456,0.0041335570472263656,3.0363212234594345e-15,2.6869472985871656e-16,5.041753420484771e-35,1.2310098987404665e-26,1.1525356388388488e-15,4.246529084521697e-16,7.279082101432026e-16,4.731641480976007e-29,4.731641480976007e-29,1.9737081201024068e-28,1.0,5.720199989629081e-18,-8.448458307734202e-21,-3.0815995150149105e-18,-2.863654891237292e-18
matched_lorentzian,lorentzian,1.0,1.2,0.05,457,0.0041340935695101414,-0.0004562722201449654,-4.030559528094696e-05,1.1652454065108193e-12,0.00028450987389596596,-0.000176133509620997,-6.256532247857125e-05,-0.00011356818714243499,1.1072399090125626e-06,1.1072399090125626e-06,4.448453605098547e-06,0.9999932477484512,-8.661170599067235e-07,-2.4533115837239078e-08,4.7438102923237943e-07,4.3525556904087703e-07
matched_lorentzian,lorentzian,1.0,1.2,0.05,458,0.004134622707395047,-3.300880698356233e-15,-2.9885080489884e-16,6.17517494153188e-35,1.507749555659331e-26,-1.2718148399876766e-15,-4.539200837546983e-16,-8.08782014807504e-16,5.845881794259544e-29,5.845881794259544e-29,2.385878769094062e-28,1.0,-6.2999219114445486e-18,-3.0696494961337145e-19,3.452512247398515e-18,3.169962937684253e-18
matched_lorentzian,lorentzian,1.0,1.2,0.05,459,0.004135144740809877,0.0004405454583328097,3.9173249045962224e-05,1.0962136420926844e-12,0.00026765486766321903,0.0001700161405806974,6.0245070689261665e-05,0.00010977106989138764,1.039888499297094e-06,1.039888499297094e-06,4.173396105104362e-06,0.9999936850105623,8.389776347273884e-07,2.3187548047905732e-08,-4.612581171717105e-07,-4.2312345418170315e-07
matched_lorentzian,lorentzian,1.0,1.2,0.05,460,0.004135659160964672,-1.7634117310672654e-16,-1.8210826108841233e-17,3.221640211004542e-37,7.86605503913278e-29,-6.017775929432569e-17,-6.193255152562674e-17,-3.693046046540174e-17,1.6261838016119142e-31,1.6261838016119142e-31,7.764949465822527e-31,1.0,-5.116163040285245e-19,6.77882550952404e-20,1.620745090374448e-19,1.7189934422231069e-19
matched_lorentzian,lorentzian,1.0,1.2,0.05,461,0.004136166229202071,0.0004246979913574908,3.800628559837583e-05,1.0278649575998441e-12,0.0002509666443092722,0.00016385233020687836,5.792187183760013e-05,0.00010593045836928687,9.733707571822275e-07,9.733707571822275e-07,3.9024527202581095e-06,0.999994112406675,8.113685064219032e-07,2.187925951294903e-08,-4.477282326548311e-07,-4.106176227020469e-07
matched_lorentzian,lorentzian,1.0,1.2,0.05,462,0.004136665459488838,-2.485499029749188e-16,-2.43190321176649e-17,2.6442690987358676e-37,6.456328114444758e-29,-1.1366934299186188e-16,-2.600338136866832e-17,-7.805401665835585e-17,4.58871561313509e-31,4.58871561313509e-31,1.4611993965875247e-30,1.0,-4.0731883470890815e-19,8.229438185151031e-20,2.4356721063583525e-19,1.8005811668380964e-19
matched_lorentzian,lorentzian,1.0,1.2,0.05,463,0.004137157094491941,0.0004087385521724281,3.680557851046956e-05,9.603741161096605e-13,0.00023448787452033806,0.0001576462101194339,5.5597176982404206e-05,0.00010204903313703569,9.078634471103942e-07,9.078634471103942e-07,3.6362793407740795e-06,0.9999945292567173,7.833050725890402e-07,2.060907447886041e-08,-4.337981215957412e-07,-3.9774581721882434e-07
matched_lorentzian,lorentzian,1.0,1.2,0.05,464,0.004137640671387219,-2.4637225961284963e-16,-2.1661541183754577e-17,3.200716307606219e-37,7.814966598157124e-29,-1.1852272755831908e-16,-1.9135212743967793e-17,-1.1687714121054368e-16,6.118798631498563e-31,6.118798631498563e-31,1.28981786288106e-30,1.0,-4.0142593518790453e-19,-5.616420831619833e-20,2.640552905539845e-19,2.933414981788354e-19
matched_lorentzian,lorentzian,1.0,1.2,0.05,465,0.004138116414169898,0.0003926755068371472,3.5572045436720566e-05,8.939152532742105e-13,0.00021826107578855724,0.000151401724808286,5.327232287943335e-05,9.812940192883816e-05,8.435392325208593e-07,8.435392325208593e-07,3.3755142613358063e-06,0.9999949349015652,7.548029148199482e-07,1.9377620136273434e-08,-4.1947524975048365e-07,-3.845163660211932e-07
matched_lorentzian,lorentzian,1.0,1.2,0.05,466,0.004138583883589226,-8.979861265760874e-16,-8.012368001913021e-17,4.6075560985861514e-36,1.1249949557858765e-27,-3.505907076593482e-16,-1.0468085297628376e-16,-2.346296343227934e-16,4.542469180830299e-30,4.542469180830299e-30,1.7385162435079442e-29,1.0,-1.678681543465069e-18,-6.529127440511235e-20,9.993960139338513e-19,8.868647196926771e-19
matched_lorentzian,lorentzian,1.0,1.2,0.05,467,0.004139043285067073,0.00037651684936658436,3.430664738234132e-05,8.286614155277661e-13,0.00020232849965932763,0.0001451226246048857,5.094852970189389e-05,9.41740949029662e-05,7.805662429391226e-07,7.805662429391226e-07,3.1207769272024448e-06,0.9999953287032611,7.258778035305398e-07,1.8185324051310974e-08,-4.0476781846998583e-07,-3.7093818486325007e-07
matched_lorentzian,lorentzian,1.0,1.2,0.05,468,0.004139494203200197,1.6466199585406838e-16,1.5825816495244102e-17,2.210381248874055e-37,5.396934301266658e-29,8.675589609423809e-17,1.4938584048896887e-17,6.998657765470921e-17,2.675676497474764e-31,2.675676497474764e-31,6.295238988648736e-31,1.0,3.551247613600769e-19,3.563387844003254e-20,-2.467021726044359e-19,-1.8108780603874472e-19
matched_lorentzian,lorentzian,1.0,1.2,0.05,469,0.004139936825030538,0.00036027019819781514,3.301038789018133e-05,7.647840796722292e-13,0.00018673201443181834,0.00013881245970878508,4.8626899294233595e-05,9.018556041456093e-05,7.191076717350822e-07,7.191076717350822e-07,2.8726667798112254e-06,0.9999957100452697,6.965457024669826e-07,1.703241244734165e-08,-3.896847775569613e-07,-3.5702077686545397e-07
matched_lorentzian,lorentzian,1.0,1.2,0.05,470,0.004140370759184348,5.767023581498716e-16,5.1941226979300515e-17,1.9212875907776896e-36,4.691074404719993e-28,2.0984562724396834e-16,8.064125315354071e-17,1.2734440275676487e-16,1.5975440154629113e-30,1.5975440154629113e-30,7.234769499256484e-30,1.0,1.1105448372322103e-18,3.5671092857415794e-20,-6.057945278044919e-19,-5.654363965036769e-19
matched_lorentzian,lorentzian,1.0,1.2,0.05,471,0.004140796174612134,-0.00034394279432165,-3.168431214370946e-05,7.024526551326422e-13,0.00017151298362815632,-0.0001324745753285957,-4.6308413982024636e-05,-8.616616134658368e-05,6.593214051609575e-07,6.593214051609575e-07,2.6317622011152455e-06,0.9999960783327744,-6.668227727299757e-07,-1.591890936164075e-08,3.7423583497417706e-07,3.427742304305644e-07
matched_lorentzian,lorentzian,1.0,1.2,0.05,472,0.004141212704058053,-3.0402266032466067e-15,-2.7713835500789325e-16,5.37555765840763e-35,1.3125125599882364e-26,-1.1291279525162255e-15,-4.343328369142049e-16,-6.914365840926901e-16,4.627233885377328e-29,4.627233885377328e-29,2.034581316843145e-28,1.0,-5.889731422693033e-18,1.784854339764553e-20,3.1862095444422464e-18,2.985697660685406e-18
matched_lorentzian,lorentzian,1.0,1.2,0.05,473,0.004141620498764336,-0.000327541501107885,-3.032950598234191e-05,6.418339705123497e-13,0.00015671214062916818,-0.0001261121079911117,-4.399393595579173e-05,-8.211817203536904e-05,6.013596829426516e-07,6.013596829426516e-07,2.3986195549014537e-06,0.999996432993015,-6.367253761476783e-07,-1.4844636704386714e-08,3.584314631613759e-07,3.282092150733389e-07
matched_lorentzian,lorentzian,1.0,1.2,0.05,474,0.0041420192155867805,7.0780359752325e-16,6.456925052087492e-17,2.319139288986966e-36,5.662481250474129e-28,2.7703693248563393e-16,6.543493945326287e-17,1.9199741197223535e-16,2.9930158088942255e-30,2.9930158088942255e-30,1.1033832879401748e-29,1.0,1.1482653027022998e-18,1.6168345592339071e-19,-7.078629443258496e-19,-6.880513031220639e-19
matched_lorentzian,lorentzian,1.0,1.2,0.05,475,0.004142408988536212,0.00031107280586737535,2.8947094827972385e-05,5.830917465444083e-13,0.0001423694599885881,0.0001197279830699122,4.168420724696454e-05,7.804377582293561e-05,5.453687904143525e-07,5.453687904143525e-07,2.1737723230048077e-06,0.999996773475666,6.062700778707561e-07,1.3809215243390153e-08,-3.4228290175572725e-07,-3.133369750971572e-07
matched_lorentzian,lorentzian,1.0,1.2,0.05,476,0.004142789498478481,1.216569300246146e-15,1.1408526947471518e-16,8.659132674206332e-36,2.1142402548179515e-27,4.314928377099115e-16,1.7557731656418262e-16,2.501194501720697e-16,6.88785777897433e-30,6.88785777897433e-30,3.350221789068007e-29,1.0,2.359608816173411e-18,1.0704192924537802e-19,-1.2647466779852803e-18,-1.216690911756832e-18
matched_lorentzian,lorentzian,1.0,1.2,0.05,477,0.004143160862762122,-0.00029454282315835925,-2.7538242519228786e-05,5.263860578083333e-13,0.00012852402600417636,-0.00011332491357056317,-3.937985030712098e-05,-7.394506326346207e-05,4.914887818020615e-07,4.914887818020615e-07,1.9577303332185186e-06,0.9999970992532539,-5.754736480214582e-07,-1.2812066524467455e-08,3.2580215650787016e-07,2.981693210365582e-07
matched_lorentzian,lorentzian,1.0,1.2,0.05,478,0.00414352278606591,-7.775640628812332e-16,-7.344366617078239e-17,4.3681915330094285e-36,1.0665509730961549e-27,-2.7201557787683125e-16,-1.4716161739006554e-16,-1.4072160455971834e-16,2.4942810941106298e-30,2.4942810941106298e-30,1.3782271368867563e-29,1.0,-1.7362980387150225e-18,-5.311723444738945e-20,8.460850522841284e-19,7.967303794068727e-19
matched_lorentzian,lorentzian,1.0,1.2,0.05,479,0.004143875369735493,-0.0002779572998813755,-2.6104150054576288e-05,4.718727861171408e-13,0.00011521389925503157,-0.00010690540021521739,-3.708136920452958e-05,-6.982403101070425e-05,4.3985323405977717e-07,4.3985323405977717e-07,1.7509790757368825e-06,0.9999974098216116,-5.443530623259547e-07,-1.185241574556727e-08,3.0900199425928087e-07,2.827186188390812e-07
matched_lorentzian,lorentzian,1.0,1.2,0.05,480,0.00414421834197012,-1.5257119428556952e-15,-1.4392076814642225e-16,1.4435006207737926e-35,3.5244951603358845e-27,-6.003288276110458e-16,-2.1295736304122223e-16,-3.99374694857062e-16,1.3869518475888689e-29,1.3869518475888689e-29,5.298505451852592e-29,1.0,-3.0259653970796918e-18,-4.121824433615464e-20,1.6849740646856257e-18,1.561314536243391e-18
matched_lorentzian,lorentzian,1.0,1.2,0.05,481,0.004144551788859764,0.00026132162214483057,2.4646054241228826e-05,4.197030686291977e-13,0.00010247598185089629,0.00010047173284528922,3.478915144145717e-05,6.568258140380734e-05,3.9058903023806277e-07,3.9058903023806277e-07,1.5539791036268609e-06,0.9999977047003649,5.12925501575326e-07,1.0929295581435228e-08,-2.9189593382307534e-07,-2.669977767295944e-07
matched_lorentzian,lorentzian,1.0,1.2,0.05,482,0.004144875461737045,-1.5628696304936606e-16,-1.8564561197258157e-17,1.1550596925389292e-37,2.820228988935411e-29,-6.486286507476553e-17,2.8945227523881978e-18,-5.642451425128044e-17,2.527208253935025e-31,2.527208253935025e-31,6.999966384147171e-31,1.0,-2.1647975799912922e-19,7.1341263433846e-22,2.0864857148535318e-19,1.5845424667728537e-19
matched_lorentzian,lorentzian,1.0,1.2,0.05,483,0.004145189432268322,0.0002446408239279371,2.3165226252108966e-05,3.700227442415725e-13,9.034588226186806e-05,9.402599316671548e-05,3.250347039878788e-05,6.152252276796425e-05,3.4381617120463686e-07,3.4381617120463686e-07,1.3671655130346707e-06,0.9999979834334474,4.812083498758643e-07,1.0041550962115684e-08,-2.7449823269916394e-07,-2.510202297637207e-07
matched_lorentzian,lorentzian,1.0,1.2,0.05,484,0.004145493474438982,-2.442868371745446e-15,-2.293092363466123e-16,3.4438458194739197e-35,8.408599032795905e-27,-9.371160340703115e-16,-2.7177771359278255e-16,-6.207860200502679e-16,3.433896810358493e-29,3.433896810358493e-29,1.3512800931282363e-28,1.0,-4.5458045482101675e-18,-7.336118571472395e-20,2.7644273346711687e-18,2.475212890230725e-18
matched_lorentzian,lorentzian,1.0,1.2,0.05,485,0.004145787646405197,0.00022791959751356644,2.1662970089989225e-05,3.2297180193999997e-13,7.885778062584373e-05,8.757005884136634e-05,3.0224488402822028e-05,5.734557043859296e-05,2.996476141950453e-07,2.996476141950453e-07,1.1909474977909188e-06,0.9999982455896381,4.492191915774296e-07,9.187844797325265e-09,-2.568238695470722e-07,-2.3479992205571382e-07
matched_lorentzian,lorentzian,1.0,1.2,0.05,486,0.0041460717442326185,1.6049952691017642e-16,1.2987716378109095e-17,1.6284453698671372e-37,3.9760619028285956e-29,6.761324267866559e-17,3.3770923863086e-18,2.2389676391928712e-17,7.013645318138036e-32,7.013645318138036e-32,5.027704446334602e-31,1.0,2.6423588445272265e-19,-1.9655107669629156e-20,-2.2041480002518166e-19,-2.0989265596145947e-19
matched_lorentzian,lorentzian,1.0,1.2,0.05,487,0.004146345813558126,0.00021116230568516553,2.014062096151667e-05,2.7868383514667295e-13,6.804429552041139e-05,8.110560892506543e-05,2.7952260414197618e-05,5.3153348510801e-05,2.581891364899856e-07,2.581891364899856e-07,1.025707973092393e-06,0.9999984907631149,4.169758068752787e-07,8.366664627112274e-09,-2.388885224117641e-07,-2.183512867155236e-07
matched_lorentzian,lorentzian,1.0,1.2,0.05,488,0.004146609671865293,9.721177780319594e-16,9.320028251494217e-17,6.918299282310044e-36,1.689193062153733e-27,3.644043564863913e-16,1.8103385334002209e-16,2.245652227541385e-16,5.0473866266514954e-30,5.0473866266514954e-30,2.1849573198342684e-29,1.0,2.1790013030561324e-18,-1.0738860520251605e-20,-1.0820665944058844e-18,-9.996345160784012e-19
matched_lorentzian,lorentzian,1.0,1.2,0.05,489,0.004146863353335654,-0.00019437299564447133,-1.85995435620194e-05,2.3728550616450356e-13,5.793635319992702e-05,-7.463413063675887e-05,-2.568673832293703e-05,-4.894739231381395e-05,2.1953922230297974e-07,2.1953922230297974e-07,8.718032623046327e-07,0.9999987185740175,-3.844961660088956e-07,-7.576330187977963e-09,2.207085427102984e-07,2.016892235210957e-07
matched_lorentzian,lorentzian,1.0,1.2,0.05,490,0.004147106696121092,-5.397856547474052e-16,-5.1057253346902714e-17,1.6304805587867646e-36,3.981031082193237e-28,-1.827437886904341e-16,-7.614109648665843e-17,-7.207548150683421e-17,8.873598846242424e-31,8.873598846242424e-31,6.645590515729836e-30,1.0,-1.0207591995253908e-18,-9.941516451352128e-20,5.445221499865953e-19,5.311717882284161e-19
matched_lorentzian,lorentzian,1.0,1.2,0.05,491,0.004147339724080015,0.00017755541461966784,1.7041130275250414e-05,1.9889602505566533e-13,4.85630603569093e-05,6.81569274368289e-05,2.3427775840179534e-05,4.4729151596604476e-05,1.8378897080302363e-07,1.8378897080302363e-07,7.295628409802018e-07,0.9999989286690132,3.5179842208965426e-07,6.815001854607631e-09,-2.0230092505393098e-07,-1.8482907439832153e-07
matched_lorentzian,lorentzian,1.0,1.2,0.05,492,0.0041475622951987,-7.196966335183528e-16,-6.882241059769364e-17,2.553793188448833e-36,6.235419371251631e-28,-2.8770404261780946e-16,-5.076224674884788e-17,-1.4763992166155952e-16,2.449857189840324e-30,2.449857189840324e-30,1.1942257570215708e-29,1.0,-1.1799224988554703e-18,2.0022508892178988e-20,8.142136666056256e-19,7.058550059281167e-19
matched_lorentzian,lorentzian,1.0,1.2,0.05,493,0.004147774424207661,-0.00016071302709700155,-1.546679929031059e-05,1.6362664726647308e-13,3.995158146059743e-05,-6.167512837579659e-05,-2.1175133964832008e-05,-4.049999441101945e-05,1.5102202307773745e-07,1.5102202307773745e-07,5.99289131766709e-07,0.9999991207218571,-3.189009025405391e-07,-6.0806899343856015e-09,1.8368327299616387e-07,1.6778659677292837e-07
matched_lorentzian,lorentzian,1.0,1.2,0.05,494,0.004147975988012857,-1.7949600898108433e-15,-1.6892716145225337e-16,2.1531652886034764e-35,5.257234066874292e-27,-6.82303704776792e-16,-2.607976628776021e-16,-4.3532773049353863e-16,1.7728809912652055e-29,1.7728809912652055e-29,7.3100112866634e-29,1.0,-3.719125229079641e-18,-1.402565661125569e-19,2.076117676423642e-18,1.835708012120033e-18
matched_lorentzian,lorentzian,1.0,1.2,0.05,495,0.004148166993469599,0.00014384903361500112,1.3877992640758466e-05,1.3158019436490886e-13,3.212702173876308e-05,5.518969866823342e-05,1.8928486999938307e-05,3.626121166821228e-05,1.213145057729516e-07,1.213145057729516e-07,4.812573440346077e-07,0.9999992944339391,2.8582209918284974e-07,5.371264767534783e-09,-1.6487376086129865e-07,-1.5057793489707053e-07
matched_lorentzian,lorentzian,1.0,1.2,0.05,496,0.00414834733541187,2.02544662568671e-15,1.9757401203639536e-16,2.4941918804552595e-35,6.089894999076139e-27,7.268266195359018e-16,2.9604206716978894e-16,4.524731483780104e-16,2.1550012097747095e-29,2.1550012097747095e-29,9.64662752770124e-29,1.0,3.997348146096865e-18,8.206230173981524e-20,-2.1516078465845018e-18,-2.080138470534526e-18
matched_lorentzian,lorentzian,1.0,1.2,0.05,497,0.004148517014123955,0.0001269663910363622,1.2276174170101819e-05,1.028506021796281e-13,2.5112316849951434e-05,4.8701451430651155e-05,1.6687429093702686e-05,3.201402233695597e-05,9.473498909513179e-08,9.473498909513179e-08,3.7571535196916155e-07,0.9999994495348109,2.5258065702978983e-07,4.6844675878280564e-09,-1.4589109183023978e-07,-1.3321958925783735e-07
matched_lorentzian,lorentzian,1.0,1.2,0.05,498,0.0041486759413036445,-5.9632402683384e-16,-5.488264293368864e-17,2.217228775068759e-36,5.4136534301580405e-28,-1.8774522604989016e-16,-1.3531667486144162e-16,-7.14879174953779e-17,9.457103677128729e-31,9.457103677128729e-31,7.88874308346602e-30,1.0,-1.2770553879375324e-18,-1.308103674895045e-19,4.860437887918943e-19,5.770687951557933e-19
matched_lorentzian,lorentzian,1.0,1.2,0.05,499,0.004148824112013628,-0.0001100678342000512,-1.0662827428906466e-05,7.752250048132282e-14,1.8928130257200312e-05,-4.221106051279663e-05,-1.44514812664036e-05,-2.7759579246392757e-05,7.13444568899013e-08,7.13444568899013e-08,2.828836050557498e-07,0.9999995857826849,-2.1919536182319398e-07,-4.01792209474638e-09,1.26754452505577e-07,1.1572838419581376e-07
matched_lorentzian,lorentzian,1.0,1.2,0.05,500,0.004148961453683444,-7.604324658679536e-16,-7.024333579512084e-17,3.651201491067392e-36,8.914884967475745e-28,-2.876550630896983e-16,-1.1116005774667336e-16,-1.8821063661352765e-16,3.186470420476021e-30,3.186470420476021e-30,1.287438161230743e-29,1.0,-1.5171101322415462e-18,-1.3333209486876401e-19,8.187596920893953e-19,8.132855936293328e-19
matched_lorentzian,lorentzian,1.0,1.2,0.05,501,0.004149087957542352,9.315589885526554e-05,9.0394535097486e-06,5.567082819554213e-14,1.3592759277228367e-05,3.571907434240601e-05,1.2220098890547049e-05,2.349897545195883e-05,5.11962865811425e-08,5.11962865811425e-08,2.0295506518010957e-07,0.9999997029648979,1.85685126431465e-07,3.3691466720017175e-09,-1.0748346422308094e-07,-9.812143388160001e-08
matched_lorentzian,lorentzian,1.0,1.2,0.05,502,0.004149203565556882,4.1169298515655304e-16,3.8152154455567296e-17,9.799342579086443e-37,2.3926373842464635e-28,1.821694888705661e-16,3.8521870900228655e-17,1.5072539616012323e-16,1.3859282881209499e-30,1.3859282881209499e-30,3.785539588453112e-30,1.0,7.465666628108233e-19,5.632156566050885e-20,-4.820546814237833e-19,-4.324623003767135e-19
matched_lorentzian,lorentzian,1.0,1.2,0.05,503,0.004149308266542995,7.623294575109102e-05,7.407568825840236e-06,3.736048783289046e-14,9.122050705057847e-06,2.922593068983872e-05,9.992679577801054e-06,1.9233251111993514e-05,3.433623683869137e-08,3.433623683869137e-08,1.3609516482568633e-07,0.9999998008983337,1.52068976176882e-07,2.7355671965613012e-09,-8.809813139843636e-08,-8.041610680468368e-08
matched_lorentzian,lorentzian,1.0,1.2,0.05,504,0.004149402015752289,3.1065673323087845e-16,3.1413501565083877e-17,7.2950561850154335e-37,1.7811831770936542e-28,1.380391116440715e-16,3.8677839241535176e-17,1.0508833052449604e-16,7.955826942945176e-31,7.955826942945176e-31,2.3518607593346833e-30,1.0,6.3251660896043025e-19,2.2081816818225575e-19,-3.732792831943955e-19,-3.759391855463499e-19
matched_lorentzian,lorentzian,1.0,1.2,0.05,505,0.004149484801032607,5.9301185753313224e-05,5.768702839953517e-06,2.2646042534972153e-14,5.529326843828057e-06,2.2731972251104125e-05,7.768571429891897e-06,1.4963400821304165e-05,2.0802441014301197e-08,2.0802441014301197e-08,8.24417813465949e-08,0.9999998794297965,1.18366033218114e-07,2.114530366255422e-09,-6.861878723324227e-08,-6.262998894419266e-08
matched_lorentzian,lorentzian,1.0,1.2,0.05,506,0.004149556589617331,-1.8511710897772023e-15,-1.7617155022407631e-16,2.3638874231478973e-35,5.771739660214001e-27,-6.673912983543752e-16,-3.0560745994242885e-16,-3.7810945966842346e-16,1.6052830760483e-29,1.6052830760483e-29,7.859241670111007e-29,1.0,-3.94201540308336e-18,-7.226368478243237e-20,2.0576211882644937e-18,1.96478034365147e-18
matched_lorentzian,lorentzian,1.0,1.2,0.05,507,0.004149617369849303,4.236270584907775e-05,4.124395750696418e-06,1.1571458752288655e-14,2.8253226762455802e-06,1.6237462938399475e-05,5.547081601209784e-06,1.0690381337113194e-05,1.0625404568738627e-08,1.0625404568738627e-08,4.2105222824022374e-08,0.9999999384363318,8.459550010092597e-08,1.5033174719679126e-09,-4.906603713863928e-08,-4.478084580544496e-08
matched_lorentzian,lorentzian,1.0,1.2,0.05,508,0.004149667119595251,-1.6746202438189912e-15,-1.6482193102965974e-16,1.838239100993252e-35,4.4883006780543616e-27,-6.320879791924957e-16,-1.8756390911490215e-16,-4.0637931471858377e-16,1.6141107576108393e-29,1.6141107576108393e-29,6.651476717836767e-29,1.0,-3.304013996888267e-18,3.3131561361424405e-20,2.0612543572728808e-18,1.7933252054672788e-18
matched_lorentzian,lorentzian,1.0,1.2,0.05,509,0.0041497058291668715,-2.541949589828299e-05,-2.476196144257474e-06,4.169897157464668e-15,1.0181348133196046e-06,-9.742604764681045e-06,-3.327485124087395e-06,-6.415119640593885e-06,3.828004965397316e-09,3.828004965397316e-09,1.516822163390172e-08,0.999999977825489,-5.0776642639993263e-08,-8.991585436577009e-10,2.946070026447569e-08,2.6886583522552192e-08
matched_lorentzian,lorentzian,1.0,1.2,0.05,510,0.004149733485677061,-3.61583742558238e-16,-3.725749342735983e-17,9.161529406618568e-37,2.2369069739362503e-28,-1.6637820038663777e-16,-2.065949784461281e-17,-1.221609377170971e-16,1.0967958182818723e-30,1.0967958182818723e-30,3.2464021986717315e-30,1.0,-6.813882537645364e-19,1.1717433169999771e-19,5.157431749443982e-19,4.149001588123378e-19
matched_lorentzian,lorentzian,1.0,1.2,0.05,511,0.004149750082883752,-8.473475960477789e-06,-8.25658617747884e-07,4.63553908655097e-16,1.1318273675101521e-07,-3.2475551909304516e-06,-1.109033937182991e-06,-2.1385212538157036e-06,4.254927326184738e-10,4.254927326184738e-10,1.6859324801040077e-09,0.9999999975355213,-1.6928772231013634e-08,-2.9924678377691004e-10,9.823749516141156e-09,8.965209211840748e-09
