eta,omega,H,H0,H_first_order,first_order_error,absolute_remainder,rho_norm,rho_spectral,rho_drive,remainder_neumann,remainder_energy,remainder_certificate,neumann_violation,energy_violation,kernel,delta_P,xi,n,configuration,omega_gap_fraction,H_real,H_imag,H0_real,H0_imag,H_first_order_real,H_first_order_imag
0.0,0.0,-2.6112110981542735,-2.6112110981542735,-2.6112110981542735,0.0,0.0,0.0,0.0,0.0,0.0,0.0,0.0,0.0,0.0,gaussian,0.4,0.0,256,gaussian:0.4:0.0:0.0,0.0,,,,,,
1e-05,0.0,-2.611197221358411,-2.6112110981542735,-2.611197220471812,3.3953727705004887e-10,8.865987943806886e-10,9.498221900008278e-05,9.375924172465725e-05,8.43535566345414e-05,4.263394806143013e-07,2.1840987420386926e-07,1.6327359223645516e-07,0.0,0.0,gaussian,0.4,0.0,256,gaussian:0.4:0.0:0.0,0.0,,,,,,
1.4677992676220705e-05,0.0,-2.611190730412158,-2.6112110981542735,-2.61119072850212,7.314815740462819e-10,1.910037905616946e-09,0.0001394148314854406,0.00013761974633625258,0.0001238140886494967,9.185613847246595e-07,4.7052917391810254e-07,3.5177886388332206e-07,0.0,0.0,gaussian,0.4,0.0,256,gaussian:0.4:0.0:0.0,0.0,,,,,,
2.1544346900318823e-05,0.0,-2.6111812037085476,-2.6112110981542735,-2.611181199593761,1.5758334686702843e-09,4.114786733566689e-09,0.00020463298754998369,0.00020199816288268626,0.00018173422864102502,1.9791096040508723e-06,1.0136591261712642e-06,7.579370992711531e-07,0.0,0.0,gaussian,0.4,0.0,256,gaussian:0.4:0.0:0.0,0.0,,,,,,
3.1622776601683795e-05,0.0,-2.6111672219332576,-2.6112110981542735,-2.6111672130690495,3.3947301267403772e-09,8.864208034253807e-09,0.00030036014925718236,0.0002964927555402106,0.0002667493677011584,4.264270676420694e-06,2.1836560832713165e-06,1.6330925185588523e-06,0.0,0.0,gaussian,0.4,0.0,256,gaussian:0.4:0.0:0.0,0.0,,,,,,
4.641588833612782e-05,0.0,-2.611146702753051,-2.6112110981542735,-2.6111466836583226,7.312775052022501e-09,1.9094728465063326e-08,0.000440868407102548,0.0004351918494371707,0.0003915345265504107,9.188384104704078e-06,4.703892184697198e-06,3.51892005738255e-06,0.0,0.0,gaussian,0.4,0.0,256,gaussian:0.4:0.0:0.0,0.0,,,,,,
6.812920690579608e-05,0.0,-2.611116591734315,-2.6112110981542735,-2.611116550604293,1.5751890277538136e-08,4.113002205485827e-08,0.0006471063250628275,0.0006387742778789723,0.0005746940913194459,1.979985874322716e-05,1.0132166667079286e-05,7.58296632921537e-06,0.0,0.0,gaussian,0.4,0.0,256,gaussian:0.4:0.0:0.0,0.0,,,,,,
0.0001,0.0,-2.611072409915299,-2.6112110981542735,-2.6110723213296554,3.3926919595564615e-08,8.858564370939348e-08,0.0009498221900008277,0.0009375924172465725,0.000843535566345414,4.267042791372781e-05,2.182257453439773e-05,1.634237585122452e-05,0.0,0.0,gaussian,0.4,0.0,256,gaussian:0.4:0.0:0.0,0.0,,,,,,
0.0001467799267622069,0.0,-2.6110075924015996,-2.6112110981542735,-2.6110074016327367,7.306331221860714e-08,1.907688629287918e-07,0.0013941483148544045,0.0013761974633625244,0.0012381408864949657,9.197155435191397e-05,4.699471878957635e-05,3.5225788354681716e-05,0.0,0.0,gaussian,0.4,0.0,256,gaussian:0.4:0.0:0.0,0.0,,,,,,
0.00021544346900318823,0.0,-2.610912523285637,-2.6112110981542735,-2.6109121125491437,1.5731530244629908e-07,4.1073649326150985e-07,0.0020463298754998366,0.0020199816288268627,0.0018173422864102501,0.00019827619980525272,0.00010118200255891708,7.594712106881464e-05,0.0,0.0,gaussian,0.4,0.0,256,gaussian:0.4:0.0:0.0,0.0,,,,,,
0.00031622776601683794,0.0,-2.610773131378,-2.6112110981542735,-2.6107722473020347,3.386261160337931e-07,8.840759653239161e-07,0.0030036014925718234,0.0029649275554021063,0.0026674936770115843,0.000427583275709505,0.00021778463647822237,0.0001638033787653081,0.0,0.0,gaussian,0.4,0.0,256,gaussian:0.4:0.0:0.0,0.0,,,,,,
0.00046415888336127773,0.0,-2.6105688552632884,-2.6112110981542735,-2.6105669531947617,7.286030869661035e-07,1.902068526682399e-06,0.004408684071025476,0.004351918494371703,0.003915345265504104,0.0009225003361816368,0.0004685548156557809,0.00035349655972143583,0.0,0.0,gaussian,0.4,0.0,256,gaussian:0.4:0.0:0.0,0.0,,,,,,
0.0006812920690579609,0.0,-2.610269712294378,-2.6112110981542735,-2.6102656226544596,1.5667499412063522e-06,4.089639918269938e-06,0.006471063250628275,0.006387742778789723,0.005746940913194458,0.00199159233289554,0.0010074286881248252,0.0007635671366363312,0.0,0.0,gaussian,0.4,0.0,256,gaussian:0.4:0.0:0.0,0.0,,,,,,
0.001,0.0,-2.6098321148348926,-2.6112110981542735,-2.609823329908092,3.3660888571108067e-06,8.784926800675663e-06,0.009498221900008277,0.009375924172465725,0.00843535566345414,0.0043038689618722726,0.0021640138913273503,0.0016518276015137807,0.0,0.0,gaussian,0.4,0.0,256,gaussian:0.4:0.0:0.0,0.0,,,,,,
0.0014677992676220691,0.0,-2.6091929780719405,-2.6112110981542735,-2.609174132938899,7.2225907397422224e-06,1.884513304162283e-05,0.013941483148544046,0.013761974633625246,0.012381408864949659,0.009314186814963174,0.004642055431145298,0.0035825725262045196,0.0,0.0,gaussian,0.4,0.0,256,gaussian:0.4:0.0:0.0,0.0,,,,,,
0.002154434690031882,0.0,-2.608261587976867,-2.6112110981542735,-2.608221242102975,1.5468492147410073e-05,4.03458738920115e-05,0.020463298754998367,0.020199816288268623,0.0181734228641025,0.02020041322009631,0.0099378951776449,0.0078053518714591786,0.0,0.0,gaussian,0.4,0.0,256,gaussian:0.4:0.0:0.0,0.0,,,,,,
0.0031622776601683794,0.0,-2.6069087190716447,-2.6112110981542735,-2.6068225896318817,3.3038916603727683e-05,8.612943976293863e-05,0.03003601492571823,0.02964927555402106,0.026674936770115842,0.04394998087601555,0.02121405388553588,0.017148718483261192,0.0,0.0,gaussian,0.4,0.0,256,gaussian:0.4:0.0:0.0,0.0,,,,,,
0.004641588833612777,0.0,-2.604952756828543,-2.6112110981542735,-2.604769648559153,7.029235709159246e-05,0.00018310826938972014,0.04408684071025475,0.043519184943717024,0.039153452655041034,0.09607915894017026,0.045096816121214085,0.03829853038377909,0.0,0.0,gaussian,0.4,0.0,256,gaussian:0.4:0.0:0.0,0.0,,,,,,
0.006812920690579608,0.0,-2.602143333601467,-2.6112110981542735,-2.6017563431561315,0.00014871988039188235,0.0003869904453357442,0.06471063250628276,0.06387742778789723,0.057469409131944586,0.21156068717451754,0.09529893735603083,0.08851186999904118,0.0,0.0,gaussian,0.4,0.0,256,gaussian:0.4:0.0:0.0,0.0,,,,,,
0.01,0.0,-2.5981445206086016,-2.6112110981542735,-2.5973334156924546,0.0003121862197092106,0.0008111049161469985,0.09498221900008277,0.09375924172465724,0.08435355663454139,0.4710393485014016,0.19970606310364541,0.2215306696141374,0.0,0.0,gaussian,0.4,0.0,256,gaussian:0.4:0.0:0.0,0.0,,,,,,
0.01467799267622069,0.0,-2.592521963798699,-2.6112110981542735,-2.590841446000524,0.0006482173812379081,0.0016805177981753516,0.13941483148544045,0.13761974633625243,0.12381408864949657,1.0672195585583797,0.41366540053407613,0.7004490860590271,0.0,0.0,gaussian,0.4,0.0,256,gaussian:0.4:0.0:0.0,0.0,,,,,,
0.021544346900318822,0.0,-2.5847404421477735,-2.6112110981542735,-2.5813125376412827,0.001326208407851773,0.0034279045064908864,0.20463298754998366,0.20199816288268624,0.181734228641025,2.4877881304692093,0.8434820574276469,26.600415930912956,0.0,0.0,gaussian,0.4,0.0,256,gaussian:0.4:0.0:0.0,0.0,,,,,,
0.03162277660168379,0.0,-2.574176627485663,-2.6112110981542735,-2.567326012930351,0.0026612837993185263,0.006850614555311996,0.3003601492571823,0.2964927555402106,0.2667493677011584,6.0931204174801845,1.6847788097130263,inf,0.0,0.0,gaussian,0.4,0.0,256,gaussian:0.4:0.0:0.0,0.0,,,,,,
0.046415888336127774,0.0,-2.5601400207000244,-2.6112110981542735,-2.546796602203069,0.005211987777647849,0.013343418496955639,0.44086840710254754,0.43519184943717026,0.3915345265504103,16.4260674107972,3.2789618210848244,inf,0.0,0.0,gaussian,0.4,0.0,256,gaussian:0.4:0.0:0.0,0.0,,,,,,
0.06812920690579609,0.0,-2.5418692206283744,-2.6112110981542735,-2.5166635481728505,0.009916195629172758,0.025205672455523853,0.6471063250628275,0.6387742778789723,0.5746940913194459,56.07084381130339,6.186720753054294,inf,0.0,0.0,gaussian,0.4,0.0,256,gaussian:0.4:0.0:0.0,0.0,,,,,,
0.1,0.0,-2.5184425869312586,-2.6112110981542735,-2.4724342735360794,0.01826855757360769,0.04600831339517919,0.9498221900008277,0.9375924172465725,0.8435355663454139,849.5767072166304,11.273286899959157,inf,0.0,0.0,gaussian,0.4,0.0,256,gaussian:0.4:0.0:0.0,0.0,,,,,,
0.14677992676220675,0.0,-2.4885461456270144,-2.6112110981542735,-2.407514576616772,0.03256181090016541,0.08103156901024233,1.3941483148544032,1.376197463362523,1.2381408864949643,inf,19.80449585017772,inf,0.0,0.0,gaussian,0.4,0.0,256,gaussian:0.4:0.0:0.0,0.0,,,,,,
0.21544346900318823,0.0,-2.450104536628218,-2.6112110981542735,-2.312225493024364,0.05627475952254672,0.13787904360385372,2.0463298754998367,2.0199816288268626,1.81734228641025,inf,33.57185599325596,inf,0.0,0.0,gaussian,0.4,0.0,256,gaussian:0.4:0.0:0.0,0.0,,,,,,
0.31622776601683794,0.0,-2.3998752693594465,-2.6112110981542735,-2.1723602459150513,0.09480285344376316,0.22751502344439523,3.003601492571823,2.964927555402106,2.6674936770115845,inf,55.09062879357137,inf,0.0,0.0,gaussian,0.4,0.0,256,gaussian:0.4:0.0:0.0,0.0,,,,,,
0.46415888336127725,0.0,-2.3331728364802142,-2.6112110981542735,-1.967066138642223,0.15691366370881193,0.3661066978379912,4.408684071025471,4.351918494371699,3.9153452655040994,inf,87.92995045020875,inf,0.0,0.0,gaussian,0.4,0.0,256,gaussian:0.4:0.0:0.0,0.0,,,,,,
0.6812920690579608,0.0,-2.2439294037298616,-2.6112110981542735,-1.6657355983400366,0.25767022992289806,0.578193805389825,6.471063250628275,6.387742778789723,5.746940913194458,inf,137.23594794926436,inf,0.0,0.0,gaussian,0.4,0.0,256,gaussian:0.4:0.0:0.0,0.0,,,,,,
1.0,0.0,-2.1253726153637436,-2.6112110981542735,-1.223442851972325,0.4243631243159963,0.9019297633914185,9.498221900008277,9.375924172465725,8.43535566345414,inf,210.5165270267701,inf,0.0,0.0,gaussian,0.4,0.0,256,gaussian:0.4:0.0:0.0,0.0,,,,,,
0.0,0.008,,,,0.0,0.0,0.0,0.0,0.0,0.0,nan,0.0,0.0,nan,gaussian,0.4,0.0,256,gaussian:0.4:0.0:0.01,0.01,-0.2847453427714629,0.8592495235861,-0.2847453427714629,0.8592495235861,-0.2847453427714629,0.8592495235861
1e-05,0.008,,,,5.102391188924222e-13,4.618690876927775e-13,3.8693397513489795e-06,3.864637081801302e-06,1.3116208871622146e-06,1.878896276300744e-11,nan,2.0756669066519287e-11,0.0,nan,gaussian,0.4,0.0,256,gaussian:0.4:0.0:0.01,0.01,-0.2847458954570454,0.8592491350883824,-0.2847453427714629,0.8592495235861,-0.28474589545738493,0.8592491350886955
1.4677992676220705e-05,0.008,,,,1.1004728755354148e-12,9.961493210430716e-13,5.679414053210996e-06,5.672511478293047e-06,1.9251961775745088e-06,4.047966643782806e-11,nan,4.471897333710488e-11,0.0,nan,gaussian,0.4,0.0,256,gaussian:0.4:0.0:0.01,0.01,-0.2847461540027226,0.8592489533492187,-0.2847453427714629,0.8592495235861,-0.28474615400345443,0.8592489533498945
2.1544346900318823e-05,0.008,,,,2.3709356697939247e-12,2.1461733960017598e-12,8.336239787825578e-06,8.326108193416306e-06,2.825801539472668e-06,8.72110293203989e-11,nan,9.63443776816346e-11,0.0,nan,gaussian,0.4,0.0,256,gaussian:0.4:0.0:0.01,0.01,-0.28474653349560924,0.8592486865923595,-0.2847453427714629,0.8592495235861,-0.28474653349718604,0.8592486865938155
3.1622776601683795e-05,0.008,,,,5.107467378687107e-12,4.623283697587803e-12,1.2235926655292349e-05,1.2221055508438576e-05,4.147709430083302e-06,1.8789119964420732e-10,nan,2.0756852399535322e-10,0.0,nan,gaussian,0.4,0.0,256,gaussian:0.4:0.0:0.01,0.01,-0.2847470905144103,0.8592482950463014,-0.2847453427714629,0.8592495235861,-0.2847470905178072,0.8592482950494376
4.641588833612782e-05,0.008,,,,1.1003918093403576e-11,9.960752590863294e-12,1.795988418331548e-05,1.793805632485481e-05,6.088004863785425e-06,4.048016355609081e-10,nan,4.471955309705244e-10,0.0,nan,gaussian,0.4,0.0,256,gaussian:0.4:0.0:0.01,0.01,-0.2847479081049483,0.8592477203341298,-0.2847453427714629,0.8592495235861,-0.28474790811226713,0.8592477203408864
6.812920690579608e-05,0.008,,,,2.3706894948648252e-11,2.1459484055294118e-11,2.6361504850847617e-05,2.632946593618529e-05,8.935969080343834e-06,8.721260136376026e-10,nan,9.634621109019817e-10,0.0,nan,gaussian,0.4,0.0,256,gaussian:0.4:0.0:0.01,0.01,-0.28474910816104904,0.8592468767695396,-0.2847453427714629,0.8592495235861,-0.2847491081768165,0.8592468767840963
0.0001,0.008,,,,5.107470731464351e-11,4.623279925178043e-11,3.8693397513489794e-05,3.8646370818013024e-05,1.3116208871622146e-05,1.878961709625036e-09,nan,2.0757432195875524e-09,0.0,nan,gaussian,0.4,0.0,256,gaussian:0.4:0.0:0.01,0.01,-0.28475086959671303,0.8592456385806964,-0.2847453427714629,0.8592495235861,-0.2847508696306832,0.8592456386120572
0.0001467799267622069,0.008,,,,1.1003757472014732e-10,9.960585669369105e-11,5.67941405321099e-05,5.672511478293041e-05,1.9251961775745067e-05,4.048173566242573e-09,nan,4.472138667454339e-09,0.0,nan,gaussian,0.4,0.0,256,gaussian:0.4:0.0:0.01,0.01,-0.28475345501819205,0.8592438211564801,-0.2847453427714629,0.8592495235861,-0.2847534550913786,0.8592438212240453
0.00021544346900318823,0.008,,,,2.3706932693185714e-10,2.1459450146827448e-10,8.336239787825578e-05,8.326108193416307e-05,2.825801539472668e-05,8.72175729743666e-09,nan,9.635200983774577e-09,0.0,nan,gaussian,0.4,0.0,256,gaussian:0.4:0.0:0.01,0.01,-0.28475724987101747,0.8592411535176881,-0.2847453427714629,0.8592495235861,-0.2847572500286939,0.8592411536632524
0.00031622776601683794,0.008,,,,5.107510664357264e-10,4.6232945449793187e-10,0.00012235926655292348,0.00012221055508438575,4.1477094300833014e-05,1.879118933827202e-08,nan,2.075926613737128e-08,0.0,nan,gaussian,0.4,0.0,256,gaussian:0.4:0.0:0.01,0.01,-0.284762819895201,0.8592372379058673,-0.2847453427714629,0.8592495235861,-0.28476282023490584,0.859237238219474
0.00046415888336127773,0.008,,,,1.1003869066846788e-09,9.960618607513652e-10,0.00017959884183315462,0.00017938056324854793,6.0880048637854195e-05,4.048670790289055e-08,nan,4.4727187111900144e-08,0.0,nan,gaussian,0.4,0.0,256,gaussian:0.4:0.0:0.01,0.01,-0.2847709954476271,0.85923149045832,-0.2847453427714629,0.8592495235861,-0.2847709961795044,0.859231491133964
0.0006812920690579609,0.008,,,,2.3707319073101275e-09,2.14595846101056e-09,0.0002636150485084762,0.0002632946593618529,8.935969080343833e-05,8.723329831851415e-08,nan,9.637035709779904e-08,0.0,nan,gaussian,0.4,0.0,256,gaussian:0.4:0.0:0.01,0.01,-0.28478299524819983,0.8592230541104362,-0.2847453427714629,0.8592495235861,-0.2847829968249982,0.8592230555660614
0.001,0.008,,,,5.1076527798387236e-09,4.623355104174946e-09,0.0003869339751348979,0.00038646370818013024,0.00013116208871622145,1.8796162936169104e-07,nan,2.0765070217255304e-07,0.0,nan,gaussian,0.4,0.0,256,gaussian:0.4:0.0:0.01,0.01,-0.2848006079665032,0.8592106707096385,-0.2847453427714629,0.8592495235861,-0.28480061136366497,0.8592106738456717
0.0014677992676220691,0.008,,,,1.1004309952344593e-08,9.960802380331409e-09,0.000567941405321099,0.0005672511478293042,0.0001925196177574507,4.050243954947822e-07,nan,4.4745551286951075e-07,0.0,nan,gaussian,0.4,0.0,256,gaussian:0.4:0.0:0.01,0.01,-0.2848264586514905,0.8591924932092269,-0.2847453427714629,0.8592495235861,-0.2848264659706196,0.8591924999655522
0.002154434690031882,0.008,,,,2.3708723400903852e-08,2.146017483670196e-08,0.0008336239787825577,0.0008326108193416306,0.00028258015394726677,8.728306356307412e-07,nan,9.64284764628673e-07,0.0,nan,gaussian,0.4,0.0,256,gaussian:0.4:0.0:0.01,0.01,-0.2848643995746595,0.8591658098017241,-0.2847453427714629,0.8592495235861,-0.2848644153437723,0.8591658243576227
0.0031622776601683794,0.008,,,,5.1080967736977115e-08,4.623541628587669e-08,0.001223592665529235,0.0012221055508438575,0.0004147709430083302,1.8811908174994463e-06,nan,2.078347089620022e-06,0.0,nan,gaussian,0.4,0.0,256,gaussian:0.4:0.0:0.01,0.01,-0.2849200834307026,0.8591266385606282,-0.2847453427714629,0.8592495235861,-0.28492011740589246,0.8591266699198404
0.004641588833612777,0.008,,,,1.1005717014180595e-07,9.961394793531066e-08,0.0017959884183315462,0.0017938056324854792,0.000608800486378542,4.055226794059995e-06,nan,4.480384033852051e-06,0.0,nan,gaussian,0.4,0.0,256,gaussian:0.4:0.0:0.01,0.01,-0.2850018036492713,0.8590691315050099,-0.2847453427714629,0.8592495235861,-0.28500187685187744,0.8590691990647396
0.006812920690579608,0.008,,,,2.3713176414195446e-07,2.1462050577164538e-07,0.0026361504850847617,0.002632946593618529,0.0008935969080343833,8.744080944056934e-06,nan,9.661327257876659e-06,0.0,nan,gaussian,0.4,0.0,256,gaussian:0.4:0.0:0.01,0.01,-0.2851217255798541,0.8589846978378953,-0.2847453427714629,0.8592495235861,-0.2851218833068154,0.8589848433857128
0.01,0.008,,,,5.109507391070758e-07,4.6241366382461275e-07,0.0038693397513489794,0.003864637081801302,0.0013116208871622145,1.8861873057332566e-05,nan,2.084212749198965e-05,0.0,nan,gaussian,0.4,0.0,256,gaussian:0.4:0.0:0.01,0.01,-0.28529768882798756,0.8588607126250583,-0.2847453427714629,0.8592495235861,-0.28529802869348336,0.8588610261818175
0.01467799267622069,0.008,,,,1.1010188269866736e-06,9.963284155750388e-07,0.00567941405321099,0.005672511478293041,0.0019251961775745069,4.071064917005329e-05,nan,4.499035047735949e-05,0.0,nan,gaussian,0.4,0.0,256,gaussian:0.4:0.0:0.01,0.01,-0.28555584237647275,0.8586786118954302,-0.2847453427714629,0.8592495235861,-0.28555657476302954,0.858679287380621
0.021544346900318822,0.008,,,,2.3727363843929924e-06,2.1468060779110685e-06,0.008336239787825578,0.008326108193416306,0.002825801539472668,8.794341974308611e-05,nan,9.720784960153877e-05,0.0,nan,gaussian,0.4,0.0,256,gaussian:0.4:0.0:0.01,0.01,-0.2859344900790735,0.8584110761790289,-0.2847453427714629,0.8592495235861,-0.285936068494556,0.8584125313013264
0.03162277660168379,0.008,,,,5.114016019254924e-06,4.626053569483504e-06,0.012235926655292348,0.012221055508438574,0.004147709430083302,0.00019021637422492107,nan,0.00021032394246550283,0.0,nan,gaussian,0.4,0.0,256,gaussian:0.4:0.0:0.01,0.01,-0.28648968680998543,0.8580178524878195,-0.2847453427714629,0.8592495235861,-0.28649308911575777,0.8580209869235038
0.046415888336127774,0.008,,,,1.1024547290655071e-05,9.969420495891949e-06,0.017959884183315462,0.017938056324854793,0.006088004863785419,0.00041219738262299015,nan,0.00045602630113559774,0.0,nan,gaussian,0.4,0.0,256,gaussian:0.4:0.0:0.01,0.01,-0.2873033480390361,0.8574395271319992,-0.2847453427714629,0.8592495235861,-0.28731068357560796,0.8574462783724947
0.06812920690579609,0.008,,,,2.377323302350096e-05,2.1487802443698345e-05,0.02636150485084762,0.026329465936185292,0.008935969080343834,0.0008957154297292505,nan,0.0009919455563411103,0.0,nan,gaussian,0.4,0.0,256,gaussian:0.4:0.0:0.01,0.01,-0.2884949264806653,0.8565881819390131,-0.2847453427714629,0.8592495235861,-0.288510748124988,0.856602721582227
0.1,0.008,,,,5.128729183434728e-05,4.632446627536323e-05,0.0386933975134898,0.038646370818013025,0.013116208871622147,0.0019545158655446346,nan,0.0021685016748201388,0.0,nan,gaussian,0.4,0.0,256,gaussian:0.4:0.0:0.01,0.01,-0.290238057699349,0.8553332426194753,-0.2847453427714629,0.8592495235861,-0.2902722019916673,0.8553645495432747
0.14677992676220675,0.008,,,,0.00011071995845664971,9.990291606882299e-05,0.05679414053210984,0.05672511478293035,0.01925196177574505,0.004291686287856391,nan,0.004778635575688986,0.0,nan,gaussian,0.4,0.0,256,gaussian:0.4:0.0:0.01,0.01,-0.2927839116600804,0.8534797717795052,-0.2847453427714629,0.8592495235861,-0.29285766268712915,0.8535471615313099
0.21544346900318823,0.008,,,,0.0002392724607709813,0.0002155654361683699,0.08336239787825578,0.08326108193416307,0.02825801539472668,0.009514152824025589,nan,0.01067092792897091,0.0,nan,gaussian,0.4,0.0,256,gaussian:0.4:0.0:0.01,0.01,-0.29649307668112435,0.8507346153348162,-0.2847453427714629,0.8592495235861,-0.2966526000023937,0.8508796007383631
0.31622776601683794,0.008,,,,0.0005179057350824601,0.0004655250074015269,0.12235926655292349,0.12221055508438575,0.04147709430083302,0.0214084070463896,nan,0.024386990085029488,0.0,nan,gaussian,0.4,0.0,256,gaussian:0.4:0.0:0.01,0.01,-0.30187698298107585,0.8466525164239402,-0.2847453427714629,0.8592495235861,-0.3022228062144107,0.8469641569601386
0.46415888336127725,0.008,,,,0.001123718526934719,0.0010065924716123637,0.17959884183315444,0.17938056324854776,0.06088004863785413,0.04934102802522998,nan,0.05823215556019779,0.0,nan,gaussian,0.4,0.0,256,gaussian:0.4:0.0:0.01,0.01,-0.30964632976611184,0.8405484228336276,-0.2847453427714629,0.8592495235861,-0.3103987508129131,0.8412170714500452
0.6812920690579608,0.008,,,,0.002446750502771793,0.002180258141715469,0.26361504850847617,0.26329465936185287,0.08935969080343832,0.11843031573595401,nan,0.15289628328712976,0.0,nan,gaussian,0.4,0.0,256,gaussian:0.4:0.0:0.01,0.01,-0.3207528367928274,0.8313523893700732,-0.2847453427714629,0.8592495235861,-0.3223993963067137,0.8327815035473687
1.0,0.008,,,,0.005351880536713932,0.004730431724252959,0.3869339751348979,0.3864637081801302,0.13116208871622145,0.30647416917714865,nan,0.5269554151874731,0.0,nan,gaussian,0.4,0.0,256,gaussian:0.4:0.0:0.01,0.01,-0.3363797918587268,0.8173715843336053,-0.2847453427714629,0.8592495235861,-0.3400139349735062,0.820399783157844
0.0,0.0,-3.3601720237550685,-3.3601720237550685,-3.3601720237550685,0.0,0.0,0.0,0.0,0.0,0.0,0.0,0.0,0.0,0.0,gaussian,0.4,0.05,256,gaussian:0.4:0.05:0.0,0.0,,,,,,
1e-05,0.0,-3.36015150502745,-3.3601720237550685,-3.360151503131738,5.641745703906604e-10,1.8957120317963927e-09,0.00013507837306915048,0.00013382818441080873,9.649439412696312e-05,8.472674216689033e-07,6.311569378009334e-07,2.521516171277042e-07,0.0,0.0,gaussian,0.4,0.05,256,gaussian:0.4:0.05:0.0,0.0,,,,,,
1.4677992676220705e-05,0.0,-3.3601419076831327,-3.3601720237550685,-3.3601419035991738,1.2154126405968572e-09,4.083958948797317e-09,0.00019826793706247988,0.00019643291106537643,0.0001416344010291919,1.8254976929643684e-06,1.3597012893155083e-06,5.432802355060734e-07,0.0,0.0,gaussian,0.4,0.05,256,gaussian:0.4:0.05:0.0,0.0,,,,,,
2.1544346900318823e-05,0.0,-3.3601278222102064,-3.3601720237550685,-3.3601278134123045,2.6183235960120345e-09,8.797901962509513e-09,0.00029101753281324613,0.0002883240829986303,0.00020789087010073809,3.933280438810775e-06,2.9291185185105297e-06,1.170576020148524e-06,0.0,0.0,gaussian,0.4,0.05,256,gaussian:0.4:0.05:0.0,0.0,,,,,,
3.1622776601683795e-05,0.0,-3.3601071507985676,-3.3601720237550685,-3.3601071318463376,5.640364773212916e-09,1.8952230007585058e-08,0.0004271553215284646,0.0004232018778631946,0.00030514206687917836,8.475149947040927e-06,6.309743748476783e-06,2.522291995846811e-06,0.0,0.0,gaussian,0.4,0.05,256,gaussian:0.4:0.05:0.0,0.0,,,,,,
4.641588833612782e-05,0.0,-3.3600768162831063,-3.3601720237550685,-3.360076775458958,1.2149766298264831e-08,4.0824148062057475e-08,0.0006269782681003503,0.0006211754063838819,0.0004478873022859428,1.826280793671753e-05,1.3591241249173263e-05,5.435264852667261e-06,0.0,0.0,gaussian,0.4,0.05,256,gaussian:0.4:0.05:0.0,0.0,,,,,,
6.812920690579608e-05,0.0,-3.3600323063060142,-3.3601720237550685,-3.360032218375797,2.6169455919971997e-08,8.793021732955708e-08,0.0009202782427326466,0.0009117608065551021,0.0006574086542725304,3.9357577774929025e-05,2.9272940619264468e-05,1.1713589702563036e-05,0.0,0.0,gaussian,0.4,0.05,256,gaussian:0.4:0.05:0.0,0.0,,,,,,
0.0001,0.0,-3.3599670068898098,-3.3601720237550685,-3.359966817521764,5.636009082842149e-08,1.8936804568880916e-07,0.0013507837306915046,0.0013382818441080872,0.0009649439412696313,8.48298842439161e-05,6.303977545185588e-05,2.524787613256729e-05,0.0,0.0,gaussian,0.4,0.05,256,gaussian:0.4:0.05:0.0,0.0,,,,,,
0.0001467799267622069,0.0,-3.359871229950164,-3.3601720237550685,-3.359870822196112,1.2136002362882376e-07,4.07754051856557e-07,0.0019826793706247967,0.001964329110653762,0.0014163440102919174,0.00018287616032071377,0.00013573021911918328,5.4432483986048616e-05,0.0,0.0,gaussian,0.4,0.05,256,gaussian:0.4:0.05:0.0,0.0,,,,,,
0.00021544346900318823,0.0,-3.3597307980899527,-3.3601720237550685,-3.359729920327425,2.612597795187515e-07,8.777625275513401e-07,0.0029101753281324614,0.002883240829986303,0.0020789087010073806,0.0003943612388718977,0.00029215395517992064,0.00011739263075549822,0.0,0.0,gaussian,0.4,0.05,256,gaussian:0.4:0.05:0.0,0.0,,,,,,
0.00031622776601683794,0.0,-3.359524993487252,-3.3601720237550685,-3.35952310466776,5.622281410573994e-07,1.8888194919242096e-06,0.004271553215284646,0.004232018778631946,0.0030514206687917832,0.0008507871567790923,0.0006285812367900063,0.00025331055737214255,0.0,0.0,gaussian,0.4,0.05,256,gaussian:0.4:0.05:0.0,0.0,,,,,,
0.00046415888336127773,0.0,-3.359223602998884,-3.3601720237550685,-3.3592195407939704,1.2092689839726548e-06,4.062204913335421e-06,0.006269782681003497,0.006211754063838813,0.004478873022859424,0.0018366511589299726,0.0013515727419257141,0.0005470484658154743,0.0,0.0,gaussian,0.4,0.05,256,gaussian:0.4:0.05:0.0,0.0,,,,,,
0.0006812920690579609,0.0,-3.3587826992591205,-3.3601720237550685,-3.3587739699623462,2.598946569612244e-06,8.729296774312445e-06,0.009202782427326466,0.00911760806555102,0.006574086542725305,0.003968658485814928,0.002903490168542422,0.0011829772870093093,0.0,0.0,gaussian,0.4,0.05,256,gaussian:0.4:0.05:0.0,0.0,,,,,,
0.001,0.0,-3.358138697558384,-3.3601720237550685,-3.358119961422015,5.579321777931578e-06,1.8736136368602274e-05,0.013507837306915047,0.013382818441080873,0.009649439412696312,0.008587528681944468,0.006229051774916179,0.0025637992329930887,0.0,0.0,gaussian,0.4,0.05,256,gaussian:0.4:0.05:0.0,0.0,,,,,,
0.0014677992676220691,0.0,-3.3572001528988182,-3.3601720237550685,-3.3571600081654975,1.1957801588337884e-05,4.0144733320701675e-05,0.01982679370624797,0.019643291106537626,0.014163440102919176,0.01862054322219135,0.01333768771157294,0.005577451882093464,0.0,0.0,gaussian,0.4,0.05,256,gaussian:0.4:0.05:0.0,0.0,,,,,,
0.002154434690031882,0.0,-3.3558367892067924,-3.3601720237550685,-3.35575098947863,2.5567312581530647e-05,8.579972816225023e-05,0.02910175328132461,0.028832408299863024,0.020789087010073804,0.040499978226667586,0.028478526048407754,0.01221626298859744,0.0,0.0,gaussian,0.4,0.05,256,gaussian:0.4:0.05:0.0,0.0,,,,,,
0.0031622776601683794,0.0,-3.3538655456172135,-3.3601720237550685,-3.353682832881979,5.447825285461436e-05,0.0001827127352345137,0.04271553215284646,0.042320187786319456,0.030514206687917836,0.08849542665924587,0.060561179931536036,0.027102709783393422,0.0,0.0,gaussian,0.4,0.05,256,gaussian:0.4:0.05:0.0,0.0,,,,,,
0.004641588833612777,0.0,-3.351034271318388,-3.3601720237550685,-3.350647194144088,0.00011550976294489287,0.00038707717430019883,0.06269782681003497,0.062117540638388126,0.04478873022859424,0.194722236596454,0.12804311456720063,0.061700528122749246,0.0,0.0,gaussian,0.4,0.05,256,gaussian:0.4:0.05:0.0,0.0,,,,,,
0.006812920690579608,0.0,-3.3470055043116433,-3.3601720237550685,-3.3461914858278465,0.00024320799076911638,0.0008140184837968079,0.09202782427326466,0.09117608065551021,0.06574086542725305,0.43306787260241236,0.26851423027539556,0.1486610010767501,0.0,0.0,gaussian,0.4,0.05,256,gaussian:0.4:0.05:0.0,0.0,,,,,,
0.01,0.0,-3.341345817539667,-3.3601720237550685,-3.33965140042453,0.0005071061804625872,0.0016944171151371812,0.13507837306915046,0.1338281844108087,0.09649439412696312,0.9794563435419329,0.5567346208773427,0.4149895749869177,0.0,0.0,gaussian,0.4,0.05,256,gaussian:0.4:0.05:0.0,0.0,,,,,,
0.01467799267622069,0.0,-3.33352989070677,-3.3601720237550685,-3.330051867859355,0.0010433453310591241,0.003478022847414941,0.19826793706247967,0.19643291106537622,0.14163440102919173,2.2764909122075396,1.1366858658100158,2.1607586158117673,0.0,0.0,gaussian,0.4,0.05,256,gaussian:0.4:0.05:0.0,0.0,,,,,,
0.021544346900318822,0.0,-3.322969641102654,-3.3601720237550685,-3.315961680990677,0.002108944970575116,0.0070079601119772406,0.2910175328132461,0.28832408299863027,0.20789087010073806,5.5461678775278385,2.274243796717482,inf,0.0,0.0,gaussian,0.4,0.05,256,gaussian:0.4:0.05:0.0,0.0,,,,,,
0.03162277660168379,0.0,-3.309070338078499,-3.3601720237550685,-3.295280115024175,0.004167401005543979,0.013790223054324091,0.4271553215284645,0.4232018778631945,0.30514206687917833,14.788528304468214,4.435360957615848,inf,0.0,0.0,gaussian,0.4,0.05,256,gaussian:0.4:0.05:0.0,0.0,,,,,,
0.046415888336127774,0.0,-3.2912895309964965,-3.3601720237550685,-3.2649237276452636,0.008010782127469085,0.02636580335123284,0.6269782681003497,0.6211754063838814,0.44788730228594237,48.92840280398632,8.388779980516901,inf,0.0,0.0,gaussian,0.4,0.05,256,gaussian:0.4:0.05:0.0,0.0,,,,,,
0.06812920690579609,0.0,-3.269134756948996,-3.3601720237550685,-3.220366644482847,0.014917743100826867,0.048768112466149205,0.9202782427326466,0.9117608065551022,0.6574086542725305,493.23245247277634,15.325991849372732,inf,0.0,0.0,gaussian,0.4,0.05,256,gaussian:0.4:0.05:0.0,0.0,,,,,,
0.1,0.0,-3.2420141513684326,-3.3601720237550685,-3.154965790449676,0.026850086660483552,0.08704836091875645,1.3507837306915047,1.3382818441080873,0.9649439412696312,inf,26.995950294810495,inf,0.0,0.0,gaussian,0.4,0.05,256,gaussian:0.4:0.05:0.0,0.0,,,,,,
0.14677992676220675,0.0,-3.208894768289883,-3.3601720237550685,-3.0589704647979303,0.046721477118382426,0.14992430349195285,1.9826793706247945,1.9643291106537601,1.416344010291916,inf,45.8777797144802,inf,0.0,0.0,gaussian,0.4,0.05,256,gaussian:0.4:0.05:0.0,0.0,,,,,,
0.21544346900318823,0.0,-3.16782240384982,-3.3601720237550685,-2.918068596111154,0.07884084898040457,0.24975380773866585,2.9101753281324614,2.8832408299863026,2.078908701007381,inf,75.45148967574355,inf,0.0,0.0,gaussian,0.4,0.05,256,gaussian:0.4:0.05:0.0,0.0,,,,,,
0.31622776601683794,0.0,-3.1154354976971277,-3.3601720237550685,-2.7112529364461238,0.12973549333625048,0.40418256125100394,4.271553215284646,4.232018778631946,3.0514206687917835,inf,120.64968248318343,inf,0.0,0.0,gaussian,0.4,0.05,256,gaussian:0.4:0.05:0.0,0.0,,,,,,
0.46415888336127725,0.0,-3.0466072834744056,-3.3601720237550685,-2.4076890626570195,0.20971466335127784,0.638918220817386,6.26978268100349,6.211754063838806,4.478873022859419,inf,188.57664409510286,inf,0.0,0.0,gaussian,0.4,0.05,256,gaussian:0.4:0.05:0.0,0.0,,,,,,
0.6812920690579608,0.0,-2.9543393051045603,-3.3601720237550685,-1.9621182310328515,0.33585210485380995,0.9922210740717088,9.202782427326465,9.117608065551021,6.574086542725304,inf,289.59048768626155,inf,0.0,0.0,gaussian,0.4,0.05,256,gaussian:0.4:0.05:0.0,0.0,,,,,,
1.0,0.0,-2.8301223811427496,-3.3601720237550685,-1.30810969070114,0.5377904152070802,1.5220126904416096,13.507837306915047,13.382818441080872,9.649439412696312,inf,438.88574897463525,inf,0.0,0.0,gaussian,0.4,0.05,256,gaussian:0.4:0.05:0.0,0.0,,,,,,
0.0,0.008,,,,0.0,0.0,0.0,0.0,0.0,0.0,nan,0.0,0.0,nan,gaussian,0.4,0.05,256,gaussian:0.4:0.05:0.01,0.01,-0.23334770001630206,0.889807442196327,-0.23334770001630206,0.889807442196327,-0.23334770001630206,0.889807442196327
1e-05,0.008,,,,3.692145174954442e-13,3.396388762467878e-13,2.6923622272080378e-06,2.6881877117167427e-06,8.896769942050271e-07,8.760408017413776e-12,nan,9.523261456359526e-12,0.0,nan,gaussian,0.4,0.05,256,gaussian:0.4:0.05:0.01,0.01,-0.23334810725629462,0.8898072293182291,-0.23334770001630206,0.889807442196327,-0.23334810725646277,0.8898072293185242
1.4677992676220705e-05,0.008,,,,7.971861955214615e-13,7.33328178194456e-13,3.9518473052692845e-06,3.945719954488484e-06,1.3058672405143436e-06,1.8873750702821082e-11,nan,2.0517271755933884e-11,0.0,nan,gaussian,0.4,0.05,256,gaussian:0.4:0.05:0.01,0.01,-0.23334829776274896,0.8898071297338067,-0.23334770001630206,0.889807442196327,-0.2333482977631116,0.8898071297344441
2.1544346900318823e-05,0.008,,,,1.7165853971453014e-12,1.5790794580482802e-12,5.800518580428497e-06,5.791524859439975e-06,1.9167509792386043e-06,4.066233841676535e-11,nan,4.420320711995184e-11,0.0,nan,gaussian,0.4,0.05,256,gaussian:0.4:0.05:0.01,0.01,-0.23334857738785025,0.8898069835636315,-0.23334770001630206,0.889807442196327,-0.23334857738863138,0.8898069835650039
3.1622776601683795e-05,0.008,,,,3.699858635612516e-12,3.4034835214598346e-12,8.513996924181161e-06,8.500795947101011e-06,2.8134056835403096e-06,8.760459017743266e-11,nan,9.523319195562132e-11,0.0,nan,gaussian,0.4,0.05,256,gaussian:0.4:0.05:0.01,0.01,-0.23334898782108118,0.8898067690146492,-0.23334770001630206,0.889807442196327,-0.23334898782276448,0.8898067690176072
4.641588833612782e-05,0.008,,,,7.971145858535208e-12,7.332620451695944e-12,1.2496838449849667e-05,1.2477462065359527e-05,4.1295148018242366e-06,1.8873911980869165e-10,nan,2.0517454345475636e-10,0.0,nan,gaussian,0.4,0.05,256,gaussian:0.4:0.05:0.01,0.01,-0.233349590254058,0.889806454098722,-0.23334770001630206,0.889807442196327,-0.23334959025768437,0.8898064541050952
6.812920690579608e-05,0.008,,,,1.7173261697657017e-11,1.579760070646945e-11,1.8342850324280638e-05,1.8314409681316846e-05,6.061298801752103e-06,4.06628484266583e-10,nan,4.4203784528766077e-10,0.0,nan,gaussian,0.4,0.05,256,gaussian:0.4:0.05:0.01,0.01,-0.2333504745034057,0.8898059918630099,-0.23334770001630206,0.889807442196327,-0.23335047451121863,0.8898059918767403
0.0001,0.008,,,,3.699911009317266e-11,3.4035291037657483e-11,2.692362227208038e-05,2.6881877117167426e-05,8.89676994205027e-06,8.76062029885393e-10,nan,9.523501792896432e-10,0.0,nan,gaussian,0.4,0.05,256,gaussian:0.4:0.05:0.01,0.01,-0.23335177240107613,0.8898053133887185,-0.23334770001630206,0.889807442196327,-0.2333517724179086,0.8898053134183
0.0001467799267622069,0.008,,,,7.97126086273375e-11,7.332718034000692e-11,3.95184730526928e-05,3.94571995448848e-05,1.3058672405143424e-05,1.8874422004977577e-09,nan,2.051803179046074e-09,0.0,nan,gaussian,0.4,0.05,256,gaussian:0.4:0.05:0.01,0.01,-0.23335367744813246,0.8898043175137665,-0.23334770001630206,0.889807442196327,-0.23335367748439761,0.8898043175774981
0.00021544346900318823,0.008,,,,1.7173575333826751e-10,1.5797863257536325e-10,5.8005185804284974e-05,5.791524859439975e-05,1.916750979238604e-05,4.0664461303749395e-09,nan,4.420561067000741e-09,0.0,nan,gaussian,0.4,0.05,256,gaussian:0.4:0.05:0.01,0.01,-0.23335647366146223,0.8898028557457939,-0.23334770001630206,0.889807442196327,-0.23335647373959495,0.8898028558830984
0.00031622776601683794,0.008,,,,3.699950368052855e-10,3.403557099701098e-10,8.51399692418116e-05,8.50079594710101e-05,2.8134056835403095e-05,8.761130353590966e-09,nan,9.524079315818446e-09,0.0,nan,gaussian,0.4,0.05,256,gaussian:0.4:0.05:0.01,0.01,-0.2333605779125882,0.8898007101133174,-0.23334770001630206,0.889807442196327,-0.2333605780809257,0.889800710409129
0.00046415888336127773,0.008,,,,7.971370042287157e-10,7.332792504168899e-10,0.00012496838449849656,0.00012477462065359516,4.129514801824233e-05,1.8876035024242904e-08,nan,2.0519858293489487e-08,0.0,nan,gaussian,0.4,0.05,256,gaussian:0.4:0.05:0.01,0.01,-0.23336660206743468,0.8897975606467059,-0.23334770001630206,0.889807442196327,-0.23336660243012491,0.8897975612840082
0.0006812920690579609,0.008,,,,1.7173936291065509e-09,1.5798113190359413e-09,0.0001834285032428064,0.00018314409681316848,6.061298801752103e-05,4.066956251109479e-08,nan,4.421138757874446e-08,0.0,nan,gaussian,0.4,0.05,256,gaussian:0.4:0.05:0.01,0.01,-0.23337544418401884,0.8897929376274574,-0.23334770001630206,0.889807442196327,-0.2333754449654676,0.889792939000462
0.001,0.008,,,,3.70006370398865e-09,3.4036353886113924e-09,0.0002692362227208038,0.00026881877117167425,8.89676994205027e-05,8.762743679231001e-08,nan,9.525906598579339e-08,0.0,nan,gaussian,0.4,0.05,256,gaussian:0.4:0.05:0.01,0.01,-0.2333884223486077,0.8897861514580714,-0.23334770001630206,0.889807442196327,-0.23338842403236748,0.8897861544160584
0.0014677992676220691,0.008,,,,7.971701104594344e-09,7.333014915044902e-09,0.0003951847305269281,0.00039457199544884805,0.00013058672405143426,1.8881137653936003e-07,nan,2.0525638822577436e-07,0.0,nan,gaussian,0.4,0.05,256,gaussian:0.4:0.05:0.01,0.01,-0.2334074710691413,0.8897761896354509,-0.23334770001630206,0.889807442196327,-0.23340747469725748,0.8897761960080391
0.002154434690031882,0.008,,,,1.7175003441530185e-08,1.5798835073359275e-08,0.0005800518580428496,0.0005791524859439975,0.00019167509792386038,4.0685702371372127e-07,nan,4.422967721840687e-07,0.0,nan,gaussian,0.4,0.05,256,gaussian:0.4:0.05:0.01,0.01,-0.233435429430902,0.8897615653353523,-0.23334770001630206,0.889807442196327,-0.23343543724923077,0.8897615790640422
0.0031622776601683794,0.008,,,,3.7003983457985285e-08,3.4038610453533865e-08,0.000851399692418116,0.000850079594710101,0.000281340568354031,8.767849375483591e-07,nan,9.531694936500419e-07,0.0,nan,gaussian,0.4,0.05,256,gaussian:0.4:0.05:0.01,0.01,-0.23347646381280185,0.8897400947487948,-0.23334770001630206,0.889807442196327,-0.23347648066253796,0.8897401243243488
0.004641588833612777,0.008,,,,7.972759328552924e-08,7.333728369043147e-08,0.0012496838449849656,0.0012477462065359514,0.0004129514801824233,1.889729175686271e-06,nan,2.0543964744264983e-06,0.0,nan,gaussian,0.4,0.05,256,gaussian:0.4:0.05:0.01,0.01,-0.23353668783498704,0.8897085693609121,-0.23334770001630206,0.889807442196327,-0.23353672415453103,0.8897086330731394
0.006812920690579608,0.008,,,,1.7178343606886565e-07,1.5801084879158612e-07,0.0018342850324280637,0.0018314409681316846,0.0006061298801752102,4.073682550340538e-06,nan,4.428772925396158e-06,0.0,nan,gaussian,0.4,0.05,256,gaussian:0.4:0.05:0.01,0.01,-0.2336250712033219,0.8896622729940538,-0.23334770001630206,0.889807442196327,-0.2336251495079574,0.889662410237678
0.01,0.008,,,,3.701451527603764e-07,3.4045693926444764e-07,0.0026923622272080378,0.0026881877117167423,0.0008896769942050271,8.78403423319409e-06,nan,9.550099312449198e-06,0.0,nan,gaussian,0.4,0.05,256,gaussian:0.4:0.05:0.01,0.01,-0.23375477129598338,0.8895942687753993,-0.23334770001630206,0.889807442196327,-0.23375494017695592,0.8895945643936406
0.01467799267622069,0.008,,,,7.976074877417372e-07,7.335953357385136e-07,0.00395184730526928,0.00394571995448848,0.0013058672405143422,1.8948557924211722e-05,nan,2.0602382102030426e-05,0.0,nan,gaussian,0.4,0.05,256,gaussian:0.4:0.05:0.01,0.01,-0.23394508241794,0.8894943436275098,-0.23334770001630206,0.889807442196327,-0.2339454468258561,0.8894949803134506
0.021544346900318822,0.008,,,,1.7188758883650758e-06,1.580805107106856e-06,0.005800518580428497,0.005791524859439975,0.0019167509792386039,4.0899339935338026e-05,nan,4.447347671217833e-05,0.0,nan,gaussian,0.4,0.05,256,gaussian:0.4:0.05:0.01,0.01,-0.23422428546791058,0.8893474398270538,-0.23334770001630206,0.889807442196327,-0.23422507234558887,0.8893488108734812
0.03162277660168379,0.008,,,,3.704712927250868e-06,3.4067398999911246e-06,0.00851399692418116,0.008500795947101009,0.002813405683540309,8.835610794348479e-05,nan,9.609312977429185e-05,0.0,nan,gaussian,0.4,0.05,256,gaussian:0.4:0.05:0.01,0.01,-0.23463380556677568,0.8891313117354485,-0.23334770001630206,0.889807442196327,-0.23463550647866108,0.8891342634765456
0.046415888336127774,0.008,,,,7.986238657846804e-06,7.342666575416147e-06,0.012496838449849655,0.012477462065359516,0.004129514801824233,0.0001911252221918247,nan,0.0002079186385063097,0.0,nan,gaussian,0.4,0.05,256,gaussian:0.4:0.05:0.01,0.01,-0.2352342591136412,0.8888129983641995,-0.23334770001630206,0.889807442196327,-0.23523794139859155,0.8888193509644531
0.06812920690579609,0.008,,,,1.72202030035572e-05,1.5828579965067573e-05,0.018342850324280638,0.018314409681316847,0.006061298801752103,0.00041421898233561655,nan,0.0004508321201597728,0.0,nan,gaussian,0.4,0.05,256,gaussian:0.4:0.05:0.01,0.01,-0.23611420565032715,0.8883434582288283,-0.23334770001630206,0.889807442196327,-0.23612219493285547,0.8883571226098386
0.1,0.008,,,,3.714331980266435e-05,3.4129058557138154e-05,0.02692362227208038,0.026881877117167427,0.00889676994205027,0.0009002771654653828,nan,0.0009807150093863292,0.0,nan,gaussian,0.4,0.05,256,gaussian:0.4:0.05:0.01,0.01,-0.23740271295673454,0.8876492970632189,-0.23334770001630206,0.889807442196327,-0.23742010162284038,0.8876786641694614
0.14677992676220675,0.008,,,,8.015144047171307e-05,7.360647652187332e-05,0.039518473052692765,0.03945719954488476,0.01305867240514341,0.001965022292164873,nan,0.0021441715460589674,0.0,nan,gaussian,0.4,0.05,256,gaussian:0.4:0.05:0.01,0.01,-0.23928715264176292,0.8866197937124749,-0.23334770001630206,0.889807442196327,-0.23932516811184196,0.8866828233675639
0.21544346900318823,0.008,,,,0.00017304551963673957,0.00015878374286252064,0.05800518580428497,0.05791524859439975,0.01916750979238604,0.0043165951596913586,nan,0.004725754110478299,0.0,nan,gaussian,0.4,0.05,256,gaussian:0.4:0.05:0.01,0.01,-0.2420377979821483,0.8850861508893612,-0.23334770001630206,0.889807442196327,-0.24212142330916972,0.8852211289678702
0.31622776601683794,0.008,,,,0.00037377141772931735,0.0003425365582125456,0.08513996924181161,0.0850079594710101,0.028134056835403095,0.00957565544093339,nan,0.010555352559750368,0.0,nan,gaussian,0.4,0.05,256,gaussian:0.4:0.05:0.01,0.01,-0.24604027870927803,0.8827876857931168,-0.23334770001630206,0.889807442196327,-0.24622576463989193,0.8830756549985128
0.46415888336127725,0.008,,,,0.0008073798187220305,0.0007384844645234093,0.12496838449849643,0.12477462065359503,0.041295148018242286,0.021569136225807282,nan,0.0241319468400751,0.0,nan,gaussian,0.4,0.05,256,gaussian:0.4:0.05:0.01,0.01,-0.25183437515962126,0.8793161851760896,-0.23334770001630206,0.889807442196327,-0.25225011383919693,0.8799265298775879
0.6812920690579608,0.008,,,,0.0017419913701974437,0.0015885575341803065,0.18342850324280635,0.18314409681316846,0.060612988017521026,0.04979613262965345,nan,0.05765985046140506,0.0,nan,gaussian,0.4,0.05,256,gaussian:0.4:0.05:0.01,0.01,-0.2601498593019808,0.8740257072112592,-0.23334770001630206,0.889807442196327,-0.2610926491818365,0.8753042463314439
1.0,0.008,,,,0.003743035648698843,0.003397130153359236,0.2692362227208038,0.26881877117167424,0.0889676994205027,0.1198798394720533,nan,0.15158218193326287,0.0,nan,gaussian,0.4,0.05,256,gaussian:0.4:0.05:0.01,0.01,-0.2719125575334142,0.8658969671985264,-0.23334770001630206,0.889807442196327,-0.27407171608168507,0.8685196619276726
0.0,0.0,-5.785641248626455,-5.785641248626455,-5.785641248626455,0.0,0.0,0.0,0.0,0.0,0.0,0.0,0.0,0.0,0.0,gaussian,0.4,0.1,256,gaussian:0.4:0.1:0.0,0.0,,,,,,
1e-05,0.0,-5.785636939592949,-5.785641248626455,-5.785636877721463,1.0693979998842685e-08,6.18714857125724e-08,0.005609026068330121,0.005186662991954812,9.68713103529576e-05,4.3450520082784184e-05,0.0016963960565442833,7.5101233139712966e-06,0.0,0.0,gaussian,0.4,0.1,256,gaussian:0.4:0.1:0.0,0.0,,,,,,
1.4677992676220705e-05,0.0,-5.785634965987317,-5.785641248626455,-5.785634833015308,2.298313137572125e-08,1.3297200851525304e-07,0.008232924355168052,0.007612980140993771,0.00014218763838966145,9.38589733281906e-05,0.003645973869297392,1.622302456231979e-05,0.0,0.0,gaussian,0.4,0.1,256,gaussian:0.4:0.1:0.0,0.0,,,,,,
2.1544346900318823e-05,0.0,-5.7856321172516,-5.785641248626455,-5.785631831797111,4.9338513682569764e-08,2.8545448937933315e-07,0.012084280338903549,0.011174326675372001,0.00020870291149325645,0.00020300134875247996,0.007827347302011152,3.508838405963898e-05,0.0,0.0,gaussian,0.4,0.1,256,gaussian:0.4:0.1:0.0,0.0,,,,,,
3.1622776601683795e-05,0.0,-5.785628038390932,-5.785641248626455,-5.78562742661124,1.0574127609575252e-07,6.117796917948226e-07,0.017737297831182417,0.01640166851028079,0.0003063339806403956,0.000439870157825982,0.0167767797320692,7.60338629532078e-05,0.0,0.0,gaussian,0.4,0.1,256,gaussian:0.4:0.1:0.0,0.0,,,,,,
4.641588833612782e-05,0.0,-5.785622268688558,-5.785641248626455,-5.785620960682644,2.2607869173164076e-07,1.3080059133585564e-06,0.026034792766204087,0.024074357027170118,0.0004496367924317262,0.0009557450185012712,0.03587367041025778,0.00016522045492161488,0.0,0.0,gaussian,0.4,0.1,256,gaussian:0.4:0.1:0.0,0.0,,,,,,
6.812920690579608e-05,0.0,-5.785614256862434,-5.785641248626455,-5.785611469997388,4.816887062568447e-07,2.786865046289222e-06,0.038213849754926664,0.035336323612952476,0.0006599765546272233,0.002085164394329006,0.07644677828114403,0.00036053512755858077,0.0,0.0,gaussian,0.4,0.1,256,gaussian:0.4:0.1:0.0,0.0,,,,,,
0.0001,0.0,-5.785603447798836,-5.785641248626455,-5.7855975395765205,1.0211937906112696e-06,5.908222315831324e-06,0.0560902606833012,0.05186662991954812,0.0009687131035295759,0.0045774297248204025,0.1621113022019608,0.0007918031139555796,0.0,0.0,gaussian,0.4,0.1,256,gaussian:0.4:0.1:0.0,0.0,,,,,,
0.0001467799267622069,0.0,-5.785589529641063,-5.785641248626455,-5.785577092514972,2.149673084817082e-06,1.2437126091668915e-05,0.08232924355168042,0.07612980140993762,0.0014218763838966127,0.010143751323295874,0.3413835943531749,0.0017563619427391505,0.0,0.0,gaussian,0.4,0.1,256,gaussian:0.4:0.1:0.0,0.0,,,,,,
0.00021544346900318823,0.0,-5.785573002405878,-5.785641248626455,-5.785547080333005,4.480467684262278e-06,2.5922072872219815e-05,0.1208428033890355,0.11174326675372001,0.0020870291149325646,0.022811418062442818,0.7119280929738929,0.003958435611022794,0.0,0.0,gaussian,0.4,0.1,256,gaussian:0.4:0.1:0.0,0.0,,,,,,
0.00031622776601683794,0.0,-5.785556323990977,-5.785641248626455,-5.785503028474297,9.211822285589666e-06,5.329551667987431e-05,0.17737297831182416,0.1640166851028079,0.003063339806403956,0.05252295857518679,1.464922894159248,0.009161545642022631,0.0,0.0,gaussian,0.4,0.1,256,gaussian:0.4:0.1:0.0,0.0,,,,,,
0.00046415888336127773,0.0,-5.785545960327136,-5.785641248626455,-5.785438369188347,1.8596540331216686e-05,0.00010759113878933135,0.2603479276620406,0.24074357027170093,0.0044963679243172575,0.12585138740501361,2.960910444334961,0.022236850111164455,0.0,0.0,gaussian,0.4,0.1,256,gaussian:0.4:0.1:0.0,0.0,,,,,,
0.0006812920690579609,0.0,-5.785555595265335,-5.785641248626455,-5.785343462335783,3.66659564598661e-05,0.00021213292955213348,0.38213849754926665,0.35336323612952475,0.006599765546272234,0.3245844299240357,5.848254501430777,0.05943943470083549,0.0,0.0,gaussian,0.4,0.1,256,gaussian:0.4:0.1:0.0,0.0,,,,,,
0.001,0.0,-5.785610382189561,-5.785641248626455,-5.785204158127099,7.021282727788676e-05,0.0004062240624618241,0.560902606833012,0.5186662991954812,0.00968713103529576,0.9839913799380234,11.228238172492484,0.20494642195573884,0.0,0.0,gaussian,0.4,0.1,256,gaussian:0.4:0.1:0.0,0.0,,,,,,
0.0014677992676220691,0.0,-5.7857514426504135,-5.785641248626455,-5.7849996875116165,0.00012993215250405236,0.0007517551387969945,0.8232924355168044,0.7612980140993763,0.01421876383896613,5.267812941283448,20.858086289488362,10.185514187479646,0.0,0.0,gaussian,0.4,0.1,256,gaussian:0.4:0.1:0.0,0.0,,,,,,
0.002154434690031882,0.0,-5.786039288971706,-5.785641248626455,-5.784699565691959,0.00023154410345959785,0.0013397232797469627,1.2084280338903548,1.1174326675372,0.02087029114932564,inf,37.379288414262476,inf,0.0,0.0,gaussian,0.4,0.1,256,gaussian:0.4:0.1:0.0,0.0,,,,,,
0.0031622776601683794,0.0,-5.786555157548017,-5.785641248626455,-5.784259047104868,0.0003968009257034535,0.0022961104431491464,1.7737297831182417,1.640166851028079,0.03063339806403956,inf,64.58662605079135,inf,0.0,0.0,gaussian,0.4,0.1,256,gaussian:0.4:0.1:0.0,0.0,,,,,,
0.004641588833612777,0.0,-5.787400146820819,-5.785641248626455,-5.783612454245363,0.0006544722119373775,0.003787692575456525,2.6034792766204062,2.4074357027170095,0.04496367924317257,inf,107.81511131756886,inf,0.0,0.0,gaussian,0.4,0.1,256,gaussian:0.4:0.1:0.0,0.0,,,,,,
0.006812920690579608,0.0,-5.788691621549013,-5.785641248626455,-5.782663385719733,0.0010413814076465063,0.0060282358292802485,3.8213849754926668,3.5336323612952474,0.06599765546272233,inf,174.57993959404715,inf,0.0,0.0,gaussian,0.4,0.1,256,gaussian:0.4:0.1:0.0,0.0,,,,,,
0.01,0.0,-5.790552461242832,-5.785641248626455,-5.78127034363289,0.0016029761705931922,0.00928211760994202,5.60902606833012,5.186662991954812,0.09687131035295758,inf,275.624305608356,inf,0.0,0.0,gaussian,0.4,0.1,256,gaussian:0.4:0.1:0.0,0.0,,,,,,
0.01467799267622069,0.0,-5.7930812113018035,-5.785641248626455,-5.779225637478053,0.0023917451384454363,0.013855573823750689,8.232924355168043,7.612980140993762,0.14218763838966128,inf,426.53420022109253,inf,0.0,0.0,gaussian,0.4,0.1,256,gaussian:0.4:0.1:0.0,0.0,,,,,,
0.021544346900318822,0.0,-5.796281627116105,-5.785641248626455,-5.776224419281483,0.0034603577129155567,0.02005720783462195,12.084280338903548,11.174326675372,0.20870291149325643,inf,650.1232346407008,inf,0.0,0.0,gaussian,0.4,0.1,256,gaussian:0.4:0.1:0.0,0.0,,,,,,
0.03162277660168379,0.0,-5.799921706470485,-5.785641248626455,-5.7718192334105805,0.004845319382251848,0.028102473059904653,17.737297831182413,16.40166851028079,0.3063339806403956,inf,979.9029846954284,inf,0.0,0.0,gaussian,0.4,0.1,256,gaussian:0.4:0.1:0.0,0.0,,,,,,
0.046415888336127774,0.0,-5.803293025255293,-5.785641248626455,-5.765353304815534,0.006537619292124254,0.03793972043975913,26.034792766204063,24.074357027170095,0.4496367924317258,inf,1465.1345165015175,inf,0.0,0.0,gaussian,0.4,0.1,256,gaussian:0.4:0.1:0.0,0.0,,,,,,
0.06812920690579609,0.0,-5.804865313612911,-5.785641248626455,-5.7558626195592275,0.008441659092204614,0.049002694053683626,38.21384975492667,35.33632361295248,0.6599765546272234,inf,2178.209529965793,inf,0.0,0.0,gaussian,0.4,0.1,256,gaussian:0.4:0.1:0.0,0.0,,,,,,
0.1,0.0,-5.801887138655864,-5.785641248626455,-5.741932198690789,0.010333696352970568,0.05995493996507495,56.0902606833012,51.866629919548124,0.9687131035295758,inf,3225.4650878737807,inf,0.0,0.0,gaussian,0.4,0.1,256,gaussian:0.4:0.1:0.0,0.0,,,,,,
0.14677992676220675,0.0,-5.790043751547878,-5.785641248626455,-5.721485137142427,0.011840776572219032,0.0685586144054513,82.32924355168035,76.12980140993754,1.4218763838966115,inf,4763.049468302651,inf,0.0,0.0,gaussian,0.4,0.1,256,gaussian:0.4:0.1:0.0,0.0,,,,,,
0.21544346900318823,0.0,-5.763275334992747,-5.785641248626455,-5.691472955176717,0.012458606546188824,0.07180237981602922,120.8428033890355,111.74326675372001,2.087029114932564,inf,7020.208714596487,inf,0.0,0.0,gaussian,0.4,0.1,256,gaussian:0.4:0.1:0.0,0.0,,,,,,
0.31622776601683794,0.0,-5.713745640251814,-5.785641248626455,-5.64742109646771,0.011607892258427656,0.0663245437841038,177.37297831182417,164.01668510280788,3.063339806403956,inf,10333.468340659594,inf,0.0,0.0,gaussian,0.4,0.1,256,gaussian:0.4:0.1:0.0,0.0,,,,,,
0.46415888336127725,0.0,-5.631841816237559,-5.785641248626455,-5.582761810517237,0.008714734419353895,0.049080005720322006,260.3479276620404,240.7435702717007,4.496367924317253,inf,15196.807889574633,inf,0.0,0.0,gaussian,0.4,0.1,256,gaussian:0.4:0.1:0.0,0.0,,,,,,
0.6812920690579608,0.0,-5.506169429598485,-5.785641248626455,-5.487854957954166,0.0033261729190294715,0.01831447164431843,382.1384975492666,353.36323612952475,6.599765546272233,inf,22335.309735326045,inf,0.0,0.0,gaussian,0.4,0.1,256,gaussian:0.4:0.1:0.0,0.0,,,,,,
1.0,0.0,-5.323813114077296,-5.785641248626455,-5.348550749269777,0.004646600972349924,0.024737635192480845,560.902606833012,518.6662991954812,9.687131035295758,inf,32813.26293104533,inf,0.0,0.0,gaussian,0.4,0.1,256,gaussian:0.4:0.1:0.0,0.0,,,,,,
0.0,0.008,,,,0.0,0.0,0.0,0.0,0.0,0.0,nan,0.0,0.0,nan,gaussian,0.4,0.1,256,gaussian:0.4:0.1:0.01,0.01,-0.16128968111354064,0.9190266112979866,-0.16128968111354064,0.9190266112979866,-0.16128968111354064,0.9190266112979866
1e-05,0.008,,,,3.6086461948334906e-13,3.3671283467165755e-13,1.57597065760986e-06,1.5751736323258422e-06,4.760986844446509e-07,2.5845146235958097e-12,nan,2.7698970462613198e-12,0.0,nan,gaussian,0.4,0.1,256,gaussian:0.4:0.1:0.01,0.01,-0.16128999701304303,0.9190265143517362,-0.16128968111354064,0.9190266112979866,-0.1612899970131212,0.9190265143520637
1.4677992676220705e-05,0.008,,,,7.751384911950122e-13,7.232603563564327e-13,2.313208577033625e-06,2.3120387039054676e-06,6.988173003436898e-07,5.5681720670435755e-12,nan,5.967566806133296e-12,0.0,nan,gaussian,0.4,0.1,256,gaussian:0.4:0.1:0.01,0.01,-0.1612901447905454,0.9190264690001283,-0.16128968111354064,0.9190266112979866,-0.16129014479071357,0.9190264690008317
2.1544346900318823e-05,0.008,,,,1.6697447166645624e-12,1.5579927150898771e-12,3.3953258552270398e-06,3.3936087163063196e-06,1.0257235216460984e-06,1.1996276042712794e-11,nan,1.2856747241618501e-11,0.0,nan,gaussian,0.4,0.1,256,gaussian:0.4:0.1:0.01,0.01,-0.1612903616981934,0.9190264024328116,-0.16128968111354064,0.9190266112979866,-0.16129036169855546,0.919026402434327
3.1622776601683795e-05,0.008,,,,3.5981235937684887e-12,3.357309679493288e-12,4.98365680364053e-06,4.981136388390291e-06,1.5055562338548743e-06,2.584523430854379e-11,nan,2.7699067477243725e-11,0.0,nan,gaussian,0.4,0.1,256,gaussian:0.4:0.1:0.01,0.01,-0.16129068007494668,0.9190263047247946,-0.16128968111354064,0.9190266112979866,-0.16129068007572692,0.91902630472806
4.641588833612782e-05,0.008,,,,7.752833299199518e-12,7.2339540078326824e-12,7.315007806463318e-06,7.311308342804913e-06,2.209854337416027e-06,5.5681999181260604e-11,nan,5.967597485047261e-11,0.0,nan,gaussian,0.4,0.1,256,gaussian:0.4:0.1:0.01,0.01,-0.16129114738782505,0.9190261613078372,-0.16128968111354064,0.9190266112979866,-0.16129114738950606,0.9190261613148731
6.812920690579608e-05,0.008,,,,1.670143730155458e-11,1.5583647054824485e-11,1.0736963100976566e-05,1.0731533030928165e-05,3.243622578010694e-06,1.1996364115965438e-10,nan,1.2856844257763642e-10,0.0,nan,gaussian,0.4,0.1,256,gaussian:0.4:0.1:0.01,0.01,-0.1612918333087072,0.9190259507979448,-0.16128968111354064,0.9190266112979866,-0.16129183331232877,0.9190259508131018
0.0001,0.008,,,,3.598307250757203e-11,3.3574800388287115e-11,1.5759706576098597e-05,1.575173632325842e-05,4.760986844446509e-06,2.5845512822464373e-10,nan,2.7699374273413695e-10,0.0,nan,gaussian,0.4,0.1,256,gaussian:0.4:0.1:0.01,0.01,-0.16129284010154288,0.919025641806101,-0.16128968111354064,0.9190266112979866,-0.1612928401093456,0.9190256418387566
0.0001467799267622069,0.008,,,,7.752089493887875e-11,7.233256802646193e-11,2.3132085770336225e-05,2.312038703905465e-05,6.988173003436891e-06,5.568287992815623e-10,nan,5.96769450445563e-10,0.0,nan,gaussian,0.4,0.1,256,gaussian:0.4:0.1:0.01,0.01,-0.16129431786845874,0.9190251882560867,-0.16128968111354064,0.9190266112979866,-0.16129431788526957,0.9190251883264386
0.00021544346900318823,0.008,,,,1.6701477507076121e-10,1.5583674509426158e-10,3.39532585522704e-05,3.393608716306319e-05,1.0257235216460984e-05,1.1996642636555778e-09,nan,1.2857151069080641e-09,0.0,nan,gaussian,0.4,0.1,256,gaussian:0.4:0.1:0.01,0.01,-0.16129648692746876,0.9190245225098215,-0.16128968111354064,0.9190266112979866,-0.16129648696368848,0.9190245226613907
0.00031622776601683794,0.008,,,,3.59822068777041e-10,3.357396087770958e-10,4.9836568036405295e-05,4.98113638839029e-05,1.5055562338548742e-05,2.584639360031914e-09,nan,2.7700344537806513e-09,0.0,nan,gaussian,0.4,0.1,256,gaussian:0.4:0.1:0.01,0.01,-0.1612996706573646,0.9190235452721769,-0.16128968111354064,0.9190266112979866,-0.1612996707354032,0.919023545598721
0.00046415888336127773,0.008,,,,7.752165604060997e-10,7.233317756586618e-10,7.31500780646331e-05,7.311308342804906e-05,2.209854337416025e-05,5.568566527776395e-09,nan,5.9680013484090385e-09,0.0,nan,gaussian,0.4,0.1,256,gaussian:0.4:0.1:0.01,0.01,-0.16130434370504765,0.9190221107633332,-0.16128968111354064,0.9190266112979866,-0.16130434387319426,0.9190221114668498
0.0006812920690579609,0.008,,,,1.6701573803088327e-09,1.5583732534397481e-09,0.00010736963100976566,0.00010731533030928166,3.2436225780106944e-05,1.1997523481115777e-08,nan,1.2858121484970951e-08,0.0,nan,gaussian,0.4,0.1,256,gaussian:0.4:0.1:0.01,0.01,-0.16131120273910549,0.9190200049334698,-0.16128968111354064,0.9190266112979866,-0.1613112031014215,0.9190200064491394
0.001,0.008,,,,3.5982598723609525e-09,3.3574225825803267e-09,0.00015759706576098597,0.0001575173632325842,4.760986844446509e-05,2.584917925956962e-08,nan,2.770341368061618e-08,0.0,nan,gaussian,0.4,0.1,256,gaussian:0.4:0.1:0.01,0.01,-0.1613212702908292,0.9190169134403072,-0.16128968111354064,0.9190266112979866,-0.16132127107158994,0.9190169167056861
0.0014677992676220691,0.008,,,,7.752266015617457e-09,7.233379598864373e-09,0.00023132085770336227,0.00023120387039054653,6.988173003436891e-05,5.5694475160765336e-08,nan,5.968972090789927e-08,0.0,nan,gaussian,0.4,0.1,256,gaussian:0.4:0.1:0.01,0.01,-0.16133604714817956,0.9190123745475619,-0.16128968111354064,0.9190266112979866,-0.16133604883082958,0.9190123815825082
0.002154434690031882,0.008,,,,1.6701903403009924e-08,1.5583939296745803e-08,0.00033953258552270397,0.0003393608716306319,0.00010257235216460983,1.2000309807662644e-07,nan,1.2861192143617495e-07,0.0,nan,gaussian,0.4,0.1,256,gaussian:0.4:0.1:0.01,0.01,-0.16135773598811354,0.9190057097760164,-0.16128968111354064,0.9190266112979866,-0.16135773961501865,0.9190057249320291
0.0031622776601683794,0.008,,,,3.598364475503651e-08,3.357488286798471e-08,0.0004983656803640529,0.0004981136388390291,0.00015055562338548743,2.585799224066185e-07,nan,2.7713128143055953e-07,0.0,nan,gaussian,0.4,0.1,256,gaussian:0.4:0.1:0.01,0.01,-0.16138956951271588,0.9189959216537007,-0.16128968111354064,0.9190266112979866,-0.16138957733216547,0.9189959543053311
0.004641588833612777,0.008,,,,7.752593766931851e-08,7.23358440841234e-08,0.000731500780646331,0.0007311308342804906,0.0002209854337416025,5.572235281158293e-07,nan,5.9720460183473e-07,0.0,nan,gaussian,0.4,0.1,256,gaussian:0.4:0.1:0.01,0.01,-0.16143629184613043,0.918981542644017,-0.16128968111354064,0.9190266112979866,-0.16143630871007636,0.9189816129866191
0.006812920690579608,0.008,,,,1.6702938272259016e-07,1.558458486594601e-07,0.0010736963100976566,0.0010731533030928166,0.0003243622578010694,1.200912946944541e-06,nan,1.2870921791736947e-06,0.0,nan,gaussian,0.4,0.1,256,gaussian:0.4:0.1:0.01,0.01,-0.1615048646048946,0.9189604112711338,-0.16128968111354064,0.9190266112979866,-0.16150490099234896,0.9189605628095174
0.01,0.008,,,,3.5986904088472895e-07,3.357690909027306e-07,0.00157597065760986,0.0015751736323258419,0.0004760986844446509,2.5885900925069693e-06,nan,2.7743937991253563e-06,0.0,nan,gaussian,0.4,0.1,256,gaussian:0.4:0.1:0.01,0.01,-0.16160550212515906,0.9189293389277227,-0.16128968111354064,0.9190266112979866,-0.16160558069403314,0.918929665374984
0.01467799267622069,0.008,,,,7.753618875161609e-07,7.23421859085275e-07,0.0023132085770336225,0.002312038703905465,0.0006988173003436891,5.581069364222518e-06,nan,5.981808482758935e-06,0.0,nan,gaussian,0.4,0.1,256,gaussian:0.4:0.1:0.01,0.01,-0.16175318846329534,0.9188836109367701,-0.16128968111354064,0.9190266112979866,-0.16175335828642967,0.9188843141432044
0.021544346900318822,0.008,,,,1.6706152816683134e-06,1.558655871920991e-06,0.0033953258552270396,0.003393608716306319,0.0010257235216460984,1.2037105205974512e-05,nan,1.290188436572554e-05,0.0,nan,gaussian,0.4,0.1,256,gaussian:0.4:0.1:0.01,0.01,-0.16196989851167964,0.9188162329549037,-0.16128968111354064,0.9190266112979866,-0.16197026612832024,0.9188177476384127
0.03162277660168379,0.008,,,,3.599694374596759e-06,3.3583004548137613e-06,0.0049836568036405295,0.00498113638839029,0.0015055562338548742,2.5974553766365255e-05,nan,2.7842274307125763e-05,0.0,nan,gaussian,0.4,0.1,256,gaussian:0.4:0.1:0.01,0.01,-0.16228784578227645,0.9187167791409425,-0.16128968111354064,0.9190266112979866,-0.16228864329978873,0.9187200413714314
0.046415888336127774,0.008,,,,7.756735394167604e-06,7.236078196958148e-06,0.007315007806463311,0.007311308342804907,0.002209854337416025,5.6091904586934616e-05,nan,6.01310329562039e-05,0.0,nan,gaussian,0.4,0.1,256,gaussian:0.4:0.1:0.01,0.01,-0.1627542214644699,0.91856960333768,-0.16128968111354064,0.9190266112979866,-0.1627559570788977,0.918576628184314
0.06812920690579609,0.008,,,,1.6715737315810665e-05,1.559212376921904e-05,0.010736963100976566,0.010731533030928166,0.0032436225780106943,0.00012126436411745836,nan,0.00013001775964627566,0.0,nan,gaussian,0.4,0.1,256,gaussian:0.4:0.1:0.01,0.01,-0.16343808562921458,0.9183510029936914,-0.16128968111354064,0.9190266112979866,-0.16344187990162357,0.9183661264132955
0.1,0.008,,,,3.602599495280765e-05,3.3599137732556386e-05,0.015759706576098598,0.01575173632325842,0.004760986844446509,0.0002625893867325628,nan,0.0002816253268824893,0.0,nan,gaussian,0.4,0.1,256,gaussian:0.4:0.1:0.01,0.01,-0.16444032879564296,0.9180246065475064,-0.16128968111354064,0.9190266112979866,-0.16444867691846585,0.9180571520679617
0.14677992676220675,0.008,,,,7.765338022514114e-05,7.240499740973378e-05,0.0231320857703362,0.023120387039054627,0.006988173003436884,0.0005700012361539271,nan,0.0006116451802753493,0.0,nan,gaussian,0.4,0.1,256,gaussian:0.4:0.1:0.01,0.01,-0.16590792000727456,0.917533646767154,-0.16128968111354064,0.9190266112979866,-0.165926452842431,0.9176036397501663
0.21544346900318823,0.008,,,,0.00016740227655791202,0.00015602948490713416,0.033953258552270396,0.03393608716306319,0.010257235216460985,0.0012417862197297899,nan,0.001333853127818398,0.0,nan,gaussian,0.4,0.1,256,gaussian:0.4:0.1:0.01,0.01,-0.16805388116882952,0.9167876069199468,-0.16128968111354064,0.9190266112979866,-0.16809553126133664,0.9169379747022491
0.31622776601683794,0.008,,,,0.0003609083891444633,0.00033618724355626836,0.04983656803640529,0.04981136388390291,0.015055562338548743,0.0027200694780849274,nan,0.002927584393387643,0.0,nan,gaussian,0.4,0.1,256,gaussian:0.4:0.1:0.01,0.01,-0.17118416979845608,0.9156384658489306,-0.16128968111354064,0.9190266112979866,-0.1712793029760211,0.9159609120324347
0.46415888336127725,0.008,,,,0.0007779998498742925,0.0007239916346789597,0.07315007806463303,0.073113083428049,0.022098543374160225,0.006007616826544286,nan,0.00649267313571179,0.0,nan,gaussian,0.4,0.1,256,gaussian:0.4:0.1:0.01,0.01,-0.17573065498535903,0.9138375958941022,-0.16128968111354064,0.9190266112979866,-0.17595244076711086,0.91452678016126
0.6812920690579608,0.008,,,,0.0016759565985351188,0.001556990311017868,0.10736963100976565,0.10731533030928164,0.032436225780106936,0.01343919692651396,nan,0.014653753906560244,0.0,nan,gaussian,0.4,0.1,256,gaussian:0.4:0.1:0.01,0.01,-0.18228205480766482,0.9109576150398349,-0.16128968111354064,0.9190266112979866,-0.18281166899436943,0.9124217624510762
1.0,0.008,,,,0.003602808404907156,0.0033372309789132023,0.15759706576098598,0.1575173632325842,0.04760986844446509,0.030680217808254907,nan,0.034131502082369494,0.0,nan,gaussian,0.4,0.1,256,gaussian:0.4:0.1:0.01,0.01,-0.19158304637187556,0.906256964893959,-0.16128968111354064,0.9190266112979866,-0.19287963916279222,0.9093320189977369
0.0,0.0,-2.6112110981542735,-2.6112110981542735,-2.6112110981542735,0.0,0.0,0.0,0.0,0.0,0.0,0.0,0.0,0.0,0.0,gaussian,0.8,0.0,256,gaussian:0.8:0.0:0.0,0.0,,,,,,
1e-05,0.0,-2.6111926697836187,-2.6112110981542735,-2.6111926692590366,2.0089752914927427e-10,5.245821554922259e-10,4.871855224958731e-05,4.795635826589572e-05,3.8195177645141994e-05,7.160576419780934e-08,5.714212390703384e-08,2.7422628366120053e-08,0.0,0.0,gaussian,0.8,0.0,256,gaussian:0.8:0.0:0.0,0.0,,,,,,
1.4677992676220705e-05,0.0,-2.6111840493654963,-2.6112110981542735,-2.6111840482353417,4.328130898380252e-10,1.130154636541647e-09,7.150905531155183e-05,7.039030754050337e-05,5.6062853774234294e-05,1.5427345853503415e-07,1.2310621238132763e-07,5.908180534192823e-08,0.0,0.0,gaussian,0.8,0.0,256,gaussian:0.8:0.0:0.0,0.0,,,,,,
2.1544346900318823e-05,0.0,-2.6111713967378405,-2.6112110981542735,-2.611171394303076,9.324414295990473e-10,2.434764390102373e-09,0.00010496093901464169,0.00010331884185564294,8.228901571062416e-05,3.323832104587281e-07,2.6521556196771755e-07,1.2729277499511773e-07,0.0,0.0,gaussian,0.8,0.0,256,gaussian:0.8:0.0:0.0,0.0,,,,,,
3.1622776601683795e-05,0.0,-2.61115282611586,-2.6112110981542735,-2.6111528208705637,2.0088047489696285e-09,5.245296197387006e-09,0.0001540615894146159,0.00015165132040727324,0.0001207837569933952,7.161330852878008e-07,5.713619945510958e-07,2.7425942900396445e-07,0.0,0.0,gaussian,0.8,0.0,256,gaussian:0.8:0.0:0.0,0.0,,,,,,
4.641588833612782e-05,0.0,-2.61112557009979,-2.6112110981542735,-2.611125558799925,4.327583925133148e-09,1.1299865043667978e-08,0.00022613148811146533,0.0002225936970277156,0.0001772863100555476,1.5429731806790096e-06,1.2308747936838684e-06,5.909229785052808e-07,0.0,0.0,gaussian,0.8,0.0,256,gaussian:0.8:0.0:0.0,0.0,,,,,,
6.812920690579608e-05,0.0,-2.6110855678949623,-2.6112110981542735,-2.6110855435526075,9.322695164739101e-09,2.4342354798534416e-08,0.0003319156326362971,0.00032672286547456934,0.0002602207160589516,3.324586714351005e-06,2.6515633109612764e-06,1.273260064429412e-06,0.0,0.0,gaussian,0.8,0.0,256,gaussian:0.8:0.0:0.0,0.0,,,,,,
0.0001,0.0,-2.611026861638103,-2.6112110981542735,-2.611026809201902,2.0082597190105248e-08,5.243620071482269e-08,0.0004871855224958731,0.0004795635826589572,0.0003819517764514199,7.16371762637931e-06,5.711747277532343e-06,2.743647539676258e-06,0.0,0.0,gaussian,0.8,0.0,256,gaussian:0.8:0.0:0.0,0.0,,,,,,
0.0001467799267622069,0.0,-2.6109407119106276,-2.6112110981542735,-2.6109405989649517,4.325861380451036e-08,1.1294567592301519e-07,0.0007150905531155175,0.0007039030754050329,0.0005606285377423423,1.5437281712894106e-05,1.2302827788231392e-05,5.9125715050912596e-06,0.0,0.0,gaussian,0.8,0.0,256,gaussian:0.8:0.0:0.0,0.0,,,,,,
0.00021544346900318823,0.0,-2.610814302898321,-2.6112110981542735,-2.6108140596422946,9.317247349346705e-08,2.4325602643315847e-07,0.0010496093901464169,0.0010331884185564293,0.0008228901571062416,3.3269752565184835e-05,2.649692006230642e-05,1.2743219459106728e-05,0.0,0.0,gaussian,0.8,0.0,256,gaussian:0.8:0.0:0.0,0.0,,,,,,
0.00031622776601683794,0.0,-2.6106288491497702,-2.6112110981542735,-2.610628325317173,2.0065379935931384e-07,5.238325972989344e-07,0.001540615894146159,0.0015165132040727324,0.001207837569933952,7.171275748263569e-05,5.70583345175018e-05,2.747029393563706e-05,0.0,0.0,gaussian,0.8,0.0,256,gaussian:0.8:0.0:0.0,0.0,,,,,,
0.00046415888336127773,0.0,-2.6103568323949276,-2.6112110981542735,-2.6103557046107877,4.320421353348485e-07,1.1277841398538158e-06,0.002261314881114651,0.0022259369702771537,0.0017728631005554743,0.00015461205312227946,0.00012284144056144922,5.92337707478236e-05,0.0,0.0,gaussian,0.8,0.0,256,gaussian:0.8:0.0:0.0,0.0,,,,,,
0.0006812920690579609,0.0,-2.6099579794158574,-2.6112110981542735,-2.609955552137615,9.300066367137025e-07,2.4272782424006323e-06,0.003319156326362971,0.003267228654745694,0.0026022071605895157,0.0003334551128522272,0.00026437917651120666,0.0001277790808226219,0.0,0.0,gaussian,0.8,0.0,256,gaussian:0.8:0.0:0.0,0.0,,,,,,
0.001,0.0,-2.6093734302868308,-2.6112110981542735,-2.609368208630557,2.0011149853000316e-06,5.221656273590725e-06,0.004871855224958731,0.0047956358265895714,0.003819517764514199,0.0007195281938772952,0.0005687212622912128,0.00027582410742900355,0.0,0.0,gaussian,0.8,0.0,256,gaussian:0.8:0.0:0.0,0.0,,,,,,
0.0014677992676220691,0.0,-2.6085173315435153,-2.6112110981542735,-2.6085061062610535,4.303319102402722e-06,1.1225282461779784e-05,0.007150905531155176,0.00703903075405033,0.005606285377423424,0.0015537348771847528,0.001222543259056118,0.0005959966488992554,0.0,0.0,gaussian,0.8,0.0,256,gaussian:0.8:0.0:0.0,0.0,,,,,,
0.002154434690031882,0.0,-2.607264820327401,-2.6112110981542735,-2.6072407130344812,9.246200359753532e-06,2.4107292919683943e-05,0.010496093901464169,0.010331884185564293,0.008228901571062415,0.003358736849410173,0.0026253052871456823,0.0012898959630770342,0.0,0.0,gaussian,0.8,0.0,256,gaussian:0.8:0.0:0.0,0.0,,,,,,
0.0031622776601683794,0.0,-2.605435066318976,-2.6112110981542735,-2.6053833697832647,1.984180545493014e-05,5.169653571135413e-05,0.015406158941461589,0.015165132040727324,0.01207837569933952,0.0072722652410323,0.00562912007431983,0.002799058603890467,0.0,0.0,gaussian,0.8,0.0,256,gaussian:0.8:0.0:0.0,0.0,,,,,,
0.004641588833612777,0.0,-2.6027677861838345,-2.6112110981542735,-2.602657162719407,4.250224127357455e-05,0.00011062346442747284,0.02261314881114651,0.022259369702771536,0.017728631005554742,0.0157831493638487,0.012043409091107033,0.006101243926980279,0.0,0.0,gaussian,0.8,0.0,256,gaussian:0.8:0.0:0.0,0.0,,,,,,
0.006812920690579608,0.0,-2.5988916272776352,-2.6112110981542735,-2.5986556379876897,9.080382093219685e-05,0.00023598928994550405,0.03319156326362971,0.032672286547456936,0.026022071605895158,0.034375819508438,0.025685105254369844,0.013405642886829959,0.0,0.0,gaussian,0.8,0.0,256,gaussian:0.8:0.0:0.0,0.0,,,,,,
0.01,0.0,-2.5932834035106436,-2.6112110981542735,-2.5927822029171037,0.00019326873139332388,0.0005012005935398633,0.04871855224958731,0.04795635826589572,0.03819517764514199,0.07526928632737423,0.05452981298740375,0.029898272152396908,0.0,0.0,gaussian,0.8,0.0,256,gaussian:0.8:0.0:0.0,0.0,,,,,,
0.01467799267622069,0.0,-2.5852189503999012,-2.6112110981542735,-2.584161179222071,0.0004091611573815528,0.0010577711778303467,0.07150905531155174,0.0703903075405033,0.056062853774234235,0.16614316754324032,0.11501867776471664,0.0687104755799098,0.0,0.0,gaussian,0.8,0.0,256,gaussian:0.8:0.0:0.0,0.0,,,,,,
0.021544346900318822,0.0,-2.5737199825360726,-2.6112110981542735,-2.571507246956351,0.0008597421610494364,0.0022127355797216808,0.1049609390146417,0.10331884185564293,0.08228901571062415,0.3713227027644578,0.2404046352424444,0.16876888974821933,0.0,0.0,gaussian,0.8,0.0,256,gaussian:0.8:0.0:0.0,0.0,,,,,,
0.03162277660168379,0.0,-2.5575066063752736,-2.6112110981542735,-2.552933814444187,0.0017879883163107347,0.004572791931086506,0.15406158941461587,0.15165132040727322,0.12078375699339519,0.8464242168539972,0.4961993549835128,0.49599733751820474,0.0,0.0,gaussian,0.8,0.0,256,gaussian:0.8:0.0:0.0,0.0,,,,,,
0.046415888336127774,0.0,-2.534969000490691,-2.6112110981542735,-2.525671743805604,0.0036676017273927102,0.00929725668508663,0.2261314881114651,0.2225936970277154,0.17728631005554743,1.9933932472493947,1.0069974854670476,3.745019308776245,0.0,0.0,gaussian,0.8,0.0,256,gaussian:0.8:0.0:0.0,0.0,,,,,,
0.06812920690579609,0.0,-2.5041656712912914,-2.6112110981542735,-2.4856564964884327,0.0073913539407775486,0.01850917480285874,0.33191563263629714,0.3267228654745694,0.2602207160589516,4.974646009400134,1.999234132725561,inf,0.0,0.0,gaussian,0.8,0.0,256,gaussian:0.8:0.0:0.0,0.0,,,,,,
0.1,0.0,-2.462827818906575,-2.6112110981542735,-2.426922145782571,0.014579043182947646,0.03590567312400372,0.4871855224958731,0.4795635826589572,0.3819517764514199,13.962608079462555,3.8622783707952353,inf,0.0,0.0,gaussian,0.8,0.0,256,gaussian:0.8:0.0:0.0,0.0,,,,,,
0.14677992676220675,0.0,-2.40830292503007,-2.6112110981542735,-2.340711908832249,0.0280658282209148,0.0675910161978206,0.7150905531155168,0.7039030754050322,0.5606285377423418,54.14437052636583,7.225462506792609,inf,0.0,0.0,gaussian,0.8,0.0,256,gaussian:0.8:0.0:0.0,0.0,,,,,,
0.21544346900318823,0.0,-2.3373577052022263,-2.6112110981542735,-2.214172586175043,0.052702724428105974,0.1231851190271831,1.049609390146417,1.0331884185564293,0.8228901571062416,inf,13.045665680151053,inf,0.0,0.0,gaussian,0.8,0.0,256,gaussian:0.8:0.0:0.0,0.0,,,,,,
0.31622776601683794,0.0,-2.2458809503651085,-2.6112110981542735,-2.0284382610534015,0.0968184396756906,0.21744268931170696,1.540615894146159,1.5165132040727323,1.207837569933952,inf,22.707953267527692,inf,0.0,0.0,gaussian,0.8,0.0,256,gaussian:0.8:0.0:0.0,0.0,,,,,,
0.46415888336127725,0.0,-2.128819559113004,-2.6112110981542735,-1.7558175546675787,0.17521541590910625,0.3730020044454252,2.261314881114649,2.2259369702771514,1.7728631005554725,inf,38.16406799011314,inf,0.0,0.0,gaussian,0.8,0.0,256,gaussian:0.8:0.0:0.0,0.0,,,,,,
0.6812920690579608,0.0,-1.9809661860389087,-2.6112110981542735,-1.355665081495855,0.3156546078120548,0.6253011045430537,3.319156326362971,3.2672286547456935,2.602207160589516,inf,62.15813240695191,inf,0.0,0.0,gaussian,0.8,0.0,256,gaussian:0.8:0.0:0.0,0.0,,,,,,
1.0,0.0,-1.7990951816797496,-2.6112110981542735,-0.7683215744372394,0.5729400076988225,1.0307736072425102,4.871855224958731,4.795635826589572,3.819517764514199,inf,98.59981880336113,inf,0.0,0.0,gaussian,0.8,0.0,256,gaussian:0.8:0.0:0.0,0.0,,,,,,
0.0,0.016,,,,0.0,0.0,0.0,0.0,0.0,0.0,nan,0.0,0.0,nan,gaussian,0.8,0.0,256,gaussian:0.8:0.0:0.01,0.01,-0.07610339517135659,0.4622565246304437,-0.07610339517135659,0.4622565246304437,-0.07610339517135659,0.4622565246304437
1e-05,0.016,,,,5.869779116486182e-13,2.749869489143349e-13,2.0588717716067937e-06,2.0575356384082344e-06,8.348451328181266e-07,3.0548218771377885e-12,nan,6.520720248691251e-12,0.0,nan,gaussian,0.8,0.0,256,gaussian:0.8:0.0:0.01,0.01,-0.07610373928737171,0.4622564136828359,-0.07610339517135659,0.4622565246304437,-0.07610373928748859,0.4622564136830848
1.4677992676220705e-05,0.016,,,,1.2639084281492233e-12,5.921147915003267e-13,3.0220104784922067e-06,3.0200493031619155e-06,1.2253850745282964e-06,6.5814205628079175e-12,nan,1.4048480190060725e-11,0.0,nan,gaussian,0.8,0.0,256,gaussian:0.8:0.0:0.01,0.01,-0.07610390026451141,0.4622563617814558,-0.07610339517135659,0.4622565246304437,-0.0761039002647631,0.46225636178199175
2.1544346900318823e-05,0.016,,,,2.7229404134379444e-12,1.2756408080395924e-12,4.435704767077075e-06,4.432826155363595e-06,1.798619314947646e-06,1.4179260815403107e-11,nan,3.026657822850652e-11,0.0,nan,gaussian,0.8,0.0,256,gaussian:0.8:0.0:0.01,0.01,-0.07610413654654657,0.46225628560045046,-0.07610339517135659,0.4622565246304437,-0.07610413654708875,0.46225628560160514
3.1622776601683795e-05,0.016,,,,5.8670184958189705e-12,2.7485755161137677e-12,6.510724208503458e-06,6.506498984338644e-06,2.6400121132110653e-06,3.0548354768425496e-11,nan,6.520750890893431e-11,0.0,nan,gaussian,0.8,0.0,256,gaussian:0.8:0.0:0.01,0.01,-0.07610448336094516,0.46225617378160166,-0.07610339517135659,0.4622565246304437,-0.07610448336211327,0.4622561737840897
4.641588833612782e-05,0.016,,,,1.2638237808104186e-11,5.920749210944819e-12,9.556436224930659e-06,9.550234443996006e-06,3.8750078462845955e-06,6.581463569022876e-11,nan,1.4048577090142568e-10,0.0,nan,gaussian,0.8,0.0,256,gaussian:0.8:0.0:0.01,0.01,-0.07610499241443577,0.46225600965306274,-0.07610339517135659,0.4622565246304437,-0.0761049924169523,0.46225600965842206
6.812920690579608e-05,0.016,,,,2.7229128583063106e-11,1.2756272194684285e-11,1.4026930092030218e-05,1.4017827122516382e-05,5.687733678806295e-06,1.4179396813796173e-10,nan,3.026688465778929e-10,0.0,nan,gaussian,0.8,0.0,256,gaussian:0.8:0.0:0.01,0.01,-0.07610573960185048,0.46225576874334084,-0.07610339517135659,0.4622565246304437,-0.07610573960727217,0.4622557687548876
0.0001,0.016,,,,5.866308933519381e-11,2.7482409520207e-11,2.0588717716067937e-05,2.0575356384082342e-05,8.348451328181266e-06,3.0548784836820145e-10,nan,6.520847794345553e-10,0.0,nan,gaussian,0.8,0.0,256,gaussian:0.8:0.0:0.01,0.01,-0.07610683632099574,0.46225541513197954,-0.07610339517135659,0.4622565246304437,-0.07610683633267651,0.4622554151568561
0.0001467799267622069,0.016,,,,1.2638520408633037e-10,5.920874807594334e-11,3.0220104784922034e-05,3.020049303161912e-05,1.225385074528295e-05,6.581599570314666e-10,nan,1.4048883535069143e-09,0.0,nan,gaussian,0.8,0.0,256,gaussian:0.8:0.0:0.01,0.01,-0.0761084460802562,0.4622548960923299,-0.07610339517135659,0.4622565246304437,-0.07610844610542172,0.4622548961459244
0.00021544346900318823,0.016,,,,2.7228948980294066e-10,1.275616656394213e-10,4.435704767077075e-05,4.432826155363595e-05,1.798619314947646e-05,1.4179826895645892e-09,nan,3.026785376492552e-09,0.0,nan,gaussian,0.8,0.0,256,gaussian:0.8:0.0:0.01,0.01,-0.0761108088744601,0.46225413422659295,-0.07610339517135659,0.4622565246304437,-0.07611080892867819,0.46225413434205886
0.00031622776601683794,0.016,,,,5.866305579398828e-10,2.748232584528505e-10,6.510724208503458e-05,6.506498984338643e-05,2.640012113211065e-05,3.055014491219311e-09,nan,6.521154272978905e-09,0.0,nan,gaussian,0.8,0.0,256,gaussian:0.8:0.0:0.01,0.01,-0.07611427696211245,0.46225301591814016,-0.07610339517135659,0.4622565246304437,-0.0761142770789236,0.46225301616690306
0.00046415888336127773,0.016,,,,1.2638566360755598e-09,5.920874842846442e-10,9.55643622493065e-05,9.550234443995996e-05,3.875007846284592e-05,6.582029681154786e-09,nan,1.4049852798670783e-08,0.0,nan,gaussian,0.8,0.0,256,gaussian:0.8:0.0:0.01,0.01,-0.0761193673756464,0.46225137437428865,-0.07610339517135659,0.4622565246304437,-0.0761193676273138,0.4622513749102281
0.0006812920690579609,0.016,,,,2.7229008794174076e-09,1.2756126615979148e-09,0.00014026930092030218,0.00014017827122516383,5.687733678806296e-05,1.4181187105589838e-08,nan,3.027091927759259e-08,0.0,nan,gaussian,0.8,0.0,256,gaussian:0.8:0.0:0.01,0.01,-0.07612683898829439,0.46224896472024574,-0.07610339517135659,0.4622565246304437,-0.07612683953051269,0.4622489658748829
0.001,0.016,,,,5.8663215051074814e-09,2.7482185493486323e-09,0.00020588717716067936,0.0002057535638408234,8.348451328181266e-05,3.055444664528208e-08,nan,6.522123873772989e-08,0.0,nan,gaussian,0.8,0.0,256,gaussian:0.8:0.0:0.01,0.01,-0.07613780561632712,0.4622454274070091,-0.07610339517135659,0.4622565246304437,-0.07613780678455578,0.4622454298945675
0.0014677992676220691,0.016,,,,1.2638640099122293e-08,5.920841401008591e-09,0.00030220104784922034,0.00030200493031619125,0.0001225385074528295,6.583390181097128e-08,nan,1.4052919876843772e-07,0.0,nan,gaussian,0.8,0.0,256,gaussian:0.8:0.0:0.01,0.01,-0.07615390199496241,0.462240234426067,-0.07610339517135659,0.4622565246304437,-0.07615390451200807,0.46224023978525014
0.002154434690031882,0.016,,,,2.722922761638335e-08,1.2756014089294623e-08,0.00044357047670770744,0.00044328261553635943,0.0001798619314947646,1.418549018503202e-07,nan,3.028062255467578e-07,0.0,nan,gaussian,0.8,0.0,256,gaussian:0.8:0.0:0.01,0.01,-0.07617752732121458,0.4622326102008999,-0.07610339517135659,0.4622565246304437,-0.07617753274457292,0.4622326217465952
0.0031622776601683794,0.016,,,,5.866392144843712e-08,2.748183618830709e-08,0.0006510724208503457,0.0006506498984338643,0.0002640012113211065,3.05680578959676e-07,nan,6.525194327829077e-07,0.0,nan,gaussian,0.8,0.0,256,gaussian:0.8:0.0:0.01,0.01,-0.07621220256102298,0.4622214151215843,-0.07610339517135659,0.4622565246304437,-0.07621221424702682,0.46222143999503673
0.004641588833612777,0.016,,,,1.2638863106993836e-07,5.920730663252895e-08,0.000955643622493065,0.0009550234443995996,0.0003875007846284592,6.587696163511582e-07,nan,1.4062638835979997e-06,0.0,nan,gaussian,0.8,0.0,256,gaussian:0.8:0.0:0.01,0.01,-0.07626309454871827,0.4622049738432027,-0.07610339517135659,0.4622565246304437,-0.07626311973092864,0.4622050274282887
0.006812920690579608,0.016,,,,2.7229935433809506e-07,1.2755664651248815e-07,0.0014026930092030218,0.0014017827122516382,0.0005687733678806296,1.4199114919622945e-06,nan,3.031139997081096e-06,0.0,nan,gaussian,0.8,0.0,256,gaussian:0.8:0.0:0.01,0.01,-0.07633778449216773,0.46218082163921,-0.07610339517135659,0.4622565246304437,-0.07633783876291773,0.46218093707483604
0.01,0.016,,,,5.8666163124622e-07,2.748073053944539e-07,0.0020588717716067935,0.0020575356384082344,0.0008348451328181266,3.0611180371675384e-06,nan,6.534947171501189e-06,0.0,nan,gaussian,0.8,0.0,256,gaussian:0.8:0.0:0.01,0.01,-0.07644739432579314,0.46214532860462165,-0.07610339517135659,0.4622565246304437,-0.07644751130334872,0.4621455772716814
0.01467799267622069,0.016,,,,1.2639572786241258e-06,5.920380378139578e-07,0.003022010478492203,0.003020049303161912,0.001225385074528295,6.601350022626571e-06,nan,1.4093573931517861e-05,0.0,nan,gaussian,0.8,0.0,256,gaussian:0.8:0.0:0.01,0.01,-0.07660823638421452,0.4620931405411326,-0.07610339517135659,0.4622565246304437,-0.07660848857787156,0.46209367617850766
0.021544346900318822,0.016,,,,2.72321831280733e-06,1.2754553842544568e-06,0.004435704767077075,0.004432826155363594,0.0017986193149476459,1.4242372881674048e-05,nan,3.0409663039372223e-05,0.0,nan,gaussian,0.8,0.0,256,gaussian:0.8:0.0:0.01,0.01,-0.07684422702139156,0.46201634211147125,-0.07610339517135659,0.4622565246304437,-0.07684477090352002,0.4620174957919589
0.03162277660168379,0.016,,,,5.867328699903677e-06,2.7477203346574367e-06,0.0065107242085034565,0.006506498984338643,0.002640012113211065,3.0748349902594926e-05,nan,6.566225140584694e-05,0.0,nan,gaussian,0.8,0.0,256,gaussian:0.8:0.0:0.01,0.01,-0.07719041243951653,0.46190319374590066,-0.07610339517135659,0.4622565246304437,-0.07719158592805885,0.46190567827637513
0.046415888336127774,0.016,,,,1.2641832997241248e-05,5.919258250710647e-06,0.00955643622493065,0.009550234443995997,0.003875007846284592,6.64490225833871e-05,nan,0.0001419344148900197,0.0,nan,gaussian,0.8,0.0,256,gaussian:0.8:0.0:0.01,0.01,-0.0776981070960622,0.46173620301737434,-0.07610339517135659,0.4622565246304437,-0.07770064076707728,0.4617415526088939
0.06812920690579609,0.016,,,,2.7239364822004733e-05,1.2750974015659702e-05,0.014026930092030218,0.014017827122516383,0.005687733678806296,0.00014380918052570948,nan,0.0003072998028383985,0.0,nan,gaussian,0.8,0.0,256,gaussian:0.8:0.0:0.01,0.01,-0.07844235519097892,0.46148913378446776,-0.07610339517135659,0.4622565246304437,-0.07844783108696801,0.46150064907436705
0.1,0.016,,,,5.869615430298016e-05,2.7465736505706285e-05,0.020588717716067937,0.020575356384082342,0.008348451328181265,0.0003119032466654458,nan,0.000666965433352734,0.0,nan,gaussian,0.8,0.0,256,gaussian:0.8:0.0:0.01,0.01,-0.07953270451889695,0.46112227408916473,-0.07610339517135659,0.4622565246304437,-0.0795445564912779,0.46114705104282094
0.14677992676220675,0.016,,,,0.0001264913544127826,5.915563504069057e-05,0.030220104784922003,0.03020049303161909,0.012253850745282938,0.0006786489084955056,nan,0.0014530736120661818,0.0,nan,gaussian,0.8,0.0,256,gaussian:0.8:0.0:0.01,0.01,-0.08112862298466775,0.46057476180618073,-0.07610339517135659,0.4622565246304437,-0.08115432923650648,0.460628040111085
0.21544346900318823,0.016,,,,0.0002726277634300812,0.00012738967270557432,0.04435704767077075,0.04432826155363595,0.01798619314947646,0.0014837338449290873,nan,0.003184628593812524,0.0,nan,gaussian,0.8,0.0,256,gaussian:0.8:0.0:0.01,0.01,-0.08346122833110975,0.4597517783195703,-0.07610339517135659,0.4622565246304437,-0.08351715249299096,0.4598662362455952
0.31622776601683794,0.016,,,,0.0005877159146223765,0.0002742623796131147,0.06510724208503457,0.06506498984338643,0.02640012113211065,0.0032675572270601683,nan,0.0070473964649763,0.0,nan,gaussian,0.8,0.0,256,gaussian:0.8:0.0:0.01,0.01,-0.08686311443226062,0.4585025211322782,-0.07610339517135659,0.4622565246304437,-0.08698530273837929,0.4587480610897574
0.46415888336127725,0.016,,,,0.0012673587361060243,0.0005902341295503905,0.0955643622493064,0.09550234443995986,0.03875007846284588,0.007276803786783266,nan,0.015853212836338542,0.0,nan,gaussian,0.8,0.0,256,gaussian:0.8:0.0:0.01,0.01,-0.09180726505603123,0.4565812210730028,-0.07610339517135659,0.4622565246304437,-0.09207585112856356,0.4571068044149456
0.6812920690579608,0.016,,,,0.002734248352921623,0.0012693609829109867,0.14026930092030218,0.1401782712251638,0.05687733678806295,0.016492603946289805,nan,0.036733926716731806,0.0,nan,gaussian,0.8,0.0,256,gaussian:0.8:0.0:0.01,0.01,-0.09895245281823566,0.45357665648922896,-0.07610339517135659,0.4622565246304437,-0.09954775432747076,0.4546977690696771
1.0,0.016,,,,0.005903202540046533,0.002726534936915316,0.20588717716067936,0.2057535638408234,0.08348451328181265,0.03846828183341605,nan,0.0902943449947186,0.0,nan,gaussian,0.8,0.0,256,gaussian:0.8:0.0:0.01,0.01,-0.10918102424718948,0.44878387388593577,-0.07610339517135659,0.4622565246304437,-0.11051500837056977,0.4511617887542162
0.0,0.0,-3.3601720237550685,-3.3601720237550685,-3.3601720237550685,0.0,0.0,0.0,0.0,0.0,0.0,0.0,0.0,0.0,0.0,gaussian,0.8,0.05,256,gaussian:0.8:0.05:0.0,0.0,,,,,,
1e-05,0.0,-3.3601505520550266,-3.3601720237550685,-3.3601505512119907,2.508922889853421e-10,8.430358633404467e-10,6.836773960844386e-05,6.739259207961191e-05,4.554619617585257e-05,1.4571735185644153e-07,1.6018733679759542e-07,4.336631825115902e-08,0.0,0.0,gaussian,0.8,0.05,256,gaussian:0.8:0.05:0.0,0.0,,,,,,
1.4677992676220705e-05,0.0,-3.3601405081882776,-3.3601720237550685,-3.3601405063720637,5.40517231811702e-10,1.8162138459842936e-09,0.00010035011812625032,9.891879729760731e-05,6.685267338988754e-05,3.139485592872734e-07,3.451022762685442e-07,9.3433172816768e-08,0.0,0.0,gaussian,0.8,0.05,256,gaussian:0.8:0.05:0.0,0.0,,,,,,
2.1544346900318823e-05,0.0,-3.3601257664761235,-3.3601720237550685,-3.360125762563377,1.1644643216113877e-09,3.912746571188563e-09,0.0001472938298914982,0.00014519293822748376,9.812630504025422e-05,6.764134235575939e-07,7.434659157581453e-07,2.013060246910723e-07,0.0,0.0,gaussian,0.8,0.05,256,gaussian:0.8:0.05:0.0,0.0,,,,,,
3.1622776601683795e-05,0.0,-3.3601041300410195,-3.3601720237550685,-3.3601041216117835,2.5086234383394134e-09,8.429235975881966e-09,0.00021619777563999088,0.0002131140883941972,0.00014402971867254503,1.45738897916027e-06,1.6016399903279303e-06,4.337334673365898e-07,0.0,0.0,gaussian,0.8,0.05,256,gaussian:0.8:0.05:0.0,0.0,,,,,,
4.641588833612782e-05,0.0,-3.360072375197497,-3.3601720237550685,-3.3600723570388853,5.404232253262398e-09,1.8158611503338307e-08,0.0003173349367458993,0.0003128087028649478,0.00021140671558337446,3.1401670298284153e-06,3.450284854576698e-06,9.34554268721832e-07,0.0,0.0,gaussian,0.8,0.05,256,gaussian:0.8:0.05:0.0,0.0,,,,,,
6.812920690579608e-05,0.0,-3.3600257721384246,-3.3601720237550685,-3.3600257330220487,1.164168925146142e-08,3.911637591613726e-08,0.0004657839877465261,0.0004591403849709794,0.00031030262230366377,6.766289549667174e-06,7.432326136505717e-06,2.0137652842618187e-06,0.0,0.0,gaussian,0.8,0.05,256,gaussian:0.8:0.05:0.0,0.0,,,,,,
0.0001,0.0,-3.359957382581642,-3.3601720237550685,-3.3599572983242822,2.507691323488875e-08,8.425735975592374e-08,0.0006836773960844386,0.0006739259207961191,0.0004554619617585257,1.4580707449149237e-05,1.6009024327283235e-05,4.339570247046103e-06,0.0,0.0,gaussian,0.8,0.05,256,gaussian:0.8:0.05:0.0,0.0,,,,,,
0.0001467799267622069,0.0,-3.35985703140041,-3.3601720237550685,-3.3598568499250194,5.401283120643388e-08,1.8147539071478036e-07,0.001003501181262502,0.000989187972976072,0.0006685267338988747,3.142323870838923e-05,3.4479534596129354e-05,9.35264030648788e-06,0.0,0.0,gaussian,0.8,0.05,256,gaussian:0.8:0.05:0.0,0.0,,,,,,
0.00021544346900318823,0.0,-3.35970980265202,-3.3601720237550685,-3.359709411838148,1.1632369903572623e-07,3.9081387193107275e-07,0.0014729382989149818,0.0014519293822748375,0.0009812630504025422,6.773114299793576e-05,7.424958102757706e-05,2.0160228213361542e-05,0.0,0.0,gaussian,0.8,0.05,256,gaussian:0.8:0.05:0.0,0.0,,,,,,
0.00031622776601683794,0.0,-3.359493843790246,-3.3601720237550685,-3.3594930023222203,2.504746444112056e-07,8.414680259249963e-07,0.0021619777563999087,0.002131140883941972,0.0014402971867254503,0.00014602308815899395,0.00015985745348272062,4.346770043750811e-05,0.0,0.0,gaussian,0.8,0.05,256,gaussian:0.8:0.05:0.0,0.0,,,,,,
0.00046415888336127773,0.0,-3.3591771678552975,-3.3601720237550685,-3.359175356593233,5.391981350865538e-07,1.811262064332908e-06,0.0031733493674589897,0.003128087028649475,0.0021140671558337425,0.00031491639425276714,0.00034406016323696,9.375691543591235e-05,0.0,0.0,gaussian,0.8,0.05,256,gaussian:0.8:0.05:0.0,0.0,,,,,,
0.0006812920690579609,0.0,-3.3587130135409744,-3.3601720237550685,-3.358709116424864,1.1603004170202696e-06,3.897116110262999e-06,0.0046578398774652615,0.004591403849709794,0.003103026223036638,0.0006794786949952854,0.0007401754174975675,0.00020234446038261704,0.0,0.0,gaussian,0.8,0.05,256,gaussian:0.8:0.05:0.0,0.0,,,,,,
0.001,0.0,-3.35803314936158,-3.3601720237550685,-3.358024769447195,2.495482924645798e-06,8.379914384626375e-06,0.006836773960844386,0.00673925920796119,0.004554619617585257,0.0014671041543852811,0.0015912574261132345,0.00043708593764239654,0.0,0.0,gaussian,0.8,0.05,256,gaussian:0.8:0.05:0.0,0.0,,,,,,
0.0014677992676220691,0.0,-3.3570382885542007,-3.3601720237550685,-3.357020285454573,5.362792461706071e-06,1.8003099627517116e-05,0.010035011812625021,0.00989187972976072,0.0066852673389887485,0.0031709914821032668,0.003417558060403579,0.0009454782264075388,0.0,0.0,gaussian,0.8,0.05,256,gaussian:0.8:0.05:0.0,0.0,,,,,,
0.002154434690031882,0.0,-3.3555845313378034,-3.3601720237550685,-3.355545904585865,1.151118428923359e-05,3.862675193833098e-05,0.014729382989149817,0.014519293822748374,0.009812630504025421,0.006864243999132679,0.007329322037406608,0.002049834739420998,0.0,0.0,gaussian,0.8,0.05,256,gaussian:0.8:0.05:0.0,0.0,,,,,,
0.0031622776601683794,0.0,-3.3534645282951714,-3.3601720237550685,-3.3533818094265806,2.4666689596041295e-05,8.271886859079203e-05,0.021619777563999087,0.021311408839419718,0.014402971867254503,0.014892716159744792,0.015685532429279694,0.004460915025836348,0.0,0.0,gaussian,0.8,0.05,256,gaussian:0.8:0.05:0.0,0.0,,,,,,
0.004641588833612777,0.0,-3.3503820073706985,-3.3601720237550685,-3.3502053521367157,5.272689311074651e-05,0.00017665523398280314,0.0317334936745899,0.03128087028649475,0.021140671558337425,0.032420521877141444,0.03346677159586757,0.009771737329513606,0.0,0.0,gaussian,0.8,0.05,256,gaussian:0.8:0.05:0.0,0.0,,,,,,
0.006812920690579608,0.0,-3.345918725792908,-3.3601720237550685,-3.345542950453021,0.00011230856774559703,0.00037577533988697454,0.04657839877465261,0.045914038497097936,0.031030262230366378,0.07093543833752484,0.07109320980406644,0.021662271913527247,0.0,0.0,gaussian,0.8,0.05,256,gaussian:0.8:0.05:0.0,0.0,,,,,,
0.01,0.0,-3.339494310137869,-3.3601720237550685,-3.3386994806763326,0.00023800892821509016,0.0007948294615363061,0.06836773960844386,0.0673925920796119,0.045546196175852566,0.1564001115947122,0.1500836088110044,0.049146888289095095,0.0,0.0,gaussian,0.8,0.05,256,gaussian:0.8:0.05:0.0,0.0,,,,,,
0.01467799267622069,0.0,-3.330322483951939,-3.3601720237550685,-3.3286546407501167,0.0005008053153589191,0.0016678432018224498,0.1003501181262502,0.09891879729760719,0.06685267338988747,0.3489324689938829,0.31406907791494204,0.1171023501121327,0.0,0.0,gaussian,0.8,0.05,256,gaussian:0.8:0.05:0.0,0.0,,,,,,
0.021544346900318822,0.0,-3.3173720794727997,-3.3601720237550685,-3.313910832063036,0.0010433702722648967,0.0034612474097635015,0.14729382989149817,0.14519293822748375,0.09812630504025421,0.7931381473969998,0.6493000759416322,0.3146408846072047,0.0,0.0,gaussian,0.8,0.05,256,gaussian:0.8:0.05:0.0,0.0,,,,,,
0.03162277660168379,0.0,-3.299346148627156,-3.3601720237550685,-3.2922698804701787,0.002144748637520666,0.00707626815697715,0.21619777563999085,0.21311408839419715,0.14402971867254502,1.858981576754856,1.3205528958079713,1.2970046374731905,0.0,0.0,gaussian,0.8,0.05,256,gaussian:0.8:0.05:0.0,0.0,,,,,,
0.046415888336127774,0.0,-3.2746906807507346,-3.3601720237550685,-3.2605053075715382,0.004331820792290611,0.014185373179196326,0.31733493674589897,0.3128087028649475,0.21140671558337426,4.598405153705906,2.628992423781652,inf,0.0,0.0,gaussian,0.8,0.05,256,gaussian:0.8:0.05:0.0,0.0,,,,,,
0.06812920690579609,0.0,-3.241623111961507,-3.3601720237550685,-3.213881290734586,0.008558003280688094,0.027741821226920926,0.4657839877465262,0.4591403849709794,0.3103026223036638,12.659931123759582,5.095972049143956,inf,0.0,0.0,gaussian,0.8,0.05,256,gaussian:0.8:0.05:0.0,0.0,,,,,,
0.1,0.0,-3.198120744041389,-3.3601720237550685,-3.1454465929677085,0.016470344708473163,0.05267415107368034,0.6836773960844386,0.673925920796119,0.45546196175852566,46.06290783107244,9.57020440673087,inf,0.0,0.0,gaussian,0.8,0.05,256,gaussian:0.8:0.05:0.0,0.0,,,,,,
0.14677992676220675,0.0,-3.1417527739766493,-3.3601720237550685,-3.044998193705548,0.03079636980749278,0.09675458027110118,1.003501181262501,0.989187972976071,0.6685267338988741,inf,17.35061834575086,inf,0.0,0.0,gaussian,0.8,0.05,256,gaussian:0.8:0.05:0.0,0.0,,,,,,
0.21544346900318823,0.0,-3.0692538706984323,-3.3601720237550685,-2.897560106834739,0.055939903017739885,0.17169376386369306,1.4729382989149817,1.4519293822748376,0.9812630504025422,inf,30.326071669692922,inf,0.0,0.0,gaussian,0.8,0.05,256,gaussian:0.8:0.05:0.0,0.0,,,,,,
0.31622776601683794,0.0,-2.9759081467622743,-3.3601720237550685,-2.6811505909061673,0.09904793472096816,0.2947575558561071,2.1619777563999087,2.131140883941972,1.4402971867254504,inf,51.16286305065837,inf,0.0,0.0,gaussian,0.8,0.05,256,gaussian:0.8:0.05:0.0,0.0,,,,,,
0.46415888336127725,0.0,-2.855121565560399,-3.3601720237550685,-2.363504861919764,0.17218766078849654,0.49161670364063514,3.1733493674589868,3.128087028649472,2.11406715583374,inf,83.6068646264876,inf,0.0,0.0,gaussian,0.8,0.05,256,gaussian:0.8:0.05:0.0,0.0,,,,,,
0.6812920690579608,0.0,-2.6988480338466134,-3.3601720237550685,-1.8972646935502406,0.2970094389323182,0.8015833402963728,4.657839877465261,4.591403849709794,3.1030262230366374,inf,132.98518256690033,inf,0.0,0.0,gaussian,0.8,0.05,256,gaussian:0.8:0.05:0.0,0.0,,,,,,
1.0,0.0,-2.4995692069459756,-3.3601720237550685,-1.2129177158814621,0.5147492965944201,1.2866514910645135,6.836773960844385,6.73925920796119,4.5546196175852565,inf,206.99414237560168,inf,0.0,0.0,gaussian,0.8,0.05,256,gaussian:0.8:0.05:0.0,0.0,,,,,,
0.0,0.016,,,,0.0,0.0,0.0,0.0,0.0,0.0,nan,0.0,0.0,nan,gaussian,0.8,0.05,256,gaussian:0.8:0.05:0.01,0.01,-0.06095878089255011,0.46648686659281047,-0.06095878089255011,0.46648686659281047,-0.06095878089255011,0.46648686659281047
1e-05,0.016,,,,3.3412265846080115e-13,1.571889780748223e-13,1.441115212295793e-06,1.439906165883106e-06,5.688739094224854e-07,1.4503053221472655e-12,nan,3.082785292912626e-12,0.0,nan,gaussian,0.8,0.05,256,gaussian:0.8:0.05:0.01,0.01,-0.06095901221426267,0.466486808462008,-0.06095878089255011,0.46648686659281047,-0.06095901221430987,0.46648680846215795
1.4677992676220705e-05,0.016,,,,7.183571072583678e-13,3.379531846070741e-13,2.1152678531667897e-06,2.1134932157277265e-06,8.349927076196282e-07,3.124590203625712e-12,nan,6.641664237214995e-12,0.0,nan,gaussian,0.8,0.05,256,gaussian:0.8:0.05:0.01,0.01,-0.060959120426357996,0.46648678126835896,-0.06095878089255011,0.46648686659281047,-0.060959120426459665,0.46648678126868126
2.1544346900318823e-05,0.016,,,,1.5467184909227185e-12,7.276581707180716e-13,3.1047886057027167e-06,3.102183794169365e-06,1.2256016847138575e-06,6.731732188027794e-12,nan,1.4309046569243425e-11,0.0,nan,gaussian,0.8,0.05,256,gaussian:0.8:0.05:0.01,0.01,-0.06095927925995495,0.4664867413534222,-0.06095878089255011,0.46648686659281047,-0.060959279260173874,0.46648674135411616
3.1622776601683795e-05,0.016,,,,3.332073237623776e-12,1.5675833626519676e-12,4.557206441571797e-06,4.55338310111085e-06,1.7989372552193758e-06,1.4503098414515548e-11,nan,3.0827952912952313e-11,0.0,nan,gaussian,0.8,0.05,256,gaussian:0.8:0.05:0.01,0.01,-0.06095951239571154,0.46648668276605165,-0.06095878089255011,0.46648686659281047,-0.06095951239618329,0.46648668276754657
4.641588833612782e-05,0.016,,,,7.179645986377908e-12,3.377684647425158e-12,6.689064277341666e-06,6.6834523810132175e-06,2.640478785709057e-06,3.124604494960808e-11,nan,6.641695855087134e-11,0.0,nan,gaussian,0.8,0.05,256,gaussian:0.8:0.05:0.01,0.01,-0.06095985459203079,0.4664865967710017,-0.06095878089255011,0.46648686659281047,-0.06095985459304715,0.46648659677422283
6.812920690579608e-05,0.016,,,,1.5467000875434235e-11,7.276493134395326e-12,9.818203647359032e-06,9.809966510038165e-06,3.87569282783536e-06,6.73177738138364e-11,nan,1.4309146554709778e-10,0.0,nan,gaussian,0.8,0.05,256,gaussian:0.8:0.05:0.01,0.01,-0.060960356867163654,0.4664864705463458,-0.06095878089255011,0.46648686659281047,-0.060960356869353284,0.466486470553285
0.0001,0.016,,,,3.3322429221467063e-11,1.5676625607968203e-11,1.441115212295793e-05,1.4399061658831058e-05,5.688739094224854e-06,1.4503241329319105e-10,nan,3.082826909928738e-10,0.0,nan,gaussian,0.8,0.05,256,gaussian:0.8:0.05:0.01,0.01,-0.06096109410543013,0.466486285271335,-0.06095878089255011,0.46648686659281047,-0.0609610941101476,0.466486285286285
0.0001467799267622069,0.016,,,,7.17910594710851e-11,3.377428590815199e-11,2.115267853166787e-05,2.113493215727724e-05,8.349927076196272e-06,3.1246496889908887e-10,nan,6.641795844087477e-10,0.0,nan,gaussian,0.8,0.05,256,gaussian:0.8:0.05:0.01,0.01,-0.06096217622148191,0.46648601331930956,-0.06095878089255011,0.46648686659281047,-0.06096217623164556,0.4664860133515183
0.00021544346900318823,0.016,,,,1.546687786356017e-10,7.276428958570851e-11,3.104788605702717e-05,3.102183794169365e-05,1.2256016847138574e-05,6.731920299316799e-10,nan,1.4309462757448678e-09,0.0,nan,gaussian,0.8,0.05,256,gaussian:0.8:0.05:0.01,0.01,-0.060963764546890384,0.46648561413647543,-0.06095878089255011,0.46648686659281047,-0.06096376456878772,0.4664856142058667
0.00031622776601683794,0.016,,,,3.3322315695352315e-10,1.567655226170051e-10,4.5572064415717975e-05,4.5533831011108504e-05,1.7989372552193756e-05,1.4503693284146642e-09,nan,3.082926906543371e-09,0.0,nan,gaussian,0.8,0.05,256,gaussian:0.8:0.05:0.01,0.01,-0.06096609588170386,0.4664850281906734,-0.06095878089255011,0.46648686659281047,-0.06096609592888175,0.46648502834017147
0.00046415888336127773,0.016,,,,7.179077731383586e-10,3.3774090114094536e-10,6.68906427734166e-05,6.683452381013211e-05,2.6404787857090548e-05,3.1247926136669555e-09,nan,6.6421120821706705e-09,0.0,nan,gaussian,0.8,0.05,256,gaussian:0.8:0.05:0.01,0.01,-0.06096951779587398,0.46648416808485105,-0.06095878089255011,0.46648686659281047,-0.06096951789752031,0.46648416840693324
0.0006812920690579609,0.016,,,,1.5466891116020935e-09,7.276415252284318e-10,9.818203647359033e-05,9.809966510038165e-05,3.875692827835361e-05,6.732372285443684e-09,nan,1.431046288766202e-08,0.0,nan,gaussian,0.8,0.05,256,gaussian:0.8:0.05:0.01,0.01,-0.06097454044157658,0.4664829055036547,-0.06095878089255011,0.46648686659281047,-0.06097454066058182,0.4664829061975559
0.001,0.016,,,,3.3322477049357764e-09,1.567656510305907e-09,0.0001441115212295793,0.00014399061658831058,5.688739094224854e-05,1.4505122676196519e-08,nan,3.083243220788804e-08,0.0,nan,gaussian,0.8,0.05,256,gaussian:0.8:0.05:0.01,0.01,-0.06098191259664562,0.46648105203260576,-0.06095878089255011,0.46648686659281047,-0.06098191306852496,0.4664810535275562
0.0014677992676220691,0.016,,,,7.179136270384497e-09,3.3774166030630153e-09,0.00021152678531667876,0.00021134932157277242,8.349927076196273e-05,3.125244667238283e-08,nan,6.64311256595972e-08,0.0,nan,gaussian,0.8,0.05,256,gaussian:0.8:0.05:0.01,0.01,-0.06099273326672314,0.46647833095915825,-0.06095878089255011,0.46648686659281047,-0.06099273428350448,0.46647833417988777
0.002154434690031882,0.016,,,,1.5467061259988377e-08,7.2764321953793994e-09,0.00031047886057027166,0.00031021837941693647,0.00012256016847138573,6.733801990591744e-08,nan,1.43136276716913e-07,0.0,nan,gaussian,0.8,0.05,256,gaussian:0.8:0.05:0.01,0.01,-0.06100861546386872,0.4664743357846587,-0.06095878089255011,0.46648686659281047,-0.061008617654926205,0.4664743427233713
0.0031622776601683794,0.016,,,,3.332303205418281e-08,1.5676626569237807e-08,0.00045572064415717975,0.00045533831011108504,0.00017989372552193757,1.450964466551549e-07,nan,3.084244466817051e-07,0.0,nan,gaussian,0.8,0.05,256,gaussian:0.8:0.05:0.01,0.01,-0.0610319265338947,0.46646846911785467,-0.06095878089255011,0.46648686659281047,-0.06103193125586641,0.46646848406641994
0.004641588833612777,0.016,,,,7.179310941160204e-08,3.3774356035808863e-08,0.0006689064277341659,0.0006683452381013211,0.0002640478785709055,3.126675047317081e-07,nan,6.646280889950909e-07,0.0,nan,gaussian,0.8,0.05,256,gaussian:0.8:0.05:0.01,0.01,-0.06106614076438832,0.46645985252971756,-0.06095878089255011,0.46648686659281047,-0.06106615094225207,0.4664598847340374
0.006812920690579608,0.016,,,,1.5467613382591523e-07,7.276491970432144e-08,0.0009818203647359032,0.0009809966510038166,0.00038756928278353605,6.738327114207382e-07,nan,1.4323656576396866e-06,0.0,nan,gaussian,0.8,0.05,256,gaussian:0.8:0.05:0.01,0.01,-0.061116356630513693,0.466447193262554,-0.06095878089255011,0.46648686659281047,-0.061116378572867176,0.46644726264026415
0.01,0.016,,,,3.332477154332804e-07,1.5676811622804982e-07,0.001441115212295793,0.0014399061658831058,0.0005688739094224854,1.4523963024960125e-06,nan,3.0874204327615515e-06,0.0,nan,gaussian,0.8,0.05,256,gaussian:0.8:0.05:0.01,0.01,-0.06119005533210403,0.4664285864844503,-0.06095878089255011,0.46648686659281047,-0.061190102652298434,0.46642873594026807
0.01467799267622069,0.016,,,,7.179858530134969e-07,3.3774925238655503e-07,0.0021152678531667873,0.002113493215727724,0.0008349927076196273,3.131206935653093e-06,nan,6.656345327808942e-06,0.0,nan,gaussian,0.8,0.05,256,gaussian:0.8:0.05:0.01,0.01,-0.06129821270578671,0.46640122051498156,-0.06095878089255011,0.46648686659281047,-0.06129831480209374,0.4664015424635824
0.021544346900318822,0.016,,,,1.5469332449633376e-06,7.276664066450299e-07,0.0031047886057027165,0.003102183794169365,0.0012256016847138574,6.752676921787156e-06,nan,1.4355581592471623e-05,0.0,nan,gaussian,0.8,0.05,256,gaussian:0.8:0.05:0.01,0.01,-0.06145692808853835,0.4663609344216735,-0.06095878089255011,0.46648686659281047,-0.06145714851631111,0.46636162789841884
0.03162277660168379,0.016,,,,3.3330149496770877e-06,1.5677319208594375e-06,0.004557206441571797,0.00455338310111085,0.0017989372552193756,1.456942821300435e-05,nan,3.097561914422521e-05,0.0,nan,gaussian,0.8,0.05,256,gaussian:0.8:0.05:0.01,0.01,-0.061689808149596334,0.46630154772615595,-0.06095878089255011,0.46648686659281047,-0.061690284525713054,0.4663030413289047
0.046415888336127774,0.016,,,,7.181532087489955e-06,3.3776359998255207e-06,0.00668906427734166,0.006683452381013212,0.0026404787857090546,3.145624881303941e-05,nan,6.688629955303846e-05,0.0,nan,gaussian,0.8,0.05,256,gaussian:0.8:0.05:0.01,0.01,-0.062031450395984636,0.46621383156649343,-0.06095878089255011,0.46648686659281047,-0.062032481389569544,0.46621704800507907
0.06812920690579609,0.016,,,,1.5474498885435415e-05,7.277038708525948e-06,0.009818203647359034,0.009809966510038166,0.003875692827835361,6.798459951716773e-05,nan,0.00014458679404859723,0.0,nan,gaussian,0.8,0.05,256,gaussian:0.8:0.05:0.01,0.01,-0.06253252173239073,0.4660839020575748,-0.06095878089255011,0.46648686659281047,-0.0625347576957207,0.4660908270673475
0.1,0.016,,,,3.334590254129728e-05,1.567813676441174e-05,0.01441115212295793,0.014399061658831059,0.005688739094224854,0.00014715093775808809,nan,0.00031306373053208077,0.0,nan,gaussian,0.8,0.05,256,gaussian:0.8:0.05:0.01,0.01,-0.06326713469131018,0.4658906554562079,-0.06095878089255011,0.46648686659281047,-0.06327199849003326,0.4659055600673865
0.14677992676220675,0.016,,,,7.186241990587422e-05,3.377724093848545e-05,0.02115267853166785,0.021134932157277218,0.008349927076196265,0.0003192105168754425,nan,0.0006795465176667388,0.0,nan,gaussian,0.8,0.05,256,gaussian:0.8:0.05:0.01,0.01,-0.06434349448617155,0.4656015628502704,-0.06095878089255011,0.46648686659281047,-0.06435411998798636,0.4656336253005292
0.21544346900318823,0.016,,,,0.0001548813046794931,7.276526276010862e-05,0.031047886057027168,0.03102183794169365,0.012256016847138574,0.0006947413799459022,nan,0.001480725511749859,0.0,nan,gaussian,0.8,0.05,256,gaussian:0.8:0.05:0.01,0.01,-0.06591910343395191,0.46516556384274044,-0.06095878089255011,0.46648686659281047,-0.06594245713016,0.46523447964889525
0.31622776601683794,0.016,,,,0.0003338314357143121,0.00015672848368035458,0.045572064415717976,0.0455338310111085,0.017989372552193756,0.0015195523706065413,nan,0.003246086707434073,0.0,nan,gaussian,0.8,0.05,256,gaussian:0.8:0.05:0.01,0.01,-0.06822205506563708,0.4645006798584942,-0.06095878089255011,0.46648686659281047,-0.06827381722417941,0.4646486139537521
0.46415888336127725,0.016,,,,0.0007195296231190182,0.00033743545291109326,0.06689064277341653,0.06683452381013205,0.02640478785709052,0.003348571708215928,nan,0.0071865624593710365,0.0,nan,gaussian,0.8,0.05,256,gaussian:0.8:0.05:0.01,0.01,-0.0715797509941556,0.463471823343556,-0.06095878089255011,0.46648686659281047,-0.07169578586274443,0.4637886807154963
0.6812920690579608,0.016,,,,0.0015504171748636868,0.0007258056721202688,0.09818203647359032,0.09809966510038165,0.03875692827835361,0.007464601016705366,nan,0.016178811599450987,0.0,nan,gaussian,0.8,0.05,256,gaussian:0.8:0.05:0.01,0.01,-0.07645461286561,0.461850356236568,-0.06095878089255011,0.46648686659281047,-0.07671854892425586,0.4625264713381805
1.0,0.016,,,,0.0033376164511153055,0.0015578874126962255,0.1441115212295793,0.14399061658831058,0.05688739094224854,0.01694500239299547,nan,0.037543693118686466,0.0,nan,gaussian,0.8,0.05,256,gaussian:0.8:0.05:0.01,0.01,-0.08348006533990027,0.4592406842002009,-0.06095878089255011,0.46648686659281047,-0.08409095686738155,0.4606738013385706
0.0,0.0,-5.785641248626455,-5.785641248626455,-5.785641248626455,0.0,0.0,0.0,0.0,0.0,0.0,0.0,0.0,0.0,0.0,gaussian,0.8,0.1,256,gaussian:0.8:0.1:0.0,0.0,,,,,,
1e-05,0.0,-5.785649438200004,-5.785641248626455,-5.78564944265015,7.691696631450218e-10,4.450146029455482e-09,0.0029455464257195463,0.002547572646036565,3.0285854211240268e-05,8.984139817052836e-07,0.0004118008474320349,1.5528319337687904e-07,0.0,0.0,gaussian,0.8,0.1,256,gaussian:0.8:0.1:0.0,0.0,,,,,,
1.4677992676220705e-05,0.0,-5.785653266230456,-5.785641248626455,-5.785653275808432,1.655470057592339e-09,9.577975745855838e-09,0.0043234708864179575,0.0037393252640664904,4.445355463056726e-05,1.9382529043896923e-06,0.0008861446494524173,3.3501031972117e-07,0.0,0.0,gaussian,0.8,0.1,256,gaussian:0.8:0.1:0.0,0.0,,,,,,
2.1544346900318823e-05,0.0,-5.7856588815104075,-5.785641248626455,-5.785658902115351,3.5613823682255727e-09,2.0604943529178854e-08,0.0063459874006696095,0.005488578883997489,6.524889492994419e-05,4.1843389378323395e-06,0.0019058194312053605,7.232265217929383e-07,0.0,0.0,gaussian,0.8,0.1,256,gaussian:0.8:0.1:0.0,0.0,,,,,,
3.1622776601683795e-05,0.0,-5.7856671161075575,-5.785641248626455,-5.785667160404527,7.65632877919851e-09,4.429696964791674e-08,0.00931463565904174,0.008056132066217477,9.577228019132152e-05,9.041898607319732e-06,0.004095505467144443,1.56281246180075e-06,0.0,0.0,gaussian,0.8,0.1,256,gaussian:0.8:0.1:0.0,0.0,,,,,,
4.641588833612782e-05,0.0,-5.785679186779056,-5.785641248626455,-5.785679281915332,1.6443406672737172e-08,9.513627574619932e-08,0.013672015398507887,0.011824784746660688,0.00014057448272331745,1.9566239167053324e-05,0.0087906349590995,3.3818510124331836e-06,0.0,0.0,gaussian,0.8,0.1,256,gaussian:0.8:0.1:0.0,0.0,,,,,,
6.812920690579608e-05,0.0,-5.78569686983097,-5.785641248626455,-5.785697073860014,3.526438541743184e-08,2.0402904432614832e-07,0.020067774188847507,0.017356410390937153,0.00020633512278763635,4.242931364167619e-05,0.01883587356328567,7.333537213748245e-06,0.0,0.0,gaussian,0.8,0.1,256,gaussian:0.8:0.1:0.0,0.0,,,,,,
0.0001,0.0,-5.785722752216293,-5.785641248626455,-5.785723188863387,7.546975774364471e-08,4.3664709448165695e-07,0.029455464257195463,0.02547572646036565,0.00030285854211240264,9.229536910710448e-05,0.04025935761849785,1.5952515949623936e-05,0.0,0.0,gaussian,0.8,0.1,256,gaussian:0.8:0.1:0.0,0.0,,,,,,
0.0001467799267622069,0.0,-5.785760588774986,-5.785641248626455,-5.785761520446212,1.610283059753875e-07,9.316712263895965e-07,0.04323470886417953,0.03739325264066486,0.0004445355463056721,0.00020170808266842567,0.08573973565604277,3.486405623832328e-05,0.0,0.0,gaussian,0.8,0.1,256,gaussian:0.8:0.1:0.0,0.0,,,,,,
0.00021544346900318823,0.0,-5.785815804133319,-5.785641248626455,-5.78581778351541,3.421094202168656e-07,1.979382090233628e-06,0.06345987400669609,0.05488578883997489,0.000652488949299442,0.0004439516322104123,0.1816575492593809,7.673689637198456e-05,0.0,0.0,gaussian,0.8,0.1,256,gaussian:0.8:0.1:0.0,0.0,,,,,,
0.00031622776601683794,0.0,-5.785896186496775,-5.785641248626455,-5.785900366407172,7.224309359571297e-07,4.1799103973616525e-06,0.0931463565904174,0.08056132066217475,0.0009577228019132152,0.0009877753352180994,0.3820698854495091,0.00017075026107439643,0.0,0.0,gaussian,0.8,0.1,256,gaussian:0.8:0.1:0.0,0.0,,,,,,
0.00046415888336127773,0.0,-5.786012828404527,-5.785641248626455,-5.786021581515219,1.512805268818387e-06,8.753110692261146e-06,0.13672015398507872,0.11824784746660676,0.0014057448272331732,0.002235512543581016,0.795403482817159,0.0003865136982804227,0.0,0.0,gaussian,0.8,0.1,256,gaussian:0.8:0.1:0.0,0.0,,,,,,
0.0006812920690579609,0.0,-5.786181377576719,-5.785641248626455,-5.786199500962036,3.132184101099885e-06,1.8123385316926033e-05,0.2006777418884751,0.17356410390937155,0.0020633512278763638,0.005201638179669722,1.632871749492579,0.000899782062394017,0.0,0.0,gaussian,0.8,0.1,256,gaussian:0.8:0.1:0.0,0.0,,,,,,
0.001,0.0,-5.786423676545773,-5.785641248626455,-5.7864606509957675,6.389862212137224e-06,3.6974449994175984e-05,0.29455464257195463,0.2547572646036565,0.0030285854211240266,0.012697902852157083,3.290277344096314,0.002199242228344026,0.0,0.0,gaussian,0.8,0.1,256,gaussian:0.8:0.1:0.0,0.0,,,,,,
0.0014677992676220691,0.0,-5.786769905959192,-5.785641248626455,-5.786843966824019,1.279830821530717e-05,7.406086482752983e-05,0.43234708864179533,0.3739325264066487,0.004445355463056722,0.03399741084335321,6.473813054371737,0.005909667590214007,0.0,0.0,gaussian,0.8,0.1,256,gaussian:0.8:0.1:0.0,0.0,,,,,,
0.002154434690031882,0.0,-5.787261394648395,-5.785641248626455,-5.7874065975159965,2.5090082804267375e-05,0.00014520286760166812,0.6345987400669608,0.5488578883997488,0.006524889492994419,0.11378683194509645,12.372211071424056,0.02005542081540017,0.0,0.0,gaussian,0.8,0.1,256,gaussian:0.8:0.1:0.0,0.0,,,,,,
0.0031622776601683794,0.0,-5.787954200515521,-5.785641248626455,-5.788232426433621,4.8069820261401645e-05,0.00027822591810000574,0.931463565904174,0.8056132066217475,0.009577228019132153,1.3069948465077923,22.864805069685893,0.2916593515065151,0.0,0.0,gaussian,0.8,0.1,256,gaussian:0.8:0.1:0.0,0.0,,,,,,
0.004641588833612777,0.0,-5.788923040911179,-5.785641248626455,-5.789444577514091,9.009216381467566e-05,0.0005215366029123203,1.3672015398507873,1.1824784746660677,0.014057448272331732,inf,40.75450195053231,inf,0.0,0.0,gaussian,0.8,0.1,256,gaussian:0.8:0.1:0.0,0.0,,,,,,
0.006812920690579608,0.0,-5.790263530995817,-5.785641248626455,-5.791223771982254,0.00016583718189972543,0.0009602409864370998,2.006777418884751,1.7356410390937154,0.020633512278763637,inf,70.0486520017636,inf,0.0,0.0,gaussian,0.8,0.1,256,gaussian:0.8:0.1:0.0,0.0,,,,,,
0.01,0.0,-5.79208719486118,-5.785641248626455,-5.793835272319578,0.0003018044099800361,0.0017480774583980008,2.945546425719546,2.547572646036565,0.030285854211240266,inf,116.37533073996762,inf,0.0,0.0,gaussian,0.8,0.1,256,gaussian:0.8:0.1:0.0,0.0,,,,,,
0.01467799267622069,0.0,-5.794497313752881,-5.785641248626455,-5.7976684306021,0.0005472634945730126,0.003171116849218336,4.323470886417953,3.7393252640664865,0.044453554630567216,inf,187.6761317210264,inf,0.0,0.0,gaussian,0.8,0.1,256,gaussian:0.8:0.1:0.0,0.0,,,,,,
0.021544346900318822,0.0,-5.797522593568512,-5.785641248626455,-5.803294737521863,0.0009956225025762279,0.005772143953350906,6.345987400669609,5.488578883997489,0.06524889492994419,inf,295.33118202789007,inf,0.0,0.0,gaussian,0.8,0.1,256,gaussian:0.8:0.1:0.0,0.0,,,,,,
0.03162277660168379,0.0,-5.800967787269634,-5.785641248626455,-5.811553026698109,0.0018247368054178461,0.010585239428474225,9.31463565904174,8.056132066217476,0.09577228019132152,inf,455.8788862484033,inf,0.0,0.0,gaussian,0.8,0.1,256,gaussian:0.8:0.1:0.0,0.0,,,,,,
0.046415888336127774,0.0,-5.804117020231017,-5.785641248626455,-5.8236745375028125,0.0033695938940627107,0.019557517271795888,13.672015398507874,11.824784746660676,0.14057448272331732,inf,693.5463246346709,inf,0.0,0.0,gaussian,0.8,0.1,256,gaussian:0.8:0.1:0.0,0.0,,,,,,
0.06812920690579609,0.0,-5.805209328235049,-5.785641248626455,-5.841466482184432,0.00624562386976082,0.036257153949383,20.06777418884751,17.356410390937157,0.20633512278763638,inf,1043.9294124946584,inf,0.0,0.0,gaussian,0.8,0.1,256,gaussian:0.8:0.1:0.0,0.0,,,,,,
0.1,0.0,-5.800631009362365,-5.785641248626455,-5.867581485557684,0.011541929849917924,0.06695047619531902,29.455464257195462,25.47572646036565,0.30285854211240265,inf,1559.3526418419779,inf,0.0,0.0,gaussian,0.8,0.1,256,gaussian:0.8:0.1:0.0,0.0,,,,,,
0.14677992676220675,0.0,-5.783887364828029,-5.785641248626455,-5.905913068382892,0.021097524183632033,0.12202570355486309,43.23470886417948,37.39325264066483,0.44453554630567166,inf,2316.7045544498737,inf,0.0,0.0,gaussian,0.8,0.1,256,gaussian:0.8:0.1:0.0,0.0,,,,,,
0.21544346900318823,0.0,-5.744646054418209,-5.785641248626455,-5.962176137580526,0.03786657717493571,0.21753008316231703,63.45987400669609,54.885788839974886,0.6524889492994419,inf,3428.9212181997127,inf,0.0,0.0,gaussian,0.8,0.1,256,gaussian:0.8:0.1:0.0,0.0,,,,,,
0.31622776601683794,0.0,-5.66838197147957,-5.785641248626455,-6.044759029342984,0.06639938165020515,0.37637705786341424,93.1463565904174,80.56132066217475,0.9577228019132152,inf,5061.834907217638,inf,0.0,0.0,gaussian,0.8,0.1,256,gaussian:0.8:0.1:0.0,0.0,,,,,,
0.46415888336127725,0.0,-5.537184745763058,-5.785641248626455,-6.16597413739003,0.11355759659420953,0.628789391626972,136.72015398507858,118.24784746660664,1.4057448272331716,inf,7458.903883164904,inf,0.0,0.0,gaussian,0.8,0.1,256,gaussian:0.8:0.1:0.0,0.0,,,,,,
0.6812920690579608,0.0,-5.332040661629502,-5.785641248626455,-6.343893584206217,0.18976841828274554,1.0118529225767148,200.67774188847505,173.56410390937154,2.0633512278763635,inf,10977.512722129066,inf,0.0,0.0,gaussian,0.8,0.1,256,gaussian:0.8:0.1:0.0,0.0,,,,,,
1.0,0.0,-5.03660689810097,-5.785641248626455,-6.60504361793874,0.31140741208712197,1.56843671983777,294.5546425719546,254.7572646036565,3.0285854211240264,inf,16142.256629400352,inf,0.0,0.0,gaussian,0.8,0.1,256,gaussian:0.8:0.1:0.0,0.0,,,,,,
0.0,0.016,,,,0.0,0.0,0.0,0.0,0.0,0.0,nan,0.0,0.0,nan,gaussian,0.8,0.1,256,gaussian:0.8:0.1:0.01,0.01,-0.04131471783409324,0.4703600939796538,-0.04131471783409324,0.4703600939796538,-0.04131471783409324,0.4703600939796538
1e-05,0.016,,,,2.7991934036555913e-13,1.3216981307996539e-13,9.188058262110375e-07,9.186188837200277e-07,3.1439097564605843e-07,4.872737854107432e-13,nan,1.0319856963645982e-12,0.0,nan,gaussian,0.8,0.1,256,gaussian:0.8:0.1:0.01,0.01,-0.04131489553177073,0.47036006858185964,-0.04131471783409324,0.4703600939796538,-0.041314895531787375,0.47036006858199075
1.4677992676220705e-05,0.016,,,,6.024953579554816e-13,2.844808721296178e-13,1.3486225187994522e-06,1.3483481247480605e-06,4.6146284380027275e-07,1.049799998054036e-12,nan,2.223346760980367e-12,0.0,nan,gaussian,0.8,0.1,256,gaussian:0.8:0.1:0.01,0.01,-0.041314978658602744,0.4703600567007006,-0.04131471783409324,0.4703600939796538,-0.04131497865863855,0.4703600567009828
2.1544346900318823e-05,0.016,,,,1.29789053524084e-12,6.128263417842727e-13,1.979507145392464e-06,1.9791043900047915e-06,6.773348241648369e-07,2.2617269602937063e-12,nan,4.790058479744393e-12,0.0,nan,gaussian,0.8,0.1,256,gaussian:0.8:0.1:0.01,0.01,-0.04131510067209273,0.4703600392614399,-0.04131471783409324,0.4703600939796538,-0.04131510067216982,0.47036003926204784
3.1622776601683795e-05,0.016,,,,2.79664809714938e-12,1.3204962517427806e-12,2.905519138259714e-06,2.9049279741966577e-06,9.941915588440715e-07,4.872747534868721e-12,nan,1.0319877927254401e-11,0.0,nan,gaussian,0.8,0.1,256,gaussian:0.8:0.1:0.01,0.01,-0.041315279763375554,0.4703600136638818,-0.04131471783409324,0.4703600939796538,-0.04131527976354166,0.4703600136651918
4.641588833612782e-05,0.016,,,,6.025477966020076e-12,2.8450561349086865e-12,4.264718863199517e-06,4.2638511530207185e-06,1.4592736419473726e-06,1.0498030593850285e-11,nan,2.2233533902804806e-11,0.0,nan,gaussian,0.8,0.1,256,gaussian:0.8:0.1:0.01,0.01,-0.04131554263336826,0.47035997609132285,-0.04131471783409324,0.4703600939796538,-0.04131554263372608,0.4703599760941453
6.812920690579608e-05,0.016,,,,1.2980533903570153e-11,6.129031782820209e-12,6.259751224018269e-06,6.25847759965332e-06,2.141920782910541e-06,2.2617366410977356e-11,nan,4.7900794435483415e-11,0.0,nan,gaussian,0.8,0.1,256,gaussian:0.8:0.1:0.01,0.01,-0.041315928473619375,0.4703599209413104,-0.04131471783409324,0.4703600939796538,-0.041315928474390265,0.47035992094739076
0.0001,0.016,,,,2.796690523870825e-11,1.3205160979039186e-11,9.188058262110374e-06,9.186188837200276e-06,3.1439097564605842e-06,4.8727781483770275e-11,nan,1.0319944221163096e-10,0.0,nan,gaussian,0.8,0.1,256,gaussian:0.8:0.1:0.01,0.01,-0.0413164948093737,0.4703598399899246,-0.04131471783409324,0.4703600939796538,-0.04131649481103456,0.4703598400030249
0.0001467799267622069,0.016,,,,6.025412193248589e-11,2.8450244890719614e-11,1.3486225187994507e-05,1.3483481247480591e-05,4.614628438002722e-06,1.049812740281137e-10,nan,2.2233743545056813e-10,0.0,nan,gaussian,0.8,0.1,256,gaussian:0.8:0.1:0.01,0.01,-0.04131732607596794,0.47035972116471964,-0.04131471783409324,0.4703600939796538,-0.0413173260795463,0.47035972119294395
0.00021544346900318823,0.016,,,,1.2981363872555593e-10,6.129421804706496e-11,1.9795071453924638e-05,1.9791043900047914e-05,6.773348241648369e-06,2.2617672550334535e-10,nan,4.790145739412379e-10,0.0,nan,gaussian,0.8,0.1,256,gaussian:0.8:0.1:0.01,0.01,-0.04131854620714931,0.4703595467427865,-0.04131471783409324,0.4703600939796538,-0.04131854621485901,0.47035954680359393
0.00031622776601683794,0.016,,,,2.7967396926783476e-10,1.320538724018111e-10,2.905519138259714e-05,2.9049279741966576e-05,9.941915588440715e-06,4.87287495932203e-10,nan,1.0320153872491251e-09,0.0,nan,gaussian,0.8,0.1,256,gaussian:0.8:0.1:0.01,0.01,-0.04132033711196615,0.47035929070402893,-0.04131471783409324,0.4703600939796538,-0.041320337128577404,0.47035929083503386
0.00046415888336127773,0.016,,,,6.025407726657996e-10,2.8450205140604645e-10,4.2647188631995135e-05,4.263851153020714e-05,1.4592736419473713e-05,1.049843355137717e-09,nan,2.223440654582614e-09,0.0,nan,gaussian,0.8,0.1,256,gaussian:0.8:0.1:0.01,0.01,-0.04132296579462983,0.47035891484232717,-0.04131471783409324,0.4703600939796538,-0.04132296583042165,0.47035891512456884
0.0006812920690579609,0.016,,,,1.298135985566646e-09,6.129414005485511e-10,6.259751224018268e-05,6.25847759965332e-05,2.1419207829105413e-05,2.2618640702528513e-09,nan,4.7903554102960306e-09,0.0,nan,gaussian,0.8,0.1,256,gaussian:0.8:0.1:0.01,0.01,-0.041326824159939796,0.4703583630489535,-0.04131471783409324,0.4703600939796538,-0.041326824237063436,0.4703583636570235
0.001,0.016,,,,2.796753172947793e-09,1.3205432216646542e-09,9.188058262110374e-05,9.186188837200277e-05,3.1439097564605844e-05,4.873181127728736e-09,nan,1.0320816964035803e-08,0.0,nan,gaussian,0.8,0.1,256,gaussian:0.8:0.1:0.01,0.01,-0.04133248743730914,0.47035755290332126,-0.04131471783409324,0.4703600939796538,-0.04133248760350645,0.47035755421336434
0.0014677992676220691,0.016,,,,6.0254322230732766e-09,2.84502617183562e-09,0.0001348622518799451,0.00013483481247480593,4.614628438002723e-05,1.0499401795670723e-08,nan,2.2236503676049324e-08,0.0,nan,gaussian,0.8,0.1,256,gaussian:0.8:0.1:0.01,0.01,-0.041340799930437856,0.4703563632901655,-0.04131471783409324,0.4703600939796538,-0.04134080028862375,0.470356366112554
0.002154434690031882,0.016,,,,1.2981432615157188e-08,6.12942965840147e-09,0.00019795071453924636,0.00019791043900047912,6.773348241648368e-05,2.2621702814126422e-08,nan,4.791018697461841e-08,0.0,nan,gaussian,0.8,0.1,256,gaussian:0.8:0.1:0.01,0.01,-0.04135300086966842,0.47035461613844687,-0.04131471783409324,0.4703600939796538,-0.04135300164175092,0.4703546222190551
0.0031622776601683794,0.016,,,,2.79677545623478e-08,1.3205478212076549e-08,0.0002905519138259714,0.0002904927974196658,9.941915588440715e-05,4.8741495704934834e-08,nan,1.0322915002462983e-07,0.0,nan,gaussian,0.8,0.1,256,gaussian:0.8:0.1:0.01,0.01,-0.04137090911428652,0.47035204943331677,-0.04131471783409324,0.4703600939796538,-0.041370910778934955,0.4703520625334542
0.004641588833612777,0.016,,,,6.025503202705299e-08,2.845040922814871e-08,0.00042647188631995134,0.00042638511530207143,0.00014592736419473713,1.0502464828687665e-07,nan,2.22431407646521e-07,0.0,nan,gaussian,0.8,0.1,256,gaussian:0.8:0.1:0.01,0.01,-0.041397194207057494,0.4703482772058457,-0.04131471783409324,0.4703600939796538,-0.04139719779737744,0.47034830542880424
0.006812920690579608,0.016,,,,1.298165801757082e-07,6.129476581448857e-08,0.0006259751224018268,0.000625847759965332,0.0002141920782910541,2.2631391519967114e-07,nan,4.793118694199752e-07,0.0,nan,gaussian,0.8,0.1,256,gaussian:0.8:0.1:0.01,0.01,-0.04143577411621493,0.4703427299501983,-0.04131471783409324,0.4703600939796538,-0.041435781863795276,0.4703427907533505
0.01,0.016,,,,2.7968464218251747e-07,1.3205624329726924e-07,0.0009188058262110374,0.0009186188837200277,0.0003143909756460584,4.877214590188648e-07,nan,1.0329561187411612e-06,0.0,nan,gaussian,0.8,0.1,256,gaussian:0.8:0.1:0.01,0.01,-0.04149239879713645,0.4703345653246896,-0.04131471783409324,0.4703600939796538,-0.04149241552822528,0.4703346963167583
0.01467799267622069,0.016,,,,6.025726705403921e-07,2.8450863334768e-07,0.0013486225187994507,0.0013483481247480592,0.00046146284380027227,1.0512162762123448e-06,nan,2.226418299905609e-06,0.0,nan,gaussian,0.8,0.1,256,gaussian:0.8:0.1:0.01,0.01,-0.041575506208672265,0.47032253310865446,-0.04131471783409324,0.4703600939796538,-0.041575542379398374,0.4703228153086563
0.021544346900318822,0.016,,,,1.2982359958931678e-06,6.129616200125704e-07,0.001979507145392464,0.0019791043900047912,0.0006773348241648369,2.2662084590266196e-06,nan,4.7997845288487854e-06,0.0,nan,gaussian,0.8,0.1,256,gaussian:0.8:0.1:0.01,0.01,-0.04169747758895338,0.4703047684364517,-0.04131471783409324,0.4703600939796538,-0.041697555910669974,0.4703053763736658
0.03162277660168379,0.016,,,,2.797066245289923e-06,1.3206047806097833e-06,0.0029055191382597136,0.0029049279741966572,0.0009941915588440715,4.886932452776426e-06,nan,1.035069484010725e-05,0.0,nan,gaussian,0.8,0.1,256,gaussian:0.8:0.1:0.01,0.01,-0.041876477296989435,0.4702784698986646,-0.04131471783409324,0.4703600939796538,-0.041876647282510414,0.47027977951765854
0.046415888336127774,0.016,,,,6.026411758255237e-06,2.8452118242745534e-06,0.004264718863199513,0.004263851153020715,0.0014592736419473714,1.0542948534188658e-05,nan,2.233126712598773e-05,0.0,nan,gaussian,0.8,0.1,256,gaussian:0.8:0.1:0.01,0.01,-0.04213914730355135,0.4702393874413113,-0.04131471783409324,0.4703600939796538,-0.04213951746693524,0.47024220847115766
0.06812920690579609,0.016,,,,1.2984479411322714e-05,6.129973917032026e-06,0.006259751224018269,0.00625847759965332,0.0021419207829105414,2.2759694859646235e-05,nan,4.8211168090233345e-05,0.0,nan,gaussian,0.8,0.1,256,gaussian:0.8:0.1:0.01,0.01,-0.04252454818201898,0.47018098548730486,-0.04131471783409324,0.4703600939796538,-0.04252535813111366,0.4701870617166198
0.1,0.016,,,,2.7977147121404235e-05,1.3206997415034793e-05,0.009188058262110374,0.009186188837200277,0.003143909756460584,4.917919507975148e-05,nan,0.00010418707781085515,0.0,nan,gaussian,0.8,0.1,256,gaussian:0.8:0.1:0.01,0.01,-0.04308991042865718,0.47009303144654957,-0.04131471783409324,0.4703600939796538,-0.043091694775413594,0.4701061173506977
0.14677992676220675,0.016,,,,6.028361370867103e-05,2.8454278393458445e-05,0.013486225187994492,0.013483481247480578,0.004614628438002717,0.0001064149948104038,nan,0.0002254894859328965,0.0,nan,gaussian,0.8,0.1,256,gaussian:0.8:0.1:0.01,0.01,-0.04391899467684751,0.46995913110792464,-0.04131471783409324,0.4703600939796538,-0.043922963287144554,0.4699873072696789
0.21544346900318823,0.016,,,,0.00012990175701626524,6.130265936186757e-05,0.01979507145392464,0.019791043900047916,0.006773348241648369,0.00023073975832215107,nan,0.0004891185946199208,0.0,nan,gaussian,0.8,0.1,256,gaussian:0.8:0.1:0.01,0.01,-0.04513415591655814,0.4697522710364223,-0.04131471783409324,0.4703600939796538,-0.04514309859986055,0.4698129179197733
0.31622776601683794,0.016,,,,0.0002799298384040124,0.0001320610679735095,0.02905519138259714,0.029049279741966576,0.009941915588440715,0.0005018548257079753,nan,0.0010646166195188431,0.0,nan,gaussian,0.8,0.1,256,gaussian:0.8:0.1:0.01,0.01,-0.04691350797917844,0.46942648979603097,-0.04131471783409324,0.4703600939796538,-0.046934012318264925,0.4695569493597008
0.46415888336127725,0.016,,,,0.0006032359454870588,0.0002844305484638658,0.04264718863199509,0.042638511530207104,0.014592736419473697,0.001096563951977129,nan,0.002329668711930494,0.0,nan,gaussian,0.8,0.1,256,gaussian:0.8:0.1:0.01,0.01,-0.049514643475357674,0.4689008999107179,-0.04131471783409324,0.4703600939796538,-0.049562714162513136,0.46918123889469243
0.6812920690579608,0.016,,,,0.0012998136395995308,0.0006122828247369277,0.06259751224018269,0.0625847759965332,0.02141920782910541,0.002412754940083464,nan,0.005141703678726021,0.0,nan,gaussian,0.8,0.1,256,gaussian:0.8:0.1:0.01,0.01,-0.053305345837256206,0.46802853394655747,-0.04131471783409324,0.4703600939796538,-0.05342112080429751,0.4686297713493148
1.0,0.016,,,,0.0027996490553075667,0.0013164680331056633,0.09188058262110374,0.09186188837200276,0.03143909756460584,0.005365740764658095,nan,0.011510243074996946,0.0,nan,gaussian,0.8,0.1,256,gaussian:0.8:0.1:0.01,0.01,-0.058797080279576634,0.46653561553669176,-0.04131471783409324,0.4703600939796538,-0.059084487247296716,0.4678203276900923
0.0,0.0,-2.6112110981542735,-2.6112110981542735,-2.6112110981542735,0.0,0.0,0.0,0.0,0.0,0.0,0.0,0.0,0.0,0.0,gaussian,1.2,0.0,256,gaussian:1.2:0.0:0.0,0.0,,,,,,
1e-05,0.0,-2.611188118503119,-2.6112110981542735,-2.6111881180462615,1.7496160447971412e-10,4.568576628116716e-10,3.392746482548404e-05,3.351021889563365e-05,2.3005004615785304e-05,2.443461370946517e-08,2.7901322545528502e-08,9.357661276583334e-09,0.0,0.0,gaussian,1.2,0.0,256,gaussian:1.2:0.0:0.0,0.0,,,,,,
1.4677992676220705e-05,0.0,-2.6111773689528226,-2.6112110981542735,-2.6111773679685633,3.769408207960838e-10,9.842593406972355e-10,4.979870802311903e-05,4.918627475286633e-05,3.376672892669202e-05,5.264361496116435e-08,6.011063492376022e-08,2.0160873278195243e-08,0.0,0.0,gaussian,1.2,0.0,256,gaussian:1.2:0.0:0.0,0.0,,,,,,
2.1544346900318823e-05,0.0,-2.611161591132868,-2.6112110981542735,-2.6111615890123905,8.120820934679089e-10,2.1204775713101753e-09,7.309450716485929e-05,7.2195578059315e-05,4.9562779988591426e-05,1.1341987261916988e-07,1.295014575278309e-07,4.3436560197194596e-08,0.0,0.0,gaussian,1.2,0.0,256,gaussian:1.2:0.0:0.0,0.0,,,,,,
3.1622776601683795e-05,0.0,-2.61113843324036,-2.6112110981542735,-2.611138428672078,1.7495365771555273e-09,4.5682821969705856e-09,0.00010728806408377666,0.00010596861660101459,7.27482121685683e-05,2.4436406439708097e-07,2.789930107461547e-07,9.358526709372171e-08,0.0,0.0,gaussian,1.2,0.0,256,gaussian:1.2:0.0:0.0,0.0,,,,,,
4.641588833612782e-05,0.0,-2.6111044437831303,-2.6112110981542735,-2.6111044339415277,3.769134041105631e-09,9.84160264394518e-09,0.00015747734188675713,0.00015554065783789317,0.00010677977254183956,5.264928444652049e-07,6.010424288848743e-07,2.016361137384389e-07,0.0,0.0,gaussian,1.2,0.0,256,gaussian:1.2:0.0:0.0,0.0,,,,,,
6.812920690579608e-05,0.0,-2.6110545577025452,-2.6112110981542735,-2.6110545365009235,8.119945915717903e-09,2.1201621791533398e-08,0.00023114512708845208,0.00022830246365991423,0.00015673127193376307,1.134378028448333e-06,1.2948124607294044e-06,4.344522511588758e-07,0.0,0.0,gaussian,1.2,0.0,256,gaussian:1.2:0.0:0.0,0.0,,,,,,
0.0001,0.0,-2.6109813427470208,-2.6112110981542735,-2.610981297074149,1.7492607457247242e-08,4.5672871706869955e-08,0.0003392746482548404,0.00033510218895633646,0.00023005004615785302,2.444207728214053e-06,2.789291054957295e-06,9.361269722773584e-07,0.0,0.0,gaussian,1.2,0.0,256,gaussian:1.2:0.0:0.0,0.0,,,,,,
0.0001467799267622069,0.0,-2.6108738946817107,-2.6112110981542735,-2.610873796297167,3.768261034112177e-08,9.83845436230979e-08,0.0004979870802311897,0.0004918627475286628,0.0003376672892669198,5.266722097274961e-06,6.008403844173446e-06,2.0172299131937303e-06,0.0,0.0,gaussian,1.2,0.0,256,gaussian:1.2:0.0:0.0,0.0,,,,,,
0.00021544346900318823,0.0,-2.610716218652132,-2.6112110981542735,-2.610716006735445,8.117185826296912e-08,2.1191668686526555e-07,0.000730945071648593,0.0007219557805931499,0.0004956277998859142,1.1349454052453353e-05,1.294173733396249e-05,4.347276135122803e-06,0.0,0.0,gaussian,1.2,0.0,256,gaussian:1.2:0.0:0.0,0.0,,,,,,
0.00031622776601683794,0.0,-2.610484859746377,-2.6112110981542735,-2.6104844033323116,1.7483880954318962e-07,4.5641406520857686e-07,0.0010728806408377665,0.0010596861660101457,0.0007274821216856831,2.4460027394834298e-05,2.7872721187902593e-05,9.37000679040001e-06,0.0,0.0,gaussian,1.2,0.0,256,gaussian:1.2:0.0:0.0,0.0,,,,,,
0.00046415888336127773,0.0,-2.6101454388778986,-2.6112110981542735,-2.6101444560268123,3.7655031465134874e-07,9.828510862952555e-07,0.0015747734188675698,0.0015554065783789303,0.0010677977254183945,5.2724021765165095e-05,6.002023567256409e-05,2.0200064663881762e-05,0.0,0.0,gaussian,1.2,0.0,256,gaussian:1.2:0.0:0.0,0.0,,,,,,
0.0006812920690579609,0.0,-2.609647597646291,-2.6112110981542735,-2.6096454816207713,8.108472276495949e-07,2.1160255196939204e-06,0.002311451270884521,0.002283024636599142,0.0015673127193376307,0.00011367433493543156,0.00012921580409622698,4.3561199222807635e-05,0.0,0.0,gaussian,1.2,0.0,256,gaussian:1.2:0.0:0.0,0.0,,,,,,
0.001,0.0,-2.6089176415739583,-2.6112110981542735,-2.6089130873530215,1.7456361459025543e-06,4.554220936814346e-06,0.003392746482548404,0.0033510218895633644,0.00230050046157853,0.000245169645502085,0.00027809068726922183,9.398269662377667e-05,0.0,0.0,gaussian,1.2,0.0,256,gaussian:1.2:0.0:0.0,0.0,,,,,,
0.0014677992676220691,0.0,-2.607847876790922,-2.6112110981542735,-2.6078380795832086,3.756817182757822e-06,9.79720771354664e-06,0.004979870802311898,0.004918627475286629,0.0033766728926691984,0.0005290445070653936,0.0005981936238259589,0.000202908247525765,0.0,0.0,gaussian,1.2,0.0,256,gaussian:1.2:0.0:0.0,0.0,,,,,,
0.002154434690031882,0.0,-2.606281245535565,-2.6112110981542735,-2.606260183965989,8.081080893325815e-06,2.106156957593086e-05,0.007309450716485928,0.007219557805931499,0.004956277998859142,0.0011424666259927045,0.0012858249818196088,0.00043854702549074874,0.0,0.0,gaussian,1.2,0.0,256,gaussian:1.2:0.0:0.0,0.0,,,,,,
0.0031622776601683794,0.0,-2.60398938147373,-2.6112110981542735,-2.603944149934648,1.737009352018145e-05,4.523153908175814e-05,0.010728806408377665,0.010596861660101459,0.007274821216856831,0.002469877305964945,0.0027609681549099216,0.0009494144654635523,0.0,0.0,gaussian,1.2,0.0,256,gaussian:1.2:0.0:0.0,0.0,,,,,,
0.004641588833612777,0.0,-2.600641672975878,-2.6112110981542735,-2.60054467687966,3.729698605769787e-05,9.699609621804939e-05,0.0157477341886757,0.015554065783789301,0.010677977254183945,0.005348323311581231,0.005919290126180556,0.002060854973161448,0.0,0.0,gaussian,1.2,0.0,256,gaussian:1.2:0.0:0.0,0.0,,,,,,
0.006812920690579608,0.0,-2.595762491716142,-2.6112110981542735,-2.595554932819248,7.996066572213344e-05,0.00020755889689416662,0.02311451270884521,0.022830246365991423,0.015673127193376307,0.011609506306001298,0.012662004024671245,0.004492937887495195,0.0,0.0,gaussian,1.2,0.0,256,gaussian:1.2:0.0:0.0,0.0,,,,,,
0.01,0.0,-2.588673773524708,-2.6112110981542735,-2.5882309901417524,0.00017104642055864715,0.0004427833829554473,0.03392746482548404,0.033510218895633645,0.0230050046157853,0.025291873865924755,0.026997563270123905,0.009868308499920996,0.0,0.0,gaussian,1.2,0.0,256,gaussian:1.2:0.0:0.0,0.0,,,,,,
0.01467799267622069,0.0,-2.578421337440908,-2.6112110981542735,-2.577480912443619,0.0003647289849930721,0.000940424997289302,0.049798708023118976,0.04918627475286628,0.03376672892669198,0.05539983351068133,0.057295442180774495,0.021965920910885364,0.0,0.0,gaussian,1.2,0.0,256,gaussian:1.2:0.0:0.0,0.0,,,,,,
0.021544346900318822,0.0,-2.5636868501449257,-2.6112110981542735,-2.5617019562714187,0.0007742341360430858,0.0019848938735069765,0.07309450716485928,0.072195578059315,0.049562779988591425,0.12235506545827479,0.12079028267849462,0.05015894455974171,0.0,0.0,gaussian,1.2,0.0,256,gaussian:1.2:0.0:0.0,0.0,,,,,,
0.03162277660168379,0.0,-2.542694500131222,-2.6112110981542735,-2.5385416159580214,0.0016332611617266828,0.004152884173200366,0.10728806408377664,0.10596861660101457,0.0727482121685683,0.27370290148401244,0.25228796826718997,0.12084873847080002,0.0,0.0,gaussian,1.2,0.0,256,gaussian:1.2:0.0:0.0,0.0,,,,,,
0.046415888336127774,0.0,-2.513132333773812,-2.6112110981542735,-2.50454688540814,0.0034162340957109654,0.008585448365671766,0.157477341886757,0.15554065783789303,0.10677977254183946,0.6248021091211776,0.5202204797747427,0.33238667131999794,0.0,0.0,gaussian,1.2,0.0,256,gaussian:1.2:0.0:0.0,0.0,,,,,,
0.06812920690579609,0.0,-2.472118506435967,-2.6112110981542735,-2.454649444804014,0.007066433743557891,0.017469061631953053,0.23114512708845208,0.22830246365991425,0.15673127193376307,1.4750713853188446,1.0543885630133762,1.5058232174923238,0.0,0.0,gaussian,1.2,0.0,256,gaussian:1.2:0.0:0.0,0.0,,,,,,
0.1,0.0,-2.416240580349899,-2.6112110981542735,-2.3814100180290616,0.014415188042158246,0.034830562320837366,0.3392746482548404,0.3351021889563365,0.23005004615785302,3.698024397040554,2.0898967701315785,inf,0.0,0.0,gaussian,1.2,0.0,256,gaussian:1.2:0.0:0.0,0.0,,,,,,
0.14677992676220675,0.0,-2.341669230015505,-2.6112110981542735,-2.2739092410477277,0.028936618416994988,0.06775998896777713,0.49798708023118926,0.4918627475286623,0.33766728926691947,10.485983787308873,4.029431771893613,inf,0.0,0.0,gaussian,1.2,0.0,256,gaussian:1.2:0.0:0.0,0.0,,,,,,
0.21544346900318823,0.0,-2.244317230736835,-2.6112110981542735,-2.116119679325721,0.05712095850595305,0.12819755141111422,0.7309450716485929,0.72195578059315,0.49562779988591427,42.151832320779334,7.521145921401359,inf,0.0,0.0,gaussian,1.2,0.0,256,gaussian:1.2:0.0:0.0,0.0,,,,,,
0.31622776601683794,0.0,-2.1200745459861183,-2.6112110981542735,-1.8845162761917522,0.11110848448246427,0.23555826979436612,1.0728806408377665,1.0596861660101458,0.727482121685683,inf,13.546849022637476,inf,0.0,0.0,gaussian,1.2,0.0,256,gaussian:1.2:0.0:0.0,0.0,,,,,,
0.46415888336127725,0.0,-1.965391873294379,-2.6112110981542735,-1.5445689706929357,0.21411653742928233,0.42082290260144317,1.5747734188675682,1.5554065783789286,1.0677977254183935,inf,23.524081079927065,inf,0.0,0.0,gaussian,1.2,0.0,256,gaussian:1.2:0.0:0.0,0.0,,,,,,
0.6812920690579608,0.0,-1.7787057801278916,-2.6112110981542735,-1.0455945646516747,0.4121599106871431,0.7331112154762169,2.3114512708845205,2.283024636599142,1.5673127193376306,inf,39.44862475798409,inf,0.0,0.0,gaussian,1.2,0.0,256,gaussian:1.2:0.0:0.0,0.0,,,,,,
1.0,0.0,-1.562778383231994,-2.6112110981542735,-0.3132002969021538,0.7995875165265457,1.2495780863298402,3.3927464825484037,3.3510218895633646,2.30050046157853,inf,64.1280559674558,inf,0.0,0.0,gaussian,1.2,0.0,256,gaussian:1.2:0.0:0.0,0.0,,,,,,
0.0,0.024,,,,0.0,0.0,0.0,0.0,0.0,0.0,nan,0.0,0.0,nan,gaussian,1.2,0.0,256,gaussian:1.2:0.0:0.01,0.01,-0.0342586895073259,0.31251395372790786,-0.0342586895073259,0.31251395372790786,-0.0342586895073259,0.31251395372790786
1e-05,0.024,,,,6.018443019349927e-13,1.8921147714685292e-13,1.4879359361810557e-06,1.4874605670190512e-06,6.43245464194478e-07,1.0428195175396798e-12,nan,3.317002721206249e-12,0.0,nan,gaussian,1.2,0.0,256,gaussian:1.2:0.0:0.01,0.01,-0.0342589283878029,0.31251390320454747,-0.0342586895073259,0.31251395372790786,-0.03425892838785833,0.3125139032047284
1.4677992676220705e-05,0.024,,,,1.2969362020814073e-12,4.0773868746229415e-13,2.1839912773951135e-06,2.183293530887273e-06,9.441552212458735e-07,2.246688107851386e-12,nan,7.146270960968859e-12,0.0,nan,gaussian,1.2,0.0,256,gaussian:1.2:0.0:0.01,0.01,-0.034259040135877016,0.31251387956963217,-0.0342586895073259,0.31251395372790786,-0.03425904013599645,0.312513879570022
2.1544346900318823e-05,0.024,,,,2.794407346741e-12,8.785227228337935e-13,3.205660797453531e-06,3.204636645640337e-06,1.3858303422662444e-06,4.840347742483662e-12,nan,1.5396190606110966e-11,0.0,nan,gaussian,1.2,0.0,256,gaussian:1.2:0.0:0.01,0.01,-0.03425920415957442,0.3125138448781771,-0.0342586895073259,0.31251395372790786,-0.03425920415983173,0.3125138448790171
3.1622776601683795e-05,0.024,,,,6.021411038253462e-12,1.8930475603508803e-12,4.7052665707470764e-06,4.703763321465736e-06,2.034120761426837e-06,1.0428228726506463e-11,nan,3.317013945137782e-11,0.0,nan,gaussian,1.2,0.0,256,gaussian:1.2:0.0:0.01,0.01,-0.03425944491334266,0.31251379395777573,-0.0342586895073259,0.31251395372790786,-0.03425944491389704,0.3125137939595858
4.641588833612782e-05,0.024,,,,1.297348169059404e-11,4.078681045342707e-12,6.906386826509168e-06,6.904180358314964e-06,2.985680963877159e-06,2.246698717674582e-11,nan,7.146306454393199e-11,0.0,nan,gaussian,1.2,0.0,256,gaussian:1.2:0.0:0.01,0.01,-0.03425979829134339,0.3125137192161819,-0.0342586895073259,0.31251395372790786,-0.03425979829253778,0.31251371922008175
6.812920690579608e-05,0.024,,,,2.7948712935200747e-11,8.786682662542737e-12,1.0137189525864854e-05,1.0133950873465369e-05,4.382380332132043e-06,4.8403812938332115e-11,nan,1.5396302847271079e-10,0.0,nan,gaussian,1.2,0.0,256,gaussian:1.2:0.0:0.01,0.01,-0.03426031697887463,0.31251360950909096,-0.0342586895073259,0.31251395372790786,-0.03426031698144786,0.3125136095174924
0.0001,0.024,,,,6.021557026059118e-11,1.8930924607753267e-11,1.4879359361810557e-05,1.4874605670190512e-05,6.43245464194478e-06,1.0428334825851865e-10,nan,3.317049439418404e-10,0.0,nan,gaussian,1.2,0.0,256,gaussian:1.2:0.0:0.01,0.01,-0.03426107830710626,0.31251344847801116,-0.0342586895073259,0.31251395372790786,-0.03426107831265017,0.3125134484961121
0.0001467799267622069,0.024,,,,1.2973039671630206e-10,4.078538930741212e-11,2.183991277395111e-05,2.1832935308872704e-05,9.441552212458724e-06,2.2467322695409436e-10,nan,7.146418699527883e-10,0.0,nan,gaussian,1.2,0.0,256,gaussian:1.2:0.0:0.01,0.01,-0.03426219578208721,0.3125132121100508,-0.0342586895073259,0.31251395372790786,-0.03426219579403135,0.31251321214904804
0.00021544346900318823,0.024,,,,2.794957141809696e-10,8.786942595900702e-11,3.205660797453531e-05,3.2046366456403374e-05,1.3858303422662443e-05,4.840487395577503e-10,nan,1.5396657808526174e-09,0.0,nan,gaussian,1.2,0.0,256,gaussian:1.2:0.0:0.01,0.01,-0.034263836006650894,0.31251286515498367,-0.0342586895073259,0.31251395372790786,-0.03426383603238424,0.3125128652390005
0.00031622776601683794,0.024,,,,6.021566915418301e-10,1.8930924195482211e-10,4.705266570747076e-05,4.7037633214657355e-05,2.0341207614268368e-05,1.0428670355650463e-09,nan,3.3171616931166532e-09,0.0,nan,gaussian,1.2,0.0,256,gaussian:1.2:0.0:0.01,0.01,-0.034266243517595135,0.3125123558636781,-0.0342586895073259,0.31251395372790786,-0.03426624357303733,0.3125123560446868
0.00046415888336127773,0.024,,,,1.2973068749815414e-09,4.078538109643884e-10,6.906386826509162e-05,6.904180358314957e-05,2.9856809638771564e-05,2.246838376453795e-09,nan,7.146773700533772e-09,0.0,nan,gaussian,1.2,0.0,256,gaussian:1.2:0.0:0.01,0.01,-0.034269777239993804,0.31251160825967655,-0.0342586895073259,0.31251395372790786,-0.03426977735944471,0.31251160864964606
0.0006812920690579609,0.024,,,,2.794964150806315e-09,8.786933122391495e-10,0.00010137189525864855,0.00010133950873465369,4.382380332132043e-05,4.840822949367647e-09,nan,1.539778053003124e-08,0.0,nan,gaussian,1.2,0.0,256,gaussian:1.2:0.0:0.01,0.01,-0.03427496399118255,0.31251051078359415,-0.0342586895073259,0.31251395372790786,-0.0342749642485454,0.31251051162375265
0.001,0.024,,,,6.0215713070917725e-09,1.893083834676927e-09,0.00014879359361810558,0.0001487460567019051,6.432454641944779e-05,1.042973153614618e-08,nan,3.317516779781054e-08,0.0,nan,gaussian,1.2,0.0,256,gaussian:1.2:0.0:0.01,0.01,-0.034282577006054034,0.3125088995999,-0.0342586895073259,0.31251395372790786,-0.03428257756056861,0.31250890140994975
0.0014677992676220691,0.024,,,,1.297309476804303e-08,4.078514768137648e-09,0.00021839912773951114,0.00021832935308872708,9.441552212458725e-05,2.2471739819416858e-08,nan,7.1478968197035e-08,0.0,nan,gaussian,1.2,0.0,256,gaussian:1.2:0.0:0.01,0.01,-0.034293751179578516,0.3125065340397283,-0.0342586895073259,0.31251395372790786,-0.034293752374380454,0.31250653793930916
0.002154434690031882,0.024,,,,2.7949722573464228e-08,8.786858894762419e-09,0.0003205660797453531,0.0003204636645640337,0.00013858303422662442,4.8418843698616845e-08,nan,1.540133324296907e-07,0.0,nan,gaussian,1.2,0.0,256,gaussian:1.2:0.0:0.01,0.01,-0.03431015218335493,0.3125030604376101,-0.0342586895073259,0.31251395372790786,-0.03431015475790931,0.3125030688388338
0.0031622776601683794,0.024,,,,6.021596993517404e-08,1.893060361980104e-08,0.0004705266570747076,0.0004703763321465736,0.00020341207614268367,1.0433088705261897e-07,nan,3.3186407562639163e-07,0.0,nan,gaussian,1.2,0.0,256,gaussian:1.2:0.0:0.01,0.01,-0.03433422461636618,0.31249795879634246,-0.0342586895073259,0.31251395372790786,-0.03433423016444022,0.3124979768956968
0.004641588833612777,0.024,,,,1.2973174528753183e-07,4.0784400055908315e-08,0.0006906386826509162,0.0006904180358314957,0.0002985680963877156,2.2482359197980888e-07,nan,7.151453514250963e-07,0.0,nan,gaussian,1.2,0.0,256,gaussian:1.2:0.0:0.01,0.01,-0.034369556071235347,0.3124904639531008,-0.0342586895073259,0.31251395372790786,-0.03436956802851399,0.31249050294528946
0.006812920690579608,0.024,,,,2.7949974756319794e-07,8.78662211706901e-08,0.0010137189525864854,0.001013395087346537,0.00043823803321320435,4.845243941584147e-07,nan,1.5412591504580274e-06,0.0,nan,gaussian,1.2,0.0,256,gaussian:1.2:0.0:0.01,0.01,-0.03442141114469993,0.3124794486855731,-0.0342586895073259,0.31251395372790786,-0.0344214369195208,0.3124795326863554
0.01,0.024,,,,6.021676657731177e-07,1.8929853003859285e-07,0.0014879359361810558,0.001487460567019051,0.000643245464194478,1.04437192440811e-06,nan,3.322206047032271e-06,0.0,nan,gaussian,1.2,0.0,256,gaussian:1.2:0.0:0.01,0.01,-0.03449751446644339,0.31246324959103655,-0.0342586895073259,0.31251395372790786,-0.034497570039752956,0.31246343054832637
0.01467799267622069,0.024,,,,1.2973426589248535e-06,4.07820194234358e-07,0.002183991277395111,0.0021832935308872706,0.0009441552212458724,2.251600677343646e-06,nan,7.162751749583179e-06,0.0,nan,gaussian,1.2,0.0,256,gaussian:1.2:0.0:0.01,0.01,-0.03460919831241645,0.3124394060348094,-0.0342586895073259,0.31251395372790786,-0.0346093181778715,0.31243979584192005
0.021544346900318822,0.024,,,,2.7950772234270158e-06,8.785865976493995e-07,0.003205660797453531,0.003204636645640337,0.0013858303422662442,4.855898589716121e-06,nan,1.5448430457159367e-05,0.0,nan,gaussian,1.2,0.0,256,gaussian:1.2:0.0:0.01,0.01,-0.03477308333973207,0.31240426519291614,-0.0342586895073259,0.31251395372790786,-0.03477334201316003,0.31240510483716655
0.03162277660168379,0.024,,,,6.021929111463061e-06,1.892744675219945e-06,0.004705266570747075,0.004703763321465736,0.0020341207614268365,1.0477478990550387e-05,nan,3.333590981574527e-05,0.0,nan,gaussian,1.2,0.0,256,gaussian:1.2:0.0:0.01,0.01,-0.03501353742087535,0.31235237698546403,-0.0342586895073259,0.31251395372790786,-0.03501409607846909,0.3123541854057964
0.046415888336127774,0.024,,,,1.2974226161731037e-05,4.07743400003911e-06,0.006906386826509162,0.006904180358314958,0.002985680963877156,2.262307572319127e-05,nan,7.19899549276956e-05,0.0,nan,gaussian,1.2,0.0,256,gaussian:1.2:0.0:0.01,0.01,-0.03536626682265083,0.3122755514885538,-0.0342586895073259,0.31251395372790786,-0.03536747471920678,0.3122794459017233
0.06812920690579609,0.024,,,,2.795330640781335e-05,8.78340495341519e-06,0.010137189525864855,0.01013395087346537,0.004382380332132043,4.8899020902221645e-05,nan,0.00015564175006277506,0.0,nan,gaussian,1.2,0.0,256,gaussian:1.2:0.0:0.01,0.01,-0.03588354769755365,0.31216135849850235,-0.0342586895073259,0.31251395372790786,-0.035886163629274825,0.31216974331238256
0.1,0.024,,,,6.022733098602177e-05,1.8919513157272154e-05,0.014879359361810557,0.014874605670190512,0.006432454641944779,0.00010585687913466896,nan,0.0003370725726839304,0.0,nan,gaussian,1.2,0.0,256,gaussian:1.2:0.0:0.01,0.01,-0.036641816057979976,0.31199067478527254,-0.0342586895073259,0.31251395372790786,-0.03664749483159642,0.31200872193209195
0.14677992676220675,0.024,,,,0.00012976780485727594,4.0748550586885644e-05,0.02183991277395109,0.021832935308872682,0.009441552212458714,0.00022968461200205837,nan,0.0007318954927705662,0.0,nan,gaussian,1.2,0.0,256,gaussian:1.2:0.0:0.01,0.01,-0.037752606316611016,0.3117335492316068,-0.0342586895073259,0.31251395372790786,-0.03776497621278186,0.31177237486802983
0.21544346900318823,0.024,,,,0.00027961437457112306,8.774924448368439e-05,0.032056607974535314,0.03204636645640337,0.013858303422662442,0.0005000635642381986,nan,0.0015955647407546636,0.0,nan,gaussian,1.2,0.0,256,gaussian:1.2:0.0:0.01,0.01,-0.03937813819552084,0.31134199746108315,-0.0342586895073259,0.31251395372790786,-0.03940521456566716,0.3114254648204948
0.31622776601683794,0.024,,,,0.0006025328090778892,0.0001889118823966455,0.047052665707470756,0.04703763321465736,0.02034120761426837,0.0010943080780694303,nan,0.003500431567412988,0.0,nan,gaussian,1.2,0.0,256,gaussian:1.2:0.0:0.01,0.01,-0.041753081566148584,0.31073703112915735,-0.0342586895073259,0.31251395372790786,-0.04181275521875784,0.31091627050679216
0.46415888336127725,0.024,,,,0.0012985088782164983,0.00040651999965007055,0.06906386826509155,0.0690418035831495,0.029856809638771534,0.0024133591172545736,nan,0.007758679644530273,0.0,nan,gaussian,1.2,0.0,256,gaussian:1.2:0.0:0.01,0.01,-0.04521378431722091,0.3097846437559634,-0.0342586895073259,0.31251395372790786,-0.045346541626134676,0.3101688754660622
0.6812920690579608,0.024,,,,0.002798812938274545,0.0008741166185758583,0.10137189525864854,0.10133950873465368,0.04382380332132043,0.005386357493641745,nan,0.01750014143381956,0.0,nan,gaussian,1.2,0.0,256,gaussian:1.2:0.0:0.01,0.01,-0.05023435288778219,0.3082504895364523,-0.0342586895073259,0.31251395372790786,-0.05053343072681525,0.3090718495726543
1.0,0.024,,,,0.006033924173678269,0.0018769572327180782,0.14879359361810557,0.1487460567019051,0.06432454641944779,0.012251058709997343,nan,0.04074713825208421,0.0,nan,gaussian,1.2,0.0,256,gaussian:1.2:0.0:0.01,0.01,-0.057462114642601106,0.30571399369885066,-0.0342586895073259,0.31251395372790786,-0.05814674275003108,0.3074616357697478
0.0,0.0,-3.3601720237550685,-3.3601720237550685,-3.3601720237550685,0.0,0.0,0.0,0.0,0.0,0.0,0.0,0.0,0.0,0.0,gaussian,1.2,0.05,256,gaussian:1.2:0.05:0.0,0.0,,,,,,
1e-05,0.0,-3.360149513407722,-3.3601720237550685,-3.360149512873517,1.5898254599947804e-10,5.342051245804669e-10,4.6305000088776234e-05,4.556407777588325e-05,2.8662804620368198e-05,5.1604540692296615e-08,7.331839753248557e-08,1.5357811099512197e-08,0.0,0.0,gaussian,1.2,0.05,256,gaussian:1.2:0.05:0.0,0.0,,,,,,
1.4677992676220705e-05,0.0,-3.360138983450506,-3.3601720237550685,-3.3601389822996124,3.425136901509352e-10,1.150893602641645e-09,6.796644521754566e-05,6.687891998931649e-05,4.2071243629770937e-05,1.1118102108375691e-07,1.579563324006323e-07,3.3088222049210936e-08,0.0,0.0,gaussian,1.2,0.05,256,gaussian:1.2:0.05:0.0,0.0,,,,,,
2.1544346900318823e-05,0.0,-3.3601235280103974,-3.3601720237550685,-3.3601235255309496,7.379037519156928e-10,2.4794477582190666e-09,9.97610985131889e-05,9.816482977967359e-05,6.175214058772736e-05,2.3953986530065273e-07,3.4029595627751504e-07,7.128901082270834e-08,0.0,0.0,gaussian,1.2,0.05,256,gaussian:1.2:0.05:0.0,0.0,,,,,,
3.1622776601683795e-05,0.0,-3.360100843438806,-3.3601720237550685,-3.3601008380972255,1.5897083927325018e-09,5.341580511242228e-09,0.0001464292673348319,0.00014408626525685012,9.063974672876136e-05,5.160970831581132e-07,7.331117508423368e-07,1.5359573634721118e-07,0.0,0.0,gaussian,1.2,0.05,256,gaussian:1.2:0.05:0.0,0.0,,,,,,
4.641588833612782e-05,0.0,-3.3600675490059837,-3.3601720237550685,-3.3600675374986206,3.4247415846861204e-09,1.1507363062435161e-08,0.0002149287713525026,0.00021148971461840398,0.00013304095386592588,1.1119736401780419e-06,1.5793349503975403e-06,3.309379932881255e-07,0.0,0.0,gaussian,1.2,0.05,256,gaussian:1.2:0.05:0.0,0.0,,,,,,
6.812920690579608e-05,0.0,-3.360018683693956,-3.3601720237550685,-3.3600186589043783,7.377809421760679e-09,2.478957750184918e-08,0.00031547229318211413,0.00031042444822649347,0.00019527741464814727,2.395915530372164e-06,3.402237476030145e-06,7.130666469575108e-07,0.0,0.0,gaussian,1.2,0.05,256,gaussian:1.2:0.05:0.0,0.0,,,,,,
0.0001,0.0,-3.359946968339858,-3.3601720237550685,-3.3599469149395453,1.5893201029488992e-08,5.340031261624745e-08,0.0004630500008877623,0.0004556407777588325,0.000286628046203682,5.162605658958491e-06,7.328834505910978e-06,1.5365164159088282e-06,0.0,0.0,gaussian,1.2,0.05,256,gaussian:1.2:0.05:0.0,0.0,,,,,,
0.0001467799267622069,0.0,-3.3598417242251783,-3.3601720237550685,-3.3598416092005077,3.423514561647102e-08,1.1502467067714406e-07,0.0006796644521754558,0.0006687891998931641,0.0004207124362977089,1.1124907654764474e-05,1.578613204033817e-05,3.3111514723058847e-06,0.0,0.0,gaussian,1.2,0.05,256,gaussian:1.2:0.05:0.0,0.0,,,,,,
0.00021544346900318823,0.0,-3.3596872892549143,-3.3601720237550685,-3.3596870415138733,7.373931550339195e-08,2.4774104101510375e-07,0.000997610985131889,0.000981648297796736,0.0006175214058772736,2.397551509128453e-05,3.3999560526497096e-05,7.136285579922264e-06,0.0,0.0,gaussian,1.2,0.05,256,gaussian:1.2:0.05:0.0,0.0,,,,,,
0.00031622776601683794,0.0,-3.359460700690696,-3.3601720237550685,-3.3594601671766324,1.5880943732562927e-07,5.335140635942537e-07,0.0014642926733483188,0.0014408626525685012,0.0009063974672876135,5.167782260104458e-05,7.32162436665926e-05,1.538301244543843e-05,0.0,0.0,gaussian,1.2,0.05,256,gaussian:1.2:0.05:0.0,0.0,,,,,,
0.00046415888336127773,0.0,-3.3591283098921227,-3.3601720237550685,-3.359127161190588,3.4196417308571716e-07,1.1487015347810825e-06,0.002149287713525024,0.0021148971461840377,0.0013304095386592575,0.00011141292293136226,0.00015763351767287908,3.316832408089221e-05,0.0,0.0,gaussian,1.2,0.05,256,gaussian:1.2:0.05:0.0,0.0,,,,,,
0.0006812920690579609,0.0,-3.3586408477784535,-3.3601720237550685,-3.358638375248157,7.361698998390827e-07,2.472530296504516e-06,0.0031547229318211415,0.0031042444822649345,0.0019527741464814728,0.00024027396633206005,0.0003392761652083258,7.154421813195788e-05,0.0,0.0,gaussian,1.2,0.05,256,gaussian:1.2:0.05:0.0,0.0,,,,,,
0.001,0.0,-3.3579262553366798,-3.3601720237550685,-3.357920935599834,1.5842327797534725e-06,5.319736845699197e-06,0.004630500008877623,0.004556407777588325,0.0028662804620368195,0.0005184220648160859,0.000729891697967117,0.0001544116508896748,0.0,0.0,gaussian,1.2,0.05,256,gaussian:1.2:0.05:0.0,0.0,,,,,,
0.0014677992676220691,0.0,-3.356879316645472,-3.3601720237550685,-3.356867878209463,3.407461195245848e-06,1.1438436008592845e-05,0.006796644521754559,0.006687891998931643,0.00420712436297709,0.0011193424175600568,0.0015691744939524519,0.0003335596829206125,0.0,0.0,gaussian,1.2,0.05,256,gaussian:1.2:0.05:0.0,0.0,,,,,,
0.002154434690031882,0.0,-3.355346773632699,-3.3601720237550685,-3.3553222013431117,7.323323413429987e-06,2.4572289587521112e-05,0.009976109851318889,0.00981648297796736,0.006175214058772735,0.0024192948364567474,0.0033702100045792495,0.0007215523097199908,0.0,0.0,gaussian,1.2,0.05,256,gaussian:1.2:0.05:0.0,0.0,,,,,,
0.0031622776601683794,0.0,-3.3531061742679165,-3.3601720237550685,-3.3530534579707014,1.5721630773158597e-05,5.2716297215038566e-05,0.014642926733483188,0.014408626525685012,0.009063974672876136,0.00523689863746257,0.007228027867702348,0.0015642728759623456,0.0,0.0,gaussian,1.2,0.05,256,gaussian:1.2:0.05:0.0,0.0,,,,,,
0.004641588833612777,0.0,-3.3498362740335352,-3.3601720237550685,-3.349723398110254,3.3695952293577824e-05,0.0001128759232811305,0.02149287713525024,0.021148971461840377,0.013304095386592574,0.011361538603776162,0.015469525090292027,0.0034033274647631458,0.0,0.0,gaussian,1.2,0.05,256,gaussian:1.2:0.05:0.0,0.0,,,,,,
0.006812920690579608,0.0,-3.3450765500987805,-3.3601720237550685,-3.3448355386859534,7.204959564227205e-05,0.0002410114128270635,0.03154722931821142,0.031042444822649347,0.01952774146481473,0.024731817161505354,0.033008278473994165,0.007449109797735346,0.0,0.0,gaussian,1.2,0.05,256,gaussian:1.2:0.05:0.0,0.0,,,,,,
0.01,0.0,-3.3381736715780517,-3.3601720237550685,-3.337661142202724,0.00015353586294548723,0.0005125293753276416,0.04630500008877623,0.04556407777588325,0.028662804620368198,0.05410760374002038,0.07012648940046091,0.016478368056502747,0.0,0.0,gaussian,1.2,0.05,256,gaussian:1.2:0.05:0.0,0.0,,,,,,
0.01467799267622069,0.0,-3.328214240724181,-3.3601720237550685,-3.32713056829901,0.00032560176322520945,0.001083672425171045,0.06796644521754558,0.06687891998931642,0.042071243629770896,0.11928053870434624,0.14806450234402438,0.03718395112112465,0.0,0.0,gaussian,1.2,0.05,256,gaussian:1.2:0.05:0.0,0.0,,,,,,
0.021544346900318822,0.0,-3.3139465772194576,-3.3601720237550685,-3.311673799635499,0.0006858220345439498,0.0022727775839586073,0.09976109851318889,0.09816482977967358,0.06175214058772736,0.2660582298154127,0.3099073582974046,0.08735778489309784,0.0,0.0,gaussian,1.2,0.05,256,gaussian:1.2:0.05:0.0,0.0,,,,,,
0.03162277660168379,0.0,-3.2936999627077213,-3.3601720237550685,-3.288986365911393,0.0014310947717451152,0.004713596796328101,0.1464292673348319,0.14408626525685012,0.09063974672876135,0.6045445230170203,0.640875958782638,0.22520306208802005,0.0,0.0,gaussian,1.2,0.05,256,gaussian:1.2:0.05:0.0,0.0,,,,,,
0.046415888336127774,0.0,-3.265315139536308,-3.3601720237550685,-3.2556857673069266,0.0029489871016703303,0.009629372229381428,0.2149287713525024,0.2114897146184038,0.13304095386592574,1.416093985465561,1.3039062110346102,0.7697870796357339,0.0,0.0,gaussian,1.2,0.05,256,gaussian:1.2:0.05:0.0,0.0,,,,,,
0.06812920690579609,0.0,-3.2260967590415346,-3.3601720237550685,-3.2068071730639147,0.005979233550127852,0.019289585977619872,0.31547229318211417,0.3104244482264935,0.1952774146481473,3.498995966926937,2.5970925819701693,inf,0.0,0.0,gaussian,1.2,0.05,256,gaussian:1.2:0.05:0.0,0.0,,,,,,
0.1,0.0,-3.17277375708876,-3.3601720237550685,-3.1350632082316237,0.011885672204922157,0.03771054885713632,0.46305000088776227,0.4556407777588325,0.286628046203682,9.610233956485951,5.037076409094728,inf,0.0,0.0,gaussian,1.2,0.05,256,gaussian:1.2:0.05:0.0,0.0,,,,,,
0.14677992676220675,0.0,-3.1014070169383943,-3.3601720237550685,-3.029757469194484,0.023102271760073637,0.07164954774391008,0.6796644521754551,0.6687891998931634,0.4207124362977085,34.70531611617141,9.465958693863858,inf,0.0,0.0,gaussian,1.2,0.05,256,gaussian:1.2:0.05:0.0,0.0,,,,,,
0.21544346900318823,0.0,-3.0071696461765565,-3.3601720237550685,-2.87518978255937,0.04388839977318583,0.1319798636171865,0.997610985131889,0.9816482977967359,0.6175214058772736,10025.721134583542,17.174054636765135,inf,0.0,0.0,gaussian,1.2,0.05,256,gaussian:1.2:0.05:0.0,0.0,,,,,,
0.31622776601683794,0.0,-2.8840716928440324,-3.3601720237550685,-2.648315445318312,0.08174423961466677,0.23575624752572022,1.4642926733483188,1.4408626525685013,0.9063974672876135,inf,30.039272443493388,inf,0.0,0.0,gaussian,1.2,0.05,256,gaussian:1.2:0.05:0.0,0.0,,,,,,
0.46415888336127725,0.0,-2.7250900296042384,-3.3601720237550685,-2.3153094592736467,0.15037322285829346,0.4097805703305917,2.149287713525022,2.1148971461840356,1.330409538659256,inf,50.71335871974727,inf,0.0,0.0,gaussian,1.2,0.05,256,gaussian:1.2:0.05:0.0,0.0,,,,,,
0.6812920690579608,0.0,-2.523560123325101,-3.3601720237550685,-1.8265235168435194,0.27621161074741907,0.6970366064815816,3.1547229318211416,3.1042444822649347,1.9527741464814727,inf,82.92131788024635,inf,0.0,0.0,gaussian,1.2,0.05,256,gaussian:1.2:0.05:0.0,0.0,,,,,,
1.0,0.0,-2.2764241130040874,-3.3601720237550685,-1.1090838685206141,0.5127955892819069,1.1673402444834733,4.630500008877623,4.5564077775883245,2.8662804620368196,inf,131.95888630311677,inf,0.0,0.0,gaussian,1.2,0.05,256,gaussian:1.2:0.05:0.0,0.0,,,,,,
0.0,0.024,,,,0.0,0.0,0.0,0.0,0.0,0.0,nan,0.0,0.0,nan,gaussian,1.2,0.05,256,gaussian:1.2:0.05:0.01,0.01,-0.027319227294571407,0.3137919704332238,-0.027319227294571407,0.3137919704332238,-0.027319227294571407,0.3137919704332238
1e-05,0.024,,,,3.158316663708561e-13,9.948032365305462e-14,1.0434244808117884e-06,1.0428782458517496e-06,4.3817849514755e-07,5.046296130992044e-13,nan,1.6021058813725895e-12,0.0,nan,gaussian,1.2,0.05,256,gaussian:1.2:0.05:0.01,0.01,-0.027319384033885872,0.313791944161924,-0.027319227294571407,0.3137919704332238,-0.027319384033907303,0.31379194416202116
1.4677992676220705e-05,0.024,,,,6.78835660919004e-13,2.1381893326260137e-13,1.531537688754482e-06,1.5307359254801876e-06,6.431580742653148e-07,1.0871920747516601e-12,nan,3.451634237205707e-12,0.0,nan,gaussian,1.2,0.05,256,gaussian:1.2:0.05:0.01,0.01,-0.02731945735640768,0.3137919318721629,-0.027319227294571407,0.3137919704332238,-0.027319457356453837,0.3137919318723717
2.1544346900318823e-05,0.024,,,,1.4632282525696988e-12,4.608860634724591e-13,2.2479898978894227e-06,2.246813070342607e-06,9.440269503718484e-07,2.3422859987112557e-12,nan,7.43632606963838e-12,0.0,nan,gaussian,1.2,0.05,256,gaussian:1.2:0.05:0.01,0.01,-0.0273195649791345,0.31379191383318333,-0.027319227294571407,0.3137919704332238,-0.02731956497923395,0.31379191383363336
3.1622776601683795e-05,0.024,,,,3.150197837058352e-12,9.922458914384698e-13,3.299597925743908e-06,3.2978705791325745e-06,1.3856420663712959e-06,5.046307516348936e-12,nan,1.6021096343662247e-11,0.0,nan,gaussian,1.2,0.05,256,gaussian:1.2:0.05:0.01,0.01,-0.02731972294765751,0.31379188735541746,-0.027319227294571407,0.3137919704332238,-0.027319722947871772,0.3137918873563863
4.641588833612782e-05,0.024,,,,6.7890790878997006e-12,2.138416627180583e-12,4.843147418854211e-06,4.8406120207631655e-06,2.0338444102061202e-06,1.0871956751249507e-11,nan,3.4516461052692594e-11,0.0,nan,gaussian,1.2,0.05,256,gaussian:1.2:0.05:0.01,0.01,-0.02731995481366105,0.3137918484910147,-0.027319227294571407,0.3137919704332238,-0.027319954814122673,0.3137918484931027
6.812920690579608e-05,0.024,,,,1.4625091012761098e-11,4.606594602742927e-12,7.108768234379918e-06,7.105046778918752e-06,2.9852753357577794e-06,2.3422973841252327e-11,nan,7.436363600008792e-11,0.0,nan,gaussian,1.2,0.05,256,gaussian:1.2:0.05:0.01,0.01,-0.0273202951462414,0.3137917914451054,-0.027319227294571407,0.3137919704332238,-0.02732029514723593,0.31379179144960334
0.0001,0.024,,,,3.1508920139869256e-11,9.924642715319582e-12,1.0434244808117883e-05,1.0428782458517496e-05,4.3817849514755e-06,5.0463435203468e-11,nan,1.602121502631252e-10,0.0,nan,gaussian,1.2,0.05,256,gaussian:1.2:0.05:0.01,0.01,-0.02732079468578763,0.3137917077115061,-0.027319227294571407,0.3137919704332238,-0.02732079468793033,0.3137917077211967
0.0001467799267622069,0.024,,,,6.788368815076649e-11,2.1381920492292947e-11,1.5315376887544805e-05,1.530735925480186e-05,6.4315807426531405e-06,1.0872070606619094e-10,nan,3.4516836365748443e-10,0.0,nan,gaussian,1.2,0.05,256,gaussian:1.2:0.05:0.01,0.01,-0.027321527908779324,0.3137915848038252,-0.027319227294571407,0.3137919704332238,-0.027321527913395705,0.3137915848247028
0.00021544346900318823,0.024,,,,1.4625072163615106e-10,4.606585955470904e-11,2.2479898978894228e-05,2.246813070342607e-05,9.440269503718485e-06,2.3423333886939456e-10,nan,7.436482286999874e-10,0.0,nan,gaussian,1.2,0.05,256,gaussian:1.2:0.05:0.01,0.01,-0.02732260413125087,0.31379140439233977,-0.027319227294571407,0.3137919704332238,-0.027322604141196784,0.3137914044373191
0.00031622776601683794,0.024,,,,3.1508627495580363e-10,9.924541967700962e-11,3.299597925743908e-05,3.297870579132574e-05,1.3856420663712959e-05,5.046457378366104e-10,nan,1.602159035951723e-09,0.0,nan,gaussian,1.2,0.05,256,gaussian:1.2:0.05:0.01,0.01,-0.02732418380614641,0.3137911395679449,-0.027319227294571407,0.3137919704332238,-0.02732418382757501,0.31379113966484934
0.00046415888336127773,0.024,,,,6.788324643749014e-10,2.1381754256095469e-10,4.843147418854206e-05,4.840612020763161e-05,2.0338444102061184e-05,1.0872430664605306e-09,nan,3.451802332918535e-09,0.0,nan,gaussian,1.2,0.05,256,gaussian:1.2:0.05:0.01,0.01,-0.02732650244391513,0.31379075082323876,-0.027319227294571407,0.3137919704332238,-0.027326502490084035,0.31379075103201226
0.0006812920690579609,0.024,,,,1.4625007340369441e-09,4.6065569647509975e-10,7.108768234379919e-05,7.105046778918752e-05,2.9852753357577796e-05,2.34244725242218e-09,nan,7.436857663618109e-09,0.0,nan,gaussian,1.2,0.05,256,gaussian:1.2:0.05:0.01,0.01,-0.027329905721741085,0.3137901801472316,-0.027319227294571407,0.3137919704332238,-0.027329905821216652,0.3137901805970185
0.001,0.024,,,,3.1508657929327093e-09,9.924524438847724e-10,0.00010434244808117883,0.00010428782458517495,4.381784951475499e-05,5.046817462852216e-09,nan,1.6022777524479385e-08,0.0,nan,gaussian,1.2,0.05,256,gaussian:1.2:0.05:0.01,0.01,-0.02733490101382269,0.31378934234392153,-0.027319227294571407,0.3137919704332238,-0.027334901228160582,0.31378934331295255
0.0014677992676220691,0.024,,,,6.788342276845796e-09,2.1381724027251732e-09,0.00015315376887544807,0.00015307359254801862,6.431580742653142e-05,1.087356942489876e-08,nan,3.452177803088421e-08,0.0,nan,gaussian,1.2,0.05,256,gaussian:1.2:0.05:0.01,0.01,-0.027342233020960605,0.31378811226031833,-0.027319227294571407,0.3137919704332238,-0.027342233482814355,0.3137881143480138
0.002154434690031882,0.024,,,,1.4625064265988991e-08,4.60654776099909e-09,0.00022479898978894228,0.00022468130703426069,9.440269503718484e-05,2.342807394011436e-08,nan,7.438045262889755e-08,0.0,nan,gaussian,1.2,0.05,256,gaussian:1.2:0.05:0.01,0.01,-0.027352994765548793,0.31378630597643187,-0.027319227294571407,0.3137919704332238,-0.027352995760825186,0.31378631047417654
0.0031622776601683794,0.024,,,,3.1508828833582996e-08,9.92449241125205e-09,0.0003299597925743908,0.0003297870579132574,0.0001385642066371296,5.047956488238908e-08,nan,1.6026534242617704e-07,0.0,nan,gaussian,1.2,0.05,256,gaussian:1.2:0.05:0.01,0.01,-0.027368790479582048,0.31378365305956635,-0.027319227294571407,0.3137919704332238,-0.02736879262460742,0.31378366274947944
0.004641588833612777,0.024,,,,6.788397596975341e-08,2.1381626517518234e-08,0.0004843147418854206,0.0004840612020763161,0.00020338444102061182,1.087717207154448e-07,nan,3.4533663386855744e-07,0.0,nan,gaussian,1.2,0.05,256,gaussian:1.2:0.05:0.01,0.01,-0.027391974625954132,0.31377975554540577,-0.027319227294571407,0.3137919704332238,-0.027391979249697704,0.3137797764211081
0.006812920690579608,0.024,,,,1.4625242205896408e-07,4.606517756725959e-08,0.0007108768234379918,0.0007105046778918752,0.00029852753357577795,2.3439469908671674e-07,nan,7.441806329638166e-07,0.0,nan,gaussian,1.2,0.05,256,gaussian:1.2:0.05:0.01,0.01,-0.027426002591797567,0.3137740270976777,-0.027319227294571407,0.3137919704332238,-0.02742601256102387,0.31377407207117114
0.01,0.024,,,,3.1509390027022295e-07,9.924396524244902e-08,0.0010434244808117884,0.0010428782458517495,0.00043817849514755,5.05156178879989e-07,nan,1.6038439800594171e-06,0.0,nan,gaussian,1.2,0.05,256,gaussian:1.2:0.05:0.01,0.01,-0.02747594512815579,0.3137656023439001,-0.027319227294571407,0.3137919704332238,-0.02747596663046316,0.31376569923051123
0.01467799267622069,0.024,,,,6.788574178512293e-07,2.138131804421812e-07,0.0015315376887544804,0.0015307359254801858,0.0006431580742653141,1.0888580367970784e-06,nan,3.457136794348771e-06,0.0,nan,gaussian,1.2,0.05,256,gaussian:1.2:0.05:0.01,0.01,-0.027549242774979672,0.31375320086378145,-0.027319227294571407,0.3137919704332238,-0.027549289177000877,0.31375340958112274
0.021544346900318822,0.024,,,,1.4625795918273735e-06,4.6064175864573594e-07,0.0022479898978894227,0.002246813070342607,0.0009440269503718483,2.3475580199896386e-06,nan,7.453755548895343e-06,0.0,nan,gaussian,1.2,0.05,256,gaussian:1.2:0.05:0.01,0.01,-0.027656811744488616,0.3137349212337426,-0.027319227294571407,0.3137919704332238,-0.02765691195710914,0.31373537084275105
0.03162277660168379,0.024,,,,3.1511119519301934e-06,9.924067668169351e-07,0.0032995979257439078,0.003297870579132574,0.0013856420663712957,5.062996719035299e-06,nan,1.6076347574394074e-05,0.0,nan,gaussian,1.2,0.05,256,gaussian:1.2:0.05:0.01,0.01,-0.027814663926844556,0.3137079251299155,-0.027319227294571407,0.3137919704332238,-0.0278148805949315,0.31370889359578014
0.046415888336127774,0.024,,,,6.789111107410437e-06,2.138022198723452e-06,0.004843147418854206,0.004840612020763161,0.0020338444102061186,1.0924814584315695e-05,nan,3.469180721992791e-05,0.0,nan,gaussian,1.2,0.05,256,gaussian:1.2:0.05:0.01,0.01,-0.0280462776259869,0.31366794441378215,-0.027319227294571407,0.3137919704332238,-0.028046746845834414,0.3136700303120675
0.06812920690579609,0.024,,,,1.4627447415056963e-05,4.606044915460746e-06,0.007108768234379919,0.007105046778918753,0.0029852753357577796,2.3590506777976134e-05,nan,7.492105553717051e-05,0.0,nan,gaussian,1.2,0.05,256,gaussian:1.2:0.05:0.01,0.01,-0.028386061401299567,0.31360849479869657,-0.027319227294571407,0.3137919704332238,-0.028387079959095982,0.31361298681269684
0.1,0.024,,,,3.151612639375401e-05,9.92276818729829e-06,0.010434244808117884,0.010428782458517496,0.0043817849514755,5.099500300093369e-05,nan,0.00016198857671297635,0.0,nan,gaussian,1.2,0.05,256,gaussian:1.2:0.05:0.01,0.01,-0.028884402064075616,0.313519586840066,-0.027319227294571407,0.3137919704332238,-0.028886620653488855,0.31352925840609813
0.14677992676220675,0.024,,,,6.790594308963322e-05,2.137555132999919e-05,0.01531537688754479,0.015307359254801844,0.006431580742653134,0.00011041001191219541,nan,0.000350850452054495,0.0,nan,gaussian,1.2,0.05,256,gaussian:1.2:0.05:0.01,0.01,-0.02961499002388521,0.3133855452713651,-0.027319227294571407,0.3137919704332238,-0.029619846118866124,0.31340636191221316
0.21544346900318823,0.024,,,,0.0001463167282159448,4.6043075675622994e-05,0.022479898978894228,0.02246813070342607,0.009440269503718485,0.00023961458499209115,nan,0.0007619223817621508,0.0,nan,gaussian,1.2,0.05,256,gaussian:1.2:0.05:0.01,0.01,-0.03068537128344971,0.31318119263048266,-0.027319227294571407,0.3137919704332238,-0.030696073919948733,0.3132259745284956
0.31622776601683794,0.024,,,,0.00031527329895775875,9.916067543564518e-05,0.03299597925743908,0.032978705791325745,0.013856420663712959,0.0005218479713960324,nan,0.001661411042520138,0.0,nan,gaussian,1.2,0.05,256,gaussian:1.2:0.05:0.01,0.01,-0.03225194538963613,0.3128649436062526,-0.027319227294571407,0.3137919704332238,-0.032275760298172314,0.31296120205878675
0.46415888336127725,0.024,,,,0.0006793135629880971,0.00021348777710526024,0.04843147418854201,0.04840612020763156,0.020338444102061162,0.001142524558332683,nan,0.0036462935474320846,0.0,nan,gaussian,1.2,0.05,256,gaussian:1.2:0.05:0.01,0.01,-0.03454074111396858,0.31236594079480545,-0.027319227294571407,0.3137919704332238,-0.034594422807201416,0.3125725692216615
0.6812920690579608,0.024,,,,0.0014635069589071263,0.00045932644807244007,0.07108768234379918,0.07105046778918751,0.029852753357577793,0.0025215304919047185,nan,0.008087378195323425,0.0,nan,gaussian,1.2,0.05,256,gaussian:1.2:0.05:0.01,0.01,-0.037874693206088425,0.3115595996623978,-0.027319227294571407,0.3137919704332238,-0.0379977539398171,0.31200213422795514
1.0,0.024,,,,0.0031516667879175654,0.0009869333786093448,0.10434244808117883,0.10428782458517495,0.043817849514754995,0.005634174417166639,nan,0.01826390862919609,0.0,nan,gaussian,1.2,0.05,256,gaussian:1.2:0.05:0.01,0.01,-0.0427051524946324,0.31022087523559794,-0.027319227294571407,0.3137919704332238,-0.0429931608837458,0.31116485016196704
0.0,0.0,-5.785641248626455,-5.785641248626455,-5.785641248626455,0.0,0.0,0.0,0.0,0.0,0.0,0.0,0.0,0.0,0.0,gaussian,1.2,0.1,256,gaussian:1.2:0.1:0.0,0.0,,,,,,
1e-05,0.0,-5.7856639850557485,-5.785641248626455,-5.7856640144172395,5.074869728371512e-09,2.936149101628871e-08,0.0020141491081286716,0.0016443643745596064,4.029491776061878e-05,3.5815012297839456e-06,0.00017273874489762836,6.190306657832744e-07,0.0,0.0,gaussian,1.2,0.1,256,gaussian:1.2:0.1:0.0,0.0,,,,,,
1.4677992676220705e-05,0.0,-5.785674601027624,-5.785641248626455,-5.785674664237495,1.09252378458772e-08,6.320987111507748e-08,0.002956366585792911,0.002413596824682414,5.914485077792781e-05,7.723402303271063e-06,0.00037186876040634116,1.3349199638090728e-06,0.0,0.0,gaussian,1.2,0.1,256,gaussian:1.2:0.1:0.0,0.0,,,,,,
2.1544346900318823e-05,0.0,-5.785690160004361,-5.785641248626455,-5.785690296035867,2.3511716372200357e-08,1.3603150605945302e-07,0.004339352709449187,0.0035426756516037956,8.681276865545891e-05,1.666267842955638e-05,0.0008002655702328973,2.879989347046352e-06,0.0,0.0,gaussian,1.2,0.1,256,gaussian:1.2:0.1:0.0,0.0,,,,,,
3.1622776601683795e-05,0.0,-5.785712947780199,-5.785641248626455,-5.785713240378069,5.0572482964480146e-08,2.9259786948898636e-07,0.006369298728883364,0.005199936726846593,0.00012742371825272684,3.597199188495036e-05,0.0017212773699453732,6.217421092860945e-06,0.0,0.0,gaussian,1.2,0.1,256,gaussian:1.2:0.1:0.0,0.0,,,,,,
4.641588833612782e-05,0.0,-5.785746289173877,-5.785641248626455,-5.785746918066748,1.0869693187229519e-07,6.288928702247176e-07,0.009348852009521185,0.007632463319346534,0.0001870324403290335,7.77323996483881e-05,0.003699427273687554,1.3435334298226973e-05,0.0,0.0,gaussian,1.2,0.1,256,gaussian:1.2:0.1:0.0,0.0,,,,,,
6.812920690579608e-05,0.0,-5.78579499992915,-5.785641248626455,-5.785796350153527,2.3336885886330389e-07,1.3502243767504751e-06,0.013722238132682292,0.011202924070289139,0.0002745260789365234,0.00016821197670883185,0.007942032528453748,2.907410789139297e-05,0.0,0.0,gaussian,1.2,0.1,256,gaussian:1.2:0.1:0.0,0.0,,,,,,
0.0001,0.0,-5.785866012248576,-5.785641248626455,-5.785868906534297,5.002337964937065e-07,2.8942857213110074e-06,0.020141491081286718,0.016443643745596065,0.00040294917760618783,0.0003647758854715144,0.017022369257803115,6.30499740790274e-05,0.0,0.0,gaussian,1.2,0.1,256,gaussian:1.2:0.1:0.0,0.0,,,,,,
0.0001467799267622069,0.0,-5.785969215037559,-5.785641248626455,-5.7859754047368535,1.0697774330286133e-06,6.189699294445461e-06,0.029563665857929074,0.024135968246824114,0.0005914485077792775,0.0007935161559651232,0.03639812614957551,0.00013716356222635094,0.0,0.0,gaussian,1.2,0.1,256,gaussian:1.2:0.1:0.0,0.0,,,,,,
0.00021544346900318823,0.0,-5.786118529751726,-5.785641248626455,-5.78613172272057,2.280106910318988e-06,1.3192968843611652e-05,0.04339352709449187,0.03542675651603795,0.0008681276865545891,0.0017342944732933218,0.07756228497374537,0.0002998228414984322,0.0,0.0,gaussian,1.2,0.1,256,gaussian:1.2:0.1:0.0,0.0,,,,,,
0.00031622776601683794,0.0,-5.786333180935476,-5.785641248626455,-5.786361166142585,4.836432025934669e-06,2.798520710900476e-05,0.06369298728883364,0.05199936726846592,0.0012742371825272684,0.0038174311457163214,0.16447043194056354,0.000660164681956943,0.0,0.0,gaussian,1.2,0.1,256,gaussian:1.2:0.1:0.0,0.0,,,,,,
0.00046415888336127773,0.0,-5.786638983751105,-5.785641248626455,-5.7866979430293775,1.0188864112241906e-05,5.8959278272041615e-05,0.09348852009521176,0.07632463319346527,0.001870324403290333,0.008494728710530856,0.3463325935035554,0.001470133256905926,0.0,0.0,gaussian,1.2,0.1,256,gaussian:1.2:0.1:0.0,0.0,,,,,,
0.0006812920690579609,0.0,-5.787069227901261,-5.785641248626455,-5.787192263897163,2.126050182854098e-05,0.000123035995901688,0.13722238132682293,0.11202924070289139,0.0027452607893652344,0.019229025917802456,0.7221938256549391,0.0033337636050084795,0.0,0.0,gaussian,1.2,0.1,256,gaussian:1.2:0.1:0.0,0.0,,,,,,
0.001,0.0,-5.787664411721267,-5.785641248626455,-5.78791782770487,4.378553516159886e-05,0.0002534159836029559,0.20141491081286717,0.16443643745596062,0.0040294917760618785,0.0447577546922949,1.48589295877636,0.0077932277915452935,0.0,0.0,gaussian,1.2,0.1,256,gaussian:1.2:0.1:0.0,0.0,,,,,,
0.0014677992676220691,0.0,-5.788469865459927,-5.785641248626455,-5.788982809730436,8.861482955455474e-05,0.0005129442705094078,0.2956366585792908,0.2413596824682412,0.005914485077792775,0.10932665915351135,3.0028871319911956,0.01924881652252949,0.0,0.0,gaussian,1.2,0.1,256,gaussian:1.2:0.1:0.0,0.0,,,,,,
0.002154434690031882,0.0,-5.78953068416708,-5.785641248626455,-5.790545989567594,0.00017536920622774133,0.0010153054005135331,0.4339352709449186,0.3542675651603795,0.00868127686554589,0.29308261651384504,5.930147573816186,0.053312336367789676,0.0,0.0,gaussian,1.2,0.1,256,gaussian:1.2:0.1:0.0,0.0,,,,,,
0.0031622776601683794,0.0,-5.790884959272732,-5.785641248626455,-5.792840423787734,0.000337679737856121,0.00195546451500217,0.6369298728883364,0.5199936726846592,0.012742371825272682,0.9844620323657,11.38312569619096,0.20473888538429988,0.0,0.0,gaussian,1.2,0.1,256,gaussian:1.2:0.1:0.0,0.0,,,,,,
0.004641588833612777,0.0,-5.792558734420181,-5.785641248626455,-5.796208192655662,0.0006300252449397404,0.003649458235480907,0.9348852009521177,0.7632463319346526,0.01870324403290333,11.826142762278035,21.140908953807518,inf,0.0,0.0,gaussian,1.2,0.1,256,gaussian:1.2:0.1:0.0,0.0,,,,,,
0.006812920690579608,0.0,-5.7945666758655285,-5.785641248626455,-5.801151401333528,0.0011363620157181199,0.006584725467999597,1.3722238132682292,1.120292407028914,0.027452607893652343,inf,37.87688193010761,inf,0.0,0.0,gaussian,1.2,0.1,256,gaussian:1.2:0.1:0.0,0.0,,,,,,
0.01,0.0,-5.796916634281398,-5.785641248626455,-5.808407039410603,0.001982158077149829,0.011490405129205072,2.0141491081286715,1.6443643745596064,0.04029491776061878,inf,65.43076740876887,inf,0.0,0.0,gaussian,1.2,0.1,256,gaussian:1.2:0.1:0.0,0.0,,,,,,
0.01467799267622069,0.0,-5.7996025753626,-5.785641248626455,-5.819056859666263,0.0033544167985418557,0.019454284303662916,2.9563665857929076,2.4135968246824118,0.05914485077792774,inf,109.20044774190242,inf,0.0,0.0,gaussian,1.2,0.1,256,gaussian:1.2:0.1:0.0,0.0,,,,,,
0.021544346900318822,0.0,-5.802553026664996,-5.785641248626455,-5.834688658037829,0.005538188315584123,0.03213563137283337,4.339352709449186,3.5426756516037954,0.08681276865545891,inf,176.79022522768994,inf,0.0,0.0,gaussian,1.2,0.1,256,gaussian:1.2:0.1:0.0,0.0,,,,,,
0.03162277660168379,0.0,-5.805484209783453,-5.785641248626455,-5.857633000239231,0.008982677167202769,0.05214879045577803,6.369298728883363,5.199936726846592,0.12742371825272683,inf,279.07186469602385,inf,0.0,0.0,gaussian,1.2,0.1,256,gaussian:1.2:0.1:0.0,0.0,,,,,,
0.046415888336127774,0.0,-5.807583426053883,-5.785641248626455,-5.891310688918515,0.014416885083220003,0.08372726286463195,9.348852009521178,7.632463319346527,0.18703244032903332,inf,431.8191550611465,inf,0.0,0.0,gaussian,1.2,0.1,256,gaussian:1.2:0.1:0.0,0.0,,,,,,
0.06812920690579609,0.0,-5.806917757663443,-5.785641248626455,-5.940742775697176,0.02304579186731592,0.1338250180337326,13.722238132682293,11.20292407028914,0.2745260789365234,inf,658.121485438653,inf,0.0,0.0,gaussian,1.2,0.1,256,gaussian:1.2:0.1:0.0,0.0,,,,,,
0.1,0.0,-5.799454262357595,-5.785641248626455,-6.013299156467921,0.036873278835618216,0.21384489411032614,20.141491081286716,16.443643745596063,0.4029491776061878,inf,991.8959184174271,inf,0.0,0.0,gaussian,1.2,0.1,256,gaussian:1.2:0.1:0.0,0.0,,,,,,
0.14677992676220675,0.0,-5.777669154395697,-5.785641248626455,-6.119797359024533,0.05921561022035027,0.3421282046288363,29.563665857929045,24.135968246824092,0.5914485077792768,inf,1482.9995725856063,inf,0.0,0.0,gaussian,1.2,0.1,256,gaussian:1.2:0.1:0.0,0.0,,,,,,
0.21544346900318823,0.0,-5.729024632949156,-5.785641248626455,-6.276115342740192,0.09549456405625667,0.5470907097910356,43.393527094491866,35.426756516037955,0.868127686554589,inf,2204.6998645893423,inf,0.0,0.0,gaussian,1.2,0.1,256,gaussian:1.2:0.1:0.0,0.0,,,,,,
0.31622776601683794,0.0,-5.635124539700042,-5.785641248626455,-6.505558764754197,0.15446583636649983,0.8704342250541544,63.69298728883364,51.999367268465924,1.2742371825272683,inf,3264.619923845599,inf,0.0,0.0,gaussian,1.2,0.1,256,gaussian:1.2:0.1:0.0,0.0,,,,,,
0.46415888336127725,0.0,-5.472847446787245,-5.785641248626455,-6.84233565154705,0.250233213711035,1.3694882047598051,93.48852009521167,76.32463319346519,1.8703244032903312,inf,4820.796249146099,inf,0.0,0.0,gaussian,1.2,0.1,256,gaussian:1.2:0.1:0.0,0.0,,,,,,
0.6812920690579608,0.0,-5.218605102959398,-5.785641248626455,-7.336656519333646,0.40586543234956235,2.1180514163742483,137.2223813268229,112.02924070289139,2.745260789365234,inf,7105.246806836544,inf,0.0,0.0,gaussian,1.2,0.1,256,gaussian:1.2:0.1:0.0,0.0,,,,,,
1.0,0.0,-4.855666572126356,-5.785641248626455,-8.062220327041118,0.6603735465119822,3.2065537549147614,201.41491081286716,164.43643745596063,4.029491776061878,inf,10458.56602067504,inf,0.0,0.0,gaussian,1.2,0.1,256,gaussian:1.2:0.1:0.0,0.0,,,,,,
0.0,0.024,,,,0.0,0.0,0.0,0.0,0.0,0.0,nan,0.0,0.0,nan,gaussian,1.2,0.1,256,gaussian:1.2:0.1:0.01,0.01,-0.018446214687002825,0.31495238335772113,-0.018446214687002825,0.31495238335772113,-0.018446214687002825,0.31495238335772113
1e-05,0.024,,,,2.5363544661253466e-13,8.001997923043742e-14,7.03787427971733e-07,7.036991279890538e-07,2.477374908390313e-07,1.9855567558358048e-13,nan,6.29352293495198e-13,0.0,nan,gaussian,1.2,0.1,256,gaussian:1.2:0.1:0.01,0.01,-0.018446340869081198,0.3149523718549486,-0.018446214687002825,0.31495238335772113,-0.01844634086908819,0.31495237185502833
1.4677992676220705e-05,0.024,,,,5.466567350495087e-13,1.7246587928766946e-13,1.0330186713385302e-06,1.0328890646886228e-06,3.6362890761605954e-07,4.277753762171011e-13,nan,1.3558988680164054e-12,0.0,nan,gaussian,1.2,0.1,256,gaussian:1.2:0.1:0.01,0.01,-0.01844639989696025,0.3149523664739053,-0.018446214687002825,0.31495238335772113,-0.018446399896975312,0.3149523664740771
2.1544346900318823e-05,0.024,,,,1.1777449795441814e-12,3.715692291623679e-13,1.516264049230616e-06,1.516073812684803e-06,5.337342442850647e-07,9.216145554299942e-13,nan,2.921196995190639e-12,0.0,nan,gaussian,1.2,0.1,256,gaussian:1.2:0.1:0.01,0.01,-0.018446486538032335,0.3149523585755505,-0.018446214687002825,0.31495238335772113,-0.0184464865380648,0.31495235857592063
3.1622776601683795e-05,0.024,,,,2.5381111652421763e-12,8.007539944626012e-13,2.2255712609823734e-06,2.2252920319197542e-06,7.834147328664373e-07,1.9855597774307e-12,nan,6.29353268946688e-12,0.0,nan,gaussian,1.2,0.1,256,gaussian:1.2:0.1:0.01,0.01,-0.018446613709722566,0.3149523469822149,-0.018446214687002825,0.31495238335772113,-0.01844661370979249,0.3149523469830126
4.641588833612782e-05,0.024,,,,5.467980370515563e-12,1.7251045182733834e-12,3.2666918669106556e-06,3.266282014697044e-06,1.1498955711456964e-06,4.27776331730614e-12,nan,1.3559019526736877e-11,0.0,nan,gaussian,1.2,0.1,256,gaussian:1.2:0.1:0.01,0.01,-0.018446800372210616,0.31495232996523204,-0.018446214687002825,0.31495238335772113,-0.018446800372361263,0.31495232996695055
6.812920690579608e-05,0.024,,,,1.178058631138844e-11,3.716681612276326e-12,4.794847929798425e-06,4.794246349019452e-06,1.6878158771695123e-06,9.21617577035108e-12,nan,2.9212067497744223e-11,0.0,nan,gaussian,1.2,0.1,256,gaussian:1.2:0.1:0.01,0.01,-0.018447074355218432,0.3149523049870848,-0.018446214687002825,0.31495238335772113,-0.018447074355543,0.3149523049907873
0.0001,0.024,,,,2.538165415226347e-11,8.0077103864079e-12,7.03787427971733e-06,7.036991279890538e-06,2.477374908390313e-06,1.9855693326132586e-11,nan,6.293563536359431e-11,0.0,nan,gaussian,1.2,0.1,256,gaussian:1.2:0.1:0.01,0.01,-0.018447476507157202,0.31495226832281586,-0.018446214687002825,0.31495238335772113,-0.018447476507856487,0.314952268330793
0.0001467799267622069,0.024,,,,5.468406459685256e-11,1.7252387206584836e-11,1.0330186713385292e-05,1.0328890646886217e-05,3.6362890761605915e-06,4.277793533577417e-11,nan,1.355911707405876e-10,0.0,nan,gaussian,1.2,0.1,256,gaussian:1.2:0.1:0.01,0.01,-0.01844806678522106,0.31495221450409383,-0.018446214687002825,0.31495238335772113,-0.0184480667867277,0.3149522145212803
0.00021544346900318823,0.024,,,,1.178139038617092e-10,3.7169345787103294e-11,1.5162640492306161e-05,1.516073812684803e-05,5.3373424428506465e-06,9.21627132319852e-11,nan,2.921237597355833e-10,0.0,nan,gaussian,1.2,0.1,256,gaussian:1.2:0.1:0.01,0.01,-0.01844893319437642,0.31495213550268963,-0.018446214687002825,0.31495238335772113,-0.018448933197622558,0.31495213553971696
0.00031622776601683794,0.024,,,,2.5382189246131717e-10,8.007876949851263e-11,2.2255712609823736e-05,2.225292031919754e-05,7.834147328664373e-06,1.985599549358851e-10,nan,6.293661086878797e-10,0.0,nan,gaussian,1.2,0.1,256,gaussian:1.2:0.1:0.01,0.01,-0.018450204907905304,0.3149520195308634,-0.018446214687002825,0.31495238335772113,-0.01845020491489949,0.3149520196106361
0.00046415888336127773,0.024,,,,5.468435444488277e-10,1.7252471520359578e-10,3.266691866910652e-05,3.2662820146970404e-05,1.1498955711456953e-05,4.277889088626428e-10,nan,1.3559425564714539e-09,0.0,nan,gaussian,1.2,0.1,256,gaussian:1.2:0.1:0.01,0.01,-0.01845207152551686,0.31495184927815073,-0.018446214687002825,0.31495238335772113,-0.0184520715405872,0.314951849450016
0.0006812920690579609,0.024,,,,1.1781393402714718e-09,3.716933274536301e-10,4.794847929798425e-05,4.794246349019453e-05,1.6878158771695125e-05,9.216573500873472e-10,nan,2.9213351547643563e-09,0.0,nan,gaussian,1.2,0.1,256,gaussian:1.2:0.1:0.01,0.01,-0.018454811339930703,0.31495159931811056,-0.018446214687002825,0.31495238335772113,-0.018454811372404532,0.3149515996883826
0.001,0.024,,,,2.538225524615284e-09,8.00789063466153e-10,7.03787427971733e-05,7.036991279890538e-05,2.477374908390313e-05,1.9856951091512823e-09,nan,6.293969609513027e-09,0.0,nan,gaussian,1.2,0.1,256,gaussian:1.2:0.1:0.01,0.01,-0.018458832825558484,0.3149512322907146,-0.018446214687002825,0.31495238335772113,-0.018458832895539432,0.31495123308844
0.0014677992676220691,0.024,,,,5.468445971037578e-09,1.725248214100669e-09,0.00010330186713385293,0.00010328890646886219,3.636289076160592e-05,4.278191288319534e-09,nan,1.356040128724305e-08,0.0,nan,gaussian,1.2,0.1,256,gaussian:1.2:0.1:0.01,0.01,-0.01846473553342462,0.31495069327467007,-0.018446214687002825,0.31495238335772113,-0.018464735684251554,0.31495069499331274
0.002154434690031882,0.024,,,,1.1781422266612056e-08,3.7169352287726892e-09,0.0001516264049230616,0.00015160738126848028,5.337342442850646e-05,9.217529201004787e-09,nan,2.921643746308328e-08,0.0,nan,gaussian,1.2,0.1,256,gaussian:1.2:0.1:0.01,0.01,-0.01847339946807135,0.3149499014749909,-0.018446214687002825,0.31495238335772113,-0.01847339979320015,0.31494990517767896
0.0031622776601683794,0.024,,,,2.5382347435203973e-08,8.007897062844878e-09,0.00022255712609823734,0.0002225292031919754,7.834147328664372e-05,1.9859973562899767e-08,nan,6.294945651949992e-08,0.0,nan,gaussian,1.2,0.1,256,gaussian:1.2:0.1:0.01,0.01,-0.01848611626492512,0.3149487379097182,-0.018446214687002825,0.31495238335772113,-0.018486116965969482,0.3149487458868701
0.004641588833612777,0.024,,,,5.4684743957227093e-08,1.7252499986922673e-08,0.00032666918669106525,0.00032662820146970407,0.00011498955711456953,4.2791472087098956e-08,nan,1.356348868795988e-07,0.0,nan,gaussian,1.2,0.1,256,gaussian:1.2:0.1:0.01,0.01,-0.01850478171067211,0.3149470270945685,-0.018446214687002825,0.31495238335772113,-0.018504783222846537,0.31494704428067
0.006812920690579608,0.024,,,,1.1781513166040995e-07,3.716941105844664e-08,0.0004794847929798425,0.00047942463490194525,0.00016878158771695123,9.220552694989885e-08,nan,2.9226204784181645e-07,0.0,nan,gaussian,1.2,0.1,256,gaussian:1.2:0.1:0.01,0.01,-0.01853217827738325,0.3149445096384826,-0.018446214687002825,0.31495238335772113,-0.018532181541019925,0.31494454666433563
0.01,0.024,,,,2.5382634251126507e-07,8.007915049749932e-08,0.0007037874279717329,0.0007036991279890538,0.0002477374908390313,1.9869537514961866e-07,nan,6.298036255674096e-07,0.0,nan,gaussian,1.2,0.1,256,gaussian:1.2:0.1:0.01,0.01,-0.018572389722876538,0.31494080089665133,-0.018446214687002825,0.31495238335772113,-0.018572396772368896,0.31494088066490944
0.01467799267622069,0.024,,,,5.468564731115868e-07,1.7252553870483992e-07,0.0010330186713385292,0.0010328890646886218,0.00036362890761605914,4.2821729077390883e-07,nan,1.3573270888578618e-06,0.0,nan,gaussian,1.2,0.1,256,gaussian:1.2:0.1:0.01,0.01,-0.018631409414267767,0.31493532786298983,-0.018446214687002825,0.31495238335772113,-0.018631424659490168,0.3149354997136363
0.021544346900318822,0.024,,,,1.1781797424323618e-06,3.7169568433931964e-07,0.0015162640492306161,0.0015160738126848029,0.0005337342442850646,9.23012688976255e-07,nan,2.9257179971188863e-06,0.0,nan,gaussian,1.2,0.1,256,gaussian:1.2:0.1:0.01,0.01,-0.018718032722159342,0.3149272313318119,-0.018446214687002825,0.31495238335772113,-0.01871806574897605,0.31492760155729876
0.03162277660168379,0.024,,,,2.5383525948475106e-06,8.007958560614939e-07,0.0022255712609823733,0.002225292031919754,0.0007834147328664371,1.989984210093715e-06,nan,6.307850610925499e-06,0.0,nan,gaussian,1.2,0.1,256,gaussian:1.2:0.1:0.01,0.01,-0.0188451657471389,0.3149152110723321,-0.018446214687002825,0.31495238335772113,-0.018845237476669406,0.3149160086492109
0.046415888336127774,0.024,,,,5.468843577435798e-06,1.725266309626276e-06,0.0032666918669106526,0.0032662820146970406,0.0011498955711456954,4.291769230812447e-06,nan,1.360439572179765e-05,0.0,nan,gaussian,1.2,0.1,256,gaussian:1.2:0.1:0.01,0.01,-0.019031743689540172,0.3148972744205498,-0.018446214687002825,0.31495238335772113,-0.019031900045439948,0.3148989925872099
0.06812920690579609,0.024,,,,1.1782664584175364e-05,3.7169781895249115e-06,0.004794847929798425,0.0047942463490194525,0.0016878158771695127,9.260534434552109e-06,nan,2.9356020843246218e-05,0.0,nan,gaussian,1.2,0.1,256,gaussian:1.2:0.1:0.01,0.01,-0.019305540616868372,0.31487031526931186,-0.018446214687002825,0.31495238335772113,-0.019305883227173803,0.31487401642386686
0.1,0.024,,,,2.5386200445541476e-05,8.007964888775658e-06,0.0070378742797173295,0.007036991279890538,0.002477374908390313,1.9996284923613023e-05,nan,6.339300981084164e-05,0.0,nan,gaussian,1.2,0.1,256,gaussian:1.2:0.1:0.01,0.01,-0.01970727922758142,0.31482938425975004,-0.018446214687002825,0.31495238335772113,-0.019708035540663523,0.3148373564296041
0.14677992676220675,0.024,,,,5.46965790040488e-05,1.725239918887558e-05,0.010330186713385281,0.010328890646886206,0.003636289076160588,4.3224005478811366e-05,nan,0.00013704760488475844,0.0,nan,gaussian,1.2,0.1,256,gaussian:1.2:0.1:0.01,0.01,-0.020296627524577705,0.31476637718510514,-0.018446214687002825,0.31495238335772113,-0.020298314411876257,0.314783546916874
0.21544346900318823,0.024,,,,0.00011785093850710206,3.7167629904220315e-05,0.015162640492306161,0.015160738126848029,0.005337342442850646,9.358023932801229e-05,nan,0.0002967768712326127,0.0,nan,gaussian,1.2,0.1,256,gaussian:1.2:0.1:0.01,0.01,-0.02116090949190229,0.31466759411778866,-0.018446214687002825,0.31495238335772113,-0.021164725306735074,0.3147045653534978
0.31622776601683794,0.024,,,,0.00025393205573833133,8.006673194961565e-05,0.022255712609823734,0.02225292031919754,0.007834147328664371,0.00020307511729123214,nan,0.0006443052689900465,0.0,nan,gaussian,1.2,0.1,256,gaussian:1.2:0.1:0.01,0.01,-0.022427648563543824,0.31450905394559103,-0.018446214687002825,0.31495238335772113,-0.02243644258366865,0.3145886362726187
0.46415888336127725,0.024,,,,0.0005471559024979384,0.00017245480876852323,0.03266691866910649,0.032662820146970376,0.011498955711456942,0.0004422209294533788,nan,0.0014042588504834487,0.0,nan,gaussian,1.2,0.1,256,gaussian:1.2:0.1:0.01,0.01,-0.02428231495774281,0.31424727413088366,-0.018446214687002825,0.31495238335772113,-0.024303068271374066,0.31441847565260794
0.6812920690579608,0.024,,,,0.001178964877052071,0.0003713263107555031,0.04794847929798425,0.04794246349019452,0.016878158771695125,0.0009680286601920507,nan,0.003079339520798859,0.0,nan,gaussian,1.2,0.1,256,gaussian:1.2:0.1:0.01,0.01,-0.02699250249408606,0.3138008236666068,-0.018446214687002825,0.31495238335772113,-0.027042900088712626,0.31416871401917823
1.0,0.024,,,,0.0025400856108859986,0.0007989545959209924,0.0703787427971733,0.07036991279890538,0.02477374908390313,0.0021358755977679946,nan,0.006819524422098847,0.0,nan,gaussian,1.2,0.1,256,gaussian:1.2:0.1:0.01,0.01,-0.03093803235994607,0.3130132200431553,-0.018446214687002825,0.31495238335772113,-0.03106442322360982,0.3138021140765499
0.0,0.0,-2.6112110981542735,-2.6112110981542735,-2.6112110981542735,0.0,0.0,0.0,0.0,0.0,0.0,0.0,0.0,0.0,0.0,lorentzian,0.4,0.0,256,lorentzian:0.4:0.0:0.0,0.0,,,,,,
1e-05,0.0,-2.611197221358411,-2.6112110981542735,-2.611197220471812,3.3953727705004887e-10,8.865987943806886e-10,9.498221900008278e-05,9.375924172465725e-05,8.43535566345414e-05,4.263394806143013e-07,2.1840987420386926e-07,1.6327359223645516e-07,0.0,0.0,lorentzian,0.4,0.0,256,lorentzian:0.4:0.0:0.0,0.0,,,,,,
1.4677992676220705e-05,0.0,-2.611190730412158,-2.6112110981542735,-2.61119072850212,7.314815740462819e-10,1.910037905616946e-09,0.0001394148314854406,0.00013761974633625258,0.0001238140886494967,9.185613847246595e-07,4.7052917391810254e-07,3.5177886388332206e-07,0.0,0.0,lorentzian,0.4,0.0,256,lorentzian:0.4:0.0:0.0,0.0,,,,,,
2.1544346900318823e-05,0.0,-2.6111812037085476,-2.6112110981542735,-2.611181199593761,1.5758334686702843e-09,4.114786733566689e-09,0.00020463298754998369,0.00020199816288268626,0.00018173422864102502,1.9791096040508723e-06,1.0136591261712642e-06,7.579370992711531e-07,0.0,0.0,lorentzian,0.4,0.0,256,lorentzian:0.4:0.0:0.0,0.0,,,,,,
3.1622776601683795e-05,0.0,-2.6111672219332576,-2.6112110981542735,-2.6111672130690495,3.3947301267403772e-09,8.864208034253807e-09,0.00030036014925718236,0.0002964927555402106,0.0002667493677011584,4.264270676420694e-06,2.1836560832713165e-06,1.6330925185588523e-06,0.0,0.0,lorentzian,0.4,0.0,256,lorentzian:0.4:0.0:0.0,0.0,,,,,,
4.641588833612782e-05,0.0,-2.611146702753051,-2.6112110981542735,-2.6111466836583226,7.312775052022501e-09,1.9094728465063326e-08,0.000440868407102548,0.0004351918494371707,0.0003915345265504107,9.188384104704078e-06,4.703892184697198e-06,3.51892005738255e-06,0.0,0.0,lorentzian,0.4,0.0,256,lorentzian:0.4:0.0:0.0,0.0,,,,,,
6.812920690579608e-05,0.0,-2.611116591734315,-2.6112110981542735,-2.611116550604293,1.5751890277538136e-08,4.113002205485827e-08,0.0006471063250628275,0.0006387742778789723,0.0005746940913194459,1.979985874322716e-05,1.0132166667079286e-05,7.58296632921537e-06,0.0,0.0,lorentzian,0.4,0.0,256,lorentzian:0.4:0.0:0.0,0.0,,,,,,
0.0001,0.0,-2.611072409915299,-2.6112110981542735,-2.6110723213296554,3.3926919595564615e-08,8.858564370939348e-08,0.0009498221900008277,0.0009375924172465725,0.000843535566345414,4.267042791372781e-05,2.182257453439773e-05,1.634237585122452e-05,0.0,0.0,lorentzian,0.4,0.0,256,lorentzian:0.4:0.0:0.0,0.0,,,,,,
0.0001467799267622069,0.0,-2.6110075924015996,-2.6112110981542735,-2.6110074016327367,7.306331221860714e-08,1.907688629287918e-07,0.0013941483148544045,0.0013761974633625244,0.0012381408864949657,9.197155435191397e-05,4.699471878957635e-05,3.5225788354681716e-05,0.0,0.0,lorentzian,0.4,0.0,256,lorentzian:0.4:0.0:0.0,0.0,,,,,,
0.00021544346900318823,0.0,-2.610912523285637,-2.6112110981542735,-2.6109121125491437,1.5731530244629908e-07,4.1073649326150985e-07,0.0020463298754998366,0.0020199816288268627,0.0018173422864102501,0.00019827619980525272,0.00010118200255891708,7.594712106881464e-05,0.0,0.0,lorentzian,0.4,0.0,256,lorentzian:0.4:0.0:0.0,0.0,,,,,,
0.00031622776601683794,0.0,-2.610773131378,-2.6112110981542735,-2.6107722473020347,3.386261160337931e-07,8.840759653239161e-07,0.0030036014925718234,0.0029649275554021063,0.0026674936770115843,0.000427583275709505,0.00021778463647822237,0.0001638033787653081,0.0,0.0,lorentzian,0.4,0.0,256,lorentzian:0.4:0.0:0.0,0.0,,,,,,
0.00046415888336127773,0.0,-2.6105688552632884,-2.6112110981542735,-2.6105669531947617,7.286030869661035e-07,1.902068526682399e-06,0.004408684071025476,0.004351918494371703,0.003915345265504104,0.0009225003361816368,0.0004685548156557809,0.00035349655972143583,0.0,0.0,lorentzian,0.4,0.0,256,lorentzian:0.4:0.0:0.0,0.0,,,,,,
0.0006812920690579609,0.0,-2.610269712294378,-2.6112110981542735,-2.6102656226544596,1.5667499412063522e-06,4.089639918269938e-06,0.006471063250628275,0.006387742778789723,0.005746940913194458,0.00199159233289554,0.0010074286881248252,0.0007635671366363312,0.0,0.0,lorentzian,0.4,0.0,256,lorentzian:0.4:0.0:0.0,0.0,,,,,,
0.001,0.0,-2.6098321148348926,-2.6112110981542735,-2.609823329908092,3.3660888571108067e-06,8.784926800675663e-06,0.009498221900008277,0.009375924172465725,0.00843535566345414,0.0043038689618722726,0.0021640138913273503,0.0016518276015137807,0.0,0.0,lorentzian,0.4,0.0,256,lorentzian:0.4:0.0:0.0,0.0,,,,,,
0.0014677992676220691,0.0,-2.6091929780719405,-2.6112110981542735,-2.609174132938899,7.2225907397422224e-06,1.884513304162283e-05,0.013941483148544046,0.013761974633625246,0.012381408864949659,0.009314186814963174,0.004642055431145298,0.0035825725262045196,0.0,0.0,lorentzian,0.4,0.0,256,lorentzian:0.4:0.0:0.0,0.0,,,,,,
0.002154434690031882,0.0,-2.608261587976867,-2.6112110981542735,-2.608221242102975,1.5468492147410073e-05,4.03458738920115e-05,0.020463298754998367,0.020199816288268623,0.0181734228641025,0.02020041322009631,0.0099378951776449,0.0078053518714591786,0.0,0.0,lorentzian,0.4,0.0,256,lorentzian:0.4:0.0:0.0,0.0,,,,,,
0.0031622776601683794,0.0,-2.6069087190716447,-2.6112110981542735,-2.6068225896318817,3.3038916603727683e-05,8.612943976293863e-05,0.03003601492571823,0.02964927555402106,0.026674936770115842,0.04394998087601555,0.02121405388553588,0.017148718483261192,0.0,0.0,lorentzian,0.4,0.0,256,lorentzian:0.4:0.0:0.0,0.0,,,,,,
0.004641588833612777,0.0,-2.604952756828543,-2.6112110981542735,-2.604769648559153,7.029235709159246e-05,0.00018310826938972014,0.04408684071025475,0.043519184943717024,0.039153452655041034,0.09607915894017026,0.045096816121214085,0.03829853038377909,0.0,0.0,lorentzian,0.4,0.0,256,lorentzian:0.4:0.0:0.0,0.0,,,,,,
0.006812920690579608,0.0,-2.602143333601467,-2.6112110981542735,-2.6017563431561315,0.00014871988039188235,0.0003869904453357442,0.06471063250628276,0.06387742778789723,0.057469409131944586,0.21156068717451754,0.09529893735603083,0.08851186999904118,0.0,0.0,lorentzian,0.4,0.0,256,lorentzian:0.4:0.0:0.0,0.0,,,,,,
0.01,0.0,-2.5981445206086016,-2.6112110981542735,-2.5973334156924546,0.0003121862197092106,0.0008111049161469985,0.09498221900008277,0.09375924172465724,0.08435355663454139,0.4710393485014016,0.19970606310364541,0.2215306696141374,0.0,0.0,lorentzian,0.4,0.0,256,lorentzian:0.4:0.0:0.0,0.0,,,,,,
0.01467799267622069,0.0,-2.592521963798699,-2.6112110981542735,-2.590841446000524,0.0006482173812379081,0.0016805177981753516,0.13941483148544045,0.13761974633625243,0.12381408864949657,1.0672195585583797,0.41366540053407613,0.7004490860590271,0.0,0.0,lorentzian,0.4,0.0,256,lorentzian:0.4:0.0:0.0,0.0,,,,,,
0.021544346900318822,0.0,-2.5847404421477735,-2.6112110981542735,-2.5813125376412827,0.001326208407851773,0.0034279045064908864,0.20463298754998366,0.20199816288268624,0.181734228641025,2.4877881304692093,0.8434820574276469,26.600415930912956,0.0,0.0,lorentzian,0.4,0.0,256,lorentzian:0.4:0.0:0.0,0.0,,,,,,
0.03162277660168379,0.0,-2.574176627485663,-2.6112110981542735,-2.567326012930351,0.0026612837993185263,0.006850614555311996,0.3003601492571823,0.2964927555402106,0.2667493677011584,6.0931204174801845,1.6847788097130263,inf,0.0,0.0,lorentzian,0.4,0.0,256,lorentzian:0.4:0.0:0.0,0.0,,,,,,
0.046415888336127774,0.0,-2.5601400207000244,-2.6112110981542735,-2.546796602203069,0.005211987777647849,0.013343418496955639,0.44086840710254754,0.43519184943717026,0.3915345265504103,16.4260674107972,3.2789618210848244,inf,0.0,0.0,lorentzian,0.4,0.0,256,lorentzian:0.4:0.0:0.0,0.0,,,,,,
0.06812920690579609,0.0,-2.5418692206283744,-2.6112110981542735,-2.5166635481728505,0.009916195629172758,0.025205672455523853,0.6471063250628275,0.6387742778789723,0.5746940913194459,56.07084381130339,6.186720753054294,inf,0.0,0.0,lorentzian,0.4,0.0,256,lorentzian:0.4:0.0:0.0,0.0,,,,,,
0.1,0.0,-2.5184425869312586,-2.6112110981542735,-2.4724342735360794,0.01826855757360769,0.04600831339517919,0.9498221900008277,0.9375924172465725,0.8435355663454139,849.5767072166304,11.273286899959157,inf,0.0,0.0,lorentzian,0.4,0.0,256,lorentzian:0.4:0.0:0.0,0.0,,,,,,
0.14677992676220675,0.0,-2.4885461456270144,-2.6112110981542735,-2.407514576616772,0.03256181090016541,0.08103156901024233,1.3941483148544032,1.376197463362523,1.2381408864949643,inf,19.80449585017772,inf,0.0,0.0,lorentzian,0.4,0.0,256,lorentzian:0.4:0.0:0.0,0.0,,,,,,
0.21544346900318823,0.0,-2.450104536628218,-2.6112110981542735,-2.312225493024364,0.05627475952254672,0.13787904360385372,2.0463298754998367,2.0199816288268626,1.81734228641025,inf,33.57185599325596,inf,0.0,0.0,lorentzian,0.4,0.0,256,lorentzian:0.4:0.0:0.0,0.0,,,,,,
0.31622776601683794,0.0,-2.3998752693594465,-2.6112110981542735,-2.1723602459150513,0.09480285344376316,0.22751502344439523,3.003601492571823,2.964927555402106,2.6674936770115845,inf,55.09062879357137,inf,0.0,0.0,lorentzian,0.4,0.0,256,lorentzian:0.4:0.0:0.0,0.0,,,,,,
0.46415888336127725,0.0,-2.3331728364802142,-2.6112110981542735,-1.967066138642223,0.15691366370881193,0.3661066978379912,4.408684071025471,4.351918494371699,3.9153452655040994,inf,87.92995045020875,inf,0.0,0.0,lorentzian,0.4,0.0,256,lorentzian:0.4:0.0:0.0,0.0,,,,,,
0.6812920690579608,0.0,-2.2439294037298616,-2.6112110981542735,-1.6657355983400366,0.25767022992289806,0.578193805389825,6.471063250628275,6.387742778789723,5.746940913194458,inf,137.23594794926436,inf,0.0,0.0,lorentzian,0.4,0.0,256,lorentzian:0.4:0.0:0.0,0.0,,,,,,
1.0,0.0,-2.1253726153637436,-2.6112110981542735,-1.223442851972325,0.4243631243159963,0.9019297633914185,9.498221900008277,9.375924172465725,8.43535566345414,inf,210.5165270267701,inf,0.0,0.0,lorentzian,0.4,0.0,256,lorentzian:0.4:0.0:0.0,0.0,,,,,,
0.0,0.008,,,,0.0,0.0,0.0,0.0,0.0,0.0,nan,0.0,0.0,nan,lorentzian,0.4,0.0,256,lorentzian:0.4:0.0:0.01,0.01,-0.2847453427714629,0.8592495235861,-0.2847453427714629,0.8592495235861,-0.2847453427714629,0.8592495235861
1e-05,0.008,,,,5.102391188924222e-13,4.618690876927775e-13,3.8693397513489795e-06,3.864637081801302e-06,1.3116208871622146e-06,1.878896276300744e-11,nan,2.0756669066519287e-11,0.0,nan,lorentzian,0.4,0.0,256,lorentzian:0.4:0.0:0.01,0.01,-0.2847458954570454,0.8592491350883824,-0.2847453427714629,0.8592495235861,-0.28474589545738493,0.8592491350886955
1.4677992676220705e-05,0.008,,,,1.1004728755354148e-12,9.961493210430716e-13,5.679414053210996e-06,5.672511478293047e-06,1.9251961775745088e-06,4.047966643782806e-11,nan,4.471897333710488e-11,0.0,nan,lorentzian,0.4,0.0,256,lorentzian:0.4:0.0:0.01,0.01,-0.2847461540027226,0.8592489533492187,-0.2847453427714629,0.8592495235861,-0.28474615400345443,0.8592489533498945
2.1544346900318823e-05,0.008,,,,2.3709356697939247e-12,2.1461733960017598e-12,8.336239787825578e-06,8.326108193416306e-06,2.825801539472668e-06,8.72110293203989e-11,nan,9.63443776816346e-11,0.0,nan,lorentzian,0.4,0.0,256,lorentzian:0.4:0.0:0.01,0.01,-0.28474653349560924,0.8592486865923595,-0.2847453427714629,0.8592495235861,-0.28474653349718604,0.8592486865938155
3.1622776601683795e-05,0.008,,,,5.107467378687107e-12,4.623283697587803e-12,1.2235926655292349e-05,1.2221055508438576e-05,4.147709430083302e-06,1.8789119964420732e-10,nan,2.0756852399535322e-10,0.0,nan,lorentzian,0.4,0.0,256,lorentzian:0.4:0.0:0.01,0.01,-0.2847470905144103,0.8592482950463014,-0.2847453427714629,0.8592495235861,-0.2847470905178072,0.8592482950494376
4.641588833612782e-05,0.008,,,,1.1003918093403576e-11,9.960752590863294e-12,1.795988418331548e-05,1.793805632485481e-05,6.088004863785425e-06,4.048016355609081e-10,nan,4.471955309705244e-10,0.0,nan,lorentzian,0.4,0.0,256,lorentzian:0.4:0.0:0.01,0.01,-0.2847479081049483,0.8592477203341298,-0.2847453427714629,0.8592495235861,-0.28474790811226713,0.8592477203408864
6.812920690579608e-05,0.008,,,,2.3706894948648252e-11,2.1459484055294118e-11,2.6361504850847617e-05,2.632946593618529e-05,8.935969080343834e-06,8.721260136376026e-10,nan,9.634621109019817e-10,0.0,nan,lorentzian,0.4,0.0,256,lorentzian:0.4:0.0:0.01,0.01,-0.28474910816104904,0.8592468767695396,-0.2847453427714629,0.8592495235861,-0.2847491081768165,0.8592468767840963
0.0001,0.008,,,,5.107470731464351e-11,4.623279925178043e-11,3.8693397513489794e-05,3.8646370818013024e-05,1.3116208871622146e-05,1.878961709625036e-09,nan,2.0757432195875524e-09,0.0,nan,lorentzian,0.4,0.0,256,lorentzian:0.4:0.0:0.01,0.01,-0.28475086959671303,0.8592456385806964,-0.2847453427714629,0.8592495235861,-0.2847508696306832,0.8592456386120572
0.0001467799267622069,0.008,,,,1.1003757472014732e-10,9.960585669369105e-11,5.67941405321099e-05,5.672511478293041e-05,1.9251961775745067e-05,4.048173566242573e-09,nan,4.472138667454339e-09,0.0,nan,lorentzian,0.4,0.0,256,lorentzian:0.4:0.0:0.01,0.01,-0.28475345501819205,0.8592438211564801,-0.2847453427714629,0.8592495235861,-0.2847534550913786,0.8592438212240453
0.00021544346900318823,0.008,,,,2.3706932693185714e-10,2.1459450146827448e-10,8.336239787825578e-05,8.326108193416307e-05,2.825801539472668e-05,8.72175729743666e-09,nan,9.635200983774577e-09,0.0,nan,lorentzian,0.4,0.0,256,lorentzian:0.4:0.0:0.01,0.01,-0.28475724987101747,0.8592411535176881,-0.2847453427714629,0.8592495235861,-0.2847572500286939,0.8592411536632524
0.00031622776601683794,0.008,,,,5.107510664357264e-10,4.6232945449793187e-10,0.00012235926655292348,0.00012221055508438575,4.1477094300833014e-05,1.879118933827202e-08,nan,2.075926613737128e-08,0.0,nan,lorentzian,0.4,0.0,256,lorentzian:0.4:0.0:0.01,0.01,-0.284762819895201,0.8592372379058673,-0.2847453427714629,0.8592495235861,-0.28476282023490584,0.859237238219474
0.00046415888336127773,0.008,,,,1.1003869066846788e-09,9.960618607513652e-10,0.00017959884183315462,0.00017938056324854793,6.0880048637854195e-05,4.048670790289055e-08,nan,4.4727187111900144e-08,0.0,nan,lorentzian,0.4,0.0,256,lorentzian:0.4:0.0:0.01,0.01,-0.2847709954476271,0.85923149045832,-0.2847453427714629,0.8592495235861,-0.2847709961795044,0.859231491133964
0.0006812920690579609,0.008,,,,2.3707319073101275e-09,2.14595846101056e-09,0.0002636150485084762,0.0002632946593618529,8.935969080343833e-05,8.723329831851415e-08,nan,9.637035709779904e-08,0.0,nan,lorentzian,0.4,0.0,256,lorentzian:0.4:0.0:0.01,0.01,-0.28478299524819983,0.8592230541104362,-0.2847453427714629,0.8592495235861,-0.2847829968249982,0.8592230555660614
0.001,0.008,,,,5.1076527798387236e-09,4.623355104174946e-09,0.0003869339751348979,0.00038646370818013024,0.00013116208871622145,1.8796162936169104e-07,nan,2.0765070217255304e-07,0.0,nan,lorentzian,0.4,0.0,256,lorentzian:0.4:0.0:0.01,0.01,-0.2848006079665032,0.8592106707096385,-0.2847453427714629,0.8592495235861,-0.28480061136366497,0.8592106738456717
0.0014677992676220691,0.008,,,,1.1004309952344593e-08,9.960802380331409e-09,0.000567941405321099,0.0005672511478293042,0.0001925196177574507,4.050243954947822e-07,nan,4.4745551286951075e-07,0.0,nan,lorentzian,0.4,0.0,256,lorentzian:0.4:0.0:0.01,0.01,-0.2848264586514905,0.8591924932092269,-0.2847453427714629,0.8592495235861,-0.2848264659706196,0.8591924999655522
0.002154434690031882,0.008,,,,2.3708723400903852e-08,2.146017483670196e-08,0.0008336239787825577,0.0008326108193416306,0.00028258015394726677,8.728306356307412e-07,nan,9.64284764628673e-07,0.0,nan,lorentzian,0.4,0.0,256,lorentzian:0.4:0.0:0.01,0.01,-0.2848643995746595,0.8591658098017241,-0.2847453427714629,0.8592495235861,-0.2848644153437723,0.8591658243576227
0.0031622776601683794,0.008,,,,5.1080967736977115e-08,4.623541628587669e-08,0.001223592665529235,0.0012221055508438575,0.0004147709430083302,1.8811908174994463e-06,nan,2.078347089620022e-06,0.0,nan,lorentzian,0.4,0.0,256,lorentzian:0.4:0.0:0.01,0.01,-0.2849200834307026,0.8591266385606282,-0.2847453427714629,0.8592495235861,-0.28492011740589246,0.8591266699198404
0.004641588833612777,0.008,,,,1.1005717014180595e-07,9.961394793531066e-08,0.0017959884183315462,0.0017938056324854792,0.000608800486378542,4.055226794059995e-06,nan,4.480384033852051e-06,0.0,nan,lorentzian,0.4,0.0,256,lorentzian:0.4:0.0:0.01,0.01,-0.2850018036492713,0.8590691315050099,-0.2847453427714629,0.8592495235861,-0.28500187685187744,0.8590691990647396
0.006812920690579608,0.008,,,,2.3713176414195446e-07,2.1462050577164538e-07,0.0026361504850847617,0.002632946593618529,0.0008935969080343833,8.744080944056934e-06,nan,9.661327257876659e-06,0.0,nan,lorentzian,0.4,0.0,256,lorentzian:0.4:0.0:0.01,0.01,-0.2851217255798541,0.8589846978378953,-0.2847453427714629,0.8592495235861,-0.2851218833068154,0.8589848433857128
0.01,0.008,,,,5.109507391070758e-07,4.6241366382461275e-07,0.0038693397513489794,0.003864637081801302,0.0013116208871622145,1.8861873057332566e-05,nan,2.084212749198965e-05,0.0,nan,lorentzian,0.4,0.0,256,lorentzian:0.4:0.0:0.01,0.01,-0.28529768882798756,0.8588607126250583,-0.2847453427714629,0.8592495235861,-0.28529802869348336,0.8588610261818175
0.01467799267622069,0.008,,,,1.1010188269866736e-06,9.963284155750388e-07,0.00567941405321099,0.005672511478293041,0.0019251961775745069,4.071064917005329e-05,nan,4.499035047735949e-05,0.0,nan,lorentzian,0.4,0.0,256,lorentzian:0.4:0.0:0.01,0.01,-0.28555584237647275,0.8586786118954302,-0.2847453427714629,0.8592495235861,-0.28555657476302954,0.858679287380621
0.021544346900318822,0.008,,,,2.3727363843929924e-06,2.1468060779110685e-06,0.008336239787825578,0.008326108193416306,0.002825801539472668,8.794341974308611e-05,nan,9.720784960153877e-05,0.0,nan,lorentzian,0.4,0.0,256,lorentzian:0.4:0.0:0.01,0.01,-0.2859344900790735,0.8584110761790289,-0.2847453427714629,0.8592495235861,-0.285936068494556,0.8584125313013264
0.03162277660168379,0.008,,,,5.114016019254924e-06,4.626053569483504e-06,0.012235926655292348,0.012221055508438574,0.004147709430083302,0.00019021637422492107,nan,0.00021032394246550283,0.0,nan,lorentzian,0.4,0.0,256,lorentzian:0.4:0.0:0.01,0.01,-0.28648968680998543,0.8580178524878195,-0.2847453427714629,0.8592495235861,-0.28649308911575777,0.8580209869235038
0.046415888336127774,0.008,,,,1.1024547290655071e-05,9.969420495891949e-06,0.017959884183315462,0.017938056324854793,0.006088004863785419,0.00041219738262299015,nan,0.00045602630113559774,0.0,nan,lorentzian,0.4,0.0,256,lorentzian:0.4:0.0:0.01,0.01,-0.2873033480390361,0.8574395271319992,-0.2847453427714629,0.8592495235861,-0.28731068357560796,0.8574462783724947
0.06812920690579609,0.008,,,,2.377323302350096e-05,2.1487802443698345e-05,0.02636150485084762,0.026329465936185292,0.008935969080343834,0.0008957154297292505,nan,0.0009919455563411103,0.0,nan,lorentzian,0.4,0.0,256,lorentzian:0.4:0.0:0.01,0.01,-0.2884949264806653,0.8565881819390131,-0.2847453427714629,0.8592495235861,-0.288510748124988,0.856602721582227
0.1,0.008,,,,5.128729183434728e-05,4.632446627536323e-05,0.0386933975134898,0.038646370818013025,0.013116208871622147,0.0019545158655446346,nan,0.0021685016748201388,0.0,nan,lorentzian,0.4,0.0,256,lorentzian:0.4:0.0:0.01,0.01,-0.290238057699349,0.8553332426194753,-0.2847453427714629,0.8592495235861,-0.2902722019916673,0.8553645495432747
0.14677992676220675,0.008,,,,0.00011071995845664971,9.990291606882299e-05,0.05679414053210984,0.05672511478293035,0.01925196177574505,0.004291686287856391,nan,0.004778635575688986,0.0,nan,lorentzian,0.4,0.0,256,lorentzian:0.4:0.0:0.01,0.01,-0.2927839116600804,0.8534797717795052,-0.2847453427714629,0.8592495235861,-0.29285766268712915,0.8535471615313099
0.21544346900318823,0.008,,,,0.0002392724607709813,0.0002155654361683699,0.08336239787825578,0.08326108193416307,0.02825801539472668,0.009514152824025589,nan,0.01067092792897091,0.0,nan,lorentzian,0.4,0.0,256,lorentzian:0.4:0.0:0.01,0.01,-0.29649307668112435,0.8507346153348162,-0.2847453427714629,0.8592495235861,-0.2966526000023937,0.8508796007383631
0.31622776601683794,0.008,,,,0.0005179057350824601,0.0004655250074015269,0.12235926655292349,0.12221055508438575,0.04147709430083302,0.0214084070463896,nan,0.024386990085029488,0.0,nan,lorentzian,0.4,0.0,256,lorentzian:0.4:0.0:0.01,0.01,-0.30187698298107585,0.8466525164239402,-0.2847453427714629,0.8592495235861,-0.3022228062144107,0.8469641569601386
0.46415888336127725,0.008,,,,0.001123718526934719,0.0010065924716123637,0.17959884183315444,0.17938056324854776,0.06088004863785413,0.04934102802522998,nan,0.05823215556019779,0.0,nan,lorentzian,0.4,0.0,256,lorentzian:0.4:0.0:0.01,0.01,-0.30964632976611184,0.8405484228336276,-0.2847453427714629,0.8592495235861,-0.3103987508129131,0.8412170714500452
0.6812920690579608,0.008,,,,0.002446750502771793,0.002180258141715469,0.26361504850847617,0.26329465936185287,0.08935969080343832,0.11843031573595401,nan,0.15289628328712976,0.0,nan,lorentzian,0.4,0.0,256,lorentzian:0.4:0.0:0.01,0.01,-0.3207528367928274,0.8313523893700732,-0.2847453427714629,0.8592495235861,-0.3223993963067137,0.8327815035473687
1.0,0.008,,,,0.005351880536713932,0.004730431724252959,0.3869339751348979,0.3864637081801302,0.13116208871622145,0.30647416917714865,nan,0.5269554151874731,0.0,nan,lorentzian,0.4,0.0,256,lorentzian:0.4:0.0:0.01,0.01,-0.3363797918587268,0.8173715843336053,-0.2847453427714629,0.8592495235861,-0.3400139349735062,0.820399783157844
0.0,0.0,-3.202022289673854,-3.202022289673854,-3.202022289673854,0.0,0.0,0.0,0.0,0.0,0.0,0.0,0.0,0.0,0.0,lorentzian,0.4,0.05,256,lorentzian:0.4:0.05:0.0,0.0,,,,,,
1e-05,0.0,-3.202001855883722,-3.202022289673854,-3.2020018542382136,5.138999576872649e-10,1.6455086182531886e-09,9.893469159121588e-05,9.7530741485652e-05,9.054960846474993e-05,6.64512338396495e-07,3.116753010788578e-07,2.075303221400065e-07,0.0,0.0,lorentzian,0.4,0.05,256,lorentzian:0.4:0.05:0.0,0.0,,,,,,
1.4677992676220705e-05,0.0,-3.2019922981013456,-3.202022289673854,-3.201992294556387,1.1071102672641997e-09,3.5449585489288893e-09,0.00014521626786000207,0.0001431555509232775,0.00013290864898802518,1.4317147023650699e-06,6.714534487223365e-07,4.4713266330012567e-07,0.0,0.0,lorentzian,0.4,0.05,256,lorentzian:0.4:0.05:0.0,0.0,,,,,,
2.1544346900318823e-05,0.0,-3.2019782704992537,-3.202022289673854,-3.2019782628624043,2.3850409746573944e-09,7.636849375103338e-09,0.00021314833161172102,0.0002101236128012203,0.00019508321764526181,3.0847454045603934e-06,1.446505746848029e-06,9.633882940886675e-07,0.0,0.0,lorentzian,0.4,0.05,256,lorentzian:0.4:0.05:0.0,0.0,,,,,,
3.1622776601683795e-05,0.0,-3.2019576836036405,-3.202022289673854,-3.201957667152252,5.137915713256858e-09,1.6451388695770675e-08,0.0003128589650345504,0.0003084192849797347,0.0002863430039850723,6.646545382041652e-06,3.1160959259433402e-06,2.0757798414986137e-06,0.0,0.0,lorentzian,0.4,0.05,256,lorentzian:0.4:0.05:0.0,0.0,,,,,,
4.641588833612782e-05,0.0,-3.201927472222032,-3.202022289673854,-3.2019274367839747,1.106772645068614e-08,3.5438057377490395e-08,0.00045921415974671195,0.0004526976006137772,0.00042029405153799266,1.432164464300445e-05,6.712456996930341e-06,4.472839870416422e-06,0.0,0.0,lorentzian,0.4,0.05,256,lorentzian:0.4:0.05:0.0,0.0,,,,,,
6.812920690579608e-05,0.0,-3.2018831410035133,-3.202022289673854,-3.2018830646715584,2.383970670306908e-08,7.633195497902534e-08,0.000674034207357907,0.0006644692066351694,0.0006169073010333772,3.08616807907892e-05,1.4458489697436545e-05,9.6386962402456e-06,0.0,0.0,lorentzian,0.4,0.05,256,lorentzian:0.4:0.05:0.0,0.0,,,,,,
0.0001,0.0,-3.2018180997158603,-3.202022289673854,-3.2018179353174494,5.134533123513415e-08,1.6439841088455864e-07,0.0009893469159121587,0.0009753074148565199,0.0009054960846474993,6.651046142721261e-05,3.114019863358004e-05,2.0773149630191385e-05,0.0,0.0,lorentzian,0.4,0.05,256,lorentzian:0.4:0.05:0.0,0.0,,,,,,
0.0001467799267622069,0.0,-3.2017226925148194,-3.202022289673854,-3.2017223384991884,1.105703600939116e-07,3.540156310322118e-07,0.0014521626786000192,0.0014315555092327733,0.0013290864898802505,0.000143358859795777,6.70589584796157e-05,4.477754904922699e-05,0.0,0.0,lorentzian,0.4,0.05,256,lorentzian:0.4:0.05:0.0,0.0,,,,,,
0.00021544346900318823,0.0,-3.2015827837259287,-3.202022289673854,-3.201582021559357,2.3805930476233655e-07,7.621665716328607e-07,0.00213148331611721,0.002101236128012203,0.0019508321764526181,0.00030906756197429777,0.00014437759776165707,9.654520761448025e-05,0.0,0.0,lorentzian,0.4,0.05,256,lorentzian:0.4:0.05:0.0,0.0,,,,,,
0.00031622776601683794,0.0,-3.2013777048007834,-3.202022289673854,-3.2013760644578384,5.123865711224342e-07,1.6403429450306817e-06,0.0031285896503455033,0.0030841928497973466,0.0028634300398507227,0.0006665318998768169,0.00031074729441853523,0.00020824504476172633,0.0,0.0,lorentzian,0.4,0.05,256,lorentzian:0.4:0.05:0.0,0.0,,,,,,
0.00046415888336127773,0.0,-3.2010772894397945,-3.202022289673854,-3.201073760775067,1.1023366224759917e-06,3.5286647275256655e-06,0.004592141597467115,0.004526976006137768,0.004202940515379922,0.0014381108025374484,0.0006685231826035133,0.0004494608011227139,0.0,0.0,lorentzian,0.4,0.05,256,lorentzian:0.4:0.05:0.0,0.0,,,,,,
0.0006812920690579609,0.0,-3.200637625082403,-3.202022289673854,-3.200630039650896,2.3699751097947663e-06,7.585431506917928e-06,0.00674034207357907,0.006644692066351695,0.006169073010333773,0.0031050167714074517,0.0014372595447670925,0.0009710687951430854,0.0,0.0,lorentzian,0.4,0.05,256,lorentzian:0.4:0.05:0.0,0.0,,,,,,
0.001,0.0,-3.199995035442563,-3.202022289673854,-3.19997874610981,5.090424382683654e-06,1.6289332752883467e-05,0.009893469159121588,0.009753074148565199,0.009054960846474993,0.006710859633548073,0.0030869497403106043,0.002101564877149545,0.0,0.0,lorentzian,0.4,0.05,256,lorentzian:0.4:0.05:0.0,0.0,,,,,,
0.0014677992676220691,0.0,-3.1990577060054464,-3.202022289673854,-3.199022777927197,1.0918239512735626e-05,3.4928078249230055e-05,0.014521626786000193,0.014315555092327735,0.013290864898802506,0.014526009225658505,0.006620716478606884,0.00456147714402656,0.0,0.0,lorentzian,0.4,0.05,256,lorentzian:0.4:0.05:0.0,0.0,,,,,,
0.002154434690031882,0.0,-3.197694339201557,-3.202022289673854,-3.1976196085288864,2.3370173863821352e-05,7.473067267049771e-05,0.021314833161172102,0.021012361280122027,0.01950832176452618,0.03151256400651936,0.014170344520094906,0.00995309494069026,0.0,0.0,lorentzian,0.4,0.05,256,lorentzian:0.4:0.05:0.0,0.0,,,,,,
0.0031622776601683794,0.0,-3.1957194243075335,-3.202022289673854,-3.1955600375136974,4.9875089979348976e-05,0.00015938679383609156,0.031285896503455035,0.030841928497973466,0.02863430039850723,0.06859057720693203,0.03023797251400679,0.021935160569237885,0.0,0.0,lorentzian,0.4,0.05,256,lorentzian:0.4:0.05:0.0,0.0,,,,,,
0.004641588833612777,0.0,-3.1928754041376717,-3.202022289673854,-3.1925370006859874,0.00010598705206150326,0.0003384034516842327,0.04592141597467115,0.04526976006137767,0.04202940515379923,0.15004076373454642,0.06424653201210692,0.04931502031532048,0.0,0.0,lorentzian,0.4,0.05,256,lorentzian:0.4:0.05:0.0,0.0,,,,,,
0.006812920690579608,0.0,-3.1888136432080794,-3.202022289673854,-3.1880997894442804,0.00022386186327300972,0.000713853763798955,0.0674034207357907,0.06644692066351694,0.06169073010333772,0.3306990358743561,0.13566635749309724,0.11573421595175046,0.0,0.0,lorentzian,0.4,0.05,256,lorentzian:0.4:0.05:0.0,0.0,,,,,,
0.01,0.0,-3.183079083504646,-3.202022289673854,-3.1815868540334167,0.00046880062734301284,0.0014922294712294004,0.09893469159121587,0.097530741485652,0.09054960846474992,0.7374011504744331,0.28400634917992384,0.3016960410989647,0.0,0.0,lorentzian,0.4,0.05,256,lorentzian:0.4:0.05:0.0,0.0,,,,,,
0.01467799267622069,0.0,-3.1751076094570987,-3.202022289673854,-3.1720271722072835,0.0009701835744527505,0.0030804372498152155,0.1452162678600019,0.14315555092327734,0.13290864898802504,1.6747005590706472,0.5874524866439433,1.1184604243174732,0.0,0.0,lorentzian,0.4,0.05,256,lorentzian:0.4:0.05:0.0,0.0,,,,,,
0.021544346900318822,0.0,-3.164248009955471,-3.202022289673854,-3.1579954782241835,0.0019759929410132927,0.00625253173128737,0.213148331611721,0.21012361280122027,0.1950832176452618,3.9195289533301136,1.195588348625301,inf,0.0,0.0,lorentzian,0.4,0.05,256,lorentzian:0.4:0.05:0.0,0.0,,,,,,
0.03162277660168379,0.0,-3.1498152306336387,-3.202022289673854,-3.137399768072293,0.003941647891151994,0.012415462561345514,0.31285896503455035,0.30841928497973464,0.28634300398507223,9.669726610151383,2.38230743447734,inf,0.0,0.0,lorentzian,0.4,0.05,256,lorentzian:0.4:0.05:0.0,0.0,,,,,,
0.046415888336127774,0.0,-3.131158061073756,-3.202022289673854,-3.1071693997951915,0.007661274458414959,0.02398866127856447,0.4592141597467115,0.45269760061377673,0.42029405153799226,26.470863094878233,4.622776073471664,inf,0.0,0.0,lorentzian,0.4,0.05,256,lorentzian:0.4:0.05:0.0,0.0,,,,,,
0.06812920690579609,0.0,-3.107680329310642,-3.202022289673854,-3.0627972873781166,0.014442618666148842,0.04488304193252546,0.674034207357907,0.6644692066351695,0.6169073010333773,94.61385108008133,8.692318765009253,inf,0.0,0.0,lorentzian,0.4,0.05,256,lorentzian:0.4:0.05:0.0,0.0,,,,,,
0.1,0.0,-3.0787181799302283,-3.202022289673854,-2.9976679332694895,0.026325971369869132,0.08105024666073879,0.9893469159121587,0.97530741485652,0.9054960846474993,6237.128981565002,15.780110815040713,inf,0.0,0.0,lorentzian,0.4,0.05,256,lorentzian:0.4:0.05:0.0,0.0,,,,,,
0.14677992676220675,0.0,-3.0432043434220666,-3.202022289673854,-2.902071115008149,0.046376520432806025,0.1411332284139175,1.4521626786000177,1.4315555092327719,1.329086489880249,inf,27.618105713021485,inf,0.0,0.0,lorentzian,0.4,0.05,256,lorentzian:0.4:0.05:0.0,0.0,,,,,,
0.21544346900318823,0.0,-2.999163315930953,-3.202022289673854,-2.761754175177153,0.0791584571246022,0.23740914075380015,2.1314833161172104,2.1012361280122027,1.9508321764526182,inf,46.65267758211157,inf,0.0,0.0,lorentzian,0.4,0.05,256,lorentzian:0.4:0.05:0.0,0.0,,,,,,
0.31622776601683794,0.0,-2.943197577241348,-3.202022289673854,-2.555797073658246,0.1316257211472061,0.3874005035831023,3.1285896503455035,3.0841928497973465,2.863430039850723,inf,76.3200246573913,inf,0.0,0.0,lorentzian,0.4,0.05,256,lorentzian:0.4:0.05:0.0,0.0,,,,,,
0.46415888336127725,0.0,-2.8701491100556513,-3.202022289673854,-2.253493390887233,0.21485145737130765,0.6166557191684183,4.59214159746711,4.526976006137763,4.202940515379918,inf,121.50397799175212,inf,0.0,0.0,lorentzian,0.4,0.05,256,lorentzian:0.4:0.05:0.0,0.0,,,,,,
0.6812920690579608,0.0,-2.7730980758515495,-3.202022289673854,-1.8097722667164824,0.34738252408878606,0.9633258091350672,6.740342073579069,6.644692066351694,6.169073010333772,inf,189.2567652567281,inf,0.0,0.0,lorentzian,0.4,0.05,256,lorentzian:0.4:0.05:0.0,0.0,,,,,,
1.0,0.0,-2.6439245447251434,-3.202022289673854,-1.158478725630213,0.5618336658126354,1.4854458190949305,9.893469159121587,9.753074148565199,9.054960846474993,inf,289.87589473998577,inf,0.0,0.0,lorentzian,0.4,0.05,256,lorentzian:0.4:0.05:0.0,0.0,,,,,,
0.0,0.008,,,,0.0,0.0,0.0,0.0,0.0,0.0,nan,0.0,0.0,nan,lorentzian,0.4,0.05,256,lorentzian:0.4:0.05:0.01,0.01,-0.2413351372166866,0.8858127750024554,-0.2413351372166866,0.8858127750024554,-0.2413351372166866,0.8858127750024554
1e-05,0.008,,,,3.613495437781078e-13,3.317548381053288e-13,2.8749665365786266e-06,2.871573366647428e-06,9.598115796766765e-07,1.0151700933310414e-11,nan,1.1057299184580875e-11,0.0,nan,lorentzian,0.4,0.05,256,lorentzian:0.4:0.05:0.01,0.01,-0.24133558203922736,0.8858125321669909,-0.2413351372166866,0.8858127750024554,-0.2413355820394106,0.8858125321672674
1.4677992676220705e-05,0.008,,,,7.788789285242471e-13,7.15088317759424e-13,4.2198737768280685e-06,4.214893284488137e-06,1.4088107337046082e-06,2.1871206068380995e-11,nan,2.3822262405072425e-11,0.0,nan,lorentzian,0.4,0.05,256,lorentzian:0.4:0.05:0.01,0.01,-0.2413357901267606,0.8858124185685481,-0.2413351372166866,0.8858127750024554,-0.24133579012715511,0.8858124185691445
2.1544346900318823e-05,0.008,,,,1.6780622367208014e-12,1.5406278853828913e-12,6.193927639085807e-06,6.1866172760768595e-06,2.0678513631497317e-06,4.7120178084717797e-11,nan,5.1323614342995516e-11,0.0,nan,lorentzian,0.4,0.05,256,lorentzian:0.4:0.05:0.01,0.01,-0.2413360955573441,0.8858122518286177,-0.2413351372166866,0.8858127750024554,-0.24133609555819419,0.8858122518299025
3.1622776601683795e-05,0.008,,,,3.6156014067933065e-12,3.3194809525876048e-12,9.091442452354248e-06,9.080712306883663e-06,3.0351907163824764e-06,1.0151764041688514e-10,nan,1.1057370980207953e-10,0.0,nan,lorentzian,0.4,0.05,256,lorentzian:0.4:0.05:0.01,0.01,-0.2413365438678181,0.885812007087397,-0.2413351372166866,0.8858127750024554,-0.2413365438696495,0.8858120070901656
4.641588833612782e-05,0.008,,,,7.788840931256901e-12,7.150927692400201e-12,1.3344412573193765e-05,1.3328662873530561e-05,4.455050710599506e-06,2.1871405635712396e-10,nan,2.382248944566002e-10,0.0,nan,lorentzian,0.4,0.05,256,lorentzian:0.4:0.05:0.01,0.01,-0.24133720189692984,0.8858116478553949,-0.2413351372166866,0.8858127750024554,-0.24133720190087543,0.8858116478613588
6.812920690579608e-05,0.008,,,,1.67814573998549e-11,1.540703632129735e-11,1.958691900178052e-05,1.95638016041496e-05,6.539120170237127e-06,4.712080917721706e-10,nan,5.132433232174153e-10,0.0,nan,lorentzian,0.4,0.05,256,lorentzian:0.4:0.05:0.01,0.01,-0.24133816775012615,0.8858111205727295,-0.2413351372166866,0.8858127750024554,-0.24133816775862682,0.8858111205855792
0.0001,0.008,,,,3.6153188369997433e-11,3.319218624020128e-11,2.8749665365786267e-05,2.8715733666474275e-05,9.598115796766764e-06,1.0151963613066621e-09,nan,1.105759803122785e-09,0.0,nan,lorentzian,0.4,0.05,256,lorentzian:0.4:0.05:0.01,0.01,-0.241339585425613,0.8858103466228936,-0.2413351372166866,0.8858127750024554,-0.24133958544392692,0.8858103466505761
0.0001467799267622069,0.008,,,,7.789171525251086e-11,7.151222034921179e-11,4.2198737768280636e-05,4.214893284488133e-05,1.4088107337046066e-05,2.1872036746995134e-09,nan,2.382320747283007e-09,0.0,nan,lorentzian,0.4,0.05,256,lorentzian:0.4:0.05:0.01,0.01,-0.24134166628191533,0.8858092106097036,-0.2413351372166866,0.8858127750024554,-0.24134166632137224,0.8858092106693455
0.00021544346900318823,0.008,,,,1.6781296455474376e-10,1.5406859542436662e-10,6.193927639085807e-05,6.186617276076859e-05,2.0678513631497317e-05,4.712280497818626e-09,nan,5.132660305671648e-09,0.0,nan,lorentzian,0.4,0.05,256,lorentzian:0.4:0.05:0.01,0.01,-0.2413447205467537,0.8858075431484334,-0.2413351372166866,0.8858127750024554,-0.24134472063176243,0.8858075432769271
0.00031622776601683794,0.008,,,,3.6154281912448146e-10,3.319309846105244e-10,9.091442452354249e-05,9.080712306883663e-05,3.0351907163824763e-05,1.0152594764820405e-08,nan,1.1058316162737421e-08,0.0,nan,lorentzian,0.4,0.05,256,lorentzian:0.4:0.05:0.01,0.01,-0.2413492035631667,0.8858050956027275,-0.2413351372166866,0.8858127750024554,-0.24134920374631624,0.8858050958795567
0.00046415888336127773,0.008,,,,7.789258350390919e-10,7.151272731143201e-10,0.00013344412573193753,0.0001332866287353055,4.455050710599502e-05,2.1874032735826658e-08,nan,2.3825478692158366e-08,0.0,nan,lorentzian,0.4,0.05,256,lorentzian:0.4:0.05:0.01,0.01,-0.24135578366397858,0.8858015029950818,-0.2413351372166866,0.8858127750024554,-0.241355784058575,0.8858015035914882
0.0006812920690579609,0.008,,,,1.678159374054219e-09,1.5407040711909897e-09,0.00019586919001780522,0.00019563801604149603,6.539120170237127e-05,4.712911736778949e-08,nan,5.133378662033836e-08,0.0,nan,lorentzian,0.4,0.05,256,lorentzian:0.4:0.05:0.01,0.01,-0.24136544178591748,0.8857962295487892,-0.2413351372166866,0.8858127750024554,-0.24136544263608906,0.8857962308336929
0.001,0.008,,,,3.6155339613678334e-09,3.3193779316315842e-09,0.00028749665365786263,0.00028715733666474276,9.598115796766763e-05,1.0154591158487269e-07,nan,1.1060588425982466e-07,0.0,nan,lorentzian,0.4,0.05,256,lorentzian:0.4:0.05:0.01,0.01,-0.24137961765732574,0.8857884887154666,-0.2413351372166866,0.8858127750024554,-0.24137961948909062,0.8857884914836622
0.0014677992676220691,0.008,,,,7.789588341919235e-09,7.151483909466469e-09,0.00042198737768280644,0.00042148932844881333,0.00014088107337046068,2.188034700490739e-07,nan,2.3832667102871483e-07,0.0,nan,lorentzian,0.4,0.05,256,lorentzian:0.4:0.05:0.01,0.01,-0.24140042431672823,0.8857771257076005,-0.2413351372166866,0.8858127750024554,-0.2414004282635433,0.8857771316713554
0.002154434690031882,0.008,,,,1.6782654429608124e-08,1.540772422265496e-08,0.0006193927639085807,0.0006186617276076859,0.00020678513631497314,4.7149090030934425e-07,nan,5.135653176230318e-07,0.0,nan,lorentzian,0.4,0.05,256,lorentzian:0.4:0.05:0.01,0.01,-0.24143096286303328,0.8857604448990999,-0.2413351372166866,0.8858127750024554,-0.24143097136744518,0.8857604577471715
0.0031622776601683794,0.008,,,,3.6158688820834866e-08,3.31959359476026e-08,0.0009091442452354248,0.0009080712306883663,0.0003035190716382476,1.016090947988994e-06,nan,1.1067787292400103e-06,0.0,nan,lorentzian,0.4,0.05,256,lorentzian:0.4:0.05:0.01,0.01,-0.24147578418681143,0.8857359560945639,-0.2413351372166866,0.8858127750024554,-0.24147580251298328,0.8857359837734654
0.004641588833612777,0.008,,,,7.790646024074529e-08,7.152164470949646e-08,0.0013344412573193752,0.0013328662873530548,0.00044550507105995014,2.1900338489882157e-06,nan,2.3855460828550064e-06,0.0,nan,lorentzian,0.4,0.05,256,lorentzian:0.4:0.05:0.01,0.01,-0.24154156614046984,0.8857000012649161,-0.2413351372166866,0.8858127750024554,-0.24154160563557076,0.8857000608927843
0.006812920690579608,0.008,,,,1.6785992618952136e-07,1.5409869863111737e-07,0.001958691900178052,0.00195638016041496,0.0006539120170237127,4.721236069422447e-06,nan,5.142874629149732e-06,0.0,nan,lorentzian,0.4,0.05,256,lorentzian:0.4:0.05:0.01,0.01,-0.24163810628138438,0.8856472048648135,-0.2413351372166866,0.8858127750024554,-0.2416381914107119,0.8856473333148291
0.01,0.008,,,,3.616922786564225e-07,3.320270281775691e-07,0.0028749665365786266,0.0028715733666474274,0.0009598115796766764,1.0180941613960939e-05,nan,1.1090686101003057e-05,0.0,nan,lorentzian,0.4,0.05,256,lorentzian:0.4:0.05:0.01,0.01,-0.24177977640960546,0.8855696631228631,-0.2413351372166866,0.8858127750024554,-0.2417799599407267,0.8855699398145236
0.01467799267622069,0.008,,,,7.79396836915882e-07,7.154293680404887e-07,0.004219873776828064,0.004214893284488133,0.0014088107337046068,2.1963798230845883e-05,nan,2.3928164791419502e-05,0.0,nan,lorentzian,0.4,0.05,256,lorentzian:0.4:0.05:0.01,0.01,-0.24198765188259774,0.8854557457221301,-0.2413351372166866,0.8858127750024554,-0.24198804768525436,0.8854563416914563
0.021544346900318822,0.008,,,,1.6796451553909703e-06,1.5416554444910597e-06,0.006193927639085807,0.006186617276076859,0.0020678513631497315,4.7413562400363525e-05,nan,5.1660017669207646e-05,0.0,nan,lorentzian,0.4,0.05,256,lorentzian:0.4:0.05:0.01,0.01,-0.2422926247391657,0.8852883189345402,-0.2413351372166866,0.8858127750024554,-0.24229347872427318,0.8852896024496144
0.03162277660168379,0.008,,,,3.6202081920691934e-06,3.3223615252478006e-06,0.009091442452354248,0.009080712306883662,0.003035190716382476,0.00010244811865015927,nan,0.00011164457821126052,0.0,nan,lorentzian,0.4,0.05,256,lorentzian:0.4:0.05:0.01,0.01,-0.24273994636239368,0.8850420989426636,-0.2413351372166866,0.8858127750024554,-0.242741790179654,0.8850448627125554
0.046415888336127774,0.008,,,,7.804255224307978e-06,7.1608015025811305e-06,0.013344412573193753,0.01332866287353055,0.0044550507105995014,0.00022166918277624888,nan,0.00024164447255066844,0.0,nan,lorentzian,0.4,0.05,256,lorentzian:0.4:0.05:0.01,0.01,-0.24339583651085525,0.8846796843097389,-0.2413351372166866,0.8858127750024554,-0.24339982140552865,0.8846856339057421
0.06812920690579609,0.008,,,,1.6828503313068403e-05,1.5436643391385866e-05,0.01958691900178052,0.019563801604149604,0.006539120170237127,0.00048061258197176163,nan,0.0005242137769887231,0.0,nan,lorentzian,0.4,0.05,256,lorentzian:0.4:0.05:0.01,0.01,-0.2443570544909224,0.884145555583661,-0.2413351372166866,0.8858127750024554,-0.24436567915693982,0.8841583581261929
0.1,0.008,,,,3.6301203278465665e-05,3.3284851524030577e-05,0.028749665365786266,0.028715733666474275,0.009598115796766764,0.0010452168082220742,nan,0.0011411984623102024,0.0,nan,lorentzian,0.4,0.05,256,lorentzian:0.4:0.05:0.01,0.01,-0.24576465882740955,0.8833568916727689,-0.2413351372166866,0.8858127750024554,-0.24578336445708823,0.8833844231231357
0.14677992676220675,0.008,,,,7.834552766031876e-05,7.179094722440732e-05,0.0421987377682806,0.04214893284488129,0.014088107337046053,0.002283470970135421,nan,0.002497993658035922,0.0,nan,lorentzian,0.4,0.05,256,lorentzian:0.4:0.05:0.01,0.01,-0.24782355105721451,0.8821892963497353,-0.2413351372166866,0.8858127750024554,-0.2478642419023647,0.8822484418924612
0.21544346900318823,0.008,,,,0.00016919392553878783,0.00015489471625978825,0.06193927639085807,0.06186617276076859,0.020678513631497315,0.005023116845192387,nan,0.005516213918657986,0.0,nan,lorentzian,0.4,0.05,256,lorentzian:0.4:0.05:0.01,0.01,-0.25082966389657496,0.8804541982770236,-0.2413351372166866,0.8858127750024554,-0.2509185522925527,0.8805810494740448
0.31622776601683794,0.008,,,,0.0003656547518912061,0.00033428376553110096,0.09091442452354248,0.09080712306883663,0.030351907163824764,0.011166904438220115,nan,0.012361602241778246,0.0,nan,lorentzian,0.4,0.05,256,lorentzian:0.4:0.05:0.01,0.01,-0.25520636927850937,0.877862350618223,-0.2413351372166866,0.8858127750024554,-0.25540166684636123,0.8781336521034545
0.46415888336127725,0.008,,,,0.0007907258925053377,0.0007213488424535892,0.1334441257319374,0.13328662873530536,0.04455050710599497,0.025239127013160476,nan,0.028432057939757123,0.0,nan,lorentzian,0.4,0.05,256,lorentzian:0.4:0.05:0.01,0.01,-0.2615496418737939,0.8739639312072548,-0.2413351372166866,0.8858127750024554,-0.2619819791051071,0.8745413640353219
0.6812920690579608,0.008,,,,0.001709891988360942,0.00155475721682758,0.1958691900178052,0.19563801604149603,0.06539120170237127,0.05859728994439069,nan,0.06876601041109648,0.0,nan,lorentzian,0.4,0.05,256,lorentzian:0.4:0.05:0.01,0.01,-0.27067485814907266,0.8680501250261725,-0.2413351372166866,0.8858127750024554,-0.2716405566192189,0.8692686062398294
1.0,0.008,,,,0.003690728608020464,0.0033386881218512815,0.28749665365786264,0.28715733666474275,0.09598115796766764,0.14247893430433387,nan,0.18619250290371014,0.0,nan,lorentzian,0.4,0.05,256,lorentzian:0.4:0.05:0.01,0.01,-0.2836417599786214,0.85899678962312,-0.2413351372166866,0.8858127750024554,-0.28581740962070323,0.8615292562092569
0.0,0.0,-4.212772204279573,-4.212772204279573,-4.212772204279573,0.0,0.0,0.0,0.0,0.0,0.0,0.0,0.0,0.0,0.0,lorentzian,0.4,0.1,256,lorentzian:0.4:0.1:0.0,0.0,,,,,,
1e-05,0.0,-4.21273797212734,-4.212772204279573,-4.2127379684565875,8.713460497817285e-10,3.6707525907786476e-09,0.00015394747162837712,0.00015080284198637728,7.293775905769174e-05,5.323993277736268e-07,1.0752106354996961e-06,1.2637847382007847e-07,0.0,0.0,lorentzian,0.4,0.1,256,lorentzian:0.4:0.1:0.0,0.0,,,,,,
1.4677992676220705e-05,0.0,-4.212721960871555,-4.212772204279573,-4.212721952963667,1.8771444570673337e-09,7.907887678015868e-09,0.0002259639861084014,0.0002213483010229314,0.00010705798932687495,1.1471022037272284e-06,2.3163077118591937e-06,2.7229485565033934e-07,0.0,0.0,lorentzian,0.4,0.1,256,lorentzian:0.4:0.1:0.0,0.0,,,,,,
2.1544346900318823e-05,0.0,-4.2126984624702875,-4.212772204279573,-4.21269844543489,4.0438206638171766e-09,1.7035397092968196e-08,0.00033166977331887463,0.00032489487413084767,0.0001571396383270782,2.4716181041090083e-06,4.989817123094871e-06,5.86706973271008e-07,0.0,0.0,lorentzian,0.4,0.1,256,lorentzian:0.4:0.1:0.0,0.0,,,,,,
3.1622776601683795e-05,0.0,-4.212663977797881,-4.212772204279573,-4.2126639411013675,8.710999400133326e-09,3.6696513383560614e-08,0.00048682465036982235,0.000476880458303423,0.00023064944605088243,5.325766376786525e-06,1.0748602004942394e-05,1.2642292820499578e-06,0.0,0.0,lorentzian,0.4,0.1,256,lorentzian:0.4:0.1:0.0,0.0,,,,,,
4.641588833612782e-05,0.0,-4.212613374709903,-4.212772204279573,-4.212613295665893,1.8763651780305663e-08,7.904401044811493e-08,0.0007145608652731957,0.0006999647874410415,0.00033854708799092143,1.147663075060758e-05,2.3151998642549923e-05,2.7243568805266758e-06,0.0,0.0,lorentzian,0.4,0.1,256,lorentzian:0.4:0.1:0.0,0.0,,,,,,
6.812920690579608e-05,0.0,-4.21253912857666,-4.212772204279573,-4.212538958332795,4.041359855210908e-08,1.7024386522734858e-07,0.0010488319147193875,0.001027407802367197,0.0004969191678086582,2.4733925161012028e-05,4.9863153098466135e-05,5.8715351078702e-06,0.0,0.0,lorentzian,0.4,0.1,256,lorentzian:0.4:0.1:0.0,0.0,,,,,,
0.0001,0.0,-4.212430212666915,-4.212772204279573,-4.212429846049716,8.703223087685654e-08,3.666171988214728e-07,0.001539474716283771,0.0015080284198637729,0.0007293775905769173,5.3313811889754925e-05,0.00010737535294808772,1.2656468737240815e-05,0.0,0.0,lorentzian,0.4,0.1,256,lorentzian:0.4:0.1:0.0,0.0,,,,,,
0.0001467799267622069,0.0,-4.21227048046134,-4.212772204279573,-4.212269691120527,1.8739081851886752e-07,7.893408131565138e-07,0.0022596398610840113,0.0022134830102293114,0.0010705798932687484,0.00011494403211083117,0.00023117035062001932,2.7288653673107423e-05,0.0,0.0,lorentzian,0.4,0.1,256,lorentzian:0.4:0.1:0.0,0.0,,,,,,
0.00021544346900318823,0.0,-4.212036314799645,-4.212772204279573,-4.212034615832754,4.033599818802996e-07,1.6989668916167489e-06,0.0033166977331887462,0.0032489487413084766,0.001571396383270782,0.0002479020504781425,0.0004975273879293219,5.885911783398952e-05,0.0,0.0,lorentzian,0.4,0.1,256,lorentzian:0.4:0.1:0.0,0.0,,,,,,
0.00031622776601683794,0.0,-4.211693227711855,-4.212772204279573,-4.211689572497526,8.678728795782226e-07,3.6552143294343864e-06,0.0048682465036982234,0.00476880458303423,0.0023064944605088243,0.0005349214959456096,0.0010702688771926283,0.00012702489941051774,0.0,0.0,lorentzian,0.4,0.1,256,lorentzian:0.4:0.1:0.0,0.0,,,,,,
0.00046415888336127773,0.0,-4.211190976996752,-4.212772204279573,-4.211183118142779,1.8661832284139827e-06,7.858853972919633e-06,0.0071456086527319496,0.006999647874410408,0.0033854708799092113,0.001155096870130748,0.0023007162192422146,0.00027436797671992073,0.0,0.0,lorentzian,0.4,0.1,256,lorentzian:0.4:0.1:0.0,0.0,,,,,,
0.0006812920690579609,0.0,-4.210456625657468,-4.212772204279573,-4.210439744811799,4.009267205366163e-06,1.6880845668865163e-05,0.010488319147193876,0.01027407802367197,0.004969191678086582,0.0024969875453751504,0.004940677384166298,0.0005933986485589102,0.0,0.0,lorentzian,0.4,0.1,256,lorentzian:0.4:0.1:0.0,0.0,,,,,,
0.001,0.0,-4.209384832050728,-4.212772204279573,-4.209348621981017,8.602223639652788e-06,3.621006971066265e-05,0.01539474716283771,0.015080284198637727,0.007293775905769173,0.005406403883275402,0.010593967758601712,0.001286031920229809,0.0,0.0,lorentzian,0.4,0.1,256,lorentzian:0.4:0.1:0.0,0.0,,,,,,
0.0014677992676220691,0.0,-4.207824588922405,-4.212772204279573,-4.207747072689109,1.8421926023104157e-05,7.75162332953272e-05,0.022596398610840118,0.02213483010229312,0.010705798932687485,0.011733566341589273,0.022666485422515086,0.0027963604797361396,0.0,0.0,lorentzian,0.4,0.1,256,lorentzian:0.4:0.1:0.0,0.0,,,,,,
0.002154434690031882,0.0,-4.205561780308786,-4.212772204279573,-4.205396319811385,3.934325686898417e-05,0.00016546049740107094,0.033166977331887455,0.032489487413084765,0.015713963832707817,0.025555584937243556,0.04834372020200539,0.006114009254951446,0.0,0.0,lorentzian,0.4,0.1,256,lorentzian:0.4:0.1:0.0,0.0,,,,,,
0.0031622776601683794,0.0,-4.2022975943117515,-4.212772204279573,-4.201945886459104,8.369418032742217e-05,0.0003517078526478201,0.04868246503698223,0.0476880458303423,0.02306494460508824,0.05595580304991572,0.1026424597091761,0.013496366832576712,0.0,0.0,lorentzian,0.4,0.1,256,lorentzian:0.4:0.1:0.0,0.0,,,,,,
0.004641588833612777,0.0,-4.1976245088713995,-4.212772204279573,-4.196881342911643,0.0001770444112343699,0.000743165959756098,0.0714560865273195,0.06999647874410408,0.03385470879909211,0.1235098290237773,0.21652598570746664,0.030321277743186315,0.0,0.0,lorentzian,0.4,0.1,256,lorentzian:0.4:0.1:0.0,0.0,,,,,,
0.006812920690579608,0.0,-4.191004852837867,-4.212772204279573,-4.189447609601843,0.00037156798684443923,0.0015572432360242416,0.10488319147193875,0.1027407802367197,0.04969191678086582,0.2760308285524984,0.4526393127521344,0.0705344827796449,0.0,0.0,lorentzian,0.4,0.1,256,lorentzian:0.4:0.1:0.0,0.0,,,,,,
0.01,0.0,-4.1817619884444674,-4.212772204279573,-4.17853638129402,0.0007713512053916753,0.003225607150447729,0.1539474716283771,0.15080284198637728,0.07293775905769173,0.6291776791539857,0.9344544009494142,0.17726517152933352,0.0,0.0,lorentzian,0.4,0.1,256,lorentzian:0.4:0.1:0.0,0.0,,,,,,
0.01467799267622069,0.0,-4.169099179307068,-4.212772204279573,-4.162520888374939,0.001577868659201004,0.006578290932129249,0.22596398610840115,0.22134830102293115,0.10705798932687484,1.4816403621516887,1.8969367056845452,0.552669299380895,0.0,0.0,lorentzian,0.4,0.1,256,lorentzian:0.4:0.1:0.0,0.0,,,,,,
0.021544346900318822,0.0,-4.15216010328674,-4.212772204279573,-4.139013359597706,0.0031662419950107567,0.013146743689034679,0.3316697733188746,0.3248948741308476,0.1571396383270782,3.6969723116706468,3.7674221453800065,8.363414051721014,0.0,0.0,lorentzian,0.4,0.1,256,lorentzian:0.4:0.1:0.0,0.0,,,,,,
0.03162277660168379,0.0,-4.130126848701091,-4.212772204279573,-4.1045090260748776,0.006202672112666592,0.025617822626213815,0.48682465036982225,0.4768804583034229,0.2306494460508824,10.373011225633428,7.281379980845607,inf,0.0,0.0,lorentzian,0.4,0.1,256,lorentzian:0.4:0.1:0.0,0.0,,,,,,
0.046415888336127774,0.0,-4.102308856032954,-4.212772204279573,-4.053863590600285,0.011809268178680412,0.048445265432668805,0.714560865273195,0.6999647874410408,0.33854708799092115,40.17819774567514,13.628637720922255,inf,0.0,0.0,lorentzian,0.4,0.1,256,lorentzian:0.4:0.1:0.0,0.0,,,,,,
0.06812920690579609,0.0,-4.068126312192282,-4.212772204279573,-3.9795262575022763,0.021779081545346603,0.08860005469000587,1.0488319147193876,1.027407802367197,0.49691916780865825,inf,24.619804083189486,inf,0.0,0.0,lorentzian,0.4,0.1,256,lorentzian:0.4:0.1:0.0,0.0,,,,,,
0.1,0.0,-4.026883665568139,-4.212772204279573,-3.8704139744240407,0.03885627302372605,0.15646969114409837,1.5394747162837712,1.5080284198637728,0.7293775905769173,inf,42.87721669348842,inf,0.0,0.0,lorentzian,0.4,0.1,256,lorentzian:0.4:0.1:0.0,0.0,,,,,,
0.14677992676220675,0.0,-3.9773044464168317,-4.212772204279573,-3.7102590452332347,0.06714230825960009,0.267045401183597,2.2596398610840094,2.2134830102293095,1.0705798932687474,inf,72.09686235342896,inf,0.0,0.0,lorentzian,0.4,0.1,256,lorentzian:0.4:0.1:0.0,0.0,,,,,,
0.21544346900318823,0.0,-3.9169249885990007,-4.212772204279573,-3.475183757460905,0.11277755699276155,0.4417412311380957,3.316697733188746,3.2489487413084763,1.5713963832707818,inf,117.47466474645879,inf,0.0,0.0,lorentzian,0.4,0.1,256,lorentzian:0.4:0.1:0.0,0.0,,,,,,
0.31622776601683794,0.0,-3.84153271469096,-4.212772204279573,-3.130140422232632,0.18518449413115506,0.7113922924583282,4.868246503698223,4.76880458303423,2.3064944605088242,inf,186.4117192462857,inf,0.0,0.0,lorentzian,0.4,0.1,256,lorentzian:0.4:0.1:0.0,0.0,,,,,,
0.46415888336127725,0.0,-3.744843253294662,-4.212772204279573,-2.6236860674866986,0.2993869462551162,1.1211571858079634,7.1456086527319425,6.999647874410401,3.385470879909208,inf,289.6153004492848,inf,0.0,0.0,lorentzian,0.4,0.1,256,lorentzian:0.4:0.1:0.0,0.0,,,,,,
0.6812920690579608,0.0,-3.618597391310737,-4.212772204279573,-1.8803127365066081,0.4803752578217836,1.7382846548041289,10.488319147193875,10.27407802367197,4.969191678086582,inf,442.7358298053805,inf,0.0,0.0,lorentzian,0.4,0.1,256,lorentzian:0.4:0.1:0.0,0.0,,,,,,
1.0,0.0,-3.453304733116235,-4.212772204279573,-0.7891899057242513,0.7714682118388978,2.664114827391984,15.39474716283771,15.080284198637727,7.293775905769173,inf,668.7523473063776,inf,0.0,0.0,lorentzian,0.4,0.1,256,lorentzian:0.4:0.1:0.0,0.0,,,,,,
0.0,0.008,,,,0.0,0.0,0.0,0.0,0.0,0.0,nan,0.0,0.0,nan,lorentzian,0.4,0.1,256,lorentzian:0.4:0.1:0.01,0.01,-0.19136455372977046,0.9092712866716468,-0.19136455372977046,0.9092712866716468,-0.19136455372977046,0.9092712866716468
1e-05,0.008,,,,3.04311354008465e-13,2.8276314791543756e-13,1.931705825270995e-06,1.9291670969932873e-06,6.266981352424111e-07,4.367858251766198e-12,nan,4.700714603429761e-12,0.0,nan,lorentzian,0.4,0.1,256,lorentzian:0.4:0.1:0.01,0.01,-0.1913649148704931,0.9092711473504655,-0.19136455372977046,0.9092712866716468,-0.1913649148705926,0.9092711473507302
1.4677992676220705e-05,0.008,,,,6.55002145765965e-13,6.086215989355715e-13,2.8353563955940537e-06,2.831630052087343e-06,9.198670639289281e-07,9.410273842362877e-12,nan,1.012739207716475e-11,0.0,nan,lorentzian,0.4,0.1,256,lorentzian:0.4:0.1:0.01,0.01,-0.1913650838117904,0.9092710821759377,-0.19136455372977046,0.9092712866716468,-0.19136508381200468,0.9092710821765073
2.1544346900318823e-05,0.008,,,,1.4117301735300047e-12,1.3117658341951689e-12,4.161734040900497e-06,4.156264516630439e-06,1.3501802027445424e-06,2.0273847299540242e-11,nan,2.1818834749912344e-11,0.0,nan,lorentzian,0.4,0.1,256,lorentzian:0.4:0.1:0.01,0.01,-0.19136533178362414,0.909270986512603,-0.19136455372977046,0.9092712866716468,-0.19136533178408563,0.9092709865138309
3.1622776601683795e-05,0.008,,,,3.0395409628010242e-12,2.8243114679033366e-12,6.10859017727159e-06,6.100562013553758e-06,1.981793512746258e-06,4.3678764959164273e-11,nan,4.7007349158390944e-11,0.0,nan,lorentzian,0.4,0.1,256,lorentzian:0.4:0.1:0.01,0.01,-0.1913656957563305,0.9092708460975807,-0.19136455372977046,0.9092712866716468,-0.19136569575732437,0.9092708461002244
4.641588833612782e-05,0.008,,,,6.5489064338895975e-12,6.085178632337419e-12,8.966184188402613e-06,8.954400455577228e-06,2.908875066587128e-06,9.410331535648576e-11,nan,1.0127456311173793e-10,0.0,nan,lorentzian,0.4,0.1,256,lorentzian:0.4:0.1:0.01,0.01,-0.1913662299948364,0.9092706399955397,-0.19136455372977046,0.9092712866716468,-0.19136622999697767,0.9092706400012357
6.812920690579608e-05,0.008,,,,1.4108542544073019e-11,1.3109515315067342e-11,1.3160558585101917e-05,1.3143262430690964e-05,4.26964469234068e-06,2.0274029742735984e-10,nan,2.181903787814787e-10,0.0,nan,lorentzian,0.4,0.1,256,lorentzian:0.4:0.1:0.01,0.01,-0.19136701414893623,0.9092703374770202,-0.19136455372977046,0.9092712866716468,-0.19136701415354956,0.9092703374892912
0.0001,0.008,,,,3.039311689732607e-11,2.824097141962458e-11,1.931705825270995e-05,1.9291670969932872e-05,6.266981352424111e-06,4.3679341899881614e-10,nan,4.700799151770805e-10,0.0,nan,lorentzian,0.4,0.1,256,lorentzian:0.4:0.1:0.01,0.01,-0.19136816512805266,0.9092698934360459,-0.19136455372977046,0.9092712866716468,-0.19136816513799149,0.9092698934624802
0.0001467799267622069,0.008,,,,6.548047251999422e-11,6.084376217006497e-11,2.8353563955940504e-05,2.83163005208734e-05,9.198670639289272e-06,9.410513982492795e-10,nan,1.0127659448333736e-09,0.0,nan,lorentzian,0.4,0.1,256,lorentzian:0.4:0.1:0.01,0.01,-0.1913698545306992,0.9092692416633013,-0.19136455372977046,0.9092712866716468,-0.19136985455211233,0.9092692417202525
0.00021544346900318823,0.008,,,,1.4107482541313236e-10,1.3108517493661684e-10,4.161734040900497e-05,4.156264516630439e-05,1.3501802027445425e-05,2.027460670038851e-09,nan,2.1819680278889927e-09,0.0,nan,lorentzian,0.4,0.1,256,lorentzian:0.4:0.1:0.01,0.01,-0.19137233422678682,0.9092682849707896,-0.19136455372977046,0.9092712866716468,-0.19137233427292166,0.909268285093488
0.00031622776601683794,0.008,,,,3.039357206827079e-10,2.824135363577596e-10,6.10859017727159e-05,6.1005620135537576e-05,1.981793512746258e-05,4.368116644693259e-09,nan,4.701002308159469e-09,0.0,nan,lorentzian,0.4,0.1,256,lorentzian:0.4:0.1:0.01,0.01,-0.19137597390591093,0.9092668806930805,-0.19136455372977046,0.9092712866716468,-0.19137597400530948,0.9092668809574237
0.00046415888336127773,0.008,,,,6.548113145047707e-10,6.084424565224074e-10,8.966184188402604e-05,8.95440045557722e-05,2.908875066587125e-05,9.411090976633838e-09,nan,1.0128301938333904e-08,0.0,nan,lorentzian,0.4,0.1,256,lorentzian:0.4:0.1:0.01,0.01,-0.1913813161876814,0.9092648193980306,-0.19136455372977046,0.9092712866716468,-0.19138131640184258,0.9092648199675367
0.0006812920690579609,0.008,,,,1.4107541590201006e-09,1.3108531630623489e-09,0.0001316055858510192,0.00013143262430690965,4.26964469234068e-05,2.0276431416815375e-08,nan,2.1821712257119623e-08,0.0,nan,lorentzian,0.4,0.1,256,lorentzian:0.4:0.1:0.01,0.01,-0.191389157506122,0.9092617936211387,-0.19136455372977046,0.9092712866716468,-0.19138915796756129,0.9092617948480901
0.001,0.008,,,,3.0394009451288777e-09,2.824163122700314e-09,0.0001931705825270995,0.00019291670969932872,6.26698135242411e-05,4.3686937174592525e-08,nan,4.701644990510335e-08,0.0,nan,lorentzian,0.4,0.1,256,lorentzian:0.4:0.1:0.01,0.01,-0.19140066681770257,0.9092573519366303,-0.19136455372977046,0.9092712866716468,-0.1914006678119803,0.9092573545799821
0.0014677992676220691,0.008,,,,6.548259457560643e-09,6.084519771974946e-09,0.00028353563955940507,0.000283163005208734,9.198670639289273e-05,9.412916058057378e-08,nan,1.0130334809578853e-07,0.0,nan,lorentzian,0.4,0.1,256,lorentzian:0.4:0.1:0.01,0.01,-0.19141755981065076,0.9092508314628907,-0.19136455372977046,0.9092712866716468,-0.19141756195318893,0.909250837157705
0.002154434690031882,0.008,,,,1.410801510493956e-08,1.3108842727270828e-08,0.00041617340409004966,0.0004156264516630439,0.00013501802027445422,2.0282203838993913e-07,nan,2.182814322701742e-07,0.0,nan,lorentzian,0.4,0.1,256,lorentzian:0.4:0.1:0.01,0.01,-0.19144235454395836,0.9092412586213162,-0.19136455372977046,0.9092712866716468,-0.19144235916128202,0.9092412708900602
0.0031622776601683794,0.008,,,,3.039548536271358e-08,2.824259486093666e-08,0.000610859017727159,0.0006100562013553757,0.0001981793512746258,4.370519585650017e-07,nan,4.7036797872791414e-07,0.0,nan,lorentzian,0.4,0.1,256,lorentzian:0.4:0.1:0.01,0.01,-0.19147874653312089,0.9092272030983543,-0.19136455372977046,0.9092712866716468,-0.1914787564851601,0.909227229529417
0.004641588833612777,0.008,,,,6.548726250540491e-08,6.084824476906961e-08,0.0008966184188402604,0.0008954400455577219,0.00029088750665871247,9.418692133731225e-07,nan,1.0136774723380777e-06,0.0,nan,lorentzian,0.4,0.1,256,lorentzian:0.4:0.1:0.01,0.01,-0.1915321589958232,0.909206562690175,-0.19136455372977046,0.9092712866716468,-0.1915321804504918,0.909206619630548
0.006812920690579608,0.008,,,,1.4109488434065472e-07,1.3109803284389327e-07,0.0013160558585101918,0.0013143262430690965,0.00042696446923406794,2.030047949014337e-06,nan,2.184853275239454e-06,0.0,nan,lorentzian,0.4,0.1,256,lorentzian:0.4:0.1:0.01,0.01,-0.19161054984183895,0.9091762457732677,-0.19136455372977046,0.9092712866716468,-0.1916105961076792,0.909176368436083
0.01,0.008,,,,3.040012981368614e-07,2.824561695052758e-07,0.001931705825270995,0.0019291670969932874,0.000626698135242411,4.376303545400773e-06,nan,4.7101390203325965e-06,0.0,nan,lorentzian,0.4,0.1,256,lorentzian:0.4:0.1:0.01,0.01,-0.19172559473869563,0.9091317015224945,-0.19136455372977046,0.9092712866716468,-0.19172569455186877,0.9091319657550022
0.01467799267622069,0.008,,,,6.55018770323211e-07,6.085772539904457e-07,0.0028353563955940504,0.00283163005208734,0.0009198670639289271,9.437004431753556e-06,nan,1.0157254125011368e-05,0.0,nan,lorentzian,0.4,0.1,256,lorentzian:0.4:0.1:0.01,0.01,-0.19189442049168742,0.909066222376738,-0.19136455372977046,0.9092712866716468,-0.19189463596395484,0.9090667915322317
0.021544346900318822,0.008,,,,1.411407665531738e-06,1.3112766358133129e-06,0.004161734040900497,0.004156264516630439,0.0013501802027445424,2.0358489544136945e-05,nan,2.191354364953461e-05,0.0,nan,lorentzian,0.4,0.1,256,lorentzian:0.4:0.1:0.01,0.01,-0.19214214246082095,0.9089699030181517,-0.19136455372977046,0.9092712866716468,-0.19214260804488578,0.9089711288557814
0.03162277660168379,0.008,,,,3.0414484101169662e-06,2.8254824374517633e-06,0.0061085901772715894,0.0061005620135537566,0.0019817935127462577,4.3946952063183874e-05,nan,4.730813662441502e-05,0.0,nan,lorentzian,0.4,0.1,256,lorentzian:0.4:0.1:0.01,0.01,-0.19250557390622436,0.908828075449793,-0.19136455372977046,0.9092712866716468,-0.19250658128366688,0.9088307152493484
0.046415888336127774,0.008,,,,6.5546549709452185e-06,6.088608666482871e-06,0.008966184188402605,0.00895440045557722,0.002908875066587125,9.49538452749597e-05,nan,0.00010223177849296968,0.0,nan,lorentzian,0.4,0.1,256,lorentzian:0.4:0.1:0.01,0.01,-0.19303863700555907,0.9086189328110912,-0.19136455372977046,0.9092712866716468,-0.19304082093698377,0.9086246162606622
0.06812920690579609,0.008,,,,1.4127869038018241e-05,1.3121384189278808e-05,0.01316055858510192,0.013143262430690967,0.00426964469234068,0.00020544135220327173,nan,0.00022124572693636214,0.0,nan,lorentzian,0.4,0.1,256,lorentzian:0.4:0.1:0.01,0.01,-0.1938202294401255,0.9083098721221616,-0.19136455372977046,0.9092712866716468,-0.19382497750885702,0.9083221043160108
0.1,0.008,,,,3.045654517196348e-05,2.8280446479571647e-05,0.019317058252709948,0.019291670969932874,0.00626698135242411,0.00044538857855187526,nan,0.0004798757007273331,0.0,nan,lorentzian,0.4,0.1,256,lorentzian:0.4:0.1:0.01,0.01,-0.1949655971978839,0.9078517648551854,-0.19136455372977046,0.9092712866716468,-0.1949759619507537,0.9078780775052046
0.14677992676220675,0.008,,,,6.567233093932758e-05,6.095953719024762e-05,0.028353563955940478,0.02831630052087337,0.009198670639289263,0.0009684847092318265,nan,0.0010443805061636634,0.0,nan,lorentzian,0.4,0.1,256,lorentzian:0.4:0.1:0.01,0.01,-0.19664261993594168,0.9071697824396943,-0.19136455372977046,0.9092712866716468,-0.19666537607161394,0.9072263352774985
0.21544346900318823,0.008,,,,0.00014164282770968758,0.0001314109234235592,0.04161734040900497,0.04156264516630439,0.013501802027445423,0.002115414205619282,nan,0.002285015898821613,0.0,nan,lorentzian,0.4,0.1,256,lorentzian:0.4:0.1:0.01,0.01,-0.19909473385248186,0.9061483314304728,-0.19136455372977046,0.9092712866716468,-0.19914509688092308,0.9062697085129936
0.31622776601683794,0.008,,,,0.0003055606394536912,0.000283264344491784,0.061085901772715896,0.06100562013553758,0.01981793512746258,0.004652022823595559,nan,0.0050419810463054205,0.0,nan,lorentzian,0.4,0.1,256,lorentzian:0.4:0.1:0.01,0.01,-0.20267215500669983,0.904605681703283,-0.19136455372977046,0.9092712866716468,-0.2027848292687341,0.9048655724486654
0.46415888336127725,0.008,,,,0.0006591449673011797,0.0006102936355669326,0.08966184188402596,0.0895440045557721,0.02908875066587122,0.010337089659471223,nan,0.011283219729612728,0.0,nan,lorentzian,0.4,0.1,256,lorentzian:0.4:0.1:0.01,0.01,-0.2078715911290671,0.902250408188832,-0.19136455372977046,0.9092712866716468,-0.20812722580190354,0.9028045825618025
0.6812920690579608,0.008,,,,0.0014207401329148733,0.0013128452711135485,0.13160558585101917,0.13143262430690963,0.042696446923406794,0.02334626132417942,nan,0.0258830847754659,0.0,nan,lorentzian,0.4,0.1,256,lorentzian:0.4:0.1:0.01,0.01,-0.2153789798438281,0.8986065671728516,-0.19136455372977046,0.9092712866716468,-0.2159687915206363,0.8997794631152889
1.0,0.008,,,,0.003054042352413545,0.002812990481534554,0.19317058252709948,0.19291670969932873,0.0626698135242411,0.05413597620212794,nan,0.062250370094995774,0.0,nan,lorentzian,0.4,0.1,256,lorentzian:0.4:0.1:0.01,0.01,-0.2260938546376582,0.8928906656128781,-0.19136455372977046,0.9092712866716468,-0.22747863593960263,0.8953391950072267
0.0,0.0,-2.6112110981542735,-2.6112110981542735,-2.6112110981542735,0.0,0.0,0.0,0.0,0.0,0.0,0.0,0.0,0.0,0.0,lorentzian,0.8,0.0,256,lorentzian:0.8:0.0:0.0,0.0,,,,,,
1e-05,0.0,-2.6111926697836187,-2.6112110981542735,-2.6111926692590366,2.0089752914927427e-10,5.245821554922259e-10,4.871855224958731e-05,4.795635826589572e-05,3.8195177645141994e-05,7.160576419780934e-08,5.714212390703384e-08,2.7422628366120053e-08,0.0,0.0,lorentzian,0.8,0.0,256,lorentzian:0.8:0.0:0.0,0.0,,,,,,
1.4677992676220705e-05,0.0,-2.6111840493654963,-2.6112110981542735,-2.6111840482353417,4.328130898380252e-10,1.130154636541647e-09,7.150905531155183e-05,7.039030754050337e-05,5.6062853774234294e-05,1.5427345853503415e-07,1.2310621238132763e-07,5.908180534192823e-08,0.0,0.0,lorentzian,0.8,0.0,256,lorentzian:0.8:0.0:0.0,0.0,,,,,,
2.1544346900318823e-05,0.0,-2.6111713967378405,-2.6112110981542735,-2.611171394303076,9.324414295990473e-10,2.434764390102373e-09,0.00010496093901464169,0.00010331884185564294,8.228901571062416e-05,3.323832104587281e-07,2.6521556196771755e-07,1.2729277499511773e-07,0.0,0.0,lorentzian,0.8,0.0,256,lorentzian:0.8:0.0:0.0,0.0,,,,,,
3.1622776601683795e-05,0.0,-2.61115282611586,-2.6112110981542735,-2.6111528208705637,2.0088047489696285e-09,5.245296197387006e-09,0.0001540615894146159,0.00015165132040727324,0.0001207837569933952,7.161330852878008e-07,5.713619945510958e-07,2.7425942900396445e-07,0.0,0.0,lorentzian,0.8,0.0,256,lorentzian:0.8:0.0:0.0,0.0,,,,,,
4.641588833612782e-05,0.0,-2.61112557009979,-2.6112110981542735,-2.611125558799925,4.327583925133148e-09,1.1299865043667978e-08,0.00022613148811146533,0.0002225936970277156,0.0001772863100555476,1.5429731806790096e-06,1.2308747936838684e-06,5.909229785052808e-07,0.0,0.0,lorentzian,0.8,0.0,256,lorentzian:0.8:0.0:0.0,0.0,,,,,,
6.812920690579608e-05,0.0,-2.6110855678949623,-2.6112110981542735,-2.6110855435526075,9.322695164739101e-09,2.4342354798534416e-08,0.0003319156326362971,0.00032672286547456934,0.0002602207160589516,3.324586714351005e-06,2.6515633109612764e-06,1.273260064429412e-06,0.0,0.0,lorentzian,0.8,0.0,256,lorentzian:0.8:0.0:0.0,0.0,,,,,,
0.0001,0.0,-2.611026861638103,-2.6112110981542735,-2.611026809201902,2.0082597190105248e-08,5.243620071482269e-08,0.0004871855224958731,0.0004795635826589572,0.0003819517764514199,7.16371762637931e-06,5.711747277532343e-06,2.743647539676258e-06,0.0,0.0,lorentzian,0.8,0.0,256,lorentzian:0.8:0.0:0.0,0.0,,,,,,
0.0001467799267622069,0.0,-2.6109407119106276,-2.6112110981542735,-2.6109405989649517,4.325861380451036e-08,1.1294567592301519e-07,0.0007150905531155175,0.0007039030754050329,0.0005606285377423423,1.5437281712894106e-05,1.2302827788231392e-05,5.9125715050912596e-06,0.0,0.0,lorentzian,0.8,0.0,256,lorentzian:0.8:0.0:0.0,0.0,,,,,,
0.00021544346900318823,0.0,-2.610814302898321,-2.6112110981542735,-2.6108140596422946,9.317247349346705e-08,2.4325602643315847e-07,0.0010496093901464169,0.0010331884185564293,0.0008228901571062416,3.3269752565184835e-05,2.649692006230642e-05,1.2743219459106728e-05,0.0,0.0,lorentzian,0.8,0.0,256,lorentzian:0.8:0.0:0.0,0.0,,,,,,
0.00031622776601683794,0.0,-2.6106288491497702,-2.6112110981542735,-2.610628325317173,2.0065379935931384e-07,5.238325972989344e-07,0.001540615894146159,0.0015165132040727324,0.001207837569933952,7.171275748263569e-05,5.70583345175018e-05,2.747029393563706e-05,0.0,0.0,lorentzian,0.8,0.0,256,lorentzian:0.8:0.0:0.0,0.0,,,,,,
0.00046415888336127773,0.0,-2.6103568323949276,-2.6112110981542735,-2.6103557046107877,4.320421353348485e-07,1.1277841398538158e-06,0.002261314881114651,0.0022259369702771537,0.0017728631005554743,0.00015461205312227946,0.00012284144056144922,5.92337707478236e-05,0.0,0.0,lorentzian,0.8,0.0,256,lorentzian:0.8:0.0:0.0,0.0,,,,,,
0.0006812920690579609,0.0,-2.6099579794158574,-2.6112110981542735,-2.609955552137615,9.300066367137025e-07,2.4272782424006323e-06,0.003319156326362971,0.003267228654745694,0.0026022071605895157,0.0003334551128522272,0.00026437917651120666,0.0001277790808226219,0.0,0.0,lorentzian,0.8,0.0,256,lorentzian:0.8:0.0:0.0,0.0,,,,,,
0.001,0.0,-2.6093734302868308,-2.6112110981542735,-2.609368208630557,2.0011149853000316e-06,5.221656273590725e-06,0.004871855224958731,0.0047956358265895714,0.003819517764514199,0.0007195281938772952,0.0005687212622912128,0.00027582410742900355,0.0,0.0,lorentzian,0.8,0.0,256,lorentzian:0.8:0.0:0.0,0.0,,,,,,
0.0014677992676220691,0.0,-2.6085173315435153,-2.6112110981542735,-2.6085061062610535,4.303319102402722e-06,1.1225282461779784e-05,0.007150905531155176,0.00703903075405033,0.005606285377423424,0.0015537348771847528,0.001222543259056118,0.0005959966488992554,0.0,0.0,lorentzian,0.8,0.0,256,lorentzian:0.8:0.0:0.0,0.0,,,,,,
0.002154434690031882,0.0,-2.607264820327401,-2.6112110981542735,-2.6072407130344812,9.246200359753532e-06,2.4107292919683943e-05,0.010496093901464169,0.010331884185564293,0.008228901571062415,0.003358736849410173,0.0026253052871456823,0.0012898959630770342,0.0,0.0,lorentzian,0.8,0.0,256,lorentzian:0.8:0.0:0.0,0.0,,,,,,
0.0031622776601683794,0.0,-2.605435066318976,-2.6112110981542735,-2.6053833697832647,1.984180545493014e-05,5.169653571135413e-05,0.015406158941461589,0.015165132040727324,0.01207837569933952,0.0072722652410323,0.00562912007431983,0.002799058603890467,0.0,0.0,lorentzian,0.8,0.0,256,lorentzian:0.8:0.0:0.0,0.0,,,,,,
0.004641588833612777,0.0,-2.6027677861838345,-2.6112110981542735,-2.602657162719407,4.250224127357455e-05,0.00011062346442747284,0.02261314881114651,0.022259369702771536,0.017728631005554742,0.0157831493638487,0.012043409091107033,0.006101243926980279,0.0,0.0,lorentzian,0.8,0.0,256,lorentzian:0.8:0.0:0.0,0.0,,,,,,
0.006812920690579608,0.0,-2.5988916272776352,-2.6112110981542735,-2.5986556379876897,9.080382093219685e-05,0.00023598928994550405,0.03319156326362971,0.032672286547456936,0.026022071605895158,0.034375819508438,0.025685105254369844,0.013405642886829959,0.0,0.0,lorentzian,0.8,0.0,256,lorentzian:0.8:0.0:0.0,0.0,,,,,,
0.01,0.0,-2.5932834035106436,-2.6112110981542735,-2.5927822029171037,0.00019326873139332388,0.0005012005935398633,0.04871855224958731,0.04795635826589572,0.03819517764514199,0.07526928632737423,0.05452981298740375,0.029898272152396908,0.0,0.0,lorentzian,0.8,0.0,256,lorentzian:0.8:0.0:0.0,0.0,,,,,,
0.01467799267622069,0.0,-2.5852189503999012,-2.6112110981542735,-2.584161179222071,0.0004091611573815528,0.0010577711778303467,0.07150905531155174,0.0703903075405033,0.056062853774234235,0.16614316754324032,0.11501867776471664,0.0687104755799098,0.0,0.0,lorentzian,0.8,0.0,256,lorentzian:0.8:0.0:0.0,0.0,,,,,,
0.021544346900318822,0.0,-2.5737199825360726,-2.6112110981542735,-2.571507246956351,0.0008597421610494364,0.0022127355797216808,0.1049609390146417,0.10331884185564293,0.08228901571062415,0.3713227027644578,0.2404046352424444,0.16876888974821933,0.0,0.0,lorentzian,0.8,0.0,256,lorentzian:0.8:0.0:0.0,0.0,,,,,,
0.03162277660168379,0.0,-2.5575066063752736,-2.6112110981542735,-2.552933814444187,0.0017879883163107347,0.004572791931086506,0.15406158941461587,0.15165132040727322,0.12078375699339519,0.8464242168539972,0.4961993549835128,0.49599733751820474,0.0,0.0,lorentzian,0.8,0.0,256,lorentzian:0.8:0.0:0.0,0.0,,,,,,
0.046415888336127774,0.0,-2.534969000490691,-2.6112110981542735,-2.525671743805604,0.0036676017273927102,0.00929725668508663,0.2261314881114651,0.2225936970277154,0.17728631005554743,1.9933932472493947,1.0069974854670476,3.745019308776245,0.0,0.0,lorentzian,0.8,0.0,256,lorentzian:0.8:0.0:0.0,0.0,,,,,,
0.06812920690579609,0.0,-2.5041656712912914,-2.6112110981542735,-2.4856564964884327,0.0073913539407775486,0.01850917480285874,0.33191563263629714,0.3267228654745694,0.2602207160589516,4.974646009400134,1.999234132725561,inf,0.0,0.0,lorentzian,0.8,0.0,256,lorentzian:0.8:0.0:0.0,0.0,,,,,,
0.1,0.0,-2.462827818906575,-2.6112110981542735,-2.426922145782571,0.014579043182947646,0.03590567312400372,0.4871855224958731,0.4795635826589572,0.3819517764514199,13.962608079462555,3.8622783707952353,inf,0.0,0.0,lorentzian,0.8,0.0,256,lorentzian:0.8:0.0:0.0,0.0,,,,,,
0.14677992676220675,0.0,-2.40830292503007,-2.6112110981542735,-2.340711908832249,0.0280658282209148,0.0675910161978206,0.7150905531155168,0.7039030754050322,0.5606285377423418,54.14437052636583,7.225462506792609,inf,0.0,0.0,lorentzian,0.8,0.0,256,lorentzian:0.8:0.0:0.0,0.0,,,,,,
0.21544346900318823,0.0,-2.3373577052022263,-2.6112110981542735,-2.214172586175043,0.052702724428105974,0.1231851190271831,1.049609390146417,1.0331884185564293,0.8228901571062416,inf,13.045665680151053,inf,0.0,0.0,lorentzian,0.8,0.0,256,lorentzian:0.8:0.0:0.0,0.0,,,,,,
0.31622776601683794,0.0,-2.2458809503651085,-2.6112110981542735,-2.0284382610534015,0.0968184396756906,0.21744268931170696,1.540615894146159,1.5165132040727323,1.207837569933952,inf,22.707953267527692,inf,0.0,0.0,lorentzian,0.8,0.0,256,lorentzian:0.8:0.0:0.0,0.0,,,,,,
0.46415888336127725,0.0,-2.128819559113004,-2.6112110981542735,-1.7558175546675787,0.17521541590910625,0.3730020044454252,2.261314881114649,2.2259369702771514,1.7728631005554725,inf,38.16406799011314,inf,0.0,0.0,lorentzian,0.8,0.0,256,lorentzian:0.8:0.0:0.0,0.0,,,,,,
0.6812920690579608,0.0,-1.9809661860389087,-2.6112110981542735,-1.355665081495855,0.3156546078120548,0.6253011045430537,3.319156326362971,3.2672286547456935,2.602207160589516,inf,62.15813240695191,inf,0.0,0.0,lorentzian,0.8,0.0,256,lorentzian:0.8:0.0:0.0,0.0,,,,,,
1.0,0.0,-1.7990951816797496,-2.6112110981542735,-0.7683215744372394,0.5729400076988225,1.0307736072425102,4.871855224958731,4.795635826589572,3.819517764514199,inf,98.59981880336113,inf,0.0,0.0,lorentzian,0.8,0.0,256,lorentzian:0.8:0.0:0.0,0.0,,,,,,
0.0,0.016,,,,0.0,0.0,0.0,0.0,0.0,0.0,nan,0.0,0.0,nan,lorentzian,0.8,0.0,256,lorentzian:0.8:0.0:0.01,0.01,-0.07610339517135659,0.4622565246304437,-0.07610339517135659,0.4622565246304437,-0.07610339517135659,0.4622565246304437
1e-05,0.016,,,,5.869779116486182e-13,2.749869489143349e-13,2.0588717716067937e-06,2.0575356384082344e-06,8.348451328181266e-07,3.0548218771377885e-12,nan,6.520720248691251e-12,0.0,nan,lorentzian,0.8,0.0,256,lorentzian:0.8:0.0:0.01,0.01,-0.07610373928737171,0.4622564136828359,-0.07610339517135659,0.4622565246304437,-0.07610373928748859,0.4622564136830848
1.4677992676220705e-05,0.016,,,,1.2639084281492233e-12,5.921147915003267e-13,3.0220104784922067e-06,3.0200493031619155e-06,1.2253850745282964e-06,6.5814205628079175e-12,nan,1.4048480190060725e-11,0.0,nan,lorentzian,0.8,0.0,256,lorentzian:0.8:0.0:0.01,0.01,-0.07610390026451141,0.4622563617814558,-0.07610339517135659,0.4622565246304437,-0.0761039002647631,0.46225636178199175
2.1544346900318823e-05,0.016,,,,2.7229404134379444e-12,1.2756408080395924e-12,4.435704767077075e-06,4.432826155363595e-06,1.798619314947646e-06,1.4179260815403107e-11,nan,3.026657822850652e-11,0.0,nan,lorentzian,0.8,0.0,256,lorentzian:0.8:0.0:0.01,0.01,-0.07610413654654657,0.46225628560045046,-0.07610339517135659,0.4622565246304437,-0.07610413654708875,0.46225628560160514
3.1622776601683795e-05,0.016,,,,5.8670184958189705e-12,2.7485755161137677e-12,6.510724208503458e-06,6.506498984338644e-06,2.6400121132110653e-06,3.0548354768425496e-11,nan,6.520750890893431e-11,0.0,nan,lorentzian,0.8,0.0,256,lorentzian:0.8:0.0:0.01,0.01,-0.07610448336094516,0.46225617378160166,-0.07610339517135659,0.4622565246304437,-0.07610448336211327,0.4622561737840897
4.641588833612782e-05,0.016,,,,1.2638237808104186e-11,5.920749210944819e-12,9.556436224930659e-06,9.550234443996006e-06,3.8750078462845955e-06,6.581463569022876e-11,nan,1.4048577090142568e-10,0.0,nan,lorentzian,0.8,0.0,256,lorentzian:0.8:0.0:0.01,0.01,-0.07610499241443577,0.46225600965306274,-0.07610339517135659,0.4622565246304437,-0.0761049924169523,0.46225600965842206
6.812920690579608e-05,0.016,,,,2.7229128583063106e-11,1.2756272194684285e-11,1.4026930092030218e-05,1.4017827122516382e-05,5.687733678806295e-06,1.4179396813796173e-10,nan,3.026688465778929e-10,0.0,nan,lorentzian,0.8,0.0,256,lorentzian:0.8:0.0:0.01,0.01,-0.07610573960185048,0.46225576874334084,-0.07610339517135659,0.4622565246304437,-0.07610573960727217,0.4622557687548876
0.0001,0.016,,,,5.866308933519381e-11,2.7482409520207e-11,2.0588717716067937e-05,2.0575356384082342e-05,8.348451328181266e-06,3.0548784836820145e-10,nan,6.520847794345553e-10,0.0,nan,lorentzian,0.8,0.0,256,lorentzian:0.8:0.0:0.01,0.01,-0.07610683632099574,0.46225541513197954,-0.07610339517135659,0.4622565246304437,-0.07610683633267651,0.4622554151568561
0.0001467799267622069,0.016,,,,1.2638520408633037e-10,5.920874807594334e-11,3.0220104784922034e-05,3.020049303161912e-05,1.225385074528295e-05,6.581599570314666e-10,nan,1.4048883535069143e-09,0.0,nan,lorentzian,0.8,0.0,256,lorentzian:0.8:0.0:0.01,0.01,-0.0761084460802562,0.4622548960923299,-0.07610339517135659,0.4622565246304437,-0.07610844610542172,0.4622548961459244
0.00021544346900318823,0.016,,,,2.7228948980294066e-10,1.275616656394213e-10,4.435704767077075e-05,4.432826155363595e-05,1.798619314947646e-05,1.4179826895645892e-09,nan,3.026785376492552e-09,0.0,nan,lorentzian,0.8,0.0,256,lorentzian:0.8:0.0:0.01,0.01,-0.0761108088744601,0.46225413422659295,-0.07610339517135659,0.4622565246304437,-0.07611080892867819,0.46225413434205886
0.00031622776601683794,0.016,,,,5.866305579398828e-10,2.748232584528505e-10,6.510724208503458e-05,6.506498984338643e-05,2.640012113211065e-05,3.055014491219311e-09,nan,6.521154272978905e-09,0.0,nan,lorentzian,0.8,0.0,256,lorentzian:0.8:0.0:0.01,0.01,-0.07611427696211245,0.46225301591814016,-0.07610339517135659,0.4622565246304437,-0.0761142770789236,0.46225301616690306
0.00046415888336127773,0.016,,,,1.2638566360755598e-09,5.920874842846442e-10,9.55643622493065e-05,9.550234443995996e-05,3.875007846284592e-05,6.582029681154786e-09,nan,1.4049852798670783e-08,0.0,nan,lorentzian,0.8,0.0,256,lorentzian:0.8:0.0:0.01,0.01,-0.0761193673756464,0.46225137437428865,-0.07610339517135659,0.4622565246304437,-0.0761193676273138,0.4622513749102281
0.0006812920690579609,0.016,,,,2.7229008794174076e-09,1.2756126615979148e-09,0.00014026930092030218,0.00014017827122516383,5.687733678806296e-05,1.4181187105589838e-08,nan,3.027091927759259e-08,0.0,nan,lorentzian,0.8,0.0,256,lorentzian:0.8:0.0:0.01,0.01,-0.07612683898829439,0.46224896472024574,-0.07610339517135659,0.4622565246304437,-0.07612683953051269,0.4622489658748829
0.001,0.016,,,,5.8663215051074814e-09,2.7482185493486323e-09,0.00020588717716067936,0.0002057535638408234,8.348451328181266e-05,3.055444664528208e-08,nan,6.522123873772989e-08,0.0,nan,lorentzian,0.8,0.0,256,lorentzian:0.8:0.0:0.01,0.01,-0.07613780561632712,0.4622454274070091,-0.07610339517135659,0.4622565246304437,-0.07613780678455578,0.4622454298945675
0.0014677992676220691,0.016,,,,1.2638640099122293e-08,5.920841401008591e-09,0.00030220104784922034,0.00030200493031619125,0.0001225385074528295,6.583390181097128e-08,nan,1.4052919876843772e-07,0.0,nan,lorentzian,0.8,0.0,256,lorentzian:0.8:0.0:0.01,0.01,-0.07615390199496241,0.462240234426067,-0.07610339517135659,0.4622565246304437,-0.07615390451200807,0.46224023978525014
0.002154434690031882,0.016,,,,2.722922761638335e-08,1.2756014089294623e-08,0.00044357047670770744,0.00044328261553635943,0.0001798619314947646,1.418549018503202e-07,nan,3.028062255467578e-07,0.0,nan,lorentzian,0.8,0.0,256,lorentzian:0.8:0.0:0.01,0.01,-0.07617752732121458,0.4622326102008999,-0.07610339517135659,0.4622565246304437,-0.07617753274457292,0.4622326217465952
0.0031622776601683794,0.016,,,,5.866392144843712e-08,2.748183618830709e-08,0.0006510724208503457,0.0006506498984338643,0.0002640012113211065,3.05680578959676e-07,nan,6.525194327829077e-07,0.0,nan,lorentzian,0.8,0.0,256,lorentzian:0.8:0.0:0.01,0.01,-0.07621220256102298,0.4622214151215843,-0.07610339517135659,0.4622565246304437,-0.07621221424702682,0.46222143999503673
0.004641588833612777,0.016,,,,1.2638863106993836e-07,5.920730663252895e-08,0.000955643622493065,0.0009550234443995996,0.0003875007846284592,6.587696163511582e-07,nan,1.4062638835979997e-06,0.0,nan,lorentzian,0.8,0.0,256,lorentzian:0.8:0.0:0.01,0.01,-0.07626309454871827,0.4622049738432027,-0.07610339517135659,0.4622565246304437,-0.07626311973092864,0.4622050274282887
0.006812920690579608,0.016,,,,2.7229935433809506e-07,1.2755664651248815e-07,0.0014026930092030218,0.0014017827122516382,0.0005687733678806296,1.4199114919622945e-06,nan,3.031139997081096e-06,0.0,nan,lorentzian,0.8,0.0,256,lorentzian:0.8:0.0:0.01,0.01,-0.07633778449216773,0.46218082163921,-0.07610339517135659,0.4622565246304437,-0.07633783876291773,0.46218093707483604
0.01,0.016,,,,5.8666163124622e-07,2.748073053944539e-07,0.0020588717716067935,0.0020575356384082344,0.0008348451328181266,3.0611180371675384e-06,nan,6.534947171501189e-06,0.0,nan,lorentzian,0.8,0.0,256,lorentzian:0.8:0.0:0.01,0.01,-0.07644739432579314,0.46214532860462165,-0.07610339517135659,0.4622565246304437,-0.07644751130334872,0.4621455772716814
0.01467799267622069,0.016,,,,1.2639572786241258e-06,5.920380378139578e-07,0.003022010478492203,0.003020049303161912,0.001225385074528295,6.601350022626571e-06,nan,1.4093573931517861e-05,0.0,nan,lorentzian,0.8,0.0,256,lorentzian:0.8:0.0:0.01,0.01,-0.07660823638421452,0.4620931405411326,-0.07610339517135659,0.4622565246304437,-0.07660848857787156,0.46209367617850766
0.021544346900318822,0.016,,,,2.72321831280733e-06,1.2754553842544568e-06,0.004435704767077075,0.004432826155363594,0.0017986193149476459,1.4242372881674048e-05,nan,3.0409663039372223e-05,0.0,nan,lorentzian,0.8,0.0,256,lorentzian:0.8:0.0:0.01,0.01,-0.07684422702139156,0.46201634211147125,-0.07610339517135659,0.4622565246304437,-0.07684477090352002,0.4620174957919589
0.03162277660168379,0.016,,,,5.867328699903677e-06,2.7477203346574367e-06,0.0065107242085034565,0.006506498984338643,0.002640012113211065,3.0748349902594926e-05,nan,6.566225140584694e-05,0.0,nan,lorentzian,0.8,0.0,256,lorentzian:0.8:0.0:0.01,0.01,-0.07719041243951653,0.46190319374590066,-0.07610339517135659,0.4622565246304437,-0.07719158592805885,0.46190567827637513
0.046415888336127774,0.016,,,,1.2641832997241248e-05,5.919258250710647e-06,0.00955643622493065,0.009550234443995997,0.003875007846284592,6.64490225833871e-05,nan,0.0001419344148900197,0.0,nan,lorentzian,0.8,0.0,256,lorentzian:0.8:0.0:0.01,0.01,-0.0776981070960622,0.46173620301737434,-0.07610339517135659,0.4622565246304437,-0.07770064076707728,0.4617415526088939
0.06812920690579609,0.016,,,,2.7239364822004733e-05,1.2750974015659702e-05,0.014026930092030218,0.014017827122516383,0.005687733678806296,0.00014380918052570948,nan,0.0003072998028383985,0.0,nan,lorentzian,0.8,0.0,256,lorentzian:0.8:0.0:0.01,0.01,-0.07844235519097892,0.46148913378446776,-0.07610339517135659,0.4622565246304437,-0.07844783108696801,0.46150064907436705
0.1,0.016,,,,5.869615430298016e-05,2.7465736505706285e-05,0.020588717716067937,0.020575356384082342,0.008348451328181265,0.0003119032466654458,nan,0.000666965433352734,0.0,nan,lorentzian,0.8,0.0,256,lorentzian:0.8:0.0:0.01,0.01,-0.07953270451889695,0.46112227408916473,-0.07610339517135659,0.4622565246304437,-0.0795445564912779,0.46114705104282094
0.14677992676220675,0.016,,,,0.0001264913544127826,5.915563504069057e-05,0.030220104784922003,0.03020049303161909,0.012253850745282938,0.0006786489084955056,nan,0.0014530736120661818,0.0,nan,lorentzian,0.8,0.0,256,lorentzian:0.8:0.0:0.01,0.01,-0.08112862298466775,0.46057476180618073,-0.07610339517135659,0.4622565246304437,-0.08115432923650648,0.460628040111085
0.21544346900318823,0.016,,,,0.0002726277634300812,0.00012738967270557432,0.04435704767077075,0.04432826155363595,0.01798619314947646,0.0014837338449290873,nan,0.003184628593812524,0.0,nan,lorentzian,0.8,0.0,256,lorentzian:0.8:0.0:0.01,0.01,-0.08346122833110975,0.4597517783195703,-0.07610339517135659,0.4622565246304437,-0.08351715249299096,0.4598662362455952
0.31622776601683794,0.016,,,,0.0005877159146223765,0.0002742623796131147,0.06510724208503457,0.06506498984338643,0.02640012113211065,0.0032675572270601683,nan,0.0070473964649763,0.0,nan,lorentzian,0.8,0.0,256,lorentzian:0.8:0.0:0.01,0.01,-0.08686311443226062,0.4585025211322782,-0.07610339517135659,0.4622565246304437,-0.08698530273837929,0.4587480610897574
0.46415888336127725,0.016,,,,0.0012673587361060243,0.0005902341295503905,0.0955643622493064,0.09550234443995986,0.03875007846284588,0.007276803786783266,nan,0.015853212836338542,0.0,nan,lorentzian,0.8,0.0,256,lorentzian:0.8:0.0:0.01,0.01,-0.09180726505603123,0.4565812210730028,-0.07610339517135659,0.4622565246304437,-0.09207585112856356,0.4571068044149456
0.6812920690579608,0.016,,,,0.002734248352921623,0.0012693609829109867,0.14026930092030218,0.1401782712251638,0.05687733678806295,0.016492603946289805,nan,0.036733926716731806,0.0,nan,lorentzian,0.8,0.0,256,lorentzian:0.8:0.0:0.01,0.01,-0.09895245281823566,0.45357665648922896,-0.07610339517135659,0.4622565246304437,-0.09954775432747076,0.4546977690696771
1.0,0.016,,,,0.005903202540046533,0.002726534936915316,0.20588717716067936,0.2057535638408234,0.08348451328181265,0.03846828183341605,nan,0.0902943449947186,0.0,nan,lorentzian,0.8,0.0,256,lorentzian:0.8:0.0:0.01,0.01,-0.10918102424718948,0.44878387388593577,-0.07610339517135659,0.4622565246304437,-0.11051500837056977,0.4511617887542162
0.0,0.0,-3.202022289673854,-3.202022289673854,-3.202022289673854,0.0,0.0,0.0,0.0,0.0,0.0,0.0,0.0,0.0,0.0,lorentzian,0.8,0.05,256,lorentzian:0.8:0.05:0.0,0.0,,,,,,
1e-05,0.0,-3.201997655322722,-3.202022289673854,-3.20199765440291,2.872618537890401e-10,9.198117822961649e-10,5.0698947316581775e-05,4.9700369650014796e-05,4.2338512312976886e-05,1.1383311397532888e-07,8.098706083008655e-08,3.555065628035188e-08,0.0,0.0,lorentzian,0.8,0.05,256,lorentzian:0.8:0.05:0.0,0.0,,,,,,
1.4677992676220705e-05,0.0,-3.2019861320228307,-3.202022289673854,-3.201986130041206,6.188735867209049e-10,1.981624642155566e-09,7.441587774048866e-05,7.29501661728379e-05,6.214443736519549e-05,2.452518265382199e-07,1.7447727693647696e-07,7.659366260896308e-08,0.0,0.0,lorentzian,0.8,0.05,256,lorentzian:0.8:0.05:0.0,0.0,,,,,,
2.1544346900318823e-05,0.0,-3.201969218860663,-3.202022289673854,-3.2019692145915353,1.3332819356468038e-09,4.269127718004029e-09,0.00010922757084694258,0.00010707620048139959,9.121555965141938e-05,5.283974386660328e-07,3.7588707145485085e-07,1.6502267525111035e-07,0.0,0.0,lorentzian,0.8,0.05,256,lorentzian:0.8:0.05:0.0,0.0,,,,,,
3.1622776601683795e-05,0.0,-3.2019443953039683,-3.202022289673854,-3.2019443861068977,2.87233928049888e-09,9.197070660604822e-09,0.00016032414849328016,0.00015716636864635233,0.00013388613165209065,1.1384559495435133e-06,8.097835884234847e-07,3.5555157024682504e-07,0.0,0.0,lorentzian,0.8,0.05,256,lorentzian:0.8:0.05:0.0,0.0,,,,,,
4.641588833612782e-05,0.0,-3.2019079626882663,-3.202022289673854,-3.201907942875331,6.187852843768945e-09,1.981293529240702e-08,0.00023532366774056866,0.00023068868079393625,0.00019651796598369077,2.452912987563688e-06,1.7444976149747816e-06,7.660791348318454e-07,0.0,0.0,lorentzian,0.8,0.05,256,lorentzian:0.8:0.05:0.0,0.0,,,,,,
6.812920690579608e-05,0.0,-3.2018544942075082,-3.202022289673854,-3.2018544515267267,1.3330019103887675e-08,4.268078157565469e-08,0.0003454079071637455,0.0003386046767180406,0.0002884489265454397,5.285222788716001e-06,3.7580007235226283e-06,1.6506782531598797e-06,0.0,0.0,lorentzian,0.8,0.05,256,lorentzian:0.8:0.05:0.0,0.0,,,,,,
0.0001,0.0,-3.2017760289019055,-3.202022289673854,-3.201775936964421,2.8714527019490057e-08,9.193748429225934e-08,0.0005069894731658177,0.0004970036965001479,0.00042338512312976883,1.1388508129364706e-05,8.095085304374903e-06,3.556947413530328e-06,0.0,0.0,lorentzian,0.8,0.05,256,lorentzian:0.8:0.05:0.0,0.0,,,,,,
0.0001467799267622069,0.0,-3.201660891371763,-3.202022289673854,-3.201660693347373,6.18505197575849e-08,1.9802439021887608e-07,0.0007441587774048858,0.0007295016617283782,0.0006214443736519542,2.4541620453099923e-05,1.7436280712528096e-05,7.665337124539433e-06,0.0,0.0,lorentzian,0.8,0.05,256,lorentzian:0.8:0.05:0.0,0.0,,,,,,
0.00021544346900318823,0.0,-3.201491965326693,-3.202022289673854,-3.2014915388506697,1.3321164882001268e-07,4.2647602338519164e-07,0.001092275708469426,0.0010707620048139958,0.0009121555965141938,5.28917446776265e-05,3.755252218748393e-05,1.6521242637412125e-05,0.0,0.0,lorentzian,0.8,0.05,256,lorentzian:0.8:0.05:0.0,0.0,,,,,,
0.00031622776601683794,0.0,-3.201244172330611,-3.202022289673854,-3.201243254004295,2.868654393241904e-07,9.183263158796251e-07,0.0016032414849328014,0.001571663686463523,0.0013388613165209065,0.00011401012852403282,8.086399491260013e-05,3.5615596821699995e-05,0.0,0.0,lorentzian,0.8,0.05,256,lorentzian:0.8:0.05:0.0,0.0,,,,,,
0.00046415888336127773,0.0,-3.2008807986201897,-3.202022289673854,-3.2008788216886237,6.176211144313298e-07,1.9769315660056463e-06,0.0023532366774056844,0.00230688680793936,0.0019651796598369057,0.0002458120297925355,0.00017408840284288893,7.680106686731248e-05,0.0,0.0,lorentzian,0.8,0.05,256,lorentzian:0.8:0.05:0.0,0.0,,,,,,
0.0006812920690579609,0.0,-3.200348162504044,-3.202022289673854,-3.2003439082025844,1.3293245745588388e-06,4.25430145956085e-06,0.0034540790716374547,0.0033860467671804058,0.0028844892654543972,0.0005301709755684662,0.0003746587081068909,0.00016568807409018645,0.0,0.0,lorentzian,0.8,0.05,256,lorentzian:0.8:0.05:0.0,0.0,,,,,,
0.001,0.0,-3.1995679128419803,-3.202022289673854,-3.1995587625795343,2.8598431710860464e-06,9.150262445967172e-06,0.005069894731658178,0.0049700369650014795,0.004233851231297688,0.0011440737610968186,0.0008059054791478048,0.00035770025853635126,0.0,0.0,lorentzian,0.8,0.05,256,lorentzian:0.8:0.05:0.0,0.0,,,,,,
0.0014677992676220691,0.0,-3.198425991703846,-3.202022289673854,-3.198406326409043,6.148428900278963e-06,1.966529480279533e-05,0.007441587774048859,0.007295016617283782,0.0062144437365195425,0.0024707218526142916,0.0017322631622739282,0.0007730824892378295,0.0,0.0,lorentzian,0.8,0.05,256,lorentzian:0.8:0.05:0.0,0.0,,,,,,
0.002154434690031882,0.0,-3.1967569970661316,-3.202022289673854,-3.1967147814420165,1.3205765766321626e-05,4.2215624115105044e-05,0.010922757084694257,0.010707620048139958,0.009121555965141937,0.005341743800919773,0.0037194467772625165,0.001673807398231365,0.0,0.0,lorentzian,0.8,0.05,256,lorentzian:0.8:0.05:0.0,0.0,,,,,,
0.0031622776601683794,0.0,-3.1943224074407706,-3.202022289673854,-3.1942319329782656,2.8323522476703347e-05,9.047446250498581e-05,0.016032414849328016,0.01571663686463523,0.013388613165209066,0.011568200464535683,0.007973787469599194,0.003634754230035761,0.0,0.0,lorentzian,0.8,0.05,256,lorentzian:0.8:0.05:0.0,0.0,,,,,,
0.004641588833612777,0.0,-3.190781044114504,-3.202022289673854,-3.190587609821554,6.0622866400290944e-05,0.00019343429294993442,0.023532366774056842,0.023068868079393602,0.01965179659836906,0.0251143578715564,0.01705554831420024,0.007933839862992186,0.0,0.0,lorentzian,0.8,0.05,256,lorentzian:0.8:0.05:0.0,0.0,,,,,,
0.006812920690579608,0.0,-3.185650601599068,-3.202022289673854,-3.1852384749611566,0.0001293696922395377,0.00041212663791156956,0.034540790716374545,0.033860467671804055,0.02884489265454397,0.054724189071581365,0.03636151412780484,0.01748089421544703,0.0,0.0,lorentzian,0.8,0.05,256,lorentzian:0.8:0.05:0.0,0.0,,,,,,
0.01,0.0,-3.178260717312713,-3.202022289673854,-3.177387018730652,0.0002748983358419128,0.0008736985820609888,0.050698947316581776,0.04970036965001479,0.04233851231297688,0.11990647480535425,0.07715638505867177,0.03921741220678848,0.0,0.0,lorentzian,0.8,0.05,256,lorentzian:0.8:0.05:0.0,0.0,,,,,,
0.01467799267622069,0.0,-3.1677018072804954,-3.202022289673854,-3.165862657025751,0.0005805945024615495,0.0018391502547445704,0.07441587774048858,0.07295016617283781,0.06214443736519541,0.26495006775788504,0.16262638339040478,0.09133335100757148,0.0,0.0,lorentzian,0.8,0.05,256,lorentzian:0.8:0.05:0.0,0.0,,,,,,
0.021544346900318822,0.0,-3.1527804859071242,-3.202022289673854,-3.1489472073554854,0.0012158406107794476,0.0038332785516388412,0.10922757084694258,0.10707620048139958,0.09121555965141938,0.5931253660373264,0.33956770080578413,0.23206835329782743,0.0,0.0,lorentzian,0.8,0.05,256,lorentzian:0.8:0.05:0.0,0.0,,,,,,
0.03162277660168379,0.0,-3.132000549666769,-3.202022289673854,-3.1241187227179714,0.0025165471154327476,0.007881826948797688,0.16032414849328014,0.1571663686463523,0.13388613165209065,1.3556105317549387,0.6999087435602681,0.7665277088803006,0.0,0.0,lorentzian,0.8,0.05,256,lorentzian:0.8:0.05:0.0,0.0,,,,,,
0.046415888336127774,0.0,-3.103591230629183,-3.202022289673854,-3.087675491150863,0.005128168723138671,0.015915739478320035,0.23532366774056845,0.23068868079393604,0.1965179659836906,3.207024535252384,1.4178240834250324,inf,0.0,0.0,lorentzian,0.8,0.05,256,lorentzian:0.8:0.05:0.0,0.0,,,,,,
0.06812920690579609,0.0,-3.0655854365016504,-3.202022289673854,-3.03418414254688,0.010243163860604945,0.03140129395477054,0.3454079071637455,0.3386046767180406,0.28844892654543974,8.071281778063415,2.8083520590706588,inf,0.0,0.0,lorentzian,0.8,0.05,256,lorentzian:0.8:0.05:0.0,0.0,,,,,,
0.1,0.0,-3.0158918683547706,-3.202022289673854,-2.9556695802418362,0.01996831807692988,0.0602222881129344,0.5069894731658178,0.4970036965001479,0.42338512312976884,23.0882175046467,5.410212820869854,inf,0.0,0.0,lorentzian,0.8,0.05,256,lorentzian:0.8:0.05:0.0,0.0,,,,,,
0.14677992676220675,0.0,-2.9522212501831637,-3.202022289673854,-2.840425963192826,0.037868193985596946,0.11179528699033758,0.7441587774048851,0.7295016617283774,0.6214443736519535,95.8538164494224,10.089033676235125,inf,0.0,0.0,lorentzian,0.8,0.05,256,lorentzian:0.8:0.05:0.0,0.0,,,,,,
0.21544346900318823,0.0,-2.871713138096421,-3.202022289673854,-2.671271466490171,0.06979864003377352,0.20044167160625026,1.092275708469426,1.0707620048139959,0.9121555965141938,inf,18.15405725719985,inf,0.0,0.0,lorentzian,0.8,0.05,256,lorentzian:0.8:0.05:0.0,0.0,,,,,,
0.31622776601683794,0.0,-2.7703029273749555,-3.202022289673854,-2.422986620115033,0.1253712378627949,0.3473163072599226,1.6032414849328014,1.5716636864635232,1.3388613165209065,inf,31.493653833220787,inf,0.0,0.0,lorentzian,0.8,0.05,256,lorentzian:0.8:0.05:0.0,0.0,,,,,,
0.46415888336127725,0.0,-2.642264660620139,-3.202022289673854,-2.058554304443949,0.22091290281239015,0.5837103561761898,2.353236677405682,2.306886807939358,1.9651796598369038,inf,52.76564189130902,inf,0.0,0.0,lorentzian,0.8,0.05,256,lorentzian:0.8:0.05:0.0,0.0,,,,,,
0.6812920690579608,0.0,-2.480698759018985,-3.202022289673854,-1.523640818404115,0.3858017573215327,0.9570579406148698,3.4540790716374548,3.3860467671804058,2.884489265454397,inf,85.70982936781114,inf,0.0,0.0,lorentzian,0.8,0.05,256,lorentzian:0.8:0.05:0.0,0.0,,,,,,
1.0,0.0,-2.279645428017333,-3.202022289673854,-0.7384951953536789,0.6760482194829889,1.5411502326636541,5.069894731658177,4.970036965001479,4.233851231297688,inf,135.66262050259613,inf,0.0,0.0,lorentzian,0.8,0.05,256,lorentzian:0.8:0.05:0.0,0.0,,,,,,
0.0,0.016,,,,0.0,0.0,0.0,0.0,0.0,0.0,nan,0.0,0.0,nan,lorentzian,0.8,0.05,256,lorentzian:0.8:0.05:0.01,0.01,-0.06321606612588898,0.46594708433896104,-0.06321606612588898,0.46594708433896104,-0.06321606612588898,0.46594708433896104
1e-05,0.016,,,,3.6180251286560507e-13,1.7012526888973054e-13,1.532410900447995e-06,1.5314372617989768e-06,6.137854233530804e-07,1.67009098285374e-12,nan,3.5517540589708226e-12,0.0,nan,lorentzian,0.8,0.05,256,lorentzian:0.8:0.05:0.01,0.01,-0.06321632308140096,0.46594701769156927,-0.06321606612588898,0.46594708433896104,-0.0632163230814563,0.46594701769173014
1.4677992676220705e-05,0.016,,,,7.784975877123303e-13,3.660618779025734e-13,2.2492715973736444e-06,2.247842491277687e-06,9.009137948747539e-07,3.5981045283132186e-12,nan,7.652027880361417e-12,0.0,nan,lorentzian,0.8,0.05,256,lorentzian:0.8:0.05:0.01,0.01,-0.06321644328496333,0.4659469865138581,-0.06321606612588898,0.46594708433896104,-0.06321644328508252,0.4659469865142042
2.1544346900318823e-05,0.016,,,,1.6769135565452378e-12,7.885112388844064e-13,3.3014792033081537e-06,3.2993815624271527e-06,1.3223606083077814e-06,7.751889370774088e-12,nan,1.648581241945821e-11,0.0,nan,lorentzian,0.8,0.05,256,lorentzian:0.8:0.05:0.01,0.01,-0.06321661971962023,0.465946940751109,-0.06321606612588898,0.46594708433896104,-0.06321661971987705,0.4659469407518545
3.1622776601683795e-05,0.016,,,,3.6123579735102116e-12,1.6985876568134067e-12,4.845908756685205e-06,4.842829840936338e-06,1.9409599324064374e-06,1.670096516723448e-11,nan,3.551766342296705e-11,0.0,nan,lorentzian,0.8,0.05,256,lorentzian:0.8:0.05:0.01,0.01,-0.0632168786901859,0.46594687358030507,-0.06321606612588898,0.46594708433896104,-0.06321687869073922,0.465946873581911
4.641588833612782e-05,0.016,,,,7.784311531880727e-12,3.660305615215708e-12,7.1128213240259215e-06,7.108302093744664e-06,2.848939567269952e-06,3.5981220279979856e-11,nan,7.652066723925078e-11,0.0,nan,lorentzian,0.8,0.05,256,lorentzian:0.8:0.05:0.01,0.01,-0.06321725880678894,0.4659467749864569,-0.06321606612588898,0.46594708433896104,-0.06321725880798107,0.46594677498991766
6.812920690579608e-05,0.016,,,,1.6768053470108754e-11,7.884601110114105e-12,1.0440193930131873e-05,1.0433560607234828e-05,4.1816714103383655e-06,7.751944709878651e-11,nan,1.648593525487589e-10,0.0,nan,lorentzian,0.8,0.05,256,lorentzian:0.8:0.05:0.01,0.01,-0.063217816741222,0.4659466302692068,-0.06321606612588898,0.46594708433896104,-0.06321781674379026,0.4659466302766614
0.0001,0.016,,,,3.612607105589036e-11,1.6987040245758667e-11,1.532410900447995e-05,1.5314372617989767e-05,6.137854233530805e-06,1.6701140165973532e-10,nan,3.551805186862438e-10,0.0,nan,lorentzian,0.8,0.05,256,lorentzian:0.8:0.05:0.01,0.01,-0.06321863567602913,0.46594641785058954,-0.06321606612588898,0.46594708433896104,-0.06321863568156237,0.46594641786665014
0.0001467799267622069,0.016,,,,7.783041074163218e-11,3.659705765547148e-11,2.249271597373642e-05,2.2478424912776846e-05,9.00913794874753e-06,3.598177367980452e-10,nan,7.652189563994023e-10,0.0,nan,lorentzian,0.8,0.05,256,lorentzian:0.8:0.05:0.01,0.01,-0.06321983770590339,0.46594610605679,-0.06321606612588898,0.46594708433896104,-0.06321983771782448,0.46594610609139103
0.00021544346900318823,0.016,,,,1.676817656679288e-10,7.884651211103026e-11,3.3014792033081535e-05,3.2993815624271526e-05,1.3223606083077814e-05,7.752119712692674e-10,nan,1.648632372212316e-09,0.0,nan,lorentzian,0.8,0.05,256,lorentzian:0.8:0.05:0.01,0.01,-0.063221602040086,0.4659456483933483,-0.06321606612588898,0.46594708433896104,-0.06322160206576971,0.4659456484678944
0.00031622776601683794,0.016,,,,3.612593809232467e-10,1.698695311758818e-10,4.845908756685205e-05,4.842829840936337e-05,1.9409599324064372e-05,1.6701693584713068e-09,nan,3.55192803695296e-09,0.0,nan,lorentzian,0.8,0.05,256,lorentzian:0.8:0.05:0.01,0.01,-0.06322419171905627,0.4659449766078566,-0.06321606612588898,0.46594708433896104,-0.06322419177439148,0.4659449767684607
0.00046415888336127773,0.016,,,,7.783109797861014e-10,3.6597302987287194e-10,7.112821324025915e-05,7.108302093744657e-05,2.848939567269949e-05,3.5983523795742596e-09,nan,7.652578077760029e-09,0.0,nan,lorentzian,0.8,0.05,256,lorentzian:0.8:0.05:0.01,0.01,-0.06322799282758956,0.46594399050251456,-0.06321606612588898,0.46594708433896104,-0.06322799294680992,0.46594399084852434
0.0006812920690579609,0.016,,,,1.6768212698574977e-09,7.884643590645826e-10,0.00010440193930131874,0.00010433560607234828,4.181671410338366e-05,7.752673172186489e-09,nan,1.648755243896794e-08,0.0,nan,lorentzian,0.8,0.05,256,lorentzian:0.8:0.05:0.01,0.01,-0.06323357204803598,0.4659425429705133,-0.06321606612588898,0.46594708433896104,-0.06323357230490179,0.4659425437159635
0.001,0.016,,,,3.6126106028198763e-09,1.6986954249548867e-09,0.0001532410900447995,0.00015314372617989766,6.137854233530804e-05,1.670344388983031e-08,nan,3.552316650962014e-08,0.0,nan,lorentzian,0.8,0.05,256,lorentzian:0.8:0.05:0.01,0.01,-0.06324176112917987,0.46594041800984115,-0.06321606612588898,0.46594708433896104,-0.06324176168262284,0.4659404196158508
0.0014677992676220691,0.016,,,,7.78315641580484e-09,3.659727601359299e-09,0.00022492715973736424,0.00022478424912776847,9.00913794874753e-05,3.598905926887188e-08,nan,7.653807259978925e-08,0.0,nan,lorentzian,0.8,0.05,256,lorentzian:0.8:0.05:0.01,0.01,-0.06325378085275354,0.4659372984032648,-0.06321606612588898,0.46594708433896104,-0.0632537820452441,0.4659373018632608
0.002154434690031882,0.016,,,,1.676837753286064e-08,7.884643228629314e-09,0.00033014792033081534,0.00032993815624271527,0.00013223606083077812,7.754423884991536e-08,nan,1.6491440739727413e-07,0.0,nan,lorentzian,0.8,0.05,256,lorentzian:0.8:0.05:0.01,0.01,-0.06327142295512977,0.4659327181741041,-0.06321606612588898,0.46594708433896104,-0.06327142552469611,0.4659327256282927
0.0031622776601683794,0.016,,,,3.61266090466934e-08,1.6986944433044632e-08,0.00048459087566852046,0.0004842829840936338,0.00019409599324064373,1.6708981255739382e-07,nan,3.553546836479233e-07,0.0,nan,lorentzian,0.8,0.05,256,lorentzian:0.8:0.05:0.01,0.01,-0.06329731707361291,0.46592599257486156,-0.06321606612588898,0.46594708433896104,-0.0632973226109141,0.46592600863395794
0.004641588833612777,0.016,,,,7.783316351721931e-08,3.659724859452088e-08,0.0007112821324025914,0.0007108302093744658,0.0002848939567269949,3.600657518556742e-07,nan,7.657700220395888e-07,0.0,nan,lorentzian,0.8,0.05,256,lorentzian:0.8:0.05:0.01,0.01,-0.06333532240111278,0.4659161148377924,-0.06321606612588898,0.46594708433896104,-0.0633353343350984,0.4659161494345927
0.006812920690579608,0.016,,,,1.6768881388746296e-07,7.884633450303804e-08,0.0010440193930131873,0.0010433560607234827,0.00041816714103383657,7.759965332368648e-07,nan,1.6503764241935535e-06,0.0,nan,lorentzian,0.8,0.05,256,lorentzian:0.8:0.05:0.01,0.01,-0.06339110219164411,0.4659016035771055,-0.06321606612588898,0.46594708433896104,-0.06339112791601717,0.46590167810898525
0.01,0.016,,,,3.612819959807114e-07,1.6986911222185845e-07,0.001532410900447995,0.0015314372617989767,0.0006137854233530804,1.6726516131527603e-06,nan,3.5574498574069637e-06,0.0,nan,lorentzian,0.8,0.05,256,lorentzian:0.8:0.05:0.01,0.01,-0.0634729662294409,0.4658802765485732,-0.06321606612588898,0.46594708433896104,-0.06347302169322774,0.4658804371078571
0.01467799267622069,0.016,,,,7.783817393502615e-07,3.6597129920436103e-07,0.002249271597373642,0.0022478424912776847,0.000900913794874753,3.6062077759235033e-06,nan,7.670070507119067e-06,0.0,nan,lorentzian,0.8,0.05,256,lorentzian:0.8:0.05:0.01,0.01,-0.06359310569259022,0.4658489137143404,-0.06321606612588898,0.46594708433896104,-0.06359322531944023,0.46584925958195755
0.021544346900318822,0.016,,,,1.6770456856220004e-06,7.884589592900409e-07,0.0033014792033081533,0.0032993815624271527,0.0013223606083077814,7.777541168493197e-06,nan,1.6543012205979873e-05,0.0,nan,lorentzian,0.8,0.05,256,lorentzian:0.8:0.05:0.01,0.01,-0.0637694019629625,0.46580275223187817,-0.06321606612588898,0.46594708433896104,-0.06376966011396044,0.465803497232276
0.03162277660168379,0.016,,,,3.613313948530038e-06,1.6986742894011507e-06,0.004845908756685204,0.004842829840936337,0.0019409599324064371,1.6782209290840134e-05,nan,3.569921628302025e-05,0.0,nan,lorentzian,0.8,0.05,256,lorentzian:0.8:0.05:0.01,0.01,-0.06402807347058986,0.4657347227073936,-0.06321606612588898,0.46594708433896104,-0.06402863097614027,0.46573632728892866
0.046415888336127774,0.016,,,,7.785360018627493e-06,3.6596460420923186e-06,0.007112821324025915,0.007108302093744657,0.0028489395672699493,3.623872392024431e-05,nan,7.709792345702349e-05,0.0,nan,lorentzian,0.8,0.05,256,lorentzian:0.8:0.05:0.01,0.01,-0.06440754288741465,0.4656342798376557,-0.06321606612588898,0.46594708433896104,-0.06440874821798323,0.4656377352952772
0.06812920690579609,0.016,,,,1.6775244400709128e-05,7.88431415398926e-06,0.010440193930131875,0.010433560607234828,0.004181671410338366,7.833648588517169e-05,nan,0.0001666994894903847,0.0,nan,lorentzian,0.8,0.05,256,lorentzian:0.8:0.05:0.01,0.01,-0.06496407389037526,0.46548558230832093,-0.06321606612588898,0.46594708433896104,-0.06496668402717087,0.4654930220392023
0.1,0.016,,,,3.614785769229242e-05,1.6985576000021833e-05,0.01532410900447995,0.015314372617989767,0.006137854233530804,0.00016960793280920412,nan,0.00036106869888058224,0.0,nan,lorentzian,0.8,0.05,256,lorentzian:0.8:0.05:0.01,0.01,-0.06577995636056472,0.4652645991394783,-0.06321606612588898,0.46594708433896104,-0.06578562179927663,0.46528061202792026
0.14677992676220675,0.016,,,,7.789818436152665e-05,3.6591396558959596e-05,0.0224927159737364,0.022478424912776823,0.00900913794874752,0.00036808896404113244,nan,0.0007841667496152038,0.0,nan,lorentzian,0.8,0.05,256,lorentzian:0.8:0.05:0.01,0.01,-0.06697531962631331,0.46493438835355216,-0.06321606612588898,0.46594708433896104,-0.06698765806140151,0.46496883676892514
0.21544346900318823,0.016,,,,0.00016788432087712566,7.882075054634223e-05,0.03301479203308154,0.032993815624271526,0.013223606083077814,0.0008016527775404961,nan,0.0017101197493702889,0.0,nan,lorentzian,0.8,0.05,256,lorentzian:0.8:0.05:0.01,0.01,-0.06872500633909451,0.46443716106977123,-0.06321606612588898,0.46594708433896104,-0.0687520060066036,0.4645112132721091
0.31622776601683794,0.016,,,,0.0003618532367234599,0.00016975536990504288,0.04845908756685205,0.04842829840936338,0.019409599324064372,0.0017551409527075356,nan,0.0037540012195032306,0.0,nan,lorentzian,0.8,0.05,256,lorentzian:0.8:0.05:0.01,0.01,-0.07128223628889555,0.46368051945904604,-0.06321606612588898,0.46594708433896104,-0.07134171462840169,0.463839513838636
0.46415888336127725,0.016,,,,0.0007799697873784739,0.00036545956630463583,0.07112821324025907,0.0710830209374465,0.028489395672699463,0.0038736201125780948,nan,0.008329650837525448,0.0,nan,lorentzian,0.8,0.05,256,lorentzian:0.8:0.05:0.01,0.01,-0.07501065770423199,0.4625128944809905,-0.06321606612588898,0.46594708433896104,-0.07514288704683149,0.4628535939021219
0.6812920690579608,0.016,,,,0.0016810566201847501,0.0007861399579858639,0.10440193930131873,0.10433560607234828,0.041816714103383654,0.008655516484733224,nan,0.018826210288778844,0.0,nan,lorentzian,0.8,0.05,256,lorentzian:0.8:0.05:0.01,0.01,-0.08042472244169076,0.4606787963921675,-0.06321606612588898,0.46594708433896104,-0.08072224513870799,0.4614064613413726
1.0,0.016,,,,0.003621362725102976,0.0016881457923303797,0.1532410900447995,0.15314372617989766,0.06137854233530804,0.019723304992166808,nan,0.0440167827983291,0.0,nan,lorentzian,0.8,0.05,256,lorentzian:0.8:0.05:0.01,0.01,-0.0882321669190275,0.45773698883305763,-0.06321606612588898,0.46594708433896104,-0.08891162285976556,0.4592823612285528
0.0,0.0,-4.212772204279573,-4.212772204279573,-4.212772204279573,0.0,0.0,0.0,0.0,0.0,0.0,0.0,0.0,0.0,0.0,lorentzian,0.8,0.1,256,lorentzian:0.8:0.1:0.0,0.0,,,,,,
1e-05,0.0,-4.2127247720034084,-4.212772204279573,-4.212724769231487,6.579877654324949e-10,2.771921359112639e-09,7.934593055571649e-05,7.693868657523071e-05,3.472780863409674e-05,9.610516536035179e-08,2.8073020308159944e-07,2.281306584629724e-08,0.0,0.0,lorentzian,0.8,0.1,256,lorentzian:0.8:0.1:0.0,0.0,,,,,,
1.4677992676220705e-05,0.0,-4.21270258512245,-4.212772204279573,-4.212702579150731,1.4175506099794023e-09,5.971719119202135e-09,0.00011646389875847232,0.00011293054780692766,5.0973452079246605e-05,2.0705998839953127e-07,6.047931221032138e-07,4.9151345172473804e-08,0.0,0.0,lorentzian,0.8,0.1,256,lorentzian:0.8:0.1:0.0,0.0,,,,,,
2.1544346900318823e-05,0.0,-4.212670021431457,-4.212772204279573,-4.2126700085664535,3.0538834562051504e-09,1.2865003284900922e-08,0.0001709456253020963,0.0001657593753631673,7.481879563008672e-05,4.461215302278031e-07,1.3029184586695949e-06,1.0589995811797919e-07,0.0,0.0,lorentzian,0.8,0.1,256,lorentzian:0.8:0.1:0.0,0.0,,,,,,
3.1622776601683795e-05,0.0,-4.212622229201421,-4.212772204279573,-4.2126222014867025,6.5789707721781915e-09,2.7714718520144288e-08,0.00025091386362161385,0.00024330148975954888,0.00010981897343020666,9.61216580631774e-07,2.8068351137823736e-06,2.2817541046489593e-07,0.0,0.0,lorentzian,0.8,0.1,256,lorentzian:0.8:0.1:0.0,0.0,,,,,,
4.641588833612782e-05,0.0,-4.212552089993005,-4.212772204279573,-4.212552030290055,1.4172631691104049e-08,5.970294925106145e-08,0.00036829118526002886,0.0003571177484804245,0.00016119220877186495,2.0711215096556623e-06,6.0464549208504046e-06,4.916550615970502e-07,0.0,0.0,lorentzian,0.8,0.1,256,lorentzian:0.8:0.1:0.0,0.0,,,,,,
6.812920690579608e-05,0.0,-4.212449161664241,-4.212772204279573,-4.212449033059011,3.0529800011681403e-08,1.286052304649843e-07,0.0005405775319963336,0.0005241771696744089,0.0002365978059817268,4.462865201694941e-06,1.3024517141662839e-05,1.0594478164230445e-06,0.0,0.0,lorentzian,0.8,0.1,256,lorentzian:0.8:0.1:0.0,0.0,,,,,,
0.0001,0.0,-4.212298130804285,-4.212772204279573,-4.212297853798715,6.576115029840053e-08,2.770055704814922e-07,0.0007934593055571649,0.0007693868657523071,0.0003472780863409673,9.617384984268399e-06,2.805359614106261e-05,2.2831735257643418e-06,0.0,0.0,lorentzian,0.8,0.1,256,lorentzian:0.8:0.1:0.0,0.0,,,,,,
0.0001467799267622069,0.0,-4.212076549573007,-4.212772204279573,-4.212075952991174,1.4163603766507872e-07,5.965818328235173e-07,0.0011646389875847219,0.0011293054780692753,0.0005097345207924654,2.0727727658355452e-05,6.041791189330552e-05,4.921048407445483e-06,0.0,0.0,lorentzian,0.8,0.1,256,lorentzian:0.8:0.1:0.0,0.0,,,,,,
0.00021544346900318823,0.0,-4.211751531785976,-4.212772204279573,-4.21175024714838,3.05012673638526e-07,1.2846375954111977e-06,0.001709456253020963,0.001657593753631673,0.0007481879563008673,4.468090682595003e-05,0.00013009779367179368,1.060874415915603e-05,0.0,0.0,lorentzian,0.8,0.1,256,lorentzian:0.8:0.1:0.0,0.0,,,,,,
0.00031622776601683794,0.0,-4.211274941937401,-4.212772204279573,-4.211272176350867,6.567100396279056e-07,2.7655865340037167e-06,0.0025091386362161385,0.0024330148975954887,0.0010981897343020667,9.633926838706984e-05,0.00028007038667155935,2.2877047198725872e-05,0.0,0.0,lorentzian,0.8,0.1,256,lorentzian:0.8:0.1:0.0,0.0,,,,,,
0.00046415888336127773,0.0,-4.210576416090877,-4.212772204279573,-4.210570464384405,1.4135134678753998e-06,5.9517064716629875e-06,0.0036829118526002847,0.0035711774848042415,0.0016119220877186479,0.00020780118684000242,0.0006027090407655317,4.935470016784434e-05,0.0,0.0,lorentzian,0.8,0.1,256,lorentzian:0.8:0.1:0.0,0.0,,,,,,
0.0006812920690579609,0.0,-4.209553293921003,-4.212772204279573,-4.209540492073952,3.041141460156283e-06,1.280184705088061e-05,0.005405775319963336,0.005241771696744089,0.0023659780598172682,0.0004484695935645026,0.00129633931488929,0.00010654782341874834,0.0,0.0,lorentzian,0.8,0.1,256,lorentzian:0.8:0.1:0.0,0.0,,,,,,
0.001,0.0,-4.208056214970455,-4.212772204279573,-4.208028699470997,6.538767081978624e-06,2.7515499457564374e-05,0.007934593055571648,0.007693868657523071,0.003472780863409673,0.0009686613315401899,0.0027860822698934527,0.0002302466146807293,0.0,0.0,lorentzian,0.8,0.1,256,lorentzian:0.8:0.1:0.0,0.0,,,,,,
0.0014677992676220691,0.0,-4.205868766644928,-4.212772204279573,-4.205809691395585,1.4045908852770807e-05,5.907524934301023e-05,0.011646389875847221,0.011293054780692756,0.0050973452079246554,0.002094755068077285,0.005981069669789938,0.0004983104467847971,0.0,0.0,lorentzian,0.8,0.1,256,lorentzian:0.8:0.1:0.0,0.0,,,,,,
0.002154434690031882,0.0,-4.202679263769825,-4.212772204279573,-4.202552632967647,3.013096984820862e-05,0.00012663080217834022,0.017094562530209627,0.01657593753631673,0.007481879563008671,0.0045380282853259395,0.012818859678870755,0.001080993925143657,0.0,0.0,lorentzian,0.8,0.1,256,lorentzian:0.8:0.1:0.0,0.0,,,,,,
0.0031622776601683794,0.0,-4.198042735172193,-4.212772204279573,-4.197771924992516,6.450867624777833e-05,0.0002708101796775608,0.025091386362161384,0.024330148975954886,0.010981897343020667,0.009857081829238366,0.027408331422772263,0.0023536968153327993,0.0,0.0,lorentzian,0.8,0.1,256,lorentzian:0.8:0.1:0.0,0.0,,,,,,
0.004641588833612777,0.0,-4.191332015663235,-4.212772204279573,-4.190754805327906,0.00013771524975171598,0.0005772103353294256,0.036829118526002846,0.035711774848042416,0.01611922087718648,0.021495238006901306,0.05840055471132841,0.005155648781232699,0.0,0.0,lorentzian,0.8,0.1,256,lorentzian:0.8:0.1:0.0,0.0,,,,,,
0.006812920690579608,0.0,-4.1816794559883474,-4.212772204279573,-4.180455082223373,0.0002927947438010437,0.001224373764974196,0.05405775319963336,0.05241771696744088,0.02365978059817268,0.047153541266668035,0.12382292777951862,0.011408202571098586,0.0,0.0,lorentzian,0.8,0.1,256,lorentzian:0.8:0.1:0.0,0.0,,,,,,
0.01,0.0,-4.167916610594325,-4.212772204279573,-4.165337156193829,0.0006188833994279109,0.0025794544004966724,0.07934593055571648,0.07693868657523072,0.03472780863409673,0.10437963942806501,0.2606943232650733,0.02570320890999994,0.0,0.0,lorentzian,0.8,0.1,256,lorentzian:0.8:0.1:0.0,0.0,,,,,,
0.01467799267622069,0.0,-4.148529667853047,-4.212772204279573,-4.1431470754397015,0.0012974699096539278,0.005382592413345932,0.1164638987584722,0.11293054780692754,0.05097345207924655,0.2343264447203483,0.5434853261182419,0.059948119102416944,0.0,0.0,lorentzian,0.8,0.1,256,lorentzian:0.8:0.1:0.0,0.0,,,,,,
0.021544346900318822,0.0,-4.121662229707394,-4.212772204279573,-4.110576491160317,0.0026896280988712375,0.011085738547077284,0.17094562530209628,0.16575937536316732,0.07481879563008671,0.5380169037361276,1.1178416894253924,0.1505970413005867,0.0,0.0,lorentzian,0.8,0.1,256,lorentzian:0.8:0.1:0.0,0.0,,,,,,
0.03162277660168379,0.0,-4.085205555134479,-4.212772204279573,-4.062769411409015,0.0054920476883385996,0.02243614372546432,0.25091386362161383,0.24330148975954885,0.10981897343020665,1.2828636806866927,2.258115223114574,0.4614774042547685,0.0,0.0,lorentzian,0.8,0.1,256,lorentzian:0.8:0.1:0.0,0.0,,,,,,
0.046415888336127774,0.0,-4.03699732083062,-4.212772204279573,-3.9925982147629018,0.01099805190323566,0.04439910606771846,0.3682911852600285,0.35711774848042416,0.1611922087718648,3.277394086565446,4.456956092417697,4.582459688572453,0.0,0.0,lorentzian,0.8,0.1,256,lorentzian:0.8:0.1:0.0,0.0,,,,,,
0.06812920690579609,0.0,-3.9750743185325854,-4.212772204279573,-3.8896009837175747,0.021502323721726935,0.08547333481501074,0.5405775319963336,0.5241771696744089,0.2365978059817268,9.708825727267177,8.549756915056179,inf,0.0,0.0,lorentzian,0.8,0.1,256,lorentzian:0.8:0.1:0.0,0.0,,,,,,
0.1,0.0,-3.897797801421091,-4.212772204279573,-3.7384217234221406,0.04088874952437085,0.15937607799895037,0.7934593055571648,0.7693868657523071,0.34727808634096735,46.52716989540879,15.86718018138654,inf,0.0,0.0,lorentzian,0.8,0.1,256,lorentzian:0.8:0.1:0.0,0.0,,,,,,
0.14677992676220675,0.0,-3.8035942242645344,-4.212772204279573,-3.516520915880859,0.07547422029204078,0.2870733083836754,1.1646389875847207,1.1293054780692742,0.509734520792465,inf,28.40651226193491,inf,0.0,0.0,lorentzian,0.8,0.1,256,lorentzian:0.8:0.1:0.0,0.0,,,,,,
0.21544346900318823,0.0,-3.690197397434413,-4.212772204279573,-3.190815073087018,0.13532672390224637,0.49938232434739493,1.709456253020963,1.6575937536316732,0.7481879563008672,inf,49.0343728359041,inf,0.0,0.0,lorentzian,0.8,0.1,256,lorentzian:0.8:0.1:0.0,0.0,,,,,,
0.31622776601683794,0.0,-3.5536684343852882,-4.212772204279573,-2.7127442755739892,0.23663551463454457,0.840924158811299,2.5091386362161385,2.4330148975954886,1.0981897343020666,inf,81.77995449170565,inf,0.0,0.0,lorentzian,0.8,0.1,256,lorentzian:0.8:0.1:0.0,0.0,,,,,,
0.46415888336127725,0.0,-3.3878507750794875,-4.212772204279573,-2.0110323091128697,0.4063987930325279,1.3768184659666178,3.6829118526002813,3.5711774848042377,1.6119220877186462,inf,132.32070374263836,inf,0.0,0.0,lorentzian,0.8,0.1,256,lorentzian:0.8:0.1:0.0,0.0,,,,,,
0.6812920690579608,0.0,-3.18499128748364,-4.212772204279573,-0.981059998659592,0.6919740400813793,2.203931288824048,5.405775319963335,5.241771696744088,2.3659780598172677,inf,208.77636878311495,inf,0.0,0.0,lorentzian,0.8,0.1,256,lorentzian:0.8:0.1:0.0,0.0,,,,,,
1.0,0.0,-2.9379782072578906,-4.212772204279573,0.5307326042947416,1.1806455211218503,3.468710811552632,7.934593055571648,7.693868657523071,3.4727808634096733,inf,322.93080693341676,inf,0.0,0.0,lorentzian,0.8,0.1,256,lorentzian:0.8:0.1:0.0,0.0,,,,,,
0.0,0.016,,,,0.0,0.0,0.0,0.0,0.0,0.0,nan,0.0,0.0,nan,lorentzian,0.8,0.1,256,lorentzian:0.8:0.1:0.01,0.01,-0.04928554892154707,0.469088901181519,-0.04928554892154707,0.469088901181519,-0.04928554892154707,0.469088901181519
1e-05,0.016,,,,2.718049159604537e-13,1.282024721586806e-13,1.0586613181521519e-06,1.0579694782692054e-06,4.079364354951816e-07,7.569299643870339e-13,nan,1.6047840723679132e-12,0.0,nan,lorentzian,0.8,0.1,256,lorentzian:0.8:0.1:0.01,0.01,-0.049285751560667154,0.46908886407399697,-0.04928554892154707,0.469088901181519,-0.049285751560692474,0.46908886407412265
1.4677992676220705e-05,0.016,,,,5.867883957723469e-13,2.767710125203767e-13,1.5539023074435444e-06,1.5528868253700437e-06,5.987688012561855e-07,1.6307569808185818e-12,nan,3.4574042417154875e-12,0.0,nan,lorentzian,0.8,0.1,256,lorentzian:0.8:0.1:0.01,0.01,-0.04928584635508172,0.46908884671503837,-0.04928554892154707,0.469088901181519,-0.04928584635513629,0.4690888467153097
2.1544346900318823e-05,0.016,,,,1.2637283229310631e-12,5.960638656094365e-13,2.2808166688218754e-06,2.279326144978108e-06,8.788724079587725e-07,3.513361964404439e-12,nan,7.448757221031252e-12,0.0,nan,lorentzian,0.8,0.1,256,lorentzian:0.8:0.1:0.01,0.01,-0.04928598549423398,0.4690888212354725,-0.04928554892154707,0.469088901181519,-0.04928598549435149,0.4690888212360569
3.1622776601683795e-05,0.016,,,,2.723114327784513e-12,1.2844137214499243e-12,3.3477810360769595e-06,3.3455932462707037e-06,1.290008276735132e-06,7.56931697096141e-12,nan,1.6047878616692274e-11,0.0,nan,lorentzian,0.8,0.1,256,lorentzian:0.8:0.1:0.01,0.01,-0.04928618972253649,0.4690887838363691,-0.04928554892154707,0.469088901181519,-0.04928618972278966,0.4690887838376283
4.641588833612782e-05,0.016,,,,5.866415902904015e-12,2.767017393574626e-12,4.9138705529128165e-06,4.910659316637484e-06,1.8934732038182356e-06,1.630762460137178e-11,nan,3.4574162245953685e-11,0.0,nan,lorentzian,0.8,0.1,256,lorentzian:0.8:0.1:0.01,0.01,-0.049286489488596166,0.4690887289415293,-0.04928554892154707,0.469088901181519,-0.04928648948914164,0.46908872894424203
6.812920690579608e-05,0.016,,,,1.2639166088870989e-11,5.961525819913801e-12,7.212575598755077e-06,7.207862148501983e-06,2.7792385818264163e-06,3.513379291583655e-11,nan,7.448795114489115e-11,0.0,nan,lorentzian,0.8,0.1,256,lorentzian:0.8:0.1:0.01,0.01,-0.049286929484798334,0.46908864836592545,-0.04928554892154707,0.469088901181519,-0.04928692948597352,0.46908864837177
0.0001,0.016,,,,2.7232041252959872e-11,1.2844557833957443e-11,1.0586613181521519e-05,1.0579694782692053e-05,4.079364354951816e-06,7.569371764556499e-11,nan,1.604799844755529e-10,0.0,nan,lorentzian,0.8,0.1,256,lorentzian:0.8:0.1:0.01,0.01,-0.04928757531046919,0.4690885300949621,-0.04928554892154707,0.469088901181519,-0.04928757531300112,0.46908853010755464
0.0001467799267622069,0.016,,,,5.866983296061371e-11,2.7672840900456903e-11,1.5539023074435427e-05,1.552886825370042e-05,5.987688012561848e-06,1.63077978750629e-10,nan,3.4574541190113505e-10,0.0,nan,lorentzian,0.8,0.1,256,lorentzian:0.8:0.1:0.01,0.01,-0.04928852325198424,0.4690883564922961,-0.04928554892154707,0.469088901181519,-0.04928852325743925,0.46908835651942593
0.00021544346900318823,0.016,,,,1.2639857294148193e-10,5.96184891181821e-11,2.2808166688218752e-05,2.2793261449781076e-05,8.788724079587724e-06,3.5134340860601904e-10,nan,7.448914949799456e-10,0.0,nan,lorentzian,0.8,0.1,256,lorentzian:0.8:0.1:0.01,0.01,-0.04928991463783848,0.46908810166844894,-0.04928554892154707,0.469088901181519,-0.04928991464959126,0.4690881017268975
0.00031622776601683794,0.016,,,,2.723172568882362e-10,1.284439972718714e-10,3.3477810360769595e-05,3.3455932462707035e-05,1.2900082767351319e-05,7.569545042339045e-10,nan,1.6048377412358437e-09,0.0,nan,lorentzian,0.8,0.1,256,lorentzian:0.8:0.1:0.01,0.01,-0.04929195690865124,0.4690877276166878,-0.04928554892154707,0.469088901181519,-0.04929195693397297,0.4690877277426111
0.00046415888336127773,0.016,,,,5.866926536690485e-10,2.7672543883399095e-10,4.913870552912812e-05,4.91065931663748e-05,1.893473203818234e-05,1.6308345838819272e-09,nan,3.4575739639038226e-09,0.0,nan,lorentzian,0.8,0.1,256,lorentzian:0.8:0.1:0.01,0.01,-0.049294954542935025,0.4690871785374555,-0.04928554892154707,0.469088901181519,-0.04929495459749271,0.4690871788087495
0.0006812920690579609,0.016,,,,1.2639910212198626e-09,5.961864604915791e-10,7.212575598755078e-05,7.207862148501983e-05,2.7792385818264165e-05,3.5136073726579037e-09,nan,7.449293959081546e-09,0.0,nan,lorentzian,0.8,0.1,256,lorentzian:0.8:0.1:0.01,0.01,-0.04929935444825925,0.4690863724995469,-0.04928554892154707,0.469088901181519,-0.04929935456581157,0.46908637308402934
0.001,0.016,,,,2.7231908997796774e-09,1.2844456877898165e-09,0.00010586613181521519,0.00010579694782692053,4.079364354951816e-05,7.570093047013967e-09,nan,1.604957606775409e-08,0.0,nan,lorentzian,0.8,0.1,256,lorentzian:0.8:0.1:0.01,0.01,-0.04930581258279269,0.4690851891826521,-0.04928554892154707,0.469088901181519,-0.04930581283608756,0.469085190441875
0.0014677992676220691,0.016,,,,5.866949385317865e-09,2.767255893461377e-09,0.00015539023074435428,0.00015528868253700422,5.98768801256185e-05,1.6310078894738346e-08,nan,3.457953069033478e-08,0.0,nan,lorentzian,0.8,0.1,256,lorentzian:0.8:0.1:0.01,0.01,-0.049315291734647486,0.46908345184769507,-0.04928554892154707,0.469088901181519,-0.04931529228046875,0.4690834545605873
0.002154434690031882,0.016,,,,1.2640004353210184e-08,5.961879673988297e-09,0.0002280816668821875,0.00022793261449781073,8.788724079587724e-05,3.514155465506162e-08,nan,7.450493059445568e-08,0.0,nan,lorentzian,0.8,0.1,256,lorentzian:0.8:0.1:0.01,0.01,-0.04932920502569188,0.46908090079062015,-0.04928554892154707,0.469088901181519,-0.04932920620198894,0.46908090663530444
0.0031622776601683794,0.016,,,,2.7232202059685826e-08,1.2844502277254855e-08,0.0003347781036076959,0.0003345593246270704,0.0001290008276735132,7.571826512266224e-08,nan,1.6053369184979257e-07,0.0,nan,lorentzian,0.8,0.1,256,lorentzian:0.8:0.1:0.01,0.01,-0.0493496265104101,0.4690771542006568,-0.04928554892154707,0.469088901181519,-0.049349629045806025,0.4690771667924401
0.004641588833612777,0.016,,,,5.867043777460042e-08,2.7672710298132843e-08,0.0004913870552912812,0.0004910659316637479,0.00018934732038182337,1.6315561723646237e-07,nan,3.459153128704098e-07,0.0,nan,lorentzian,0.8,0.1,256,lorentzian:0.8:0.1:0.01,0.01,-0.04937960021505143,0.4690716503263045,-0.04928554892154707,0.469088901181519,-0.049379605681003476,0.46907167745382305
0.006812920690579608,0.016,,,,1.2640300707001987e-07,5.961926388523838e-08,0.0007212575598755077,0.0007207862148501982,0.0002779238581826416,3.515889813177351e-07,nan,7.454290632019595e-07,0.0,nan,lorentzian,0.8,0.1,256,lorentzian:0.8:0.1:0.01,0.01,-0.04942359357674926,0.4690635617642323,-0.04928554892154707,0.469088901181519,-0.049423605364192116,0.4690636202066212
0.01,0.016,,,,2.723313723145201e-07,1.2844648411440204e-07,0.001058661318152152,0.0010579694782692055,0.0004079364354951816,7.577313439179173e-07,nan,1.60653904796055e-06,0.0,nan,lorentzian,0.8,0.1,256,lorentzian:0.8:0.1:0.01,0.01,-0.04948816263561048,0.46905166788136166,-0.04928554892154707,0.469088901181519,-0.04948818806695196,0.46905179378507944
0.01467799267622069,0.016,,,,5.867338217632511e-07,2.767316330098491e-07,0.0015539023074435426,0.001552886825370042,0.000598768801256185,1.6332924236473784e-06,nan,3.4629603207025403e-06,0.0,nan,lorentzian,0.8,0.1,256,lorentzian:0.8:0.1:0.01,0.01,-0.04958292760656641,0.46903416374180895,-0.04928554892154707,0.469088901181519,-0.049582982510763915,0.46903443497220143
0.021544346900318822,0.016,,,,1.2641225446424736e-06,5.962065227419172e-07,0.0022808166688218752,0.0022793261449781076,0.0008788724079587724,3.5213855860118317e-06,nan,7.466356660088365e-06,0.0,nan,lorentzian,0.8,0.1,256,lorentzian:0.8:0.1:0.01,0.01,-0.049722003077930135,0.46900837143788093,-0.04928554892154707,0.469088901181519,-0.04972212172596577,0.4690089557193725
0.03162277660168379,0.016,,,,2.7236031991582773e-06,1.2845066979121867e-06,0.003347781036076959,0.0033455932462707035,0.0012900082767351318,7.594717080361602e-06,nan,1.6103670608574322e-05,0.0,nan,lorentzian,0.8,0.1,256,lorentzian:0.8:0.1:0.01,0.01,-0.04992609340496636,0.4689702987073264,-0.04928554892154707,0.469088901181519,-0.04992635016413653,0.4689715572907307
0.046415888336127774,0.016,,,,5.868239988666836e-06,2.767439221201207e-06,0.004913870552912812,0.00491065931663748,0.001893473203818234,1.6388073338814e-05,nan,3.475123384649745e-05,0.0,nan,lorentzian,0.8,0.1,256,lorentzian:0.8:0.1:0.01,0.01,-0.05022555974283507,0.4689139530516754,-0.04928554892154707,0.469088901181519,-0.05022611651611121,0.46891666390456
0.06812920690579609,0.016,,,,1.264401367096099e-05,5.962409814794894e-06,0.007212575598755077,0.007207862148501983,0.0027792385818264163,3.538878378912615e-05,nan,7.505089895693379e-05,0.0,nan,lorentzian,0.8,0.1,256,lorentzian:0.8:0.1:0.01,0.01,-0.05066490243271381,0.4688302532808669,-0.04928554892154707,0.469088901181519,-0.050666113347997366,0.4688360914325415
0.1,0.016,,,,2.7244554638101464e-05,1.2845952293197206e-05,0.01058661318152152,0.010579694782692054,0.004079364354951816,7.650282209021993e-05,nan,0.0001622742305022467,0.0,nan,lorentzian,0.8,0.1,256,lorentzian:0.8:0.1:0.01,0.01,-0.05130929557919309,0.46870525647560424,-0.04928554892154707,0.469088901181519,-0.05131194037559588,0.468717827217122
0.14677992676220675,0.016,,,,5.8707983481709095e-05,2.7676243328905677e-05,0.015539023074435412,0.015528868253700404,0.005987688012561843,0.00016564947570337684,nan,0.0003514854428168032,0.0,nan,lorentzian,0.8,0.1,256,lorentzian:0.8:0.1:0.01,0.01,-0.05225407325661939,0.4685171798893732,-0.04928554892154707,0.469088901181519,-0.05225988481371552,0.4685442390883436
0.21544346900318823,0.016,,,,0.0001265146896267703,5.962555059874227e-05,0.022808166688218754,0.022793261449781076,0.008788724079587725,0.0003595357463398839,nan,0.0007633564448292099,0.0,nan,lorentzian,0.8,0.1,256,lorentzian:0.8:0.1:0.01,0.01,-0.05363839835324172,0.4682312284561309,-0.04928554892154707,0.469088901181519,-0.05365127696573398,0.46828944656005467
0.31622776601683794,0.016,,,,0.00027265182318077176,0.00012844370355624864,0.03347781036076959,0.03345593246270704,0.012900082767351318,0.0007831472170722698,nan,0.001664729499633629,0.0,nan,lorentzian,0.8,0.1,256,lorentzian:0.8:0.1:0.01,0.01,-0.05566468817096031,0.4677903058728288,-0.04928554892154707,0.469088901181519,-0.055693561347441724,0.46791546227363645
0.46415888336127725,0.016,,,,0.0005875953413700618,0.0002766178547882378,0.04913870552912807,0.049106593166374744,0.018934732038182318,0.0017150287389592499,nan,0.003654266733467813,0.0,nan,lorentzian,0.8,0.1,256,lorentzian:0.8:0.1:0.01,0.01,-0.05862548207507252,0.46709783653845305,-0.04928554892154707,0.469088901181519,-0.05869122486718835,0.4673665284119298
0.6812920690579608,0.016,,,,0.0012661433120813273,0.00059536154153127,0.07212575598755076,0.07207862148501983,0.02779238581826416,0.0037864548711654595,nan,0.008107679094372579,0.0,nan,lorentzian,0.8,0.1,256,lorentzian:0.8:0.1:0.01,0.01,-0.06293851381725546,0.4659853522381188,-0.04928554892154707,0.469088901181519,-0.06309119318604986,0.46656080369174374
1.0,0.016,,,,0.002726745047188037,0.001279604938125508,0.10586613181521519,0.10579694782692053,0.04079364354951816,0.008465501531568541,nan,0.01832038643755515,0.0,nan,lorentzian,0.8,0.1,256,lorentzian:0.8:0.1:0.01,0.01,-0.06918643001835922,0.464151134432532,-0.04928554892154707,0.469088901181519,-0.06954946346203512,0.46537816153754963
0.0,0.0,-2.6112110981542735,-2.6112110981542735,-2.6112110981542735,0.0,0.0,0.0,0.0,0.0,0.0,0.0,0.0,0.0,0.0,lorentzian,1.2,0.0,256,lorentzian:1.2:0.0:0.0,0.0,,,,,,
1e-05,0.0,-2.611188118503119,-2.6112110981542735,-2.6111881180462615,1.7496160447971412e-10,4.568576628116716e-10,3.392746482548404e-05,3.351021889563365e-05,2.3005004615785304e-05,2.443461370946517e-08,2.7901322545528502e-08,9.357661276583334e-09,0.0,0.0,lorentzian,1.2,0.0,256,lorentzian:1.2:0.0:0.0,0.0,,,,,,
1.4677992676220705e-05,0.0,-2.6111773689528226,-2.6112110981542735,-2.6111773679685633,3.769408207960838e-10,9.842593406972355e-10,4.979870802311903e-05,4.918627475286633e-05,3.376672892669202e-05,5.264361496116435e-08,6.011063492376022e-08,2.0160873278195243e-08,0.0,0.0,lorentzian,1.2,0.0,256,lorentzian:1.2:0.0:0.0,0.0,,,,,,
2.1544346900318823e-05,0.0,-2.611161591132868,-2.6112110981542735,-2.6111615890123905,8.120820934679089e-10,2.1204775713101753e-09,7.309450716485929e-05,7.2195578059315e-05,4.9562779988591426e-05,1.1341987261916988e-07,1.295014575278309e-07,4.3436560197194596e-08,0.0,0.0,lorentzian,1.2,0.0,256,lorentzian:1.2:0.0:0.0,0.0,,,,,,
3.1622776601683795e-05,0.0,-2.61113843324036,-2.6112110981542735,-2.611138428672078,1.7495365771555273e-09,4.5682821969705856e-09,0.00010728806408377666,0.00010596861660101459,7.27482121685683e-05,2.4436406439708097e-07,2.789930107461547e-07,9.358526709372171e-08,0.0,0.0,lorentzian,1.2,0.0,256,lorentzian:1.2:0.0:0.0,0.0,,,,,,
4.641588833612782e-05,0.0,-2.6111044437831303,-2.6112110981542735,-2.6111044339415277,3.769134041105631e-09,9.84160264394518e-09,0.00015747734188675713,0.00015554065783789317,0.00010677977254183956,5.264928444652049e-07,6.010424288848743e-07,2.016361137384389e-07,0.0,0.0,lorentzian,1.2,0.0,256,lorentzian:1.2:0.0:0.0,0.0,,,,,,
6.812920690579608e-05,0.0,-2.6110545577025452,-2.6112110981542735,-2.6110545365009235,8.119945915717903e-09,2.1201621791533398e-08,0.00023114512708845208,0.00022830246365991423,0.00015673127193376307,1.134378028448333e-06,1.2948124607294044e-06,4.344522511588758e-07,0.0,0.0,lorentzian,1.2,0.0,256,lorentzian:1.2:0.0:0.0,0.0,,,,,,
0.0001,0.0,-2.6109813427470208,-2.6112110981542735,-2.610981297074149,1.7492607457247242e-08,4.5672871706869955e-08,0.0003392746482548404,0.00033510218895633646,0.00023005004615785302,2.444207728214053e-06,2.789291054957295e-06,9.361269722773584e-07,0.0,0.0,lorentzian,1.2,0.0,256,lorentzian:1.2:0.0:0.0,0.0,,,,,,
0.0001467799267622069,0.0,-2.6108738946817107,-2.6112110981542735,-2.610873796297167,3.768261034112177e-08,9.83845436230979e-08,0.0004979870802311897,0.0004918627475286628,0.0003376672892669198,5.266722097274961e-06,6.008403844173446e-06,2.0172299131937303e-06,0.0,0.0,lorentzian,1.2,0.0,256,lorentzian:1.2:0.0:0.0,0.0,,,,,,
0.00021544346900318823,0.0,-2.610716218652132,-2.6112110981542735,-2.610716006735445,8.117185826296912e-08,2.1191668686526555e-07,0.000730945071648593,0.0007219557805931499,0.0004956277998859142,1.1349454052453353e-05,1.294173733396249e-05,4.347276135122803e-06,0.0,0.0,lorentzian,1.2,0.0,256,lorentzian:1.2:0.0:0.0,0.0,,,,,,
0.00031622776601683794,0.0,-2.610484859746377,-2.6112110981542735,-2.6104844033323116,1.7483880954318962e-07,4.5641406520857686e-07,0.0010728806408377665,0.0010596861660101457,0.0007274821216856831,2.4460027394834298e-05,2.7872721187902593e-05,9.37000679040001e-06,0.0,0.0,lorentzian,1.2,0.0,256,lorentzian:1.2:0.0:0.0,0.0,,,,,,
0.00046415888336127773,0.0,-2.6101454388778986,-2.6112110981542735,-2.6101444560268123,3.7655031465134874e-07,9.828510862952555e-07,0.0015747734188675698,0.0015554065783789303,0.0010677977254183945,5.2724021765165095e-05,6.002023567256409e-05,2.0200064663881762e-05,0.0,0.0,lorentzian,1.2,0.0,256,lorentzian:1.2:0.0:0.0,0.0,,,,,,
0.0006812920690579609,0.0,-2.609647597646291,-2.6112110981542735,-2.6096454816207713,8.108472276495949e-07,2.1160255196939204e-06,0.002311451270884521,0.002283024636599142,0.0015673127193376307,0.00011367433493543156,0.00012921580409622698,4.3561199222807635e-05,0.0,0.0,lorentzian,1.2,0.0,256,lorentzian:1.2:0.0:0.0,0.0,,,,,,
0.001,0.0,-2.6089176415739583,-2.6112110981542735,-2.6089130873530215,1.7456361459025543e-06,4.554220936814346e-06,0.003392746482548404,0.0033510218895633644,0.00230050046157853,0.000245169645502085,0.00027809068726922183,9.398269662377667e-05,0.0,0.0,lorentzian,1.2,0.0,256,lorentzian:1.2:0.0:0.0,0.0,,,,,,
0.0014677992676220691,0.0,-2.607847876790922,-2.6112110981542735,-2.6078380795832086,3.756817182757822e-06,9.79720771354664e-06,0.004979870802311898,0.004918627475286629,0.0033766728926691984,0.0005290445070653936,0.0005981936238259589,0.000202908247525765,0.0,0.0,lorentzian,1.2,0.0,256,lorentzian:1.2:0.0:0.0,0.0,,,,,,
0.002154434690031882,0.0,-2.606281245535565,-2.6112110981542735,-2.606260183965989,8.081080893325815e-06,2.106156957593086e-05,0.007309450716485928,0.007219557805931499,0.004956277998859142,0.0011424666259927045,0.0012858249818196088,0.00043854702549074874,0.0,0.0,lorentzian,1.2,0.0,256,lorentzian:1.2:0.0:0.0,0.0,,,,,,
0.0031622776601683794,0.0,-2.60398938147373,-2.6112110981542735,-2.603944149934648,1.737009352018145e-05,4.523153908175814e-05,0.010728806408377665,0.010596861660101459,0.007274821216856831,0.002469877305964945,0.0027609681549099216,0.0009494144654635523,0.0,0.0,lorentzian,1.2,0.0,256,lorentzian:1.2:0.0:0.0,0.0,,,,,,
0.004641588833612777,0.0,-2.600641672975878,-2.6112110981542735,-2.60054467687966,3.729698605769787e-05,9.699609621804939e-05,0.0157477341886757,0.015554065783789301,0.010677977254183945,0.005348323311581231,0.005919290126180556,0.002060854973161448,0.0,0.0,lorentzian,1.2,0.0,256,lorentzian:1.2:0.0:0.0,0.0,,,,,,
0.006812920690579608,0.0,-2.595762491716142,-2.6112110981542735,-2.595554932819248,7.996066572213344e-05,0.00020755889689416662,0.02311451270884521,0.022830246365991423,0.015673127193376307,0.011609506306001298,0.012662004024671245,0.004492937887495195,0.0,0.0,lorentzian,1.2,0.0,256,lorentzian:1.2:0.0:0.0,0.0,,,,,,
0.01,0.0,-2.588673773524708,-2.6112110981542735,-2.5882309901417524,0.00017104642055864715,0.0004427833829554473,0.03392746482548404,0.033510218895633645,0.0230050046157853,0.025291873865924755,0.026997563270123905,0.009868308499920996,0.0,0.0,lorentzian,1.2,0.0,256,lorentzian:1.2:0.0:0.0,0.0,,,,,,
0.01467799267622069,0.0,-2.578421337440908,-2.6112110981542735,-2.577480912443619,0.0003647289849930721,0.000940424997289302,0.049798708023118976,0.04918627475286628,0.03376672892669198,0.05539983351068133,0.057295442180774495,0.021965920910885364,0.0,0.0,lorentzian,1.2,0.0,256,lorentzian:1.2:0.0:0.0,0.0,,,,,,
0.021544346900318822,0.0,-2.5636868501449257,-2.6112110981542735,-2.5617019562714187,0.0007742341360430858,0.0019848938735069765,0.07309450716485928,0.072195578059315,0.049562779988591425,0.12235506545827479,0.12079028267849462,0.05015894455974171,0.0,0.0,lorentzian,1.2,0.0,256,lorentzian:1.2:0.0:0.0,0.0,,,,,,
0.03162277660168379,0.0,-2.542694500131222,-2.6112110981542735,-2.5385416159580214,0.0016332611617266828,0.004152884173200366,0.10728806408377664,0.10596861660101457,0.0727482121685683,0.27370290148401244,0.25228796826718997,0.12084873847080002,0.0,0.0,lorentzian,1.2,0.0,256,lorentzian:1.2:0.0:0.0,0.0,,,,,,
0.046415888336127774,0.0,-2.513132333773812,-2.6112110981542735,-2.50454688540814,0.0034162340957109654,0.008585448365671766,0.157477341886757,0.15554065783789303,0.10677977254183946,0.6248021091211776,0.5202204797747427,0.33238667131999794,0.0,0.0,lorentzian,1.2,0.0,256,lorentzian:1.2:0.0:0.0,0.0,,,,,,
0.06812920690579609,0.0,-2.472118506435967,-2.6112110981542735,-2.454649444804014,0.007066433743557891,0.017469061631953053,0.23114512708845208,0.22830246365991425,0.15673127193376307,1.4750713853188446,1.0543885630133762,1.5058232174923238,0.0,0.0,lorentzian,1.2,0.0,256,lorentzian:1.2:0.0:0.0,0.0,,,,,,
0.1,0.0,-2.416240580349899,-2.6112110981542735,-2.3814100180290616,0.014415188042158246,0.034830562320837366,0.3392746482548404,0.3351021889563365,0.23005004615785302,3.698024397040554,2.0898967701315785,inf,0.0,0.0,lorentzian,1.2,0.0,256,lorentzian:1.2:0.0:0.0,0.0,,,,,,
0.14677992676220675,0.0,-2.341669230015505,-2.6112110981542735,-2.2739092410477277,0.028936618416994988,0.06775998896777713,0.49798708023118926,0.4918627475286623,0.33766728926691947,10.485983787308873,4.029431771893613,inf,0.0,0.0,lorentzian,1.2,0.0,256,lorentzian:1.2:0.0:0.0,0.0,,,,,,
0.21544346900318823,0.0,-2.244317230736835,-2.6112110981542735,-2.116119679325721,0.05712095850595305,0.12819755141111422,0.7309450716485929,0.72195578059315,0.49562779988591427,42.151832320779334,7.521145921401359,inf,0.0,0.0,lorentzian,1.2,0.0,256,lorentzian:1.2:0.0:0.0,0.0,,,,,,
0.31622776601683794,0.0,-2.1200745459861183,-2.6112110981542735,-1.8845162761917522,0.11110848448246427,0.23555826979436612,1.0728806408377665,1.0596861660101458,0.727482121685683,inf,13.546849022637476,inf,0.0,0.0,lorentzian,1.2,0.0,256,lorentzian:1.2:0.0:0.0,0.0,,,,,,
0.46415888336127725,0.0,-1.965391873294379,-2.6112110981542735,-1.5445689706929357,0.21411653742928233,0.42082290260144317,1.5747734188675682,1.5554065783789286,1.0677977254183935,inf,23.524081079927065,inf,0.0,0.0,lorentzian,1.2,0.0,256,lorentzian:1.2:0.0:0.0,0.0,,,,,,
0.6812920690579608,0.0,-1.7787057801278916,-2.6112110981542735,-1.0455945646516747,0.4121599106871431,0.7331112154762169,2.3114512708845205,2.283024636599142,1.5673127193376306,inf,39.44862475798409,inf,0.0,0.0,lorentzian,1.2,0.0,256,lorentzian:1.2:0.0:0.0,0.0,,,,,,
1.0,0.0,-1.562778383231994,-2.6112110981542735,-0.3132002969021538,0.7995875165265457,1.2495780863298402,3.3927464825484037,3.3510218895633646,2.30050046157853,inf,64.1280559674558,inf,0.0,0.0,lorentzian,1.2,0.0,256,lorentzian:1.2:0.0:0.0,0.0,,,,,,
0.0,0.024,,,,0.0,0.0,0.0,0.0,0.0,0.0,nan,0.0,0.0,nan,lorentzian,1.2,0.0,256,lorentzian:1.2:0.0:0.01,0.01,-0.0342586895073259,0.31251395372790786,-0.0342586895073259,0.31251395372790786,-0.0342586895073259,0.31251395372790786
1e-05,0.024,,,,6.018443019349927e-13,1.8921147714685292e-13,1.4879359361810557e-06,1.4874605670190512e-06,6.43245464194478e-07,1.0428195175396798e-12,nan,3.317002721206249e-12,0.0,nan,lorentzian,1.2,0.0,256,lorentzian:1.2:0.0:0.01,0.01,-0.0342589283878029,0.31251390320454747,-0.0342586895073259,0.31251395372790786,-0.03425892838785833,0.3125139032047284
1.4677992676220705e-05,0.024,,,,1.2969362020814073e-12,4.0773868746229415e-13,2.1839912773951135e-06,2.183293530887273e-06,9.441552212458735e-07,2.246688107851386e-12,nan,7.146270960968859e-12,0.0,nan,lorentzian,1.2,0.0,256,lorentzian:1.2:0.0:0.01,0.01,-0.034259040135877016,0.31251387956963217,-0.0342586895073259,0.31251395372790786,-0.03425904013599645,0.312513879570022
2.1544346900318823e-05,0.024,,,,2.794407346741e-12,8.785227228337935e-13,3.205660797453531e-06,3.204636645640337e-06,1.3858303422662444e-06,4.840347742483662e-12,nan,1.5396190606110966e-11,0.0,nan,lorentzian,1.2,0.0,256,lorentzian:1.2:0.0:0.01,0.01,-0.03425920415957442,0.3125138448781771,-0.0342586895073259,0.31251395372790786,-0.03425920415983173,0.3125138448790171
3.1622776601683795e-05,0.024,,,,6.021411038253462e-12,1.8930475603508803e-12,4.7052665707470764e-06,4.703763321465736e-06,2.034120761426837e-06,1.0428228726506463e-11,nan,3.317013945137782e-11,0.0,nan,lorentzian,1.2,0.0,256,lorentzian:1.2:0.0:0.01,0.01,-0.03425944491334266,0.31251379395777573,-0.0342586895073259,0.31251395372790786,-0.03425944491389704,0.3125137939595858
4.641588833612782e-05,0.024,,,,1.297348169059404e-11,4.078681045342707e-12,6.906386826509168e-06,6.904180358314964e-06,2.985680963877159e-06,2.246698717674582e-11,nan,7.146306454393199e-11,0.0,nan,lorentzian,1.2,0.0,256,lorentzian:1.2:0.0:0.01,0.01,-0.03425979829134339,0.3125137192161819,-0.0342586895073259,0.31251395372790786,-0.03425979829253778,0.31251371922008175
6.812920690579608e-05,0.024,,,,2.7948712935200747e-11,8.786682662542737e-12,1.0137189525864854e-05,1.0133950873465369e-05,4.382380332132043e-06,4.8403812938332115e-11,nan,1.5396302847271079e-10,0.0,nan,lorentzian,1.2,0.0,256,lorentzian:1.2:0.0:0.01,0.01,-0.03426031697887463,0.31251360950909096,-0.0342586895073259,0.31251395372790786,-0.03426031698144786,0.3125136095174924
0.0001,0.024,,,,6.021557026059118e-11,1.8930924607753267e-11,1.4879359361810557e-05,1.4874605670190512e-05,6.43245464194478e-06,1.0428334825851865e-10,nan,3.317049439418404e-10,0.0,nan,lorentzian,1.2,0.0,256,lorentzian:1.2:0.0:0.01,0.01,-0.03426107830710626,0.31251344847801116,-0.0342586895073259,0.31251395372790786,-0.03426107831265017,0.3125134484961121
0.0001467799267622069,0.024,,,,1.2973039671630206e-10,4.078538930741212e-11,2.183991277395111e-05,2.1832935308872704e-05,9.441552212458724e-06,2.2467322695409436e-10,nan,7.146418699527883e-10,0.0,nan,lorentzian,1.2,0.0,256,lorentzian:1.2:0.0:0.01,0.01,-0.03426219578208721,0.3125132121100508,-0.0342586895073259,0.31251395372790786,-0.03426219579403135,0.31251321214904804
0.00021544346900318823,0.024,,,,2.794957141809696e-10,8.786942595900702e-11,3.205660797453531e-05,3.2046366456403374e-05,1.3858303422662443e-05,4.840487395577503e-10,nan,1.5396657808526174e-09,0.0,nan,lorentzian,1.2,0.0,256,lorentzian:1.2:0.0:0.01,0.01,-0.034263836006650894,0.31251286515498367,-0.0342586895073259,0.31251395372790786,-0.03426383603238424,0.3125128652390005
0.00031622776601683794,0.024,,,,6.021566915418301e-10,1.8930924195482211e-10,4.705266570747076e-05,4.7037633214657355e-05,2.0341207614268368e-05,1.0428670355650463e-09,nan,3.3171616931166532e-09,0.0,nan,lorentzian,1.2,0.0,256,lorentzian:1.2:0.0:0.01,0.01,-0.034266243517595135,0.3125123558636781,-0.0342586895073259,0.31251395372790786,-0.03426624357303733,0.3125123560446868
0.00046415888336127773,0.024,,,,1.2973068749815414e-09,4.078538109643884e-10,6.906386826509162e-05,6.904180358314957e-05,2.9856809638771564e-05,2.246838376453795e-09,nan,7.146773700533772e-09,0.0,nan,lorentzian,1.2,0.0,256,lorentzian:1.2:0.0:0.01,0.01,-0.034269777239993804,0.31251160825967655,-0.0342586895073259,0.31251395372790786,-0.03426977735944471,0.31251160864964606
0.0006812920690579609,0.024,,,,2.794964150806315e-09,8.786933122391495e-10,0.00010137189525864855,0.00010133950873465369,4.382380332132043e-05,4.840822949367647e-09,nan,1.539778053003124e-08,0.0,nan,lorentzian,1.2,0.0,256,lorentzian:1.2:0.0:0.01,0.01,-0.03427496399118255,0.31251051078359415,-0.0342586895073259,0.31251395372790786,-0.0342749642485454,0.31251051162375265
0.001,0.024,,,,6.0215713070917725e-09,1.893083834676927e-09,0.00014879359361810558,0.0001487460567019051,6.432454641944779e-05,1.042973153614618e-08,nan,3.317516779781054e-08,0.0,nan,lorentzian,1.2,0.0,256,lorentzian:1.2:0.0:0.01,0.01,-0.034282577006054034,0.3125088995999,-0.0342586895073259,0.31251395372790786,-0.03428257756056861,0.31250890140994975
0.0014677992676220691,0.024,,,,1.297309476804303e-08,4.078514768137648e-09,0.00021839912773951114,0.00021832935308872708,9.441552212458725e-05,2.2471739819416858e-08,nan,7.1478968197035e-08,0.0,nan,lorentzian,1.2,0.0,256,lorentzian:1.2:0.0:0.01,0.01,-0.034293751179578516,0.3125065340397283,-0.0342586895073259,0.31251395372790786,-0.034293752374380454,0.31250653793930916
0.002154434690031882,0.024,,,,2.7949722573464228e-08,8.786858894762419e-09,0.0003205660797453531,0.0003204636645640337,0.00013858303422662442,4.8418843698616845e-08,nan,1.540133324296907e-07,0.0,nan,lorentzian,1.2,0.0,256,lorentzian:1.2:0.0:0.01,0.01,-0.03431015218335493,0.3125030604376101,-0.0342586895073259,0.31251395372790786,-0.03431015475790931,0.3125030688388338
0.0031622776601683794,0.024,,,,6.021596993517404e-08,1.893060361980104e-08,0.0004705266570747076,0.0004703763321465736,0.00020341207614268367,1.0433088705261897e-07,nan,3.3186407562639163e-07,0.0,nan,lorentzian,1.2,0.0,256,lorentzian:1.2:0.0:0.01,0.01,-0.03433422461636618,0.31249795879634246,-0.0342586895073259,0.31251395372790786,-0.03433423016444022,0.3124979768956968
0.004641588833612777,0.024,,,,1.2973174528753183e-07,4.0784400055908315e-08,0.0006906386826509162,0.0006904180358314957,0.0002985680963877156,2.2482359197980888e-07,nan,7.151453514250963e-07,0.0,nan,lorentzian,1.2,0.0,256,lorentzian:1.2:0.0:0.01,0.01,-0.034369556071235347,0.3124904639531008,-0.0342586895073259,0.31251395372790786,-0.03436956802851399,0.31249050294528946
0.006812920690579608,0.024,,,,2.7949974756319794e-07,8.78662211706901e-08,0.0010137189525864854,0.001013395087346537,0.00043823803321320435,4.845243941584147e-07,nan,1.5412591504580274e-06,0.0,nan,lorentzian,1.2,0.0,256,lorentzian:1.2:0.0:0.01,0.01,-0.03442141114469993,0.3124794486855731,-0.0342586895073259,0.31251395372790786,-0.0344214369195208,0.3124795326863554
0.01,0.024,,,,6.021676657731177e-07,1.8929853003859285e-07,0.0014879359361810558,0.001487460567019051,0.000643245464194478,1.04437192440811e-06,nan,3.322206047032271e-06,0.0,nan,lorentzian,1.2,0.0,256,lorentzian:1.2:0.0:0.01,0.01,-0.03449751446644339,0.31246324959103655,-0.0342586895073259,0.31251395372790786,-0.034497570039752956,0.31246343054832637
0.01467799267622069,0.024,,,,1.2973426589248535e-06,4.07820194234358e-07,0.002183991277395111,0.0021832935308872706,0.0009441552212458724,2.251600677343646e-06,nan,7.162751749583179e-06,0.0,nan,lorentzian,1.2,0.0,256,lorentzian:1.2:0.0:0.01,0.01,-0.03460919831241645,0.3124394060348094,-0.0342586895073259,0.31251395372790786,-0.0346093181778715,0.31243979584192005
0.021544346900318822,0.024,,,,2.7950772234270158e-06,8.785865976493995e-07,0.003205660797453531,0.003204636645640337,0.0013858303422662442,4.855898589716121e-06,nan,1.5448430457159367e-05,0.0,nan,lorentzian,1.2,0.0,256,lorentzian:1.2:0.0:0.01,0.01,-0.03477308333973207,0.31240426519291614,-0.0342586895073259,0.31251395372790786,-0.03477334201316003,0.31240510483716655
0.03162277660168379,0.024,,,,6.021929111463061e-06,1.892744675219945e-06,0.004705266570747075,0.004703763321465736,0.0020341207614268365,1.0477478990550387e-05,nan,3.333590981574527e-05,0.0,nan,lorentzian,1.2,0.0,256,lorentzian:1.2:0.0:0.01,0.01,-0.03501353742087535,0.31235237698546403,-0.0342586895073259,0.31251395372790786,-0.03501409607846909,0.3123541854057964
0.046415888336127774,0.024,,,,1.2974226161731037e-05,4.07743400003911e-06,0.006906386826509162,0.006904180358314958,0.002985680963877156,2.262307572319127e-05,nan,7.19899549276956e-05,0.0,nan,lorentzian,1.2,0.0,256,lorentzian:1.2:0.0:0.01,0.01,-0.03536626682265083,0.3122755514885538,-0.0342586895073259,0.31251395372790786,-0.03536747471920678,0.3122794459017233
0.06812920690579609,0.024,,,,2.795330640781335e-05,8.78340495341519e-06,0.010137189525864855,0.01013395087346537,0.004382380332132043,4.8899020902221645e-05,nan,0.00015564175006277506,0.0,nan,lorentzian,1.2,0.0,256,lorentzian:1.2:0.0:0.01,0.01,-0.03588354769755365,0.31216135849850235,-0.0342586895073259,0.31251395372790786,-0.035886163629274825,0.31216974331238256
0.1,0.024,,,,6.022733098602177e-05,1.8919513157272154e-05,0.014879359361810557,0.014874605670190512,0.006432454641944779,0.00010585687913466896,nan,0.0003370725726839304,0.0,nan,lorentzian,1.2,0.0,256,lorentzian:1.2:0.0:0.01,0.01,-0.036641816057979976,0.31199067478527254,-0.0342586895073259,0.31251395372790786,-0.03664749483159642,0.31200872193209195
0.14677992676220675,0.024,,,,0.00012976780485727594,4.0748550586885644e-05,0.02183991277395109,0.021832935308872682,0.009441552212458714,0.00022968461200205837,nan,0.0007318954927705662,0.0,nan,lorentzian,1.2,0.0,256,lorentzian:1.2:0.0:0.01,0.01,-0.037752606316611016,0.3117335492316068,-0.0342586895073259,0.31251395372790786,-0.03776497621278186,0.31177237486802983
0.21544346900318823,0.024,,,,0.00027961437457112306,8.774924448368439e-05,0.032056607974535314,0.03204636645640337,0.013858303422662442,0.0005000635642381986,nan,0.0015955647407546636,0.0,nan,lorentzian,1.2,0.0,256,lorentzian:1.2:0.0:0.01,0.01,-0.03937813819552084,0.31134199746108315,-0.0342586895073259,0.31251395372790786,-0.03940521456566716,0.3114254648204948
0.31622776601683794,0.024,,,,0.0006025328090778892,0.0001889118823966455,0.047052665707470756,0.04703763321465736,0.02034120761426837,0.0010943080780694303,nan,0.003500431567412988,0.0,nan,lorentzian,1.2,0.0,256,lorentzian:1.2:0.0:0.01,0.01,-0.041753081566148584,0.31073703112915735,-0.0342586895073259,0.31251395372790786,-0.04181275521875784,0.31091627050679216
0.46415888336127725,0.024,,,,0.0012985088782164983,0.00040651999965007055,0.06906386826509155,0.0690418035831495,0.029856809638771534,0.0024133591172545736,nan,0.007758679644530273,0.0,nan,lorentzian,1.2,0.0,256,lorentzian:1.2:0.0:0.01,0.01,-0.04521378431722091,0.3097846437559634,-0.0342586895073259,0.31251395372790786,-0.045346541626134676,0.3101688754660622
0.6812920690579608,0.024,,,,0.002798812938274545,0.0008741166185758583,0.10137189525864854,0.10133950873465368,0.04382380332132043,0.005386357493641745,nan,0.01750014143381956,0.0,nan,lorentzian,1.2,0.0,256,lorentzian:1.2:0.0:0.01,0.01,-0.05023435288778219,0.3082504895364523,-0.0342586895073259,0.31251395372790786,-0.05053343072681525,0.3090718495726543
1.0,0.024,,,,0.006033924173678269,0.0018769572327180782,0.14879359361810557,0.1487460567019051,0.06432454641944779,0.012251058709997343,nan,0.04074713825208421,0.0,nan,lorentzian,1.2,0.0,256,lorentzian:1.2:0.0:0.01,0.01,-0.057462114642601106,0.30571399369885066,-0.0342586895073259,0.31251395372790786,-0.05814674275003108,0.3074616357697478
0.0,0.0,-3.202022289673854,-3.202022289673854,-3.202022289673854,0.0,0.0,0.0,0.0,0.0,0.0,0.0,0.0,0.0,0.0,lorentzian,1.2,0.05,256,lorentzian:1.2:0.05:0.0,0.0,,,,,,
1e-05,0.0,-3.2019934474275447,-3.202022289673854,-3.2019934466808104,2.3320916868395253e-10,7.467342300060409e-10,3.502761424919594e-05,3.435690435185286e-05,2.6382925537366988e-05,4.007889667989076e-08,3.8739687700112585e-08,1.2516857966432892e-08,0.0,0.0,lorentzian,1.2,0.05,256,lorentzian:1.2:0.05:0.0,0.0,,,,,,
1.4677992676220705e-05,0.0,-3.20197995555855,-3.202022289673854,-3.201979953949788,5.024272590158375e-10,1.6087620124949353e-09,5.141350654151821e-05,5.0429039045411145e-05,3.8724838781474884e-05,8.634878029673634e-08,8.3460785715219e-08,2.696730893608981e-08,0.0,0.0,lorentzian,1.2,0.05,256,lorentzian:1.2:0.05:0.0,0.0,,,,,,
2.1544346900318823e-05,0.0,-3.2019601527949617,-3.202022289673854,-3.2019601493290764,1.0824261362107449e-09,3.4658853564906167e-09,7.54647072475228e-05,7.401970657773913e-05,5.6840290002231476e-05,1.8603728236330421e-07,1.79806570459058e-07,5.8101064503020044e-08,0.0,0.0,lorentzian,1.2,0.05,256,lorentzian:1.2:0.05:0.0,0.0,,,,,,
3.1622776601683795e-05,0.0,-3.201931087588048,-3.202022289673854,-3.201931080121299,2.331951810524631e-09,7.46674899687605e-09,0.00011076704202922794,0.00010864607110440606,8.343013603670145e-05,4.008193256886779e-07,3.8736810073635893e-07,1.2518051320713078e-07,0.0,0.0,lorentzian,1.2,0.05,256,lorentzian:1.2:0.05:0.0,0.0,,,,,,
4.641588833612782e-05,0.0,-3.201888428445153,-3.202022289673854,-3.2018884123594145,5.023828555693461e-09,1.608573851896722e-08,0.00016258378316716385,0.0001594706235970626,0.0001224586925722801,8.635838127549165e-07,8.345168646995902e-07,2.697108501156295e-07,0.0,0.0,lorentzian,1.2,0.05,256,lorentzian:1.2:0.05:0.0,0.0,,,,,,
6.812920690579608e-05,0.0,-3.201825819302649,-3.202022289673854,-3.2018257846497686,1.0822849998936235e-08,3.4652880565033684e-08,0.00023864035785998815,0.0002340708645230029,0.00017974477927154868,1.8606764636396804e-06,1.7977779894382329e-06,5.811301645003242e-07,0.0,0.0,lorentzian,1.2,0.05,256,lorentzian:1.2:0.05:0.0,0.0,,,,,,
0.0001,0.0,-3.2017339343919557,-3.202022289673854,-3.2017338597434164,2.3315035190169582e-08,7.464853934990856e-08,0.0003502761424919594,0.0003435690435185285,0.0002638292553736699,4.009153592030706e-06,3.872771303253326e-06,1.2521835942192742e-06,0.0,0.0,lorentzian,1.2,0.05,256,lorentzian:1.2:0.05:0.0,0.0,,,,,,
0.0001467799267622069,0.0,-3.201599093230707,-3.202022289673854,-3.201598932433198,5.022412375914871e-08,1.607975090855973e-07,0.0005141350654151815,0.0005042903904541109,0.0003872483878147484,8.638875629202285e-06,8.342292518292709e-06,2.6983076649707323e-06,0.0,0.0,lorentzian,1.2,0.05,256,lorentzian:1.2:0.05:0.0,0.0,,,,,,
0.00021544346900318823,0.0,-3.2014012325656145,-3.202022289673854,-3.201400886226076,1.0818373369096715e-07,3.463395383818124e-07,0.0007546470724752281,0.0007401970657773913,0.0005684029000223148,1.8616373102887557e-05,1.796868759902774e-05,5.815104705925211e-06,0.0,0.0,lorentzian,1.2,0.05,256,lorentzian:1.2:0.05:0.0,0.0,,,,,,
0.00031622776601683794,0.0,-3.2011109400355244,-3.202022289673854,-3.201110194148309,2.330088614608252e-07,7.458872155474694e-07,0.0011076704202922793,0.0010864607110440605,0.0008343013603670145,4.0121934692021574e-05,3.869897376130812e-05,1.2533913281153602e-05,0.0,0.0,lorentzian,1.2,0.05,256,lorentzian:1.2:0.05:0.0,0.0,,,,,,
0.00046415888336127773,0.0,-3.200685122614235,-3.202022289673854,-3.200683516529457,5.017940586261051e-07,1.60608477806079e-06,0.001625837831671637,0.0015947062359706243,0.0012245869257227998,8.648495130886375e-05,8.333210433599925e-05,2.702150581768796e-05,0.0,0.0,lorentzian,1.2,0.05,256,lorentzian:1.2:0.05:0.0,0.0,,,,,,
0.0006812920690579609,0.0,-3.200060696857112,-3.202022289673854,-3.200057239432996,1.0804245431136045e-06,3.4574241163376485e-06,0.0023864035785998816,0.002340708645230029,0.0017974477927154868,0.0001864682315693659,0.00017939995665913817,5.827367568951991e-05,0.0,0.0,lorentzian,1.2,0.05,256,lorentzian:1.2:0.05:0.0,0.0,,,,,,
0.001,0.0,-3.199145430388314,-3.202022289673854,-3.199137990369482,2.3256269507024804e-06,7.440018832127748e-06,0.0035027614249195944,0.0034356904351852853,0.002638292553736699,0.0004021836816032351,0.00038608372260563815,0.0001257320722650349,0.0,0.0,lorentzian,1.2,0.05,256,lorentzian:1.2:0.05:0.0,0.0,,,,,,
0.0014677992676220691,0.0,-3.197804718632078,-3.202022289673854,-3.1977887172672945,5.0038592695110845e-06,1.6001364783413408e-05,0.0051413506541518154,0.00504290390454111,0.0038724838781474848,0.0008679056151336648,0.0008304620055341234,0.0002714817370421926,0.0,0.0,lorentzian,1.2,0.05,256,lorentzian:1.2:0.05:0.0,0.0,,,,,,
0.002154434690031882,0.0,-3.1958426419659127,-3.202022289673854,-3.1958082551960807,1.0759844486859935e-05,3.438676983202882e-05,0.0075464707247522795,0.0074019706577739125,0.005684029000223147,0.0018743773650550617,0.001784986380076588,0.0005868554067650067,0.0,0.0,lorentzian,1.2,0.05,256,lorentzian:1.2:0.05:0.0,0.0,,,,,,
0.0031622776601683794,0.0,-3.1929751446768933,-3.202022289673854,-3.1929013344183996,2.311645257141266e-05,7.381025849362288e-05,0.011076704202922793,0.010864607110440605,0.008343013603670145,0.004052639166463933,0.003832463655701511,0.001270878474885982,0.0,0.0,lorentzian,1.2,0.05,256,lorentzian:1.2:0.05:0.0,0.0,,,,,,
0.004641588833612777,0.0,-3.188792719717261,-3.202022289673854,-3.188634558229886,4.95991747589589e-05,0.0001581614873753523,0.01625837831671637,0.015947062359706242,0.012245869257227999,0.008777136079228958,0.008215486579446284,0.002760229442391996,0.0,0.0,lorentzian,1.2,0.05,256,lorentzian:1.2:0.05:0.0,0.0,,,,,,
0.006812920690579608,0.0,-3.182709859066866,-3.202022289673854,-3.182371787265277,0.0001062213700146733,0.0003380718015892903,0.023864035785998813,0.023407086452300288,0.017974477927154866,0.019057103716493242,0.0175707088673775,0.006024409716681717,0.0,0.0,lorentzian,1.2,0.05,256,lorentzian:1.2:0.05:0.0,0.0,,,,,,
0.01,0.0,-3.173899349027678,-3.202022289673854,-3.173179296630138,0.00022686680274234408,0.0007200523975399165,0.03502761424919594,0.03435690435185285,0.026382925537366986,0.041532269113147446,0.037454208032896875,0.013262116946199205,0.0,0.0,lorentzian,1.2,0.05,256,lorentzian:1.2:0.05:0.0,0.0,,,,,,
0.01467799267622069,0.0,-3.1612123533590935,-3.202022289673854,-3.159686565608259,0.00048265904984619046,0.0015257877508343398,0.05141350654151815,0.05042903904541109,0.03872483878147484,0.09102421486980054,0.07945800378699559,0.02966250583023447,0.0,0.0,lorentzian,1.2,0.05,256,lorentzian:1.2:0.05:0.0,0.0,,,,,,
0.021544346900318822,0.0,-3.143091690177323,-3.202022289673854,-3.139881944896124,0.0010212063781753408,0.0032097452811989946,0.0754647072475228,0.07401970657773912,0.056840290002231474,0.20120729254200242,0.16742698349700016,0.0684687202037894,0.0,0.0,lorentzian,1.2,0.05,256,lorentzian:1.2:0.05:0.0,0.0,,,,,,
0.03162277660168379,0.0,-3.11749688798678,-3.202022289673854,-3.110812737119319,0.002144076195622957,0.006684150867461103,0.11076704202922792,0.10864607110440604,0.08343013603670145,0.45069733923509847,0.34944442311751167,0.1694277397114314,0.0,0.0,lorentzian,1.2,0.05,256,lorentzian:1.2:0.05:0.0,0.0,,,,,,
0.046415888336127774,0.0,-3.081873155373523,-3.202022289673854,-3.068144975234172,0.004454492267280579,0.013728180139350954,0.16258378316716368,0.15947062359706243,0.12245869257227998,1.031080352488462,0.719854327171346,0.5061598640394106,0.0,0.0,lorentzian,1.2,0.05,256,lorentzian:1.2:0.05:0.0,0.0,,,,,,
0.06812920690579609,0.0,-3.033200582953392,-3.202022289673854,-3.005517265588079,0.009126767784792636,0.027683317365313265,0.23864035785998816,0.2340708645230029,0.1797447792715487,2.443303175242962,1.4571276646916764,4.345859019191663,0.0,0.0,lorentzian,1.2,0.05,256,lorentzian:1.2:0.05:0.0,0.0,,,,,,
0.1,0.0,-2.9681298239521277,-3.202022289673854,-2.913592359236696,0.018374352858600358,0.05453746471543175,0.35027614249195943,0.34356904351852857,0.26382925537366986,6.168388669837685,2.8834408520162707,inf,0.0,0.0,lorentzian,1.2,0.05,256,lorentzian:1.2:0.05:0.0,0.0,,,,,,
0.14677992676220675,0.0,-2.883126619150489,-3.202022289673854,-2.778665049017909,0.03623204386471222,0.10446157013257995,0.514135065415181,0.5042903904541104,0.387248387814748,17.771264122392008,5.5484629225906374,inf,0.0,0.0,lorentzian,1.2,0.05,256,lorentzian:1.2:0.05:0.0,0.0,,,,,,
0.21544346900318823,0.0,-2.7744613204761364,-3.202022289673854,-2.580618841896558,0.069866707871895,0.19384247857957826,0.754647072475228,0.7401970657773913,0.5684029000223147,75.81863603215892,10.333305533319807,inf,0.0,0.0,lorentzian,1.2,0.05,256,lorentzian:1.2:0.05:0.0,0.0,,,,,,
0.31622776601683794,0.0,-2.6379767506500573,-3.202022289673854,-2.2899267641285093,0.13193823123565462,0.34804998652154806,1.1076704202922794,1.0864607110440605,0.8343013603670145,inf,18.567816048868508,inf,0.0,0.0,lorentzian,1.2,0.05,256,lorentzian:1.2:0.05:0.0,0.0,,,,,,
0.46415888336127725,0.0,-2.469024362782225,-3.202022289673854,-1.8632491452770314,0.24535003649075962,0.6057752175051934,1.6258378316716353,1.5947062359706228,1.2245869257227986,inf,32.16741587365778,inf,0.0,0.0,lorentzian,1.2,0.05,256,lorentzian:1.2:0.05:0.0,0.0,,,,,,
0.6812920690579608,0.0,-2.2634987584372444,-3.202022289673854,-1.2369720488161025,0.4535132638331431,1.026526709621142,2.3864035785998814,2.3407086452300288,1.7974477927154866,inf,53.82686692699068,inf,0.0,0.0,lorentzian,1.2,0.05,256,lorentzian:1.2:0.05:0.0,0.0,,,,,,
1.0,0.0,-2.020635724208958,-3.202022289673854,-0.31772298530227283,0.842760878917621,1.7029127389066852,3.502761424919594,3.4356904351852853,2.6382925537366986,inf,87.3393200944584,inf,0.0,0.0,lorentzian,1.2,0.05,256,lorentzian:1.2:0.05:0.0,0.0,,,,,,
0.0,0.024,,,,0.0,0.0,0.0,0.0,0.0,0.0,nan,0.0,0.0,nan,lorentzian,1.2,0.05,256,lorentzian:1.2:0.05:0.01,0.01,-0.028345588483185906,0.3136296611788129,-0.028345588483185906,0.3136296611788129,-0.028345588483185906,0.3136296611788129
1e-05,0.024,,,,3.5496211559347923e-13,1.1178039825272595e-13,1.1075617162150113e-06,1.1071487212400229e-06,4.730786314327118e-07,5.770795543000206e-13,nan,1.83253399220543e-12,0.0,nan,lorentzian,1.2,0.05,256,lorentzian:1.2:0.05:0.01,0.01,-0.02834576409611209,0.3136296310309349,-0.028345588483185906,0.3136296611788129,-0.028345764096137722,0.3136296310310437
1.4677992676220705e-05,0.024,,,,7.665040062400316e-13,2.413782133535313e-13,1.6256782759066372e-06,1.6250720821848174e-06,6.943844687445858e-07,1.2432808548572167e-12,nan,3.9480769324315874e-12,0.0,nan,lorentzian,1.2,0.05,256,lorentzian:1.2:0.05:0.01,0.01,-0.02834584624769275,0.3136296169277044,-0.028345588483185906,0.3136296611788129,-0.028345846247747962,0.3136296169279394
2.1544346900318823e-05,0.024,,,,1.6495286720135425e-12,5.194496938579612e-13,2.3861693827648676e-06,2.3852796120639434e-06,1.0192170146714415e-06,2.6785694401884255e-12,nan,8.50588063453283e-12,0.0,nan,lorentzian,1.2,0.05,256,lorentzian:1.2:0.05:0.01,0.01,-0.028345966829702376,0.3136295962269074,-0.028345588483185906,0.3136296611788129,-0.02834596682982131,0.31362959622741304
3.1622776601683795e-05,0.024,,,,3.5550542972370075e-12,1.1195148127138059e-12,3.502417672444481e-06,3.5011116676613124e-06,1.496005987682695e-06,5.7708093632726874e-12,nan,1.8325385598079162e-11,0.0,nan,lorentzian,1.2,0.05,256,lorentzian:1.2:0.05:0.01,0.01,-0.028346143819844023,0.3136295658421061,-0.028345588483185906,0.3136296611788129,-0.028346143820100266,0.3136295658431959
4.641588833612782e-05,0.024,,,,7.65899228201512e-12,2.411877293726224e-12,5.140846094520605e-06,5.13892914165636e-06,2.1958364930788917e-06,1.2432852252205344e-11,nan,3.948091376530922e-11,0.0,nan,lorentzian,1.2,0.05,256,lorentzian:1.2:0.05:0.01,0.01,-0.028346403605750015,0.3136295212429161,-0.028345588483185906,0.3136296611788129,-0.028346403606302084,0.31362952124526394
6.812920690579608e-05,0.024,,,,1.649978699447143e-11,5.195913017849104e-12,7.545730132495111e-06,7.542916430484906e-06,3.223047196359007e-06,2.6785832605344595e-11,nan,8.50592631111981e-11,0.0,nan,lorentzian,1.2,0.05,256,lorentzian:1.2:0.05:0.01,0.01,-0.028346784919109483,0.31362945577939416,-0.028345588483185906,0.3136296611788129,-0.028346784920298858,0.3136294557844521
0.0001,0.024,,,,3.555061447073378e-11,1.11951671861442e-11,1.1075617162150113e-05,1.1071487212400229e-05,4.730786314327118e-06,5.7708530672472614e-11,nan,1.8325530041681618e-10,0.0,nan,lorentzian,1.2,0.05,256,lorentzian:1.2:0.05:0.01,0.01,-0.028347344610141545,0.31362935969022265,-0.028345588483185906,0.3136296611788129,-0.028347344612704058,0.3136293597011206
0.0001467799267622069,0.024,,,,7.659093152109211e-11,2.411907965487917e-11,1.6256782759066354e-05,1.6250720821848155e-05,6.9438446874458505e-06,1.2432990457250284e-10,nan,3.948137054328947e-10,0.0,nan,lorentzian,1.2,0.05,256,lorentzian:1.2:0.05:0.01,0.01,-0.028348166123285647,0.31362921864659815,-0.028345588483185906,0.3136296611788129,-0.028348166128806494,0.31362921867007687
0.00021544346900318823,0.024,,,,1.6501163139209558e-10,5.1963429200507614e-11,2.3861693827648676e-05,2.3852796120639432e-05,1.0192170146714416e-05,2.678626965244561e-10,nan,8.506070760343572e-10,0.0,nan,lorentzian,1.2,0.05,256,lorentzian:1.2:0.05:0.01,0.01,-0.02834937193764541,0.3136290116142305,-0.028345588483185906,0.3136296611788129,-0.02834937194954,0.3136290116648143
0.00031622776601683794,0.024,,,,3.55505890437e-10,1.1195148247566632e-10,3.5024176724444807e-05,3.501111667661312e-05,1.4960059876826949e-05,5.770991275706306e-10,nan,1.8325986845754554e-09,0.0,nan,lorentzian,1.2,0.05,256,lorentzian:1.2:0.05:0.01,0.01,-0.028351141826702626,0.3136287077136624,-0.028345588483185906,0.3136296611788129,-0.028351141852329523,0.3136287078226413
0.00046415888336127773,0.024,,,,7.65914735909057e-10,2.4119215785839287e-10,5.1408460945206e-05,5.138929141656355e-05,2.1958364930788898e-05,1.2433427520198462e-09,nan,3.948281515664348e-09,0.0,nan,lorentzian,1.2,0.05,256,lorentzian:1.2:0.05:0.01,0.01,-0.02835373965913378,0.31362826160853524,-0.028345588483185906,0.3136296611788129,-0.028353739714347733,0.31362826184332254
0.0006812920690579609,0.024,,,,1.650111782289358e-09,5.196317715948278e-10,7.545730132495111e-05,7.542916430484906e-05,3.223047196359007e-05,2.678765181059484e-09,nan,8.506527620637284e-09,0.0,nan,lorentzian,1.2,0.05,256,lorentzian:1.2:0.05:0.01,0.01,-0.028357552735352728,0.31362760672937373,-0.028345588483185906,0.3136296611788129,-0.028357552854315467,0.3136276072352048
0.001,0.024,,,,3.5550627685920973e-09,1.119512583482517e-09,0.00011075617162150113,0.00011071487212400227,4.730786314327118e-05,5.7714283727993485e-09,nan,1.8327431720086453e-08,0.0,nan,lorentzian,1.2,0.05,256,lorentzian:1.2:0.05:0.01,0.01,-0.028363149522044995,0.31362664531211537,-0.028345588483185906,0.3136296611788129,-0.028363149778367427,0.3136266464018893
0.0014677992676220691,0.024,,,,7.659156787881673e-09,2.411913609274518e-09,0.00016256782759066355,0.00016250720821848157,6.943844687445851e-05,1.2434809836847056e-08,nan,3.9487384971097305e-08,0.0,nan,lorentzian,1.2,0.05,256,lorentzian:1.2:0.05:0.01,0.01,-0.028371364387082987,0.31362523374362733,-0.028345588483185906,0.3136296611788129,-0.028371364939391845,0.3136252360914523
0.002154434690031882,0.024,,,,1.650117808032225e-08,5.196302087446635e-09,0.00023861693827648673,0.0002385279612063943,0.00010192170146714414,2.6792023517302304e-08,nan,8.507973057417651e-08,0.0,nan,lorentzian,1.2,0.05,256,lorentzian:1.2:0.05:0.01,0.01,-0.028383421956563872,0.3136231609806574,-0.028345588483185906,0.3136296611788129,-0.02838342314672688,0.3136231660388258
0.0031622776601683794,0.024,,,,3.5550782789687416e-08,1.1195065188427086e-08,0.00035024176724444804,0.00035011116676613124,0.0001496005987682695,5.7728110310254644e-08,nan,1.8332004145959594e-07,0.0,nan,lorentzian,1.2,0.05,256,lorentzian:1.2:0.05:0.01,0.01,-0.028401119609704338,0.31362011671981804,-0.028345588483185906,0.3136296611788129,-0.02840112217462206,0.3136201276170967
0.004641588833612777,0.024,,,,7.659206848981631e-08,2.4118947213041897e-08,0.00051408460945206,0.0005138929141656355,0.00021958364930788895,1.243918312942637e-07,nan,3.950185146524941e-07,0.0,nan,lorentzian,1.2,0.05,256,lorentzian:1.2:0.05:0.01,0.01,-0.028427095266360773,0.31361564434711253,-0.028345588483185906,0.3136296611788129,-0.028427100794804257,0.31361566782390804
0.006812920690579608,0.024,,,,1.6501333290808894e-07,5.196241249211142e-08,0.0007545730132495111,0.0007542916430484906,0.00032230471963590066,2.6805857463319217e-07,nan,8.512551115398308e-07,0.0,nan,lorentzian,1.2,0.05,256,lorentzian:1.2:0.05:0.01,0.01,-0.02846522027591953,0.3136090711656602,-0.028345588483185906,0.3136296611788129,-0.028465232194481493,0.31360912174273203
0.01,0.024,,,,3.555127223071129e-07,1.1194871744885198e-07,0.0011075617162150113,0.0011071487212400229,0.00047307863143271177,5.777187743460032e-07,nan,1.8346496806291837e-06,0.0,nan,lorentzian,1.2,0.05,256,lorentzian:1.2:0.05:0.01,0.01,-0.028521175732285742,0.31359940445139245,-0.028345588483185906,0.3136296611788129,-0.028521201435001163,0.313599513409576
0.01467799267622069,0.024,,,,7.659360875321179e-07,2.4118330245545905e-07,0.0016256782759066354,0.0016250720821848156,0.0006943844687445851,1.2453032961980817e-06,nan,3.9547753663254525e-06,0.0,nan,lorentzian,1.2,0.05,256,lorentzian:1.2:0.05:0.01,0.01,-0.028603297591533176,0.3135851755835176,-0.028345588483185906,0.3136296611788129,-0.028603353045245285,0.3135854103052064
0.021544346900318822,0.024,,,,1.6501816756602696e-06,5.196043670338007e-07,0.002386169382764867,0.002385279612063943,0.0010192170146714414,2.684969841497466e-06,nan,8.527100339002665e-06,0.0,nan,lorentzian,1.2,0.05,256,lorentzian:1.2:0.05:0.01,0.01,-0.028723815397791,0.3135642041549439,-0.028345588483185906,0.3136296611788129,-0.02872393511859559,0.31356470977894174
0.03162277660168379,0.024,,,,3.5552785331550172e-06,1.1194235765399e-06,0.00350241767244448,0.003501111667661312,0.0014960059876826949,5.79107190406719e-06,nan,1.8392662321515296e-05,0.0,nan,lorentzian,1.2,0.05,256,lorentzian:1.2:0.05:0.01,0.01,-0.02890066667853655,0.3135332364456712,-0.028345588483185906,0.3136296611788129,-0.028900925397547524,0.31353432556165084
0.046415888336127774,0.024,,,,7.659832040045705e-06,2.411626719322926e-06,0.0051408460945206,0.0051389291416563555,0.00219583649307889,1.2497033663527614e-05,nan,3.9694473413297946e-05,0.0,nan,lorentzian,1.2,0.05,256,lorentzian:1.2:0.05:0.01,0.01,-0.02916015171468696,0.3134873818947886,-0.028345588483185906,0.3136296611788129,-0.029160711599369393,0.3134897276297642
0.06812920690579609,0.024,,,,1.6503272672395928e-05,5.195367170315708e-06,0.007545730132495112,0.007542916430484907,0.003223047196359007,2.6989284342800335e-05,nan,8.573839261602298e-05,0.0,nan,lorentzian,1.2,0.05,256,lorentzian:1.2:0.05:0.01,0.01,-0.029540811489655733,0.31341921530481687,-0.028345588483185906,0.3136296611788129,-0.029542025596141844,0.3134242668180035
0.1,0.024,,,,3.555723138014798e-05,1.1191984661038215e-05,0.011075617162150114,0.011071487212400227,0.004730786314327118,5.8354200297174846e-05,nan,0.00018542068761027668,0.0,nan,lorentzian,1.2,0.05,256,lorentzian:1.2:0.05:0.01,0.01,-0.030099077430550736,0.31331730746205144,-0.028345588483185906,0.3136296611788129,-0.0301017180013385,0.3133281834864431
0.14677992676220675,0.024,,,,7.66116465460475e-05,2.410862984147897e-05,0.01625678275906634,0.016250720821848138,0.0069438446874458435,0.00012638245549174008,nan,0.00040174507981194206,0.0,nan,lorentzian,1.2,0.05,256,lorentzian:1.2:0.05:0.01,0.01,-0.030917466723449413,0.3131637438255963,-0.028345588483185906,0.3136296611788129,-0.03092323410377977,0.3131871524427481
0.21544346900318823,0.024,,,,0.00016507146166739204,5.19271149715094e-05,0.023861693827648675,0.02385279612063943,0.010192170146714415,0.0002744040503001323,nan,0.0008729237736617556,0.0,nan,lorentzian,1.2,0.05,256,lorentzian:1.2:0.05:0.01,0.01,-0.03211638212805069,0.3129297901775092,-0.028345588483185906,0.3136296611788129,-0.03212905483728283,0.31298014718010053
0.31622776601683794,0.024,,,,0.0003556789919342347,0.00011182472306371119,0.03502417672444481,0.03501111667661312,0.014960059876826949,0.0005980242211560675,nan,0.0019050787516758563,0.0,nan,lorentzian,1.2,0.05,256,lorentzian:1.2:0.05:0.01,0.01,-0.03387087709100173,0.3125680633691902,-0.028345588483185906,0.3136296611788129,-0.03389895762680212,0.31267630500719257
0.46415888336127725,0.024,,,,0.0007663804599697824,0.0002407339458750223,0.05140846094520595,0.051389291416563496,0.021958364930788874,0.0013106577304298711,nan,0.004186796261121224,0.0,nan,lorentzian,1.2,0.05,256,lorentzian:1.2:0.05:0.01,0.01,-0.03643388133124139,0.31199796475926234,-0.028345588483185906,0.3136296611788129,-0.03649681964502077,0.31223032568832565
0.6812920690579608,0.024,,,,0.0016512099137904067,0.0005179192629810758,0.07545730132495111,0.07542916430484906,0.032230471963590065,0.0028971761417905893,nan,0.009307441031742178,0.0,nan,lorentzian,1.2,0.05,256,lorentzian:1.2:0.05:0.01,0.01,-0.04016674640334919,0.3110779924059721,-0.028345588483185906,0.3136296611788129,-0.04030995961274532,0.311575717570718
1.0,0.024,,,,0.003556792946371525,0.0011128837338063033,0.11075617162150113,0.11071487212400227,0.04730786314327118,0.006489546474571318,nan,0.021104258473407914,0.0,nan,lorentzian,1.2,0.05,256,lorentzian:1.2:0.05:0.01,0.01,-0.04557478877735665,0.30955270574339255,-0.028345588483185906,0.3136296611788129,-0.045906883664711864,0.3106148842551142
0.0,0.0,-4.212772204279573,-4.212772204279573,-4.212772204279573,0.0,0.0,0.0,0.0,0.0,0.0,0.0,0.0,0.0,0.0,lorentzian,1.2,0.1,256,lorentzian:1.2:0.1:0.0,0.0,,,,,,
1e-05,0.0,-4.212712103518022,-4.212772204279573,-4.212712100856169,6.318620629332768e-10,2.6618529602728813e-09,5.4924868235518676e-05,5.315913306717983e-05,2.220144140515873e-05,3.6637678356676273e-08,1.3467345133883462e-07,8.696933898679117e-09,0.0,0.0,lorentzian,1.2,0.1,256,lorentzian:1.2:0.1:0.0,0.0,,,,,,
1.4677992676220705e-05,0.0,-4.212683990253356,-4.212772204279573,-4.212683984518721,1.3612782260345698e-09,5.734634989096321e-09,8.061868137033303e-05,7.802693658343074e-05,3.25872594346463e-05,7.893551347958906e-08,2.9013794068093277e-07,1.8737582797269276e-08,0.0,0.0,lorentzian,1.2,0.1,256,lorentzian:1.2:0.1:0.0,0.0,,,,,,
2.1544346900318823e-05,0.0,-4.212642727733643,-4.212772204279573,-4.212642715379204,2.93270520380763e-09,1.2354439249406823e-08,0.00011833204147203165,0.00011452788037195315,4.7831555531984147e-05,1.7006782286206702e-07,6.25060430781833e-07,4.03708173747973e-08,0.0,0.0,lorentzian,1.2,0.1,256,lorentzian:1.2:0.1:0.0,0.0,,,,,,
3.1622776601683795e-05,0.0,-4.21258216718184,-4.212772204279573,-4.212582140566447,6.318071052020378e-09,2.6615393444728852e-08,0.00017368768380887254,0.00016810393893226095,7.020712217907073e-05,3.664203030639404e-07,1.346579739269292e-06,8.698235968088972e-08,0.0,0.0,lorentzian,1.2,0.1,256,lorentzian:1.2:0.1:0.0,0.0,,,,,,
4.641588833612782e-05,0.0,-4.212493286237236,-4.212772204279573,-4.212493228900645,1.3611081772833599e-08,5.7336590586487546e-08,0.00025493865508963685,0.00024674283844915786,0.00010304996251629323,7.894927702508411e-07,2.9008900187190586e-06,1.8741701774112034e-07,0.0,0.0,lorentzian,1.2,0.1,256,lorentzian:1.2:0.1:0.0,0.0,,,,,,
6.812920690579608e-05,0.0,-4.212362847936326,-4.212772204279573,-4.212362724422698,2.9321697163499834e-08,1.2351362776996666e-07,0.00037419877122912387,0.0003621689575666641,0.00015125665950989673,1.7011135384898147e-06,6.2490569618351085e-06,4.0383849557924373e-07,0.0,0.0,lorentzian,1.2,0.1,256,lorentzian:1.2:0.1:0.0,0.0,,,,,,
0.0001,0.0,-4.212171436102333,-4.212772204279573,-4.212171170045547,6.316380743940784e-08,2.660567854917417e-07,0.0005492486823551867,0.0005315913306717983,0.00022201441405158732,3.665579918642389e-06,1.3460905345690733e-05,8.702360280677913e-07,0.0,0.0,lorentzian,1.2,0.1,256,lorentzian:1.2:0.1:0.0,0.0,,,,,,
0.0001467799267622069,0.0,-4.2118905797299595,-4.212772204279573,-4.211890006671054,1.3605740566377446e-07,5.730589052177493e-07,0.0008061868137033294,0.0007802693658343065,0.0003258725943464626,7.89928327827454e-06,2.8993435236237867e-05,1.8754758744122836e-06,0.0,0.0,lorentzian,1.2,0.1,256,lorentzian:1.2:0.1:0.0,0.0,,,,,,
0.00021544346900318823,0.0,-4.211478549441773,-4.212772204279573,-4.211477315275891,2.930481224118833e-07,1.2341658814918333e-06,0.0011833204147203165,0.0011452788037195315,0.0004783155553198415,1.7024915769328646e-05,6.244168862036213e-05,4.0425207874565634e-06,0.0,0.0,lorentzian,1.2,0.1,256,lorentzian:1.2:0.1:0.0,0.0,,,,,,
0.00031622776601683794,0.0,-4.21087422464975,-4.212772204279573,-4.210871567148317,6.311044432478393e-07,2.6575014331342572e-06,0.0017368768380887252,0.0016810393893226096,0.0007020712217907073,3.6699408389423226e-05,0.00013445458700592292,8.715470813302357e-06,0.0,0.0,lorentzian,1.2,0.1,256,lorentzian:1.2:0.1:0.0,0.0,,,,,,
0.00046415888336127773,0.0,-4.209988171392695,-4.212772204279573,-4.2099824504903,1.3588879972047033e-06,5.72090239447931e-06,0.002549386550896366,0.0024674283844915764,0.0010304996251629312,7.913088501660075e-05,0.0002894463910146519,1.8796366331761744e-05,0.0,0.0,lorentzian,1.2,0.1,256,lorentzian:1.2:0.1:0.0,0.0,,,,,,
0.0006812920690579609,0.0,-4.208689716784599,-4.212772204279573,-4.208677405710834,2.925155949762887e-06,1.2311073765758351e-05,0.0037419877122912386,0.003621689575666641,0.0015125665950989674,0.00017068640481888653,0.0006228761535558106,4.0557474706143e-05,0.0,0.0,lorentzian,1.2,0.1,256,lorentzian:1.2:0.1:0.0,0.0,,,,,,
0.001,0.0,-4.206788340451645,-4.212772204279573,-4.206761861939317,6.294234505191824e-06,2.6478512328509396e-05,0.005492486823551867,0.005315913306717983,0.002220144140515873,0.00036837998257052956,0.001339684458189457,8.757620611354817e-05,0.0,0.0,lorentzian,1.2,0.1,256,lorentzian:1.2:0.1:0.0,0.0,,,,,,
0.0014677992676220691,0.0,-4.204007133052766,-4.212772204279573,-4.203950228194387,1.353586151930432e-05,5.690485837916981e-05,0.008061868137033296,0.007802693658343067,0.003258725943464627,0.0007957063779203794,0.0028791407393677602,0.00018931171190358738,0.0,0.0,lorentzian,1.2,0.1,256,lorentzian:1.2:0.1:0.0,0.0,,,,,,
0.002154434690031882,0.0,-4.199945467737434,-4.212772204279573,-4.199823314242758,2.908454302898836e-05,0.00012215349467581404,0.011833204147203163,0.011452788037195315,0.004783155553198414,0.001720840035336811,0.006180535809696006,0.0004099090114901724,0.0,0.0,lorentzian,1.2,0.1,256,lorentzian:1.2:0.1:0.0,0.0,,,,,,
0.0031622776601683794,0.0,-4.194027612228213,-4.212772204279573,-4.193765832967019,6.241715253162752e-05,0.00026177926119430595,0.017368768380887252,0.016810393893226094,0.007020712217907073,0.003728322982025955,0.013245400644173351,0.000889806588399565,0.0,0.0,lorentzian,1.2,0.1,256,lorentzian:1.2:0.1:0.0,0.0,,,,,,
0.004641588833612777,0.0,-4.1854343066553135,-4.212772204279573,-4.184874666386852,0.00013371139706372774,0.0005596402684613366,0.025493865508963657,0.024674283844915764,0.010304996251629313,0.008099399994418907,0.028317347651865724,0.0019391514931600628,0.0,0.0,lorentzian,1.2,0.1,256,lorentzian:1.2:0.1:0.0,0.0,,,,,,
0.006812920690579608,0.0,-4.173016443191228,-4.212772204279573,-4.17182421859218,0.0002856985145585962,0.0011922245990483304,0.037419877122912386,0.03621689575666641,0.015125665950989672,0.017665822755734646,0.0603282980800647,0.004252563593492349,0.0,0.0,lorentzian,1.2,0.1,256,lorentzian:1.2:0.1:0.0,0.0,,,,,,
0.01,0.0,-4.155195874614341,-4.212772204279573,-4.152668780877018,0.0006081768016669168,0.0025270937373225166,0.054924868235518676,0.05315913306717983,0.022201441405158732,0.038764818590264115,0.1278824882527642,0.009422878838599895,0.0,0.0,lorentzian,1.2,0.1,256,lorentzian:1.2:0.1:0.0,0.0,,,,,,
0.01467799267622069,0.0,-4.129870873141423,-4.212772204279573,-4.1245524434277225,0.0012877956423016689,0.005318429713700112,0.08061868137033294,0.07802693658343066,0.032587259434646264,0.08585028671261491,0.26915893231316673,0.021256899712169302,0.0,0.0,lorentzian,1.2,0.1,256,lorentzian:1.2:0.1:0.0,0.0,,,,,,
0.021544346900318822,0.0,-4.094365109799952,-4.212772204279573,-4.083283303911434,0.002706599336242373,0.011081805888518481,0.11833204147203163,0.11452788037195315,0.04783155553198414,0.19287045281004705,0.5608940149791933,0.049575831715506724,0.0,0.0,lorentzian,1.2,0.1,256,lorentzian:1.2:0.1:0.0,0.0,,,,,,
0.03162277660168379,0.0,-4.045485805527131,-4.212772204279573,-4.022708491154031,0.005630303866591513,0.022777314373100488,0.1736876838088725,0.16810393893226094,0.07020712217907073,0.4433634271106056,1.1529848155966638,0.123867193348986,0.0,0.0,lorentzian,1.2,0.1,256,lorentzian:1.2:0.1:0.0,0.0,,,,,,
0.046415888336127774,0.0,-3.9797690762536533,-4.212772204279573,-3.933796825352372,0.011551487038679467,0.04597225090128143,0.2549386550896366,0.24674283844915765,0.10304996251629313,1.059364444844131,2.327349075584547,0.3685473528713938,0.0,0.0,lorentzian,1.2,0.1,256,lorentzian:1.2:0.1:0.0,0.0,,,,,,
0.06812920690579609,0.0,-3.893942069996508,-4.212772204279573,-3.803292347405639,0.023279679297065307,0.09064972259086934,0.37419877122912387,0.3621689575666641,0.15125665950989675,2.717279713933871,4.589239933530648,2.502070077442161,0.0,0.0,lorentzian,1.2,0.1,256,lorentzian:1.2:0.1:0.0,0.0,,,,,,
0.1,0.0,-3.785469639882673,-4.212772204279573,-3.611737970254022,0.04589435028041474,0.17373166962865083,0.5492486823551868,0.5315913306717983,0.2220144140515873,8.127689172034446,8.793508278979376,inf,0.0,0.0,lorentzian,1.2,0.1,256,lorentzian:1.2:0.1:0.0,0.0,,,,,,
0.14677992676220675,0.0,-3.6528140813186685,-4.212772204279573,-3.330574595761079,0.08821677708854558,0.3222394855575894,0.8061868137033287,0.7802693658343058,0.3258725943464623,40.72434456640183,16.298689671585098,inf,0.0,0.0,lorentzian,1.2,0.1,256,lorentzian:1.2:0.1:0.0,0.0,,,,,,
0.21544346900318823,0.0,-3.494966224301864,-4.212772204279573,-2.917883200598186,0.16511834068409437,0.5770830237036781,1.1833204147203165,1.1452788037195316,0.47831555531984143,inf,29.139896247714162,inf,0.0,0.0,lorentzian,1.2,0.1,256,lorentzian:1.2:0.1:0.0,0.0,,,,,,
0.31622776601683794,0.0,-3.3102458693823107,-4.212772204279573,-2.3121350730241597,0.3015216499747186,0.998110796358151,1.7368768380887254,1.6810393893226094,0.7020712217907072,inf,50.234476598564,inf,0.0,0.0,lorentzian,1.2,0.1,256,lorentzian:1.2:0.1:0.0,0.0,,,,,,
0.46415888336127725,0.0,-3.095245047651802,-4.212772204279573,-1.4230184150075704,0.5402566216567768,1.6722266326442314,2.5493865508963633,2.4674283844915736,1.0304996251629304,inf,83.68178000543637,inf,0.0,0.0,lorentzian,1.2,0.1,256,lorentzian:1.2:0.1:0.0,0.0,,,,,,
0.6812920690579608,0.0,-2.8453252452928233,-4.212772204279573,-0.11797363554023232,0.9585377328179258,2.727351609752591,3.7419877122912384,3.6216895756666405,1.5125665950989673,inf,135.26049454282196,inf,0.0,0.0,lorentzian,1.2,0.1,256,lorentzian:1.2:0.1:0.0,0.0,,,,,,
1.0,0.0,-2.5574780100894294,-4.212772204279573,1.7975701359759335,1.7028682666612942,4.3550481460653625,5.492486823551867,5.315913306717983,2.220144140515873,inf,213.24011892231107,inf,0.0,0.0,lorentzian,1.2,0.1,256,lorentzian:1.2:0.1:0.0,0.0,,,,,,
0.0,0.024,,,,0.0,0.0,0.0,0.0,0.0,0.0,nan,0.0,0.0,nan,lorentzian,1.2,0.1,256,lorentzian:1.2:0.1:0.01,0.01,-0.022027670830868675,0.31457277470286693,-0.022027670830868675,0.31457277470286693,-0.022027670830868675,0.31457277470286693
1e-05,0.024,,,,2.6126374709844613e-13,8.238770906090792e-14,7.81565777782409e-07,7.812423900498211e-07,3.1796873183905097e-07,2.8077880053030007e-13,nan,8.903915689434654e-13,0.0,nan,lorentzian,1.2,0.1,256,lorentzian:1.2:0.1:0.01,0.01,-0.022027812044067445,0.31457275785111827,-0.022027670830868675,0.31457277470286693,-0.0220278120440788,0.31457275785119987
1.4677992676220705e-05,0.024,,,,5.63746482157698e-13,1.777735380178987e-13,1.1471816762274938e-06,1.1467070079504433e-06,4.6671427172007754e-07,6.049198092564943e-13,nan,1.9182912049710216e-12,0.0,nan,lorentzian,1.2,0.1,256,lorentzian:1.2:0.1:0.01,0.01,-0.0220278781034906,0.31457274996782647,-0.022027670830868675,0.31457277470286693,-0.02202787810351507,0.31457274996800255
2.1544346900318823e-05,0.024,,,,1.2140441924548754e-12,3.828403989542803e-13,1.6838324241961713e-06,1.6831357064467529e-06,6.850428662194965e-07,1.3032609211464082e-12,nan,4.1328353979820264e-12,0.0,nan,lorentzian,1.2,0.1,256,lorentzian:1.2:0.1:0.01,0.01,-0.022027975065454557,0.3145727383966718,-0.022027670830868675,0.31457277470286693,-0.02202797506550725,0.314572738397051
3.1622776601683795e-05,0.024,,,,2.615413658139191e-12,8.247525026727323e-13,2.4715279990334358e-06,2.4705053572311004e-06,1.005505417326701e-06,2.807792750370382e-12,nan,8.903931160913487e-12,0.0,nan,lorentzian,1.2,0.1,256,lorentzian:1.2:0.1:0.01,0.01,-0.022028117386134832,0.3145727214124,-0.022027670830868675,0.31457277470286693,-0.022028117386248356,0.3145727214132169
4.641588833612782e-05,0.024,,,,5.636740522910478e-12,1.7775068533504651e-12,3.627706986888718e-06,3.6262059540002104e-06,1.475880115142156e-06,6.049213097808355e-12,nan,1.9182960974990157e-11,0.0,nan,lorentzian,1.2,0.1,256,lorentzian:1.2:0.1:0.01,0.01,-0.022028326284283292,0.31457269648259717,-0.022027670830868675,0.31457277470286693,-0.02202832628452793,0.31457269648435776
6.812920690579608e-05,0.024,,,,1.2144868770571357e-11,3.829799571645103e-12,5.3247456585027186e-06,5.3225424435282896e-06,2.166295752103629e-06,1.3032656662316103e-11,nan,4.132850869591997e-11,0.0,nan,lorentzian,1.2,0.1,256,lorentzian:1.2:0.1:0.01,0.01,-0.0220286329047426,0.31457265989000316,-0.022027670830868675,0.31457277470286693,-0.022028632905269692,0.3145726598937965
0.0001,0.024,,,,2.616581023410116e-11,8.251204988981802e-12,7.81565777782409e-06,7.81242390049821e-06,3.17968731839051e-06,2.8078077556965085e-11,nan,8.903980086802093e-11,0.0,nan,lorentzian,1.2,0.1,256,lorentzian:1.2:0.1:0.01,0.01,-0.022029082961834277,0.31457260617802485,-0.022027670830868675,0.31457277470286693,-0.022029082962969886,0.31457260618619753
0.0001467799267622069,0.024,,,,5.637311680508758e-11,1.7776865708529863e-11,1.1471816762274925e-05,1.1467070079504419e-05,4.66714271720077e-06,6.049260549044288e-11,nan,1.918311569391507e-10,0.0,nan,lorentzian,1.2,0.1,256,lorentzian:1.2:0.1:0.01,0.01,-0.022029743554885965,0.31457252733661534,-0.022027670830868675,0.31457277470286693,-0.022029743557332615,0.31457252735422303
0.00021544346900318823,0.024,,,,1.2145204729640547e-10,3.829904270925389e-11,1.683832424196171e-05,1.683135706446753e-05,6.850428662194965e-06,1.3032806717359412e-10,nan,4.132899796791991e-10,0.0,nan,lorentzian,1.2,0.1,256,lorentzian:1.2:0.1:0.01,0.01,-0.02203071317198309,0.31457241160677396,-0.022027670830868675,0.31457277470286693,-0.02203071317725443,0.3145724116447085
0.00031622776601683794,0.024,,,,2.616606840443717e-10,8.251282469887056e-11,2.4715279990334357e-05,2.4705053572311004e-05,1.0055054173267009e-05,2.807855207759616e-10,nan,8.904134811814092e-10,0.0,nan,lorentzian,1.2,0.1,256,lorentzian:1.2:0.1:0.01,0.01,-0.02203213637330821,0.3145722417246405,-0.022027670830868675,0.31457277470286693,-0.022032136384665536,0.31457224180636795
0.00046415888336127773,0.024,,,,5.637320757708568e-10,1.7776881899192139e-10,3.627706986888714e-05,3.626205954000207e-05,1.4758801151421545e-05,6.049410607927012e-10,nan,1.918360499416938e-09,0.0,nan,lorentzian,1.2,0.1,256,lorentzian:1.2:0.1:0.01,0.01,-0.022034225342990762,0.3145719923416995,-0.022027670830868675,0.31457277470286693,-0.02203422536746124,0.31457199251777607
0.0006812920690579609,0.024,,,,1.2145255968878862e-09,3.82991649617209e-10,5.3247456585027186e-05,5.32254244352829e-05,2.1662957521036293e-05,1.3033281255811952e-09,nan,4.133054534919091e-09,0.0,nan,lorentzian,1.2,0.1,256,lorentzian:1.2:0.1:0.01,0.01,-0.02203729152215298,0.31457162623281854,-0.022027670830868675,0.31457277470286693,-0.022037291574878846,0.3145716266121635
0.001,0.024,,,,2.616617211655367e-09,8.251302734739103e-10,7.815657777824089e-05,7.812423900498209e-05,3.1796873183905096e-05,2.8080052749146542e-09,nan,8.904624172947275e-09,0.0,nan,lorentzian,1.2,0.1,256,lorentzian:1.2:0.1:0.01,0.01,-0.022041792038268046,0.31457108871890216,-0.022027670830868675,0.31457277470286693,-0.022041792151880776,0.3145710895361733
0.0014677992676220691,0.024,,,,5.6373362516940245e-09,1.7776891401976962e-09,0.00011471816762274927,0.00011467070079504421,4.667142717200771e-05,6.049885184778449e-09,nan,1.918515265804211e-08,0.0,nan,lorentzian,1.2,0.1,256,lorentzian:1.2:0.1:0.01,0.01,-0.022048397850679004,0.31457029945567916,-0.022027670830868675,0.31457277470286693,-0.022048398095508084,0.31457030121642826
0.002154434690031882,0.024,,,,1.2145287717459223e-08,3.829914054120079e-09,0.0001683832424196171,0.00016831357064467527,6.850428662194964e-05,1.3034782105609294e-08,nan,4.133544027242759e-08,0.0,nan,lorentzian,1.2,0.1,256,lorentzian:1.2:0.1:0.01,0.01,-0.02205809376707488,0.3145691403278914,-0.022027670830868675,0.31457277470286693,-0.022058094294726212,0.3145691441212838
0.0031622776601683794,0.024,,,,2.6166282986624322e-08,8.251298276758013e-09,0.0002471527999033436,0.00024705053572311004,0.0001005505417326701,2.8084799345112714e-08,nan,8.906172445877594e-08,0.0,nan,lorentzian,1.2,0.1,256,lorentzian:1.2:0.1:0.01,0.01,-0.022072325231468036,0.31456743756534405,-0.022027670830868675,0.31457277470286693,-0.022072326368837294,0.3145674457378782
0.004641588833612777,0.024,,,,5.637371238036991e-08,1.7776876895911024e-08,0.00036277069868887146,0.0003626205954000207,0.00014758801151421545,6.051386418714876e-08,nan,1.9190050409127761e-07,0.0,nan,lorentzian,1.2,0.1,256,lorentzian:1.2:0.1:0.01,0.01,-0.02209321374457588,0.31456493524502954,-0.022027670830868675,0.31457277470286693,-0.02209321619679428,0.31456495285195935
0.006812920690579608,0.024,,,,1.214540011890618e-07,3.829909941849948e-08,0.0005324745658502718,0.000532254244352829,0.00021662957521036293,1.3039530485068052e-07,nan,4.1350936133265193e-07,0.0,nan,lorentzian,1.2,0.1,256,lorentzian:1.2:0.1:0.01,0.01,-0.022123872982037298,0.31456125586368067,-0.022027670830868675,0.31457277470286693,-0.022123878270970298,0.3145612937958333
0.01,0.024,,,,2.6166634634916717e-07,8.251283696741854e-08,0.0007815657777824089,0.000781242390049821,0.00031796873183905096,2.809981996596709e-07,nan,8.911076296051825e-07,0.0,nan,lorentzian,1.2,0.1,256,lorentzian:1.2:0.1:0.01,0.01,-0.022168872628024854,0.31455584131621206,-0.022027670830868675,0.31457277470286693,-0.022168884040989635,0.3145559230359312
0.01467799267622069,0.024,,,,5.637481947498526e-07,1.7776827482047939e-07,0.0011471816762274926,0.001146707007950442,0.000466714271720077,6.056138644317176e-07,nan,1.920557460651147e-06,0.0,nan,lorentzian,1.2,0.1,256,lorentzian:1.2:0.1:0.01,0.01,-0.022234918830898155,0.3145478637870216,-0.022027670830868675,0.31457277470286693,-0.02223494347726278,0.3145480398384807
0.021544346900318822,0.024,,,,1.2145747931014971e-06,3.829892780313852e-07,0.0016838324241961712,0.0016831357064467528,0.0006850428662194964,1.3054568973255193e-06,nan,4.140010634648939e-06,0.0,nan,lorentzian,1.2,0.1,256,lorentzian:1.2:0.1:0.01,0.01,-0.02233185218746099,0.314536089622198,-0.022027670830868675,0.31457277470286693,-0.022331905469444035,0.314536468887036
0.03162277660168379,0.024,,,,2.616772454265917e-06,8.251222496247485e-07,0.0024715279990334357,0.0024705053572311,0.0010055054173267008,2.814742525794555e-06,nan,8.926661754812258e-06,0.0,nan,lorentzian,1.2,0.1,256,lorentzian:1.2:0.1:0.01,0.01,-0.02247411083941877,0.3145186680363169,-0.022027670830868675,0.31457277470286693,-0.022474226210554848,0.31451948505298
0.046415888336127774,0.024,,,,5.6378218703802835e-06,1.7776601439635888e-06,0.0036277069868887145,0.003626205954000207,0.0014758801151421544,6.071215744812086e-06,nan,1.9255030034109532e-05,0.0,nan,lorentzian,1.2,0.1,256,lorentzian:1.2:0.1:0.01,0.01,-0.022682874101441656,0.31449279625598103,-0.022027670830868675,0.31457277470286693,-0.02268312449012473,0.31449455619379096
0.06812920690579609,0.024,,,,1.2146800899290642e-05,3.829806218318235e-06,0.005324745658502719,0.00532254244352829,0.0021662957521036293,1.3102353969147509e-05,nan,4.155729070655161e-05,0.0,nan,lorentzian,1.2,0.1,256,lorentzian:1.2:0.1:0.01,0.01,-0.02298920000423108,0.31445417483545435,-0.022027670830868675,0.31457277470286693,-0.022989745231884927,0.31445796563253087
0.1,0.024,,,,2.6170952422937495e-05,8.250878788918438e-06,0.00781565777782409,0.00781242390049821,0.0031796873183905098,2.8299033670934996e-05,nan,8.976738481396219e-05,0.0,nan,lorentzian,1.2,0.1,256,lorentzian:1.2:0.1:0.01,0.01,-0.023438610003962884,0.31439609384810796,-0.022027670830868675,0.31457277470286693,-0.023439802932078264,0.31440425803351135
0.14677992676220675,0.024,,,,5.638795317431156e-05,1.7775189841862145e-05,0.011471816762274914,0.011467070079504408,0.004667142717200766,6.119391693237113e-05,nan,0.00019415126334168455,0.0,nan,lorentzian,1.2,0.1,256,lorentzian:1.2:0.1:0.01,0.01,-0.02409776949156776,0.31430784618346364,-0.022027670830868675,0.31457277470286693,-0.024100397294809728,0.3143254260590046
0.21544346900318823,0.024,,,,0.0001214965965219143,3.8292091898215985e-05,0.016838324241961713,0.01683135706446753,0.006850428662194964,0.0001325579260062769,nan,0.00042071769447525213,0.0,nan,lorentzian,1.2,0.1,256,lorentzian:1.2:0.1:0.01,0.01,-0.025064173563132765,0.3141718729715794,-0.022027670830868675,0.31457277470286693,-0.02507001721662224,0.31420971654455865
0.31622776601683794,0.024,,,,0.00026178973459810767,8.248292200706488e-05,0.024715279990334356,0.024705053572311002,0.01005505417326701,0.00028789396093523926,nan,0.0009143336198436684,0.0,nan,lorentzian,1.2,0.1,256,lorentzian:1.2:0.1:0.01,0.01,-0.02648006012010288,0.3139584526050638,-0.022027670830868675,0.31457277470286693,-0.026493224627730395,0.3140398782039977
0.46415888336127725,0.024,,,,0.0005640858860313645,0.0001776377311567095,0.03627706986888711,0.03626205954000203,0.01475880115142153,0.000627689864369288,nan,0.001996075768249335,0.0,nan,lorentzian,1.2,0.1,256,lorentzian:1.2:0.1:0.01,0.01,-0.028552035713803645,0.31361553295993894,-0.022027670830868675,0.31457277470286693,-0.02858220742342926,0.3137905896121084
0.6812920690579608,0.024,,,,0.00121539920761923,0.0003824101438069252,0.05324745658502718,0.0532254244352829,0.021662957521036294,0.0013765568793430516,nan,0.0043889438705352135,0.0,nan,lorentzian,1.2,0.1,256,lorentzian:1.2:0.1:0.01,0.01,-0.03157773154691065,0.3130488630447707,-0.022027670830868675,0.31457277470286693,-0.031648414841031154,0.31342468399950674
1.0,0.024,,,,0.0026182522096067206,0.0008225237956827953,0.0781565777782409,0.0781242390049821,0.031796873183905096,0.003045838092617579,nan,0.009764709676172496,0.0,nan,lorentzian,1.2,0.1,256,lorentzian:1.2:0.1:0.01,0.01,-0.03597898166816056,0.3120828459730995,-0.022027670830868675,0.31457277470286693,-0.03614899184296459,0.31288760800931115
